week;tow;PRN10;PRN16;PRN18;PRN20;PRN23;PRN26;PRN27;PRN29;PRN31;
2134;518400;-2.539291207066e+03;-7.369404079459e+04;9.866790868576e+04;1.576162496220e+05;3.215548899888e+04;2.810281108058e+03;-8.391075898714e+03;-7.485187086239e+04;-2.565956540323e+04;
2134;518401;-2.539293449114e+03;-7.369404291562e+04;9.866790993772e+04;1.576162500678e+05;3.215549010632e+04;2.810283151449e+03;-8.391079202623e+03;-7.485187325476e+04;-2.565956513982e+04;
2134;518402;-2.539295691096e+03;-7.369404503650e+04;9.866791118965e+04;1.576162505136e+05;3.215549121376e+04;2.810285194907e+03;-8.391082506505e+03;-7.485187564712e+04;-2.565956487643e+04;
2134;518403;-2.539297933011e+03;-7.369404715721e+04;9.866791244157e+04;1.576162509593e+05;3.215549232117e+04;2.810287238433e+03;-8.391085810361e+03;-7.485187803949e+04;-2.565956461304e+04;
2134;518404;-2.539300174860e+03;-7.369404927777e+04;9.866791369348e+04;1.576162514050e+05;3.215549342858e+04;2.810289282026e+03;-8.391089114189e+03;-7.485188043184e+04;-2.565956434967e+04;
2134;518405;-2.539302416643e+03;-7.369405139816e+04;9.866791494536e+04;1.576162518506e+05;3.215549453596e+04;2.810291325687e+03;-8.391092417991e+03;-7.485188282420e+04;-2.565956408632e+04;
2134;518406;-2.539304658359e+03;-7.369405351841e+04;9.866791619723e+04;1.576162522962e+05;3.215549564334e+04;2.810293369415e+03;-8.391095721765e+03;-7.485188521654e+04;-2.565956382298e+04;
2134;518407;-2.539306900009e+03;-7.369405563849e+04;9.866791744908e+04;1.576162527417e+05;3.215549675070e+04;2.810295413210e+03;-8.391099025513e+03;-7.485188760889e+04;-2.565956355965e+04;
2134;518408;-2.539309141592e+03;-7.369405775841e+04;9.866791870092e+04;1.576162531872e+05;3.215549785805e+04;2.810297457073e+03;-8.391102329234e+03;-7.485189000123e+04;-2.565956329633e+04;
2134;518409;-2.539311383109e+03;-7.369405987818e+04;9.866791995274e+04;1.576162536326e+05;3.215549896538e+04;2.810299501003e+03;-8.391105632927e+03;-7.485189239356e+04;-2.565956303303e+04;
2134;518410;-2.539313624560e+03;-7.369406199779e+04;9.866792120454e+04;1.576162540780e+05;3.215550007269e+04;2.810301545001e+03;-8.391108936594e+03;-7.485189478589e+04;-2.565956276974e+04;
2134;518411;-2.539315865945e+03;-7.369406411724e+04;9.866792245633e+04;1.576162545233e+05;3.215550118000e+04;2.810303589066e+03;-8.391112240234e+03;-7.485189717822e+04;-2.565956250647e+04;
2134;518412;-2.539318107263e+03;-7.369406623654e+04;9.866792370810e+04;1.576162549686e+05;3.215550228729e+04;2.810305633198e+03;-8.391115543847e+03;-7.485189957054e+04;-2.565956224320e+04;
2134;518413;-2.539320348515e+03;-7.369406835567e+04;9.866792495985e+04;1.576162554138e+05;3.215550339456e+04;2.810307677398e+03;-8.391118847432e+03;-7.485190196286e+04;-2.565956197996e+04;
2134;518414;-2.539322589700e+03;-7.369407047465e+04;9.866792621159e+04;1.576162558590e+05;3.215550450182e+04;2.810309721665e+03;-8.391122150991e+03;-7.485190435517e+04;-2.565956171672e+04;
2134;518415;-2.539324830819e+03;-7.369407259347e+04;9.866792746331e+04;1.576162563042e+05;3.215550560907e+04;2.810311765999e+03;-8.391125454522e+03;-7.485190674747e+04;-2.565956145350e+04;
2134;518416;-2.539327071872e+03;-7.369407471213e+04;9.866792871501e+04;1.576162567493e+05;3.215550671630e+04;2.810313810401e+03;-8.391128758027e+03;-7.485190913978e+04;-2.565956119029e+04;
2134;518417;-2.539329312859e+03;-7.369407683063e+04;9.866792996669e+04;1.576162571943e+05;3.215550782352e+04;2.810315854870e+03;-8.391132061504e+03;-7.485191153208e+04;-2.565956092710e+04;
2134;518418;-2.539331553779e+03;-7.369407894898e+04;9.866793121836e+04;1.576162576393e+05;3.215550893072e+04;2.810317899406e+03;-8.391135364954e+03;-7.485191392437e+04;-2.565956066392e+04;
2134;518419;-2.539333794633e+03;-7.369408106717e+04;9.866793247002e+04;1.576162580842e+05;3.215551003791e+04;2.810319944010e+03;-8.391138668377e+03;-7.485191631666e+04;-2.565956040075e+04;
2134;518420;-2.539336035421e+03;-7.369408318520e+04;9.866793372165e+04;1.576162585291e+05;3.215551114509e+04;2.810321988681e+03;-8.391141971773e+03;-7.485191870894e+04;-2.565956013760e+04;
2134;518421;-2.539338276143e+03;-7.369408530307e+04;9.866793497327e+04;1.576162589740e+05;3.215551225225e+04;2.810324033419e+03;-8.391145275142e+03;-7.485192110122e+04;-2.565955987446e+04;
2134;518422;-2.539340516798e+03;-7.369408742078e+04;9.866793622487e+04;1.576162594188e+05;3.215551335939e+04;2.810326078225e+03;-8.391148578483e+03;-7.485192349350e+04;-2.565955961134e+04;
2134;518423;-2.539342757387e+03;-7.369408953834e+04;9.866793747646e+04;1.576162598635e+05;3.215551446653e+04;2.810328123098e+03;-8.391151881797e+03;-7.485192588577e+04;-2.565955934822e+04;
2134;518424;-2.539344997910e+03;-7.369409165574e+04;9.866793872803e+04;1.576162603082e+05;3.215551557365e+04;2.810330168038e+03;-8.391155185084e+03;-7.485192827804e+04;-2.565955908513e+04;
2134;518425;-2.539347238367e+03;-7.369409377298e+04;9.866793997958e+04;1.576162607529e+05;3.215551668075e+04;2.810332213046e+03;-8.391158488344e+03;-7.485193067030e+04;-2.565955882204e+04;
2134;518426;-2.539349478757e+03;-7.369409589006e+04;9.866794123111e+04;1.576162611975e+05;3.215551778784e+04;2.810334258121e+03;-8.391161791576e+03;-7.485193306255e+04;-2.565955855897e+04;
2134;518427;-2.539351719081e+03;-7.369409800698e+04;9.866794248263e+04;1.576162616421e+05;3.215551889491e+04;2.810336303263e+03;-8.391165094781e+03;-7.485193545481e+04;-2.565955829591e+04;
2134;518428;-2.539353959339e+03;-7.369410012375e+04;9.866794373413e+04;1.576162620866e+05;3.215552000198e+04;2.810338348472e+03;-8.391168397959e+03;-7.485193784706e+04;-2.565955803287e+04;
2134;518429;-2.539356199531e+03;-7.369410224036e+04;9.866794498562e+04;1.576162625311e+05;3.215552110902e+04;2.810340393749e+03;-8.391171701109e+03;-7.485194023930e+04;-2.565955776984e+04;
2134;518430;-2.539358439657e+03;-7.369410435681e+04;9.866794623709e+04;1.576162629755e+05;3.215552221605e+04;2.810342439093e+03;-8.391175004232e+03;-7.485194263154e+04;-2.565955750683e+04;
2134;518431;-2.539360679717e+03;-7.369410647310e+04;9.866794748854e+04;1.576162634198e+05;3.215552332307e+04;2.810344484504e+03;-8.391178307328e+03;-7.485194502377e+04;-2.565955724383e+04;
2134;518432;-2.539362919710e+03;-7.369410858923e+04;9.866794873997e+04;1.576162638642e+05;3.215552443008e+04;2.810346529983e+03;-8.391181610396e+03;-7.485194741600e+04;-2.565955698084e+04;
2134;518433;-2.539365159637e+03;-7.369411070521e+04;9.866794999139e+04;1.576162643084e+05;3.215552553707e+04;2.810348575528e+03;-8.391184913437e+03;-7.485194980823e+04;-2.565955671786e+04;
2134;518434;-2.539367399498e+03;-7.369411282102e+04;9.866795124279e+04;1.576162647527e+05;3.215552664404e+04;2.810350621141e+03;-8.391188216450e+03;-7.485195220045e+04;-2.565955645490e+04;
2134;518435;-2.539369639294e+03;-7.369411493668e+04;9.866795249417e+04;1.576162651968e+05;3.215552775100e+04;2.810352666821e+03;-8.391191519436e+03;-7.485195459266e+04;-2.565955619196e+04;
2134;518436;-2.539371879022e+03;-7.369411705218e+04;9.866795374554e+04;1.576162656410e+05;3.215552885795e+04;2.810354712569e+03;-8.391194822395e+03;-7.485195698487e+04;-2.565955592903e+04;
2134;518437;-2.539374118685e+03;-7.369411916753e+04;9.866795499689e+04;1.576162660850e+05;3.215552996488e+04;2.810356758383e+03;-8.391198125326e+03;-7.485195937708e+04;-2.565955566611e+04;
2134;518438;-2.539376358282e+03;-7.369412128271e+04;9.866795624823e+04;1.576162665291e+05;3.215553107180e+04;2.810358804265e+03;-8.391201428229e+03;-7.485196176928e+04;-2.565955540321e+04;
2134;518439;-2.539378597813e+03;-7.369412339774e+04;9.866795749954e+04;1.576162669730e+05;3.215553217871e+04;2.810360850214e+03;-8.391204731105e+03;-7.485196416148e+04;-2.565955514032e+04;
2134;518440;-2.539380837277e+03;-7.369412551261e+04;9.866795875084e+04;1.576162674170e+05;3.215553328560e+04;2.810362896230e+03;-8.391208033954e+03;-7.485196655367e+04;-2.565955487744e+04;
2134;518441;-2.539383076676e+03;-7.369412762732e+04;9.866796000213e+04;1.576162678609e+05;3.215553439247e+04;2.810364942314e+03;-8.391211336774e+03;-7.485196894586e+04;-2.565955461458e+04;
2134;518442;-2.539385316008e+03;-7.369412974187e+04;9.866796125339e+04;1.576162683047e+05;3.215553549933e+04;2.810366988464e+03;-8.391214639568e+03;-7.485197133804e+04;-2.565955435173e+04;
2134;518443;-2.539387555274e+03;-7.369413185626e+04;9.866796250464e+04;1.576162687485e+05;3.215553660618e+04;2.810369034682e+03;-8.391217942333e+03;-7.485197373022e+04;-2.565955408890e+04;
2134;518444;-2.539389794475e+03;-7.369413397050e+04;9.866796375588e+04;1.576162691922e+05;3.215553771301e+04;2.810371080967e+03;-8.391221245071e+03;-7.485197612239e+04;-2.565955382608e+04;
2134;518445;-2.539392033609e+03;-7.369413608457e+04;9.866796500709e+04;1.576162696359e+05;3.215553881983e+04;2.810373127319e+03;-8.391224547782e+03;-7.485197851456e+04;-2.565955356328e+04;
2134;518446;-2.539394272677e+03;-7.369413819849e+04;9.866796625829e+04;1.576162700796e+05;3.215553992664e+04;2.810375173739e+03;-8.391227850464e+03;-7.485198090673e+04;-2.565955330049e+04;
2134;518447;-2.539396511679e+03;-7.369414031225e+04;9.866796750948e+04;1.576162705232e+05;3.215554103343e+04;2.810377220225e+03;-8.391231153119e+03;-7.485198329889e+04;-2.565955303771e+04;
2134;518448;-2.539398750616e+03;-7.369414242586e+04;9.866796876064e+04;1.576162709667e+05;3.215554214020e+04;2.810379266779e+03;-8.391234455747e+03;-7.485198569104e+04;-2.565955277495e+04;
2134;518449;-2.539400989486e+03;-7.369414453930e+04;9.866797001179e+04;1.576162714102e+05;3.215554324696e+04;2.810381313400e+03;-8.391237758346e+03;-7.485198808320e+04;-2.565955251220e+04;
2134;518450;-2.539403228290e+03;-7.369414665258e+04;9.866797126293e+04;1.576162718537e+05;3.215554435371e+04;2.810383360088e+03;-8.391241060918e+03;-7.485199047534e+04;-2.565955224947e+04;
2134;518451;-2.539405467028e+03;-7.369414876571e+04;9.866797251404e+04;1.576162722971e+05;3.215554546044e+04;2.810385406843e+03;-8.391244363462e+03;-7.485199286748e+04;-2.565955198675e+04;
2134;518452;-2.539407705701e+03;-7.369415087868e+04;9.866797376514e+04;1.576162727404e+05;3.215554656716e+04;2.810387453665e+03;-8.391247665979e+03;-7.485199525962e+04;-2.565955172404e+04;
2134;518453;-2.539409944307e+03;-7.369415299149e+04;9.866797501622e+04;1.576162731837e+05;3.215554767387e+04;2.810389500554e+03;-8.391250968467e+03;-7.485199765175e+04;-2.565955146135e+04;
2134;518454;-2.539412182847e+03;-7.369415510414e+04;9.866797626729e+04;1.576162736270e+05;3.215554878056e+04;2.810391547511e+03;-8.391254270928e+03;-7.485200004388e+04;-2.565955119867e+04;
2134;518455;-2.539414421322e+03;-7.369415721664e+04;9.866797751834e+04;1.576162740702e+05;3.215554988723e+04;2.810393594534e+03;-8.391257573361e+03;-7.485200243600e+04;-2.565955093601e+04;
2134;518456;-2.539416659730e+03;-7.369415932897e+04;9.866797876937e+04;1.576162745133e+05;3.215555099389e+04;2.810395641625e+03;-8.391260875766e+03;-7.485200482812e+04;-2.565955067336e+04;
2134;518457;-2.539418898073e+03;-7.369416144115e+04;9.866798002039e+04;1.576162749564e+05;3.215555210054e+04;2.810397688783e+03;-8.391264178143e+03;-7.485200722023e+04;-2.565955041073e+04;
2134;518458;-2.539421136350e+03;-7.369416355317e+04;9.866798127139e+04;1.576162753995e+05;3.215555320717e+04;2.810399736008e+03;-8.391267480493e+03;-7.485200961234e+04;-2.565955014811e+04;
2134;518459;-2.539423374560e+03;-7.369416566503e+04;9.866798252237e+04;1.576162758425e+05;3.215555431379e+04;2.810401783300e+03;-8.391270782814e+03;-7.485201200445e+04;-2.565954988551e+04;
2134;518460;-2.539425612705e+03;-7.369416777673e+04;9.866798377333e+04;1.576162762855e+05;3.215555542040e+04;2.810403830659e+03;-8.391274085108e+03;-7.485201439655e+04;-2.565954962292e+04;
2134;518461;-2.539427850784e+03;-7.369416988828e+04;9.866798502428e+04;1.576162767284e+05;3.215555652699e+04;2.810405878085e+03;-8.391277387373e+03;-7.485201678864e+04;-2.565954936034e+04;
2134;518462;-2.539430088797e+03;-7.369417199966e+04;9.866798627521e+04;1.576162771713e+05;3.215555763356e+04;2.810407925578e+03;-8.391280689611e+03;-7.485201918073e+04;-2.565954909778e+04;
2134;518463;-2.539432326744e+03;-7.369417411089e+04;9.866798752613e+04;1.576162776141e+05;3.215555874013e+04;2.810409973138e+03;-8.391283991821e+03;-7.485202157282e+04;-2.565954883524e+04;
2134;518464;-2.539434564626e+03;-7.369417622196e+04;9.866798877703e+04;1.576162780568e+05;3.215555984667e+04;2.810412020766e+03;-8.391287294002e+03;-7.485202396490e+04;-2.565954857270e+04;
2134;518465;-2.539436802441e+03;-7.369417833287e+04;9.866799002791e+04;1.576162784996e+05;3.215556095321e+04;2.810414068460e+03;-8.391290596156e+03;-7.485202635697e+04;-2.565954831019e+04;
2134;518466;-2.539439040191e+03;-7.369418044362e+04;9.866799127877e+04;1.576162789422e+05;3.215556205972e+04;2.810416116221e+03;-8.391293898282e+03;-7.485202874904e+04;-2.565954804768e+04;
2134;518467;-2.539441277875e+03;-7.369418255421e+04;9.866799252962e+04;1.576162793849e+05;3.215556316623e+04;2.810418164050e+03;-8.391297200379e+03;-7.485203114111e+04;-2.565954778520e+04;
2134;518468;-2.539443515492e+03;-7.369418466465e+04;9.866799378045e+04;1.576162798274e+05;3.215556427272e+04;2.810420211945e+03;-8.391300502449e+03;-7.485203353317e+04;-2.565954752272e+04;
2134;518469;-2.539445753045e+03;-7.369418677492e+04;9.866799503127e+04;1.576162802700e+05;3.215556537919e+04;2.810422259908e+03;-8.391303804490e+03;-7.485203592523e+04;-2.565954726026e+04;
2134;518470;-2.539447990531e+03;-7.369418888504e+04;9.866799628206e+04;1.576162807124e+05;3.215556648566e+04;2.810424307937e+03;-8.391307106504e+03;-7.485203831728e+04;-2.565954699782e+04;
2134;518471;-2.539450227951e+03;-7.369419099500e+04;9.866799753284e+04;1.576162811549e+05;3.215556759210e+04;2.810426356034e+03;-8.391310408489e+03;-7.485204070933e+04;-2.565954673539e+04;
2134;518472;-2.539452465306e+03;-7.369419310480e+04;9.866799878361e+04;1.576162815973e+05;3.215556869854e+04;2.810428404198e+03;-8.391313710446e+03;-7.485204310137e+04;-2.565954647298e+04;
2134;518473;-2.539454702595e+03;-7.369419521444e+04;9.866800003436e+04;1.576162820396e+05;3.215556980495e+04;2.810430452428e+03;-8.391317012375e+03;-7.485204549341e+04;-2.565954621058e+04;
2134;518474;-2.539456939818e+03;-7.369419732393e+04;9.866800128509e+04;1.576162824819e+05;3.215557091136e+04;2.810432500726e+03;-8.391320314276e+03;-7.485204788544e+04;-2.565954594819e+04;
2134;518475;-2.539459176976e+03;-7.369419943325e+04;9.866800253580e+04;1.576162829241e+05;3.215557201775e+04;2.810434549091e+03;-8.391323616148e+03;-7.485205027747e+04;-2.565954568582e+04;
2134;518476;-2.539461414067e+03;-7.369420154242e+04;9.866800378650e+04;1.576162833663e+05;3.215557312412e+04;2.810436597522e+03;-8.391326917993e+03;-7.485205266950e+04;-2.565954542346e+04;
2134;518477;-2.539463651093e+03;-7.369420365143e+04;9.866800503718e+04;1.576162838084e+05;3.215557423048e+04;2.810438646021e+03;-8.391330219809e+03;-7.485205506152e+04;-2.565954516112e+04;
2134;518478;-2.539465888053e+03;-7.369420576028e+04;9.866800628784e+04;1.576162842505e+05;3.215557533683e+04;2.810440694586e+03;-8.391333521597e+03;-7.485205745353e+04;-2.565954489880e+04;
2134;518479;-2.539468124948e+03;-7.369420786897e+04;9.866800753849e+04;1.576162846926e+05;3.215557644316e+04;2.810442743219e+03;-8.391336823356e+03;-7.485205984554e+04;-2.565954463649e+04;
2134;518480;-2.539470361777e+03;-7.369420997750e+04;9.866800878912e+04;1.576162851345e+05;3.215557754948e+04;2.810444791918e+03;-8.391340125088e+03;-7.485206223754e+04;-2.565954437419e+04;
2134;518481;-2.539472598540e+03;-7.369421208587e+04;9.866801003973e+04;1.576162855765e+05;3.215557865579e+04;2.810446840685e+03;-8.391343426791e+03;-7.485206462954e+04;-2.565954411191e+04;
2134;518482;-2.539474835237e+03;-7.369421419409e+04;9.866801129033e+04;1.576162860184e+05;3.215557976208e+04;2.810448889518e+03;-8.391346728466e+03;-7.485206702154e+04;-2.565954384964e+04;
2134;518483;-2.539477071869e+03;-7.369421630214e+04;9.866801254091e+04;1.576162864602e+05;3.215558086835e+04;2.810450938419e+03;-8.391350030112e+03;-7.485206941353e+04;-2.565954358739e+04;
2134;518484;-2.539479308434e+03;-7.369421841004e+04;9.866801379147e+04;1.576162869020e+05;3.215558197461e+04;2.810452987386e+03;-8.391353331730e+03;-7.485207180552e+04;-2.565954332515e+04;
2134;518485;-2.539481544935e+03;-7.369422051778e+04;9.866801504201e+04;1.576162873438e+05;3.215558308086e+04;2.810455036420e+03;-8.391356633320e+03;-7.485207419750e+04;-2.565954306293e+04;
2134;518486;-2.539483781369e+03;-7.369422262536e+04;9.866801629254e+04;1.576162877855e+05;3.215558418709e+04;2.810457085521e+03;-8.391359934881e+03;-7.485207658947e+04;-2.565954280073e+04;
2134;518487;-2.539486017738e+03;-7.369422473278e+04;9.866801754306e+04;1.576162882271e+05;3.215558529331e+04;2.810459134689e+03;-8.391363236414e+03;-7.485207898145e+04;-2.565954253853e+04;
2134;518488;-2.539488254042e+03;-7.369422684004e+04;9.866801879355e+04;1.576162886687e+05;3.215558639951e+04;2.810461183924e+03;-8.391366537918e+03;-7.485208137341e+04;-2.565954227636e+04;
2134;518489;-2.539490490279e+03;-7.369422894715e+04;9.866802004403e+04;1.576162891103e+05;3.215558750570e+04;2.810463233226e+03;-8.391369839394e+03;-7.485208376537e+04;-2.565954201420e+04;
2134;518490;-2.539492726451e+03;-7.369423105409e+04;9.866802129449e+04;1.576162895518e+05;3.215558861188e+04;2.810465282595e+03;-8.391373140841e+03;-7.485208615733e+04;-2.565954175205e+04;
2134;518491;-2.539494962558e+03;-7.369423316088e+04;9.866802254494e+04;1.576162899932e+05;3.215558971804e+04;2.810467332031e+03;-8.391376442260e+03;-7.485208854928e+04;-2.565954148992e+04;
2134;518492;-2.539497198598e+03;-7.369423526751e+04;9.866802379537e+04;1.576162904346e+05;3.215559082419e+04;2.810469381534e+03;-8.391379743651e+03;-7.485209094123e+04;-2.565954122780e+04;
2134;518493;-2.539499434573e+03;-7.369423737398e+04;9.866802504578e+04;1.576162908760e+05;3.215559193032e+04;2.810471431103e+03;-8.391383045013e+03;-7.485209333318e+04;-2.565954096570e+04;
2134;518494;-2.539501670483e+03;-7.369423948029e+04;9.866802629617e+04;1.576162913173e+05;3.215559303644e+04;2.810473480740e+03;-8.391386346346e+03;-7.485209572511e+04;-2.565954070362e+04;
2134;518495;-2.539503906327e+03;-7.369424158644e+04;9.866802754655e+04;1.576162917586e+05;3.215559414254e+04;2.810475530443e+03;-8.391389647651e+03;-7.485209811705e+04;-2.565954044155e+04;
2134;518496;-2.539506142105e+03;-7.369424369243e+04;9.866802879691e+04;1.576162921998e+05;3.215559524863e+04;2.810477580213e+03;-8.391392948927e+03;-7.485210050898e+04;-2.565954017949e+04;
2134;518497;-2.539508377818e+03;-7.369424579827e+04;9.866803004726e+04;1.576162926409e+05;3.215559635470e+04;2.810479630050e+03;-8.391396250175e+03;-7.485210290090e+04;-2.565953991745e+04;
2134;518498;-2.539510613466e+03;-7.369424790394e+04;9.866803129758e+04;1.576162930820e+05;3.215559746076e+04;2.810481679954e+03;-8.391399551394e+03;-7.485210529282e+04;-2.565953965542e+04;
2134;518499;-2.539512849047e+03;-7.369425000946e+04;9.866803254790e+04;1.576162935231e+05;3.215559856681e+04;2.810483729925e+03;-8.391402852584e+03;-7.485210768473e+04;-2.565953939342e+04;
2134;518500;-2.539515084563e+03;-7.369425211482e+04;9.866803379819e+04;1.576162939641e+05;3.215559967284e+04;2.810485779962e+03;-8.391406153746e+03;-7.485211007664e+04;-2.565953913142e+04;
2134;518501;-2.539517320014e+03;-7.369425422002e+04;9.866803504847e+04;1.576162944051e+05;3.215560077886e+04;2.810487830067e+03;-8.391409454879e+03;-7.485211246855e+04;-2.565953886944e+04;
2134;518502;-2.539519555399e+03;-7.369425632506e+04;9.866803629873e+04;1.576162948460e+05;3.215560188486e+04;2.810489880238e+03;-8.391412755983e+03;-7.485211486045e+04;-2.565953860748e+04;
2134;518503;-2.539521790719e+03;-7.369425842994e+04;9.866803754897e+04;1.576162952869e+05;3.215560299085e+04;2.810491930476e+03;-8.391416057059e+03;-7.485211725234e+04;-2.565953834553e+04;
2134;518504;-2.539524025973e+03;-7.369426053466e+04;9.866803879920e+04;1.576162957277e+05;3.215560409683e+04;2.810493980781e+03;-8.391419358106e+03;-7.485211964423e+04;-2.565953808360e+04;
2134;518505;-2.539526261162e+03;-7.369426263923e+04;9.866804004941e+04;1.576162961684e+05;3.215560520279e+04;2.810496031153e+03;-8.391422659124e+03;-7.485212203612e+04;-2.565953782168e+04;
2134;518506;-2.539528496285e+03;-7.369426474363e+04;9.866804129960e+04;1.576162966092e+05;3.215560630873e+04;2.810498081591e+03;-8.391425960113e+03;-7.485212442800e+04;-2.565953755978e+04;
2134;518507;-2.539530731342e+03;-7.369426684788e+04;9.866804254978e+04;1.576162970498e+05;3.215560741466e+04;2.810500132096e+03;-8.391429261074e+03;-7.485212681987e+04;-2.565953729789e+04;
2134;518508;-2.539532966335e+03;-7.369426895196e+04;9.866804379994e+04;1.576162974905e+05;3.215560852058e+04;2.810502182668e+03;-8.391432562006e+03;-7.485212921174e+04;-2.565953703602e+04;
2134;518509;-2.539535201261e+03;-7.369427105589e+04;9.866804505008e+04;1.576162979310e+05;3.215560962649e+04;2.810504233307e+03;-8.391435862909e+03;-7.485213160361e+04;-2.565953677416e+04;
2134;518510;-2.539537436123e+03;-7.369427315966e+04;9.866804630021e+04;1.576162983716e+05;3.215561073237e+04;2.810506284013e+03;-8.391439163783e+03;-7.485213399547e+04;-2.565953651232e+04;
2134;518511;-2.539539670918e+03;-7.369427526327e+04;9.866804755032e+04;1.576162988120e+05;3.215561183825e+04;2.810508334786e+03;-8.391442464628e+03;-7.485213638733e+04;-2.565953625050e+04;
2134;518512;-2.539541905649e+03;-7.369427736672e+04;9.866804880041e+04;1.576162992525e+05;3.215561294411e+04;2.810510385625e+03;-8.391445765444e+03;-7.485213877918e+04;-2.565953598869e+04;
2134;518513;-2.539544140314e+03;-7.369427947002e+04;9.866805005049e+04;1.576162996928e+05;3.215561404995e+04;2.810512436531e+03;-8.391449066232e+03;-7.485214117102e+04;-2.565953572689e+04;
2134;518514;-2.539546374913e+03;-7.369428157315e+04;9.866805130055e+04;1.576163001332e+05;3.215561515578e+04;2.810514487504e+03;-8.391452366990e+03;-7.485214356287e+04;-2.565953546511e+04;
2134;518515;-2.539548609448e+03;-7.369428367612e+04;9.866805255059e+04;1.576163005734e+05;3.215561626160e+04;2.810516538543e+03;-8.391455667720e+03;-7.485214595470e+04;-2.565953520335e+04;
2134;518516;-2.539550843916e+03;-7.369428577894e+04;9.866805380061e+04;1.576163010137e+05;3.215561736740e+04;2.810518589650e+03;-8.391458968421e+03;-7.485214834653e+04;-2.565953494160e+04;
2134;518517;-2.539553078320e+03;-7.369428788160e+04;9.866805505062e+04;1.576163014538e+05;3.215561847319e+04;2.810520640823e+03;-8.391462269093e+03;-7.485215073836e+04;-2.565953467987e+04;
2134;518518;-2.539555312658e+03;-7.369428998409e+04;9.866805630061e+04;1.576163018940e+05;3.215561957897e+04;2.810522692062e+03;-8.391465569735e+03;-7.485215313018e+04;-2.565953441816e+04;
2134;518519;-2.539557546930e+03;-7.369429208643e+04;9.866805755059e+04;1.576163023341e+05;3.215562068472e+04;2.810524743369e+03;-8.391468870349e+03;-7.485215552200e+04;-2.565953415646e+04;
2134;518520;-2.539559781138e+03;-7.369429418861e+04;9.866805880055e+04;1.576163027741e+05;3.215562179047e+04;2.810526794742e+03;-8.391472170934e+03;-7.485215791381e+04;-2.565953389477e+04;
2134;518521;-2.539562015280e+03;-7.369429629063e+04;9.866806005049e+04;1.576163032141e+05;3.215562289620e+04;2.810528846182e+03;-8.391475471489e+03;-7.485216030562e+04;-2.565953363310e+04;
2134;518522;-2.539564249356e+03;-7.369429839250e+04;9.866806130041e+04;1.576163036540e+05;3.215562400192e+04;2.810530897689e+03;-8.391478772016e+03;-7.485216269742e+04;-2.565953337145e+04;
2134;518523;-2.539566483367e+03;-7.369430049420e+04;9.866806255032e+04;1.576163040939e+05;3.215562510762e+04;2.810532949262e+03;-8.391482072514e+03;-7.485216508922e+04;-2.565953310981e+04;
2134;518524;-2.539568717313e+03;-7.369430259574e+04;9.866806380021e+04;1.576163045337e+05;3.215562621331e+04;2.810535000902e+03;-8.391485372982e+03;-7.485216748101e+04;-2.565953284819e+04;
2134;518525;-2.539570951194e+03;-7.369430469713e+04;9.866806505009e+04;1.576163049735e+05;3.215562731898e+04;2.810537052609e+03;-8.391488673421e+03;-7.485216987280e+04;-2.565953258658e+04;
2134;518526;-2.539573185009e+03;-7.369430679835e+04;9.866806629995e+04;1.576163054132e+05;3.215562842464e+04;2.810539104382e+03;-8.391491973832e+03;-7.485217226459e+04;-2.565953232499e+04;
2134;518527;-2.539575418759e+03;-7.369430889942e+04;9.866806754979e+04;1.576163058529e+05;3.215562953028e+04;2.810541156223e+03;-8.391495274213e+03;-7.485217465636e+04;-2.565953206342e+04;
2134;518528;-2.539577652444e+03;-7.369431100033e+04;9.866806879961e+04;1.576163062926e+05;3.215563063591e+04;2.810543208129e+03;-8.391498574564e+03;-7.485217704814e+04;-2.565953180186e+04;
2134;518529;-2.539579886063e+03;-7.369431310107e+04;9.866807004942e+04;1.576163067322e+05;3.215563174153e+04;2.810545260103e+03;-8.391501874887e+03;-7.485217943991e+04;-2.565953154032e+04;
2134;518530;-2.539582119617e+03;-7.369431520166e+04;9.866807129921e+04;1.576163071717e+05;3.215563284713e+04;2.810547312143e+03;-8.391505175180e+03;-7.485218183167e+04;-2.565953127879e+04;
2134;518531;-2.539584353106e+03;-7.369431730209e+04;9.866807254898e+04;1.576163076112e+05;3.215563395272e+04;2.810549364250e+03;-8.391508475445e+03;-7.485218422343e+04;-2.565953101728e+04;
2134;518532;-2.539586586530e+03;-7.369431940236e+04;9.866807379874e+04;1.576163080506e+05;3.215563505829e+04;2.810551416423e+03;-8.391511775680e+03;-7.485218661518e+04;-2.565953075579e+04;
2134;518533;-2.539588819888e+03;-7.369432150248e+04;9.866807504848e+04;1.576163084900e+05;3.215563616385e+04;2.810553468664e+03;-8.391515075885e+03;-7.485218900693e+04;-2.565953049431e+04;
2134;518534;-2.539591053182e+03;-7.369432360243e+04;9.866807629820e+04;1.576163089294e+05;3.215563726939e+04;2.810555520970e+03;-8.391518376062e+03;-7.485219139867e+04;-2.565953023284e+04;
2134;518535;-2.539593286410e+03;-7.369432570222e+04;9.866807754791e+04;1.576163093687e+05;3.215563837492e+04;2.810557573344e+03;-8.391521676209e+03;-7.485219379041e+04;-2.565952997140e+04;
2134;518536;-2.539595519572e+03;-7.369432780186e+04;9.866807879760e+04;1.576163098079e+05;3.215563948044e+04;2.810559625784e+03;-8.391524976327e+03;-7.485219618215e+04;-2.565952970997e+04;
2134;518537;-2.539597752670e+03;-7.369432990133e+04;9.866808004727e+04;1.576163102471e+05;3.215564058594e+04;2.810561678290e+03;-8.391528276415e+03;-7.485219857388e+04;-2.565952944855e+04;
2134;518538;-2.539599985702e+03;-7.369433200065e+04;9.866808129693e+04;1.576163106862e+05;3.215564169142e+04;2.810563730864e+03;-8.391531576474e+03;-7.485220096560e+04;-2.565952918715e+04;
2134;518539;-2.539602218669e+03;-7.369433409980e+04;9.866808254656e+04;1.576163111253e+05;3.215564279690e+04;2.810565783504e+03;-8.391534876504e+03;-7.485220335732e+04;-2.565952892577e+04;
2134;518540;-2.539604451571e+03;-7.369433619880e+04;9.866808379619e+04;1.576163115644e+05;3.215564390235e+04;2.810567836210e+03;-8.391538176504e+03;-7.485220574903e+04;-2.565952866440e+04;
2134;518541;-2.539606684408e+03;-7.369433829764e+04;9.866808504579e+04;1.576163120034e+05;3.215564500780e+04;2.810569888983e+03;-8.391541476475e+03;-7.485220814074e+04;-2.565952840305e+04;
2134;518542;-2.539608917180e+03;-7.369434039632e+04;9.866808629538e+04;1.576163124423e+05;3.215564611323e+04;2.810571941823e+03;-8.391544776417e+03;-7.485221053245e+04;-2.565952814172e+04;
2134;518543;-2.539611149886e+03;-7.369434249484e+04;9.866808754495e+04;1.576163128812e+05;3.215564721864e+04;2.810573994729e+03;-8.391548076329e+03;-7.485221292415e+04;-2.565952788040e+04;
2134;518544;-2.539613382528e+03;-7.369434459320e+04;9.866808879451e+04;1.576163133201e+05;3.215564832404e+04;2.810576047702e+03;-8.391551376211e+03;-7.485221531584e+04;-2.565952761910e+04;
2134;518545;-2.539615615104e+03;-7.369434669140e+04;9.866809004405e+04;1.576163137589e+05;3.215564942943e+04;2.810578100741e+03;-8.391554676065e+03;-7.485221770753e+04;-2.565952735781e+04;
2134;518546;-2.539617847615e+03;-7.369434878944e+04;9.866809129357e+04;1.576163141976e+05;3.215565053480e+04;2.810580153847e+03;-8.391557975888e+03;-7.485222009922e+04;-2.565952709654e+04;
2134;518547;-2.539620080061e+03;-7.369435088733e+04;9.866809254307e+04;1.576163146363e+05;3.215565164016e+04;2.810582207020e+03;-8.391561275682e+03;-7.485222249090e+04;-2.565952683529e+04;
2134;518548;-2.539622312442e+03;-7.369435298505e+04;9.866809379256e+04;1.576163150750e+05;3.215565274550e+04;2.810584260259e+03;-8.391564575447e+03;-7.485222488257e+04;-2.565952657405e+04;
2134;518549;-2.539624544757e+03;-7.369435508261e+04;9.866809504203e+04;1.576163155136e+05;3.215565385083e+04;2.810586313565e+03;-8.391567875182e+03;-7.485222727424e+04;-2.565952631283e+04;
2134;518550;-2.539626777008e+03;-7.369435718002e+04;9.866809629149e+04;1.576163159521e+05;3.215565495614e+04;2.810588366937e+03;-8.391571174887e+03;-7.485222966591e+04;-2.565952605162e+04;
2134;518551;-2.539629009194e+03;-7.369435927726e+04;9.866809754092e+04;1.576163163906e+05;3.215565606144e+04;2.810590420376e+03;-8.391574474563e+03;-7.485223205757e+04;-2.565952579043e+04;
2134;518552;-2.539631241314e+03;-7.369436137435e+04;9.866809879034e+04;1.576163168291e+05;3.215565716673e+04;2.810592473881e+03;-8.391577774209e+03;-7.485223444922e+04;-2.565952552926e+04;
2134;518553;-2.539633473370e+03;-7.369436347128e+04;9.866810003975e+04;1.576163172675e+05;3.215565827200e+04;2.810594527453e+03;-8.391581073826e+03;-7.485223684087e+04;-2.565952526811e+04;
2134;518554;-2.539635705360e+03;-7.369436556804e+04;9.866810128914e+04;1.576163177059e+05;3.215565937725e+04;2.810596581091e+03;-8.391584373412e+03;-7.485223923252e+04;-2.565952500697e+04;
2134;518555;-2.539637937285e+03;-7.369436766465e+04;9.866810253851e+04;1.576163181442e+05;3.215566048250e+04;2.810598634796e+03;-8.391587672970e+03;-7.485224162416e+04;-2.565952474584e+04;
2134;518556;-2.539640169146e+03;-7.369436976110e+04;9.866810378786e+04;1.576163185824e+05;3.215566158772e+04;2.810600688567e+03;-8.391590972497e+03;-7.485224401579e+04;-2.565952448474e+04;
2134;518557;-2.539642400941e+03;-7.369437185739e+04;9.866810503720e+04;1.576163190206e+05;3.215566269294e+04;2.810602742405e+03;-8.391594271995e+03;-7.485224640742e+04;-2.565952422365e+04;
2134;518558;-2.539644632671e+03;-7.369437395352e+04;9.866810628651e+04;1.576163194588e+05;3.215566379814e+04;2.810604796310e+03;-8.391597571463e+03;-7.485224879905e+04;-2.565952396257e+04;
2134;518559;-2.539646864337e+03;-7.369437604949e+04;9.866810753582e+04;1.576163198969e+05;3.215566490332e+04;2.810606850280e+03;-8.391600870901e+03;-7.485225119067e+04;-2.565952370152e+04;
2134;518560;-2.539649095937e+03;-7.369437814530e+04;9.866810878510e+04;1.576163203349e+05;3.215566600849e+04;2.810608904318e+03;-8.391604170310e+03;-7.485225358228e+04;-2.565952344048e+04;
2134;518561;-2.539651327472e+03;-7.369438024095e+04;9.866811003437e+04;1.576163207730e+05;3.215566711365e+04;2.810610958422e+03;-8.391607469689e+03;-7.485225597389e+04;-2.565952317945e+04;
2134;518562;-2.539653558943e+03;-7.369438233645e+04;9.866811128363e+04;1.576163212109e+05;3.215566821879e+04;2.810613012592e+03;-8.391610769038e+03;-7.485225836550e+04;-2.565952291844e+04;
2134;518563;-2.539655790348e+03;-7.369438443178e+04;9.866811253286e+04;1.576163216488e+05;3.215566932391e+04;2.810615066829e+03;-8.391614068357e+03;-7.485226075710e+04;-2.565952265745e+04;
2134;518564;-2.539658021688e+03;-7.369438652695e+04;9.866811378208e+04;1.576163220867e+05;3.215567042903e+04;2.810617121132e+03;-8.391617367646e+03;-7.485226314869e+04;-2.565952239648e+04;
2134;518565;-2.539660252964e+03;-7.369438862197e+04;9.866811503128e+04;1.576163225245e+05;3.215567153412e+04;2.810619175502e+03;-8.391620666906e+03;-7.485226554028e+04;-2.565952213552e+04;
2134;518566;-2.539662484174e+03;-7.369439071682e+04;9.866811628047e+04;1.576163229623e+05;3.215567263921e+04;2.810621229938e+03;-8.391623966135e+03;-7.485226793187e+04;-2.565952187458e+04;
2134;518567;-2.539664715320e+03;-7.369439281152e+04;9.866811752964e+04;1.576163234000e+05;3.215567374428e+04;2.810623284440e+03;-8.391627265335e+03;-7.485227032345e+04;-2.565952161365e+04;
2134;518568;-2.539666946400e+03;-7.369439490605e+04;9.866811877879e+04;1.576163238376e+05;3.215567484933e+04;2.810625339009e+03;-8.391630564505e+03;-7.485227271502e+04;-2.565952135275e+04;
2134;518569;-2.539669177416e+03;-7.369439700043e+04;9.866812002792e+04;1.576163242752e+05;3.215567595437e+04;2.810627393645e+03;-8.391633863645e+03;-7.485227510659e+04;-2.565952109185e+04;
2134;518570;-2.539671408367e+03;-7.369439909465e+04;9.866812127704e+04;1.576163247128e+05;3.215567705940e+04;2.810629448346e+03;-8.391637162755e+03;-7.485227749816e+04;-2.565952083098e+04;
2134;518571;-2.539673639253e+03;-7.369440118870e+04;9.866812252614e+04;1.576163251503e+05;3.215567816441e+04;2.810631503115e+03;-8.391640461835e+03;-7.485227988972e+04;-2.565952057012e+04;
2134;518572;-2.539675870074e+03;-7.369440328260e+04;9.866812377523e+04;1.576163255878e+05;3.215567926941e+04;2.810633557949e+03;-8.391643760885e+03;-7.485228228127e+04;-2.565952030928e+04;
2134;518573;-2.539678100830e+03;-7.369440537634e+04;9.866812502429e+04;1.576163260252e+05;3.215568037439e+04;2.810635612850e+03;-8.391647059905e+03;-7.485228467282e+04;-2.565952004846e+04;
2134;518574;-2.539680331521e+03;-7.369440746992e+04;9.866812627334e+04;1.576163264625e+05;3.215568147936e+04;2.810637667818e+03;-8.391650358895e+03;-7.485228706437e+04;-2.565951978765e+04;
2134;518575;-2.539682562148e+03;-7.369440956334e+04;9.866812752238e+04;1.576163268999e+05;3.215568258431e+04;2.810639722852e+03;-8.391653657855e+03;-7.485228945591e+04;-2.565951952686e+04;
2134;518576;-2.539684792709e+03;-7.369441165660e+04;9.866812877139e+04;1.576163273371e+05;3.215568368925e+04;2.810641777952e+03;-8.391656956785e+03;-7.485229184744e+04;-2.565951926608e+04;
2134;518577;-2.539687023206e+03;-7.369441374970e+04;9.866813002039e+04;1.576163277743e+05;3.215568479418e+04;2.810643833119e+03;-8.391660255684e+03;-7.485229423897e+04;-2.565951900532e+04;
2134;518578;-2.539689253638e+03;-7.369441584264e+04;9.866813126938e+04;1.576163282115e+05;3.215568589909e+04;2.810645888352e+03;-8.391663554554e+03;-7.485229663050e+04;-2.565951874458e+04;
2134;518579;-2.539691484005e+03;-7.369441793542e+04;9.866813251834e+04;1.576163286486e+05;3.215568700398e+04;2.810647943651e+03;-8.391666853394e+03;-7.485229902202e+04;-2.565951848386e+04;
2134;518580;-2.539693714307e+03;-7.369442002804e+04;9.866813376729e+04;1.576163290857e+05;3.215568810887e+04;2.810649999017e+03;-8.391670152203e+03;-7.485230141353e+04;-2.565951822315e+04;
2134;518581;-2.539695944545e+03;-7.369442212050e+04;9.866813501623e+04;1.576163295227e+05;3.215568921373e+04;2.810652054449e+03;-8.391673450982e+03;-7.485230380504e+04;-2.565951796246e+04;
2134;518582;-2.539698174717e+03;-7.369442421280e+04;9.866813626514e+04;1.576163299597e+05;3.215569031859e+04;2.810654109947e+03;-8.391676749732e+03;-7.485230619654e+04;-2.565951770179e+04;
2134;518583;-2.539700404825e+03;-7.369442630494e+04;9.866813751404e+04;1.576163303966e+05;3.215569142343e+04;2.810656165512e+03;-8.391680048451e+03;-7.485230858804e+04;-2.565951744114e+04;
2134;518584;-2.539702634868e+03;-7.369442839693e+04;9.866813876293e+04;1.576163308334e+05;3.215569252825e+04;2.810658221143e+03;-8.391683347139e+03;-7.485231097954e+04;-2.565951718050e+04;
2134;518585;-2.539704864846e+03;-7.369443048875e+04;9.866814001179e+04;1.576163312702e+05;3.215569363306e+04;2.810660276841e+03;-8.391686645798e+03;-7.485231337103e+04;-2.565951691987e+04;
2134;518586;-2.539707094760e+03;-7.369443258041e+04;9.866814126064e+04;1.576163317070e+05;3.215569473785e+04;2.810662332605e+03;-8.391689944426e+03;-7.485231576251e+04;-2.565951665927e+04;
2134;518587;-2.539709324609e+03;-7.369443467192e+04;9.866814250947e+04;1.576163321437e+05;3.215569584264e+04;2.810664388435e+03;-8.391693243024e+03;-7.485231815399e+04;-2.565951639868e+04;
2134;518588;-2.539711554393e+03;-7.369443676326e+04;9.866814375829e+04;1.576163325804e+05;3.215569694740e+04;2.810666444331e+03;-8.391696541592e+03;-7.485232054546e+04;-2.565951613811e+04;
2134;518589;-2.539713784112e+03;-7.369443885444e+04;9.866814500708e+04;1.576163330170e+05;3.215569805215e+04;2.810668500294e+03;-8.391699840129e+03;-7.485232293693e+04;-2.565951587756e+04;
2134;518590;-2.539716013767e+03;-7.369444094547e+04;9.866814625587e+04;1.576163334536e+05;3.215569915689e+04;2.810670556323e+03;-8.391703138637e+03;-7.485232532840e+04;-2.565951561702e+04;
2134;518591;-2.539718243357e+03;-7.369444303633e+04;9.866814750463e+04;1.576163338901e+05;3.215570026162e+04;2.810672612418e+03;-8.391706437113e+03;-7.485232771986e+04;-2.565951535650e+04;
2134;518592;-2.539720472882e+03;-7.369444512704e+04;9.866814875338e+04;1.576163343266e+05;3.215570136632e+04;2.810674668580e+03;-8.391709735560e+03;-7.485233011131e+04;-2.565951509600e+04;
2134;518593;-2.539722702342e+03;-7.369444721758e+04;9.866815000211e+04;1.576163347630e+05;3.215570247102e+04;2.810676724808e+03;-8.391713033976e+03;-7.485233250276e+04;-2.565951483551e+04;
2134;518594;-2.539724931738e+03;-7.369444930797e+04;9.866815125082e+04;1.576163351993e+05;3.215570357570e+04;2.810678781102e+03;-8.391716332362e+03;-7.485233489420e+04;-2.565951457504e+04;
2134;518595;-2.539727161069e+03;-7.369445139820e+04;9.866815249952e+04;1.576163356357e+05;3.215570468036e+04;2.810680837462e+03;-8.391719630717e+03;-7.485233728564e+04;-2.565951431459e+04;
2134;518596;-2.539729390335e+03;-7.369445348826e+04;9.866815374820e+04;1.576163360719e+05;3.215570578502e+04;2.810682893889e+03;-8.391722929042e+03;-7.485233967707e+04;-2.565951405416e+04;
2134;518597;-2.539731619537e+03;-7.369445557817e+04;9.866815499687e+04;1.576163365081e+05;3.215570688965e+04;2.810684950382e+03;-8.391726227336e+03;-7.485234206850e+04;-2.565951379374e+04;
2134;518598;-2.539733848674e+03;-7.369445766792e+04;9.866815624551e+04;1.576163369443e+05;3.215570799427e+04;2.810687006941e+03;-8.391729525600e+03;-7.485234445992e+04;-2.565951353334e+04;
2134;518599;-2.539736077747e+03;-7.369445975750e+04;9.866815749414e+04;1.576163373804e+05;3.215570909888e+04;2.810689063567e+03;-8.391732823834e+03;-7.485234685134e+04;-2.565951327296e+04;
2134;518600;-2.539738306755e+03;-7.369446184693e+04;9.866815874275e+04;1.576163378165e+05;3.215571020348e+04;2.810691120258e+03;-8.391736122037e+03;-7.485234924276e+04;-2.565951301260e+04;
2134;518601;-2.539740535698e+03;-7.369446393620e+04;9.866815999135e+04;1.576163382525e+05;3.215571130805e+04;2.810693177016e+03;-8.391739420209e+03;-7.485235163416e+04;-2.565951275225e+04;
2134;518602;-2.539742764577e+03;-7.369446602530e+04;9.866816123993e+04;1.576163386885e+05;3.215571241262e+04;2.810695233840e+03;-8.391742718351e+03;-7.485235402557e+04;-2.565951249192e+04;
2134;518603;-2.539744993391e+03;-7.369446811425e+04;9.866816248849e+04;1.576163391244e+05;3.215571351717e+04;2.810697290731e+03;-8.391746016462e+03;-7.485235641696e+04;-2.565951223161e+04;
2134;518604;-2.539747222140e+03;-7.369447020304e+04;9.866816373704e+04;1.576163395603e+05;3.215571462170e+04;2.810699347687e+03;-8.391749314543e+03;-7.485235880836e+04;-2.565951197131e+04;
2134;518605;-2.539749450825e+03;-7.369447229167e+04;9.866816498557e+04;1.576163399961e+05;3.215571572623e+04;2.810701404710e+03;-8.391752612593e+03;-7.485236119974e+04;-2.565951171103e+04;
2134;518606;-2.539751679445e+03;-7.369447438013e+04;9.866816623408e+04;1.576163404318e+05;3.215571683073e+04;2.810703461799e+03;-8.391755910613e+03;-7.485236359113e+04;-2.565951145077e+04;
2134;518607;-2.539753908001e+03;-7.369447646844e+04;9.866816748258e+04;1.576163408676e+05;3.215571793523e+04;2.810705518954e+03;-8.391759208602e+03;-7.485236598250e+04;-2.565951119053e+04;
2134;518608;-2.539756136492e+03;-7.369447855659e+04;9.866816873105e+04;1.576163413032e+05;3.215571903970e+04;2.810707576176e+03;-8.391762506560e+03;-7.485236837387e+04;-2.565951093031e+04;
2134;518609;-2.539758364918e+03;-7.369448064458e+04;9.866816997952e+04;1.576163417388e+05;3.215572014417e+04;2.810709633463e+03;-8.391765804488e+03;-7.485237076524e+04;-2.565951067010e+04;
2134;518610;-2.539760593280e+03;-7.369448273241e+04;9.866817122796e+04;1.576163421744e+05;3.215572124862e+04;2.810711690817e+03;-8.391769102385e+03;-7.485237315660e+04;-2.565951040991e+04;
2134;518611;-2.539762821578e+03;-7.369448482008e+04;9.866817247639e+04;1.576163426099e+05;3.215572235305e+04;2.810713748237e+03;-8.391772400251e+03;-7.485237554796e+04;-2.565951014973e+04;
2134;518612;-2.539765049811e+03;-7.369448690759e+04;9.866817372480e+04;1.576163430454e+05;3.215572345747e+04;2.810715805723e+03;-8.391775698087e+03;-7.485237793931e+04;-2.565950988958e+04;
2134;518613;-2.539767277979e+03;-7.369448899493e+04;9.866817497319e+04;1.576163434808e+05;3.215572456188e+04;2.810717863276e+03;-8.391778995892e+03;-7.485238033066e+04;-2.565950962944e+04;
2134;518614;-2.539769506083e+03;-7.369449108212e+04;9.866817622157e+04;1.576163439162e+05;3.215572566627e+04;2.810719920894e+03;-8.391782293666e+03;-7.485238272200e+04;-2.565950936932e+04;
2134;518615;-2.539771734123e+03;-7.369449316915e+04;9.866817746993e+04;1.576163443515e+05;3.215572677064e+04;2.810721978579e+03;-8.391785591409e+03;-7.485238511333e+04;-2.565950910922e+04;
2134;518616;-2.539773962098e+03;-7.369449525602e+04;9.866817871827e+04;1.576163447868e+05;3.215572787501e+04;2.810724036329e+03;-8.391788889121e+03;-7.485238750466e+04;-2.565950884913e+04;
2134;518617;-2.539776190008e+03;-7.369449734273e+04;9.866817996660e+04;1.576163452220e+05;3.215572897935e+04;2.810726094146e+03;-8.391792186803e+03;-7.485238989599e+04;-2.565950858907e+04;
2134;518618;-2.539778417854e+03;-7.369449942928e+04;9.866818121491e+04;1.576163456571e+05;3.215573008369e+04;2.810728152029e+03;-8.391795484454e+03;-7.485239228731e+04;-2.565950832902e+04;
2134;518619;-2.539780645636e+03;-7.369450151567e+04;9.866818246320e+04;1.576163460923e+05;3.215573118801e+04;2.810730209978e+03;-8.391798782074e+03;-7.485239467862e+04;-2.565950806898e+04;
2134;518620;-2.539782873353e+03;-7.369450360190e+04;9.866818371148e+04;1.576163465273e+05;3.215573229231e+04;2.810732267993e+03;-8.391802079663e+03;-7.485239706993e+04;-2.565950780897e+04;
2134;518621;-2.539785101006e+03;-7.369450568797e+04;9.866818495974e+04;1.576163469623e+05;3.215573339660e+04;2.810734326075e+03;-8.391805377221e+03;-7.485239946124e+04;-2.565950754897e+04;
2134;518622;-2.539787328594e+03;-7.369450777387e+04;9.866818620798e+04;1.576163473973e+05;3.215573450088e+04;2.810736384222e+03;-8.391808674749e+03;-7.485240185254e+04;-2.565950728899e+04;
2134;518623;-2.539789556118e+03;-7.369450985962e+04;9.866818745621e+04;1.576163478322e+05;3.215573560514e+04;2.810738442436e+03;-8.391811972245e+03;-7.485240424383e+04;-2.565950702903e+04;
2134;518624;-2.539791783577e+03;-7.369451194521e+04;9.866818870442e+04;1.576163482671e+05;3.215573670938e+04;2.810740500715e+03;-8.391815269711e+03;-7.485240663512e+04;-2.565950676909e+04;
2134;518625;-2.539794010972e+03;-7.369451403064e+04;9.866818995261e+04;1.576163487019e+05;3.215573781362e+04;2.810742559061e+03;-8.391818567145e+03;-7.485240902641e+04;-2.565950650916e+04;
2134;518626;-2.539796238303e+03;-7.369451611591e+04;9.866819120079e+04;1.576163491367e+05;3.215573891783e+04;2.810744617473e+03;-8.391821864549e+03;-7.485241141769e+04;-2.565950624926e+04;
2134;518627;-2.539798465569e+03;-7.369451820102e+04;9.866819244894e+04;1.576163495714e+05;3.215574002204e+04;2.810746675951e+03;-8.391825161921e+03;-7.485241380896e+04;-2.565950598937e+04;
2134;518628;-2.539800692771e+03;-7.369452028597e+04;9.866819369709e+04;1.576163500060e+05;3.215574112623e+04;2.810748734495e+03;-8.391828459263e+03;-7.485241620023e+04;-2.565950572949e+04;
2134;518629;-2.539802919908e+03;-7.369452237076e+04;9.866819494521e+04;1.576163504407e+05;3.215574223040e+04;2.810750793105e+03;-8.391831756573e+03;-7.485241859149e+04;-2.565950546964e+04;
2134;518630;-2.539805146981e+03;-7.369452445538e+04;9.866819619332e+04;1.576163508752e+05;3.215574333456e+04;2.810752851781e+03;-8.391835053853e+03;-7.485242098275e+04;-2.565950520980e+04;
2134;518631;-2.539807373990e+03;-7.369452653985e+04;9.866819744141e+04;1.576163513097e+05;3.215574443870e+04;2.810754910523e+03;-8.391838351101e+03;-7.485242337400e+04;-2.565950494998e+04;
2134;518632;-2.539809600934e+03;-7.369452862416e+04;9.866819868948e+04;1.576163517442e+05;3.215574554284e+04;2.810756969331e+03;-8.391841648319e+03;-7.485242576525e+04;-2.565950469018e+04;
2134;518633;-2.539811827815e+03;-7.369453070831e+04;9.866819993754e+04;1.576163521786e+05;3.215574664695e+04;2.810759028205e+03;-8.391844945505e+03;-7.485242815649e+04;-2.565950443040e+04;
2134;518634;-2.539814054630e+03;-7.369453279230e+04;9.866820118558e+04;1.576163526130e+05;3.215574775105e+04;2.810761087145e+03;-8.391848242660e+03;-7.485243054773e+04;-2.565950417064e+04;
2134;518635;-2.539816281382e+03;-7.369453487612e+04;9.866820243360e+04;1.576163530473e+05;3.215574885514e+04;2.810763146152e+03;-8.391851539784e+03;-7.485243293896e+04;-2.565950391089e+04;
2134;518636;-2.539818508069e+03;-7.369453695979e+04;9.866820368161e+04;1.576163534815e+05;3.215574995921e+04;2.810765205224e+03;-8.391854836877e+03;-7.485243533019e+04;-2.565950365116e+04;
2134;518637;-2.539820734692e+03;-7.369453904330e+04;9.866820492960e+04;1.576163539158e+05;3.215575106327e+04;2.810767264362e+03;-8.391858133938e+03;-7.485243772141e+04;-2.565950339145e+04;
2134;518638;-2.539822961250e+03;-7.369454112665e+04;9.866820617757e+04;1.576163543499e+05;3.215575216732e+04;2.810769323566e+03;-8.391861430969e+03;-7.485244011262e+04;-2.565950313176e+04;
2134;518639;-2.539825187745e+03;-7.369454320983e+04;9.866820742553e+04;1.576163547840e+05;3.215575327135e+04;2.810771382837e+03;-8.391864727968e+03;-7.485244250384e+04;-2.565950287208e+04;
2134;518640;-2.539827414175e+03;-7.369454529286e+04;9.866820867347e+04;1.576163552181e+05;3.215575437536e+04;2.810773442173e+03;-8.391868024936e+03;-7.485244489504e+04;-2.565950261243e+04;
2134;518641;-2.539829640540e+03;-7.369454737573e+04;9.866820992139e+04;1.576163556521e+05;3.215575547936e+04;2.810775501575e+03;-8.391871321872e+03;-7.485244728624e+04;-2.565950235279e+04;
2134;518642;-2.539831866842e+03;-7.369454945844e+04;9.866821116930e+04;1.576163560861e+05;3.215575658335e+04;2.810777561044e+03;-8.391874618778e+03;-7.485244967744e+04;-2.565950209317e+04;
2134;518643;-2.539834093079e+03;-7.369455154098e+04;9.866821241719e+04;1.576163565200e+05;3.215575768732e+04;2.810779620578e+03;-8.391877915652e+03;-7.485245206863e+04;-2.565950183357e+04;
2134;518644;-2.539836319252e+03;-7.369455362337e+04;9.866821366506e+04;1.576163569538e+05;3.215575879128e+04;2.810781680178e+03;-8.391881212495e+03;-7.485245445981e+04;-2.565950157399e+04;
2134;518645;-2.539838545361e+03;-7.369455570559e+04;9.866821491291e+04;1.576163573876e+05;3.215575989522e+04;2.810783739844e+03;-8.391884509306e+03;-7.485245685099e+04;-2.565950131442e+04;
2134;518646;-2.539840771406e+03;-7.369455778766e+04;9.866821616075e+04;1.576163578214e+05;3.215576099915e+04;2.810785799576e+03;-8.391887806086e+03;-7.485245924217e+04;-2.565950105487e+04;
2134;518647;-2.539842997386e+03;-7.369455986957e+04;9.866821740857e+04;1.576163582551e+05;3.215576210306e+04;2.810787859374e+03;-8.391891102835e+03;-7.485246163334e+04;-2.565950079534e+04;
2134;518648;-2.539845223303e+03;-7.369456195131e+04;9.866821865638e+04;1.576163586888e+05;3.215576320696e+04;2.810789919238e+03;-8.391894399553e+03;-7.485246402450e+04;-2.565950053583e+04;
2134;518649;-2.539847449155e+03;-7.369456403290e+04;9.866821990417e+04;1.576163591224e+05;3.215576431085e+04;2.810791979168e+03;-8.391897696239e+03;-7.485246641566e+04;-2.565950027634e+04;
2134;518650;-2.539849674943e+03;-7.369456611432e+04;9.866822115194e+04;1.576163595559e+05;3.215576541472e+04;2.810794039164e+03;-8.391900992893e+03;-7.485246880681e+04;-2.565950001687e+04;
2134;518651;-2.539851900666e+03;-7.369456819558e+04;9.866822239969e+04;1.576163599894e+05;3.215576651857e+04;2.810796099226e+03;-8.391904289517e+03;-7.485247119796e+04;-2.565949975741e+04;
2134;518652;-2.539854126326e+03;-7.369457027669e+04;9.866822364743e+04;1.576163604229e+05;3.215576762241e+04;2.810798159354e+03;-8.391907586108e+03;-7.485247358910e+04;-2.565949949797e+04;
2134;518653;-2.539856351921e+03;-7.369457235763e+04;9.866822489515e+04;1.576163608563e+05;3.215576872624e+04;2.810800219547e+03;-8.391910882668e+03;-7.485247598024e+04;-2.565949923855e+04;
2134;518654;-2.539858577452e+03;-7.369457443842e+04;9.866822614285e+04;1.576163612896e+05;3.215576983005e+04;2.810802279807e+03;-8.391914179197e+03;-7.485247837137e+04;-2.565949897915e+04;
2134;518655;-2.539860802920e+03;-7.369457651904e+04;9.866822739054e+04;1.576163617229e+05;3.215577093385e+04;2.810804340132e+03;-8.391917475694e+03;-7.485248076250e+04;-2.565949871977e+04;
2134;518656;-2.539863028323e+03;-7.369457859950e+04;9.866822863821e+04;1.576163621562e+05;3.215577203763e+04;2.810806400524e+03;-8.391920772160e+03;-7.485248315362e+04;-2.565949846041e+04;
2134;518657;-2.539865253662e+03;-7.369458067980e+04;9.866822988586e+04;1.576163625894e+05;3.215577314140e+04;2.810808460981e+03;-8.391924068594e+03;-7.485248554474e+04;-2.565949820106e+04;
2134;518658;-2.539867478936e+03;-7.369458275995e+04;9.866823113350e+04;1.576163630226e+05;3.215577424516e+04;2.810810521504e+03;-8.391927364997e+03;-7.485248793585e+04;-2.565949794174e+04;
2134;518659;-2.539869704147e+03;-7.369458483993e+04;9.866823238111e+04;1.576163634557e+05;3.215577534890e+04;2.810812582093e+03;-8.391930661368e+03;-7.485249032695e+04;-2.565949768243e+04;
2134;518660;-2.539871929294e+03;-7.369458691975e+04;9.866823362872e+04;1.576163638887e+05;3.215577645262e+04;2.810814642748e+03;-8.391933957707e+03;-7.485249271805e+04;-2.565949742314e+04;
2134;518661;-2.539874154376e+03;-7.369458899941e+04;9.866823487630e+04;1.576163643217e+05;3.215577755633e+04;2.810816703468e+03;-8.391937254015e+03;-7.485249510915e+04;-2.565949716387e+04;
2134;518662;-2.539876379395e+03;-7.369459107891e+04;9.866823612387e+04;1.576163647547e+05;3.215577866003e+04;2.810818764255e+03;-8.391940550291e+03;-7.485249750024e+04;-2.565949690461e+04;
2134;518663;-2.539878604349e+03;-7.369459315825e+04;9.866823737142e+04;1.576163651876e+05;3.215577976371e+04;2.810820825107e+03;-8.391943846536e+03;-7.485249989132e+04;-2.565949664538e+04;
2134;518664;-2.539880829240e+03;-7.369459523743e+04;9.866823861896e+04;1.576163656204e+05;3.215578086738e+04;2.810822886026e+03;-8.391947142749e+03;-7.485250228240e+04;-2.565949638616e+04;
2134;518665;-2.539883054066e+03;-7.369459731645e+04;9.866823986647e+04;1.576163660532e+05;3.215578197103e+04;2.810824947010e+03;-8.391950438930e+03;-7.485250467348e+04;-2.565949612697e+04;
2134;518666;-2.539885278828e+03;-7.369459939531e+04;9.866824111398e+04;1.576163664860e+05;3.215578307467e+04;2.810827008060e+03;-8.391953735079e+03;-7.485250706454e+04;-2.565949586779e+04;
2134;518667;-2.539887503527e+03;-7.369460147401e+04;9.866824236146e+04;1.576163669187e+05;3.215578417829e+04;2.810829069175e+03;-8.391957031197e+03;-7.485250945561e+04;-2.565949560863e+04;
2134;518668;-2.539889728161e+03;-7.369460355255e+04;9.866824360893e+04;1.576163673513e+05;3.215578528190e+04;2.810831130357e+03;-8.391960327283e+03;-7.485251184667e+04;-2.565949534949e+04;
2134;518669;-2.539891952731e+03;-7.369460563092e+04;9.866824485638e+04;1.576163677839e+05;3.215578638550e+04;2.810833191604e+03;-8.391963623337e+03;-7.485251423772e+04;-2.565949509037e+04;
2134;518670;-2.539894177238e+03;-7.369460770914e+04;9.866824610381e+04;1.576163682164e+05;3.215578748908e+04;2.810835252918e+03;-8.391966919359e+03;-7.485251662877e+04;-2.565949483126e+04;
2134;518671;-2.539896401680e+03;-7.369460978720e+04;9.866824735123e+04;1.576163686489e+05;3.215578859264e+04;2.810837314297e+03;-8.391970215350e+03;-7.485251901981e+04;-2.565949457218e+04;
2134;518672;-2.539898626059e+03;-7.369461186509e+04;9.866824859863e+04;1.576163690814e+05;3.215578969619e+04;2.810839375741e+03;-8.391973511309e+03;-7.485252141084e+04;-2.565949431311e+04;
2134;518673;-2.539900850373e+03;-7.369461394283e+04;9.866824984601e+04;1.576163695138e+05;3.215579079973e+04;2.810841437252e+03;-8.391976807236e+03;-7.485252380188e+04;-2.565949405406e+04;
2134;518674;-2.539903074623e+03;-7.369461602040e+04;9.866825109338e+04;1.576163699461e+05;3.215579190325e+04;2.810843498828e+03;-8.391980103131e+03;-7.485252619290e+04;-2.565949379503e+04;
2134;518675;-2.539905298810e+03;-7.369461809782e+04;9.866825234073e+04;1.576163703784e+05;3.215579300676e+04;2.810845560471e+03;-8.391983398994e+03;-7.485252858392e+04;-2.565949353602e+04;
2134;518676;-2.539907522933e+03;-7.369462017507e+04;9.866825358806e+04;1.576163708106e+05;3.215579411025e+04;2.810847622179e+03;-8.391986694825e+03;-7.485253097494e+04;-2.565949327703e+04;
2134;518677;-2.539909746991e+03;-7.369462225217e+04;9.866825483537e+04;1.576163712428e+05;3.215579521373e+04;2.810849683952e+03;-8.391989990625e+03;-7.485253336595e+04;-2.565949301806e+04;
2134;518678;-2.539911970986e+03;-7.369462432910e+04;9.866825608267e+04;1.576163716750e+05;3.215579631720e+04;2.810851745792e+03;-8.391993286392e+03;-7.485253575695e+04;-2.565949275911e+04;
2134;518679;-2.539914194917e+03;-7.369462640587e+04;9.866825732995e+04;1.576163721071e+05;3.215579742065e+04;2.810853807697e+03;-8.391996582128e+03;-7.485253814795e+04;-2.565949250017e+04;
2134;518680;-2.539916418784e+03;-7.369462848248e+04;9.866825857722e+04;1.576163725391e+05;3.215579852408e+04;2.810855869668e+03;-8.391999877831e+03;-7.485254053894e+04;-2.565949224126e+04;
2134;518681;-2.539918642587e+03;-7.369463055893e+04;9.866825982447e+04;1.576163729711e+05;3.215579962750e+04;2.810857931704e+03;-8.392003173503e+03;-7.485254292993e+04;-2.565949198236e+04;
2134;518682;-2.539920866326e+03;-7.369463263522e+04;9.866826107170e+04;1.576163734030e+05;3.215580073091e+04;2.810859993807e+03;-8.392006469142e+03;-7.485254532092e+04;-2.565949172348e+04;
2134;518683;-2.539923090001e+03;-7.369463471135e+04;9.866826231891e+04;1.576163738349e+05;3.215580183430e+04;2.810862055975e+03;-8.392009764750e+03;-7.485254771189e+04;-2.565949146463e+04;
2134;518684;-2.539925313613e+03;-7.369463678732e+04;9.866826356611e+04;1.576163742667e+05;3.215580293768e+04;2.810864118209e+03;-8.392013060325e+03;-7.485255010287e+04;-2.565949120579e+04;
2134;518685;-2.539927537160e+03;-7.369463886313e+04;9.866826481329e+04;1.576163746985e+05;3.215580404104e+04;2.810866180508e+03;-8.392016355869e+03;-7.485255249383e+04;-2.565949094697e+04;
2134;518686;-2.539929760644e+03;-7.369464093878e+04;9.866826606045e+04;1.576163751303e+05;3.215580514439e+04;2.810868242874e+03;-8.392019651380e+03;-7.485255488480e+04;-2.565949068816e+04;
2134;518687;-2.539931984064e+03;-7.369464301427e+04;9.866826730760e+04;1.576163755619e+05;3.215580624772e+04;2.810870305305e+03;-8.392022946859e+03;-7.485255727575e+04;-2.565949042938e+04;
2134;518688;-2.539934207420e+03;-7.369464508959e+04;9.866826855473e+04;1.576163759936e+05;3.215580735104e+04;2.810872367801e+03;-8.392026242306e+03;-7.485255966670e+04;-2.565949017062e+04;
2134;518689;-2.539936430712e+03;-7.369464716476e+04;9.866826980184e+04;1.576163764252e+05;3.215580845435e+04;2.810874430364e+03;-8.392029537722e+03;-7.485256205765e+04;-2.565948991187e+04;
2134;518690;-2.539938653941e+03;-7.369464923977e+04;9.866827104894e+04;1.576163768567e+05;3.215580955764e+04;2.810876492992e+03;-8.392032833104e+03;-7.485256444859e+04;-2.565948965315e+04;
2134;518691;-2.539940877106e+03;-7.369465131461e+04;9.866827229602e+04;1.576163772882e+05;3.215581066091e+04;2.810878555686e+03;-8.392036128455e+03;-7.485256683952e+04;-2.565948939444e+04;
2134;518692;-2.539943100207e+03;-7.369465338930e+04;9.866827354308e+04;1.576163777196e+05;3.215581176417e+04;2.810880618445e+03;-8.392039423774e+03;-7.485256923045e+04;-2.565948913576e+04;
2134;518693;-2.539945323244e+03;-7.369465546382e+04;9.866827479013e+04;1.576163781510e+05;3.215581286742e+04;2.810882681270e+03;-8.392042719060e+03;-7.485257162138e+04;-2.565948887709e+04;
2134;518694;-2.539947546217e+03;-7.369465753818e+04;9.866827603715e+04;1.576163785823e+05;3.215581397065e+04;2.810884744161e+03;-8.392046014314e+03;-7.485257401229e+04;-2.565948861844e+04;
2134;518695;-2.539949769127e+03;-7.369465961238e+04;9.866827728417e+04;1.576163790136e+05;3.215581507387e+04;2.810886807117e+03;-8.392049309536e+03;-7.485257640321e+04;-2.565948835981e+04;
2134;518696;-2.539951991972e+03;-7.369466168643e+04;9.866827853116e+04;1.576163794448e+05;3.215581617707e+04;2.810888870139e+03;-8.392052604725e+03;-7.485257879412e+04;-2.565948810120e+04;
2134;518697;-2.539954214755e+03;-7.369466376031e+04;9.866827977814e+04;1.576163798760e+05;3.215581728026e+04;2.810890933227e+03;-8.392055899883e+03;-7.485258118502e+04;-2.565948784261e+04;
2134;518698;-2.539956437473e+03;-7.369466583403e+04;9.866828102510e+04;1.576163803071e+05;3.215581838343e+04;2.810892996380e+03;-8.392059195008e+03;-7.485258357591e+04;-2.565948758404e+04;
2134;518699;-2.539958660128e+03;-7.369466790758e+04;9.866828227204e+04;1.576163807382e+05;3.215581948659e+04;2.810895059599e+03;-8.392062490100e+03;-7.485258596681e+04;-2.565948732548e+04;
2134;518700;-2.539960882719e+03;-7.369466998098e+04;9.866828351897e+04;1.576163811692e+05;3.215582058974e+04;2.810897122884e+03;-8.392065785161e+03;-7.485258835769e+04;-2.565948706695e+04;
2134;518701;-2.539963105246e+03;-7.369467205422e+04;9.866828476588e+04;1.576163816002e+05;3.215582169287e+04;2.810899186234e+03;-8.392069080189e+03;-7.485259074857e+04;-2.565948680844e+04;
2134;518702;-2.539965327709e+03;-7.369467412730e+04;9.866828601278e+04;1.576163820311e+05;3.215582279598e+04;2.810901249649e+03;-8.392072375184e+03;-7.485259313945e+04;-2.565948654994e+04;
2134;518703;-2.539967550109e+03;-7.369467620021e+04;9.866828725965e+04;1.576163824619e+05;3.215582389908e+04;2.810903313131e+03;-8.392075670147e+03;-7.485259553032e+04;-2.565948629147e+04;
2134;518704;-2.539969772445e+03;-7.369467827297e+04;9.866828850651e+04;1.576163828928e+05;3.215582500217e+04;2.810905376678e+03;-8.392078965078e+03;-7.485259792118e+04;-2.565948603301e+04;
2134;518705;-2.539971994718e+03;-7.369468034556e+04;9.866828975336e+04;1.576163833235e+05;3.215582610524e+04;2.810907440290e+03;-8.392082259977e+03;-7.485260031204e+04;-2.565948577458e+04;
2134;518706;-2.539974216927e+03;-7.369468241800e+04;9.866829100018e+04;1.576163837542e+05;3.215582720830e+04;2.810909503968e+03;-8.392085554843e+03;-7.485260270290e+04;-2.565948551616e+04;
2134;518707;-2.539976439072e+03;-7.369468449027e+04;9.866829224699e+04;1.576163841849e+05;3.215582831134e+04;2.810911567712e+03;-8.392088849676e+03;-7.485260509374e+04;-2.565948525776e+04;
2134;518708;-2.539978661154e+03;-7.369468656238e+04;9.866829349378e+04;1.576163846155e+05;3.215582941437e+04;2.810913631521e+03;-8.392092144477e+03;-7.485260748459e+04;-2.565948499938e+04;
2134;518709;-2.539980883172e+03;-7.369468863433e+04;9.866829474056e+04;1.576163850461e+05;3.215583051738e+04;2.810915695396e+03;-8.392095439245e+03;-7.485260987542e+04;-2.565948474103e+04;
2134;518710;-2.539983105126e+03;-7.369469070612e+04;9.866829598732e+04;1.576163854766e+05;3.215583162038e+04;2.810917759337e+03;-8.392098733981e+03;-7.485261226625e+04;-2.565948448269e+04;
2134;518711;-2.539985327017e+03;-7.369469277775e+04;9.866829723406e+04;1.576163859071e+05;3.215583272337e+04;2.810919823343e+03;-8.392102028685e+03;-7.485261465708e+04;-2.565948422437e+04;
2134;518712;-2.539987548844e+03;-7.369469484922e+04;9.866829848078e+04;1.576163863375e+05;3.215583382634e+04;2.810921887414e+03;-8.392105323356e+03;-7.485261704790e+04;-2.565948396607e+04;
2134;518713;-2.539989770607e+03;-7.369469692053e+04;9.866829972749e+04;1.576163867678e+05;3.215583492929e+04;2.810923951551e+03;-8.392108617994e+03;-7.485261943872e+04;-2.565948370779e+04;
2134;518714;-2.539991992307e+03;-7.369469899168e+04;9.866830097418e+04;1.576163871981e+05;3.215583603223e+04;2.810926015754e+03;-8.392111912600e+03;-7.485262182953e+04;-2.565948344953e+04;
2134;518715;-2.539994213944e+03;-7.369470106266e+04;9.866830222086e+04;1.576163876284e+05;3.215583713516e+04;2.810928080022e+03;-8.392115207173e+03;-7.485262422033e+04;-2.565948319129e+04;
2134;518716;-2.539996435516e+03;-7.369470313349e+04;9.866830346751e+04;1.576163880586e+05;3.215583823807e+04;2.810930144355e+03;-8.392118501713e+03;-7.485262661113e+04;-2.565948293307e+04;
2134;518717;-2.539998657026e+03;-7.369470520415e+04;9.866830471415e+04;1.576163884887e+05;3.215583934097e+04;2.810932208755e+03;-8.392121796221e+03;-7.485262900192e+04;-2.565948267486e+04;
2134;518718;-2.540000878471e+03;-7.369470727465e+04;9.866830596078e+04;1.576163889188e+05;3.215584044385e+04;2.810934273219e+03;-8.392125090697e+03;-7.485263139271e+04;-2.565948241668e+04;
2134;518719;-2.540003099854e+03;-7.369470934500e+04;9.866830720738e+04;1.576163893489e+05;3.215584154672e+04;2.810936337749e+03;-8.392128385139e+03;-7.485263378349e+04;-2.565948215852e+04;
2134;518720;-2.540005321172e+03;-7.369471141518e+04;9.866830845397e+04;1.576163897789e+05;3.215584264957e+04;2.810938402345e+03;-8.392131679549e+03;-7.485263617427e+04;-2.565948190038e+04;
2134;518721;-2.540007542427e+03;-7.369471348520e+04;9.866830970055e+04;1.576163902088e+05;3.215584375241e+04;2.810940467006e+03;-8.392134973926e+03;-7.485263856504e+04;-2.565948164225e+04;
2134;518722;-2.540009763619e+03;-7.369471555506e+04;9.866831094710e+04;1.576163906387e+05;3.215584485524e+04;2.810942531733e+03;-8.392138268270e+03;-7.485264095581e+04;-2.565948138415e+04;
2134;518723;-2.540011984747e+03;-7.369471762476e+04;9.866831219364e+04;1.576163910686e+05;3.215584595805e+04;2.810944596525e+03;-8.392141562582e+03;-7.485264334657e+04;-2.565948112607e+04;
2134;518724;-2.540014205812e+03;-7.369471969429e+04;9.866831344016e+04;1.576163914984e+05;3.215584706084e+04;2.810946661382e+03;-8.392144856861e+03;-7.485264573733e+04;-2.565948086800e+04;
2134;518725;-2.540016426813e+03;-7.369472176367e+04;9.866831468667e+04;1.576163919281e+05;3.215584816362e+04;2.810948726305e+03;-8.392148151107e+03;-7.485264812808e+04;-2.565948060996e+04;
2134;518726;-2.540018647751e+03;-7.369472383289e+04;9.866831593316e+04;1.576163923578e+05;3.215584926639e+04;2.810950791294e+03;-8.392151445320e+03;-7.485265051882e+04;-2.565948035194e+04;
2134;518727;-2.540020868625e+03;-7.369472590194e+04;9.866831717963e+04;1.576163927875e+05;3.215585036914e+04;2.810952856348e+03;-8.392154739500e+03;-7.485265290956e+04;-2.565948009393e+04;
2134;518728;-2.540023089436e+03;-7.369472797083e+04;9.866831842608e+04;1.576163932171e+05;3.215585147188e+04;2.810954921467e+03;-8.392158033648e+03;-7.485265530029e+04;-2.565947983595e+04;
2134;518729;-2.540025310183e+03;-7.369473003957e+04;9.866831967252e+04;1.576163936466e+05;3.215585257460e+04;2.810956986652e+03;-8.392161327762e+03;-7.485265769102e+04;-2.565947957799e+04;
2134;518730;-2.540027530867e+03;-7.369473210814e+04;9.866832091894e+04;1.576163940761e+05;3.215585367731e+04;2.810959051902e+03;-8.392164621844e+03;-7.485266008174e+04;-2.565947932004e+04;
2134;518731;-2.540029751487e+03;-7.369473417655e+04;9.866832216534e+04;1.576163945055e+05;3.215585478000e+04;2.810961117218e+03;-8.392167915893e+03;-7.485266247246e+04;-2.565947906212e+04;
2134;518732;-2.540031972044e+03;-7.369473624480e+04;9.866832341173e+04;1.576163949349e+05;3.215585588268e+04;2.810963182599e+03;-8.392171209909e+03;-7.485266486317e+04;-2.565947880421e+04;
2134;518733;-2.540034192538e+03;-7.369473831288e+04;9.866832465810e+04;1.576163953642e+05;3.215585698535e+04;2.810965248045e+03;-8.392174503892e+03;-7.485266725387e+04;-2.565947854633e+04;
2134;518734;-2.540036412968e+03;-7.369474038081e+04;9.866832590445e+04;1.576163957935e+05;3.215585808799e+04;2.810967313557e+03;-8.392177797842e+03;-7.485266964457e+04;-2.565947828846e+04;
2134;518735;-2.540038633335e+03;-7.369474244858e+04;9.866832715079e+04;1.576163962227e+05;3.215585919063e+04;2.810969379134e+03;-8.392181091759e+03;-7.485267203527e+04;-2.565947803062e+04;
2134;518736;-2.540040853639e+03;-7.369474451618e+04;9.866832839711e+04;1.576163966519e+05;3.215586029325e+04;2.810971444777e+03;-8.392184385643e+03;-7.485267442596e+04;-2.565947777279e+04;
2134;518737;-2.540043073879e+03;-7.369474658363e+04;9.866832964341e+04;1.576163970811e+05;3.215586139586e+04;2.810973510485e+03;-8.392187679494e+03;-7.485267681664e+04;-2.565947751499e+04;
2134;518738;-2.540045294056e+03;-7.369474865091e+04;9.866833088970e+04;1.576163975101e+05;3.215586249845e+04;2.810975576259e+03;-8.392190973313e+03;-7.485267920732e+04;-2.565947725721e+04;
2134;518739;-2.540047514169e+03;-7.369475071803e+04;9.866833213597e+04;1.576163979392e+05;3.215586360102e+04;2.810977642098e+03;-8.392194267098e+03;-7.485268159799e+04;-2.565947699944e+04;
2134;518740;-2.540049734219e+03;-7.369475278499e+04;9.866833338222e+04;1.576163983681e+05;3.215586470359e+04;2.810979708002e+03;-8.392197560849e+03;-7.485268398866e+04;-2.565947674170e+04;
2134;518741;-2.540051954206e+03;-7.369475485179e+04;9.866833462845e+04;1.576163987971e+05;3.215586580613e+04;2.810981773971e+03;-8.392200854568e+03;-7.485268637932e+04;-2.565947648397e+04;
2134;518742;-2.540054174129e+03;-7.369475691843e+04;9.866833587467e+04;1.576163992259e+05;3.215586690867e+04;2.810983840006e+03;-8.392204148254e+03;-7.485268876998e+04;-2.565947622627e+04;
2134;518743;-2.540056393989e+03;-7.369475898491e+04;9.866833712087e+04;1.576163996548e+05;3.215586801119e+04;2.810985906106e+03;-8.392207441907e+03;-7.485269116063e+04;-2.565947596859e+04;
2134;518744;-2.540058613786e+03;-7.369476105122e+04;9.866833836706e+04;1.576164000835e+05;3.215586911369e+04;2.810987972272e+03;-8.392210735526e+03;-7.485269355127e+04;-2.565947571092e+04;
2134;518745;-2.540060833520e+03;-7.369476311738e+04;9.866833961322e+04;1.576164005122e+05;3.215587021618e+04;2.810990038503e+03;-8.392214029113e+03;-7.485269594191e+04;-2.565947545328e+04;
2134;518746;-2.540063053190e+03;-7.369476518337e+04;9.866834085937e+04;1.576164009409e+05;3.215587131865e+04;2.810992104799e+03;-8.392217322666e+03;-7.485269833254e+04;-2.565947519566e+04;
2134;518747;-2.540065272797e+03;-7.369476724920e+04;9.866834210551e+04;1.576164013695e+05;3.215587242111e+04;2.810994171161e+03;-8.392220616186e+03;-7.485270072317e+04;-2.565947493806e+04;
2134;518748;-2.540067492341e+03;-7.369476931487e+04;9.866834335162e+04;1.576164017981e+05;3.215587352356e+04;2.810996237588e+03;-8.392223909672e+03;-7.485270311379e+04;-2.565947468047e+04;
2134;518749;-2.540069711821e+03;-7.369477138038e+04;9.866834459772e+04;1.576164022266e+05;3.215587462599e+04;2.810998304080e+03;-8.392227203126e+03;-7.485270550441e+04;-2.565947442291e+04;
2134;518750;-2.540071931238e+03;-7.369477344573e+04;9.866834584381e+04;1.576164026551e+05;3.215587572841e+04;2.811000370638e+03;-8.392230496546e+03;-7.485270789502e+04;-2.565947416537e+04;
2134;518751;-2.540074150592e+03;-7.369477551092e+04;9.866834708987e+04;1.576164030835e+05;3.215587683081e+04;2.811002437260e+03;-8.392233789933e+03;-7.485271028563e+04;-2.565947390785e+04;
2134;518752;-2.540076369883e+03;-7.369477757594e+04;9.866834833592e+04;1.576164035118e+05;3.215587793320e+04;2.811004503949e+03;-8.392237083287e+03;-7.485271267623e+04;-2.565947365035e+04;
2134;518753;-2.540078589110e+03;-7.369477964081e+04;9.866834958195e+04;1.576164039401e+05;3.215587903557e+04;2.811006570702e+03;-8.392240376607e+03;-7.485271506682e+04;-2.565947339287e+04;
2134;518754;-2.540080808275e+03;-7.369478170551e+04;9.866835082797e+04;1.576164043684e+05;3.215588013793e+04;2.811008637521e+03;-8.392243669894e+03;-7.485271745741e+04;-2.565947313541e+04;
2134;518755;-2.540083027376e+03;-7.369478377006e+04;9.866835207397e+04;1.576164047966e+05;3.215588124027e+04;2.811010704405e+03;-8.392246963148e+03;-7.485271984800e+04;-2.565947287797e+04;
2134;518756;-2.540085246414e+03;-7.369478583444e+04;9.866835331995e+04;1.576164052247e+05;3.215588234260e+04;2.811012771354e+03;-8.392250256369e+03;-7.485272223857e+04;-2.565947262055e+04;
2134;518757;-2.540087465389e+03;-7.369478789866e+04;9.866835456591e+04;1.576164056528e+05;3.215588344491e+04;2.811014838368e+03;-8.392253549556e+03;-7.485272462915e+04;-2.565947236315e+04;
2134;518758;-2.540089684300e+03;-7.369478996271e+04;9.866835581186e+04;1.576164060809e+05;3.215588454721e+04;2.811016905448e+03;-8.392256842709e+03;-7.485272701971e+04;-2.565947210577e+04;
2134;518759;-2.540091903148e+03;-7.369479202661e+04;9.866835705779e+04;1.576164065089e+05;3.215588564950e+04;2.811018972593e+03;-8.392260135829e+03;-7.485272941027e+04;-2.565947184841e+04;
2134;518760;-2.540094121934e+03;-7.369479409035e+04;9.866835830371e+04;1.576164069368e+05;3.215588675177e+04;2.811021039803e+03;-8.392263428916e+03;-7.485273180083e+04;-2.565947159107e+04;
2134;518761;-2.540096340656e+03;-7.369479615392e+04;9.866835954960e+04;1.576164073647e+05;3.215588785403e+04;2.811023107079e+03;-8.392266721969e+03;-7.485273419138e+04;-2.565947133376e+04;
2134;518762;-2.540098559315e+03;-7.369479821734e+04;9.866836079548e+04;1.576164077926e+05;3.215588895627e+04;2.811025174420e+03;-8.392270014989e+03;-7.485273658192e+04;-2.565947107646e+04;
2134;518763;-2.540100777911e+03;-7.369480028059e+04;9.866836204135e+04;1.576164082204e+05;3.215589005849e+04;2.811027241826e+03;-8.392273307976e+03;-7.485273897246e+04;-2.565947081919e+04;
2134;518764;-2.540102996443e+03;-7.369480234368e+04;9.866836328719e+04;1.576164086481e+05;3.215589116071e+04;2.811029309297e+03;-8.392276600929e+03;-7.485274136300e+04;-2.565947056193e+04;
2134;518765;-2.540105214913e+03;-7.369480440661e+04;9.866836453302e+04;1.576164090758e+05;3.215589226290e+04;2.811031376833e+03;-8.392279893848e+03;-7.485274375352e+04;-2.565947030470e+04;
2134;518766;-2.540107433319e+03;-7.369480646938e+04;9.866836577883e+04;1.576164095034e+05;3.215589336509e+04;2.811033444435e+03;-8.392283186734e+03;-7.485274614405e+04;-2.565947004748e+04;
2134;518767;-2.540109651663e+03;-7.369480853198e+04;9.866836702463e+04;1.576164099310e+05;3.215589446725e+04;2.811035512101e+03;-8.392286479586e+03;-7.485274853456e+04;-2.565946979029e+04;
2134;518768;-2.540111869943e+03;-7.369481059443e+04;9.866836827041e+04;1.576164103586e+05;3.215589556941e+04;2.811037579833e+03;-8.392289772405e+03;-7.485275092507e+04;-2.565946953312e+04;
2134;518769;-2.540114088160e+03;-7.369481265671e+04;9.866836951617e+04;1.576164107860e+05;3.215589667155e+04;2.811039647631e+03;-8.392293065190e+03;-7.485275331558e+04;-2.565946927596e+04;
2134;518770;-2.540116306315e+03;-7.369481471883e+04;9.866837076191e+04;1.576164112135e+05;3.215589777367e+04;2.811041715493e+03;-8.392296357941e+03;-7.485275570608e+04;-2.565946901883e+04;
2134;518771;-2.540118524406e+03;-7.369481678079e+04;9.866837200764e+04;1.576164116408e+05;3.215589887578e+04;2.811043783420e+03;-8.392299650659e+03;-7.485275809657e+04;-2.565946876172e+04;
2134;518772;-2.540120742434e+03;-7.369481884259e+04;9.866837325335e+04;1.576164120682e+05;3.215589997788e+04;2.811045851413e+03;-8.392302943343e+03;-7.485276048706e+04;-2.565946850463e+04;
2134;518773;-2.540122960399e+03;-7.369482090423e+04;9.866837449905e+04;1.576164124954e+05;3.215590107996e+04;2.811047919471e+03;-8.392306235994e+03;-7.485276287754e+04;-2.565946824757e+04;
2134;518774;-2.540125178301e+03;-7.369482296571e+04;9.866837574472e+04;1.576164129227e+05;3.215590218202e+04;2.811049987594e+03;-8.392309528610e+03;-7.485276526802e+04;-2.565946799052e+04;
2134;518775;-2.540127396140e+03;-7.369482502702e+04;9.866837699038e+04;1.576164133498e+05;3.215590328408e+04;2.811052055782e+03;-8.392312821193e+03;-7.485276765849e+04;-2.565946773349e+04;
2134;518776;-2.540129613916e+03;-7.369482708818e+04;9.866837823603e+04;1.576164137770e+05;3.215590438611e+04;2.811054124035e+03;-8.392316113743e+03;-7.485277004895e+04;-2.565946747648e+04;
2134;518777;-2.540131831629e+03;-7.369482914917e+04;9.866837948165e+04;1.576164142040e+05;3.215590548813e+04;2.811056192354e+03;-8.392319406258e+03;-7.485277243941e+04;-2.565946721950e+04;
2134;518778;-2.540134049279e+03;-7.369483121000e+04;9.866838072726e+04;1.576164146310e+05;3.215590659014e+04;2.811058260737e+03;-8.392322698740e+03;-7.485277482987e+04;-2.565946696253e+04;
2134;518779;-2.540136266866e+03;-7.369483327067e+04;9.866838197285e+04;1.576164150580e+05;3.215590769214e+04;2.811060329186e+03;-8.392325991188e+03;-7.485277722032e+04;-2.565946670559e+04;
2134;518780;-2.540138484391e+03;-7.369483533118e+04;9.866838321843e+04;1.576164154849e+05;3.215590879411e+04;2.811062397699e+03;-8.392329283603e+03;-7.485277961076e+04;-2.565946644867e+04;
2134;518781;-2.540140701852e+03;-7.369483739152e+04;9.866838446399e+04;1.576164159118e+05;3.215590989608e+04;2.811064466278e+03;-8.392332575983e+03;-7.485278200120e+04;-2.565946619177e+04;
2134;518782;-2.540142919250e+03;-7.369483945171e+04;9.866838570953e+04;1.576164163386e+05;3.215591099803e+04;2.811066534922e+03;-8.392335868330e+03;-7.485278439163e+04;-2.565946593488e+04;
2134;518783;-2.540145136585e+03;-7.369484151173e+04;9.866838695506e+04;1.576164167654e+05;3.215591209996e+04;2.811068603631e+03;-8.392339160643e+03;-7.485278678205e+04;-2.565946567802e+04;
2134;518784;-2.540147353858e+03;-7.369484357159e+04;9.866838820056e+04;1.576164171921e+05;3.215591320188e+04;2.811070672405e+03;-8.392342452922e+03;-7.485278917247e+04;-2.565946542119e+04;
2134;518785;-2.540149571067e+03;-7.369484563129e+04;9.866838944605e+04;1.576164176187e+05;3.215591430379e+04;2.811072741245e+03;-8.392345745167e+03;-7.485279156289e+04;-2.565946516437e+04;
2134;518786;-2.540151788214e+03;-7.369484769083e+04;9.866839069153e+04;1.576164180453e+05;3.215591540568e+04;2.811074810149e+03;-8.392349037378e+03;-7.485279395330e+04;-2.565946490757e+04;
2134;518787;-2.540154005297e+03;-7.369484975021e+04;9.866839193699e+04;1.576164184719e+05;3.215591650755e+04;2.811076879118e+03;-8.392352329555e+03;-7.485279634370e+04;-2.565946465080e+04;
2134;518788;-2.540156222318e+03;-7.369485180942e+04;9.866839318243e+04;1.576164188984e+05;3.215591760941e+04;2.811078948153e+03;-8.392355621698e+03;-7.485279873410e+04;-2.565946439404e+04;
2134;518789;-2.540158439276e+03;-7.369485386848e+04;9.866839442785e+04;1.576164193248e+05;3.215591871126e+04;2.811081017252e+03;-8.392358913807e+03;-7.485280112449e+04;-2.565946413731e+04;
2134;518790;-2.540160656171e+03;-7.369485592737e+04;9.866839567326e+04;1.576164197512e+05;3.215591981309e+04;2.811083086417e+03;-8.392362205883e+03;-7.485280351488e+04;-2.565946388059e+04;
2134;518791;-2.540162873003e+03;-7.369485798610e+04;9.866839691865e+04;1.576164201776e+05;3.215592091491e+04;2.811085155646e+03;-8.392365497924e+03;-7.485280590526e+04;-2.565946362390e+04;
2134;518792;-2.540165089772e+03;-7.369486004467e+04;9.866839816402e+04;1.576164206038e+05;3.215592201671e+04;2.811087224941e+03;-8.392368789931e+03;-7.485280829563e+04;-2.565946336723e+04;
2134;518793;-2.540167306479e+03;-7.369486210307e+04;9.866839940937e+04;1.576164210301e+05;3.215592311850e+04;2.811089294301e+03;-8.392372081905e+03;-7.485281068600e+04;-2.565946311058e+04;
2134;518794;-2.540169523122e+03;-7.369486416132e+04;9.866840065471e+04;1.576164214563e+05;3.215592422028e+04;2.811091363725e+03;-8.392375373844e+03;-7.485281307636e+04;-2.565946285396e+04;
2134;518795;-2.540171739703e+03;-7.369486621940e+04;9.866840190003e+04;1.576164218824e+05;3.215592532203e+04;2.811093433215e+03;-8.392378665749e+03;-7.485281546672e+04;-2.565946259735e+04;
2134;518796;-2.540173956221e+03;-7.369486827733e+04;9.866840314534e+04;1.576164223085e+05;3.215592642378e+04;2.811095502770e+03;-8.392381957620e+03;-7.485281785707e+04;-2.565946234077e+04;
2134;518797;-2.540176172676e+03;-7.369487033509e+04;9.866840439063e+04;1.576164227345e+05;3.215592752551e+04;2.811097572390e+03;-8.392385249457e+03;-7.485282024742e+04;-2.565946208420e+04;
2134;518798;-2.540178389069e+03;-7.369487239269e+04;9.866840563590e+04;1.576164231605e+05;3.215592862722e+04;2.811099642074e+03;-8.392388541260e+03;-7.485282263776e+04;-2.565946182766e+04;
2134;518799;-2.540180605398e+03;-7.369487445012e+04;9.866840688115e+04;1.576164235864e+05;3.215592972892e+04;2.811101711824e+03;-8.392391833028e+03;-7.485282502810e+04;-2.565946157114e+04;
2134;518800;-2.540182821665e+03;-7.369487650740e+04;9.866840812639e+04;1.576164240123e+05;3.215593083061e+04;2.811103781639e+03;-8.392395124763e+03;-7.485282741843e+04;-2.565946131464e+04;
2134;518801;-2.540185037869e+03;-7.369487856451e+04;9.866840937161e+04;1.576164244381e+05;3.215593193228e+04;2.811105851518e+03;-8.392398416463e+03;-7.485282980875e+04;-2.565946105816e+04;
2134;518802;-2.540187254010e+03;-7.369488062147e+04;9.866841061681e+04;1.576164248639e+05;3.215593303394e+04;2.811107921463e+03;-8.392401708129e+03;-7.485283219907e+04;-2.565946080170e+04;
2134;518803;-2.540189470089e+03;-7.369488267826e+04;9.866841186200e+04;1.576164252896e+05;3.215593413558e+04;2.811109991473e+03;-8.392404999761e+03;-7.485283458938e+04;-2.565946054527e+04;
2134;518804;-2.540191686104e+03;-7.369488473489e+04;9.866841310717e+04;1.576164257153e+05;3.215593523721e+04;2.811112061547e+03;-8.392408291359e+03;-7.485283697968e+04;-2.565946028885e+04;
2134;518805;-2.540193902057e+03;-7.369488679135e+04;9.866841435232e+04;1.576164261409e+05;3.215593633882e+04;2.811114131687e+03;-8.392411582922e+03;-7.485283936998e+04;-2.565946003246e+04;
2134;518806;-2.540196117948e+03;-7.369488884766e+04;9.866841559746e+04;1.576164265665e+05;3.215593744042e+04;2.811116201891e+03;-8.392414874452e+03;-7.485284176028e+04;-2.565945977609e+04;
2134;518807;-2.540198333775e+03;-7.369489090380e+04;9.866841684258e+04;1.576164269920e+05;3.215593854200e+04;2.811118272161e+03;-8.392418165946e+03;-7.485284415057e+04;-2.565945951974e+04;
2134;518808;-2.540200549540e+03;-7.369489295978e+04;9.866841808768e+04;1.576164274175e+05;3.215593964357e+04;2.811120342495e+03;-8.392421457407e+03;-7.485284654085e+04;-2.565945926341e+04;
2134;518809;-2.540202765242e+03;-7.369489501560e+04;9.866841933276e+04;1.576164278429e+05;3.215594074512e+04;2.811122412895e+03;-8.392424748833e+03;-7.485284893113e+04;-2.565945900710e+04;
2134;518810;-2.540204980882e+03;-7.369489707126e+04;9.866842057783e+04;1.576164282682e+05;3.215594184666e+04;2.811124483359e+03;-8.392428040225e+03;-7.485285132140e+04;-2.565945875081e+04;
2134;518811;-2.540207196459e+03;-7.369489912676e+04;9.866842182288e+04;1.576164286935e+05;3.215594294819e+04;2.811126553888e+03;-8.392431331583e+03;-7.485285371167e+04;-2.565945849455e+04;
2134;518812;-2.540209411973e+03;-7.369490118209e+04;9.866842306792e+04;1.576164291188e+05;3.215594404970e+04;2.811128624482e+03;-8.392434622906e+03;-7.485285610193e+04;-2.565945823831e+04;
2134;518813;-2.540211627425e+03;-7.369490323727e+04;9.866842431293e+04;1.576164295440e+05;3.215594515119e+04;2.811130695141e+03;-8.392437914194e+03;-7.485285849218e+04;-2.565945798209e+04;
2134;518814;-2.540213842813e+03;-7.369490529228e+04;9.866842555793e+04;1.576164299691e+05;3.215594625268e+04;2.811132765865e+03;-8.392441205449e+03;-7.485286088243e+04;-2.565945772589e+04;
2134;518815;-2.540216058140e+03;-7.369490734713e+04;9.866842680292e+04;1.576164303942e+05;3.215594735414e+04;2.811134836654e+03;-8.392444496669e+03;-7.485286327267e+04;-2.565945746971e+04;
2134;518816;-2.540218273403e+03;-7.369490940182e+04;9.866842804788e+04;1.576164308193e+05;3.215594845559e+04;2.811136907507e+03;-8.392447787854e+03;-7.485286566291e+04;-2.565945721355e+04;
2134;518817;-2.540220488604e+03;-7.369491145634e+04;9.866842929283e+04;1.576164312443e+05;3.215594955703e+04;2.811138978426e+03;-8.392451079005e+03;-7.485286805314e+04;-2.565945695742e+04;
2134;518818;-2.540222703743e+03;-7.369491351071e+04;9.866843053777e+04;1.576164316692e+05;3.215595065845e+04;2.811141049409e+03;-8.392454370122e+03;-7.485287044337e+04;-2.565945670131e+04;
2134;518819;-2.540224918818e+03;-7.369491556491e+04;9.866843178268e+04;1.576164320941e+05;3.215595175986e+04;2.811143120457e+03;-8.392457661204e+03;-7.485287283359e+04;-2.565945644521e+04;
2134;518820;-2.540227133832e+03;-7.369491761895e+04;9.866843302758e+04;1.576164325189e+05;3.215595286125e+04;2.811145191570e+03;-8.392460952251e+03;-7.485287522380e+04;-2.565945618915e+04;
2134;518821;-2.540229348782e+03;-7.369491967283e+04;9.866843427246e+04;1.576164329437e+05;3.215595396263e+04;2.811147262748e+03;-8.392464243264e+03;-7.485287761401e+04;-2.565945593310e+04;
2134;518822;-2.540231563670e+03;-7.369492172654e+04;9.866843551733e+04;1.576164333684e+05;3.215595506399e+04;2.811149333991e+03;-8.392467534242e+03;-7.485288000421e+04;-2.565945567707e+04;
2134;518823;-2.540233778496e+03;-7.369492378010e+04;9.866843676217e+04;1.576164337931e+05;3.215595616534e+04;2.811151405299e+03;-8.392470825186e+03;-7.485288239441e+04;-2.565945542107e+04;
2134;518824;-2.540235993259e+03;-7.369492583349e+04;9.866843800701e+04;1.576164342177e+05;3.215595726668e+04;2.811153476671e+03;-8.392474116095e+03;-7.485288478460e+04;-2.565945516509e+04;
2134;518825;-2.540238207959e+03;-7.369492788672e+04;9.866843925182e+04;1.576164346423e+05;3.215595836800e+04;2.811155548109e+03;-8.392477406970e+03;-7.485288717479e+04;-2.565945490913e+04;
2134;518826;-2.540240422597e+03;-7.369492993979e+04;9.866844049662e+04;1.576164350668e+05;3.215595946930e+04;2.811157619611e+03;-8.392480697809e+03;-7.485288956496e+04;-2.565945465319e+04;
2134;518827;-2.540242637172e+03;-7.369493199270e+04;9.866844174140e+04;1.576164354913e+05;3.215596057059e+04;2.811159691178e+03;-8.392483988615e+03;-7.485289195514e+04;-2.565945439727e+04;
2134;518828;-2.540244851685e+03;-7.369493404544e+04;9.866844298616e+04;1.576164359157e+05;3.215596167187e+04;2.811161762809e+03;-8.392487279385e+03;-7.485289434531e+04;-2.565945414138e+04;
2134;518829;-2.540247066135e+03;-7.369493609803e+04;9.866844423091e+04;1.576164363401e+05;3.215596277313e+04;2.811163834506e+03;-8.392490570121e+03;-7.485289673547e+04;-2.565945388550e+04;
2134;518830;-2.540249280523e+03;-7.369493815045e+04;9.866844547564e+04;1.576164367644e+05;3.215596387438e+04;2.811165906267e+03;-8.392493860822e+03;-7.485289912562e+04;-2.565945362965e+04;
2134;518831;-2.540251494848e+03;-7.369494020271e+04;9.866844672035e+04;1.576164371887e+05;3.215596497561e+04;2.811167978093e+03;-8.392497151489e+03;-7.485290151577e+04;-2.565945337382e+04;
2134;518832;-2.540253709111e+03;-7.369494225480e+04;9.866844796504e+04;1.576164376129e+05;3.215596607682e+04;2.811170049984e+03;-8.392500442120e+03;-7.485290390592e+04;-2.565945311802e+04;
2134;518833;-2.540255923312e+03;-7.369494430674e+04;9.866844920972e+04;1.576164380370e+05;3.215596717803e+04;2.811172121940e+03;-8.392503732717e+03;-7.485290629606e+04;-2.565945286223e+04;
2134;518834;-2.540258137450e+03;-7.369494635851e+04;9.866845045438e+04;1.576164384612e+05;3.215596827921e+04;2.811174193960e+03;-8.392507023279e+03;-7.485290868619e+04;-2.565945260647e+04;
2134;518835;-2.540260351525e+03;-7.369494841012e+04;9.866845169903e+04;1.576164388852e+05;3.215596938039e+04;2.811176266046e+03;-8.392510313807e+03;-7.485291107632e+04;-2.565945235073e+04;
2134;518836;-2.540262565538e+03;-7.369495046157e+04;9.866845294366e+04;1.576164393092e+05;3.215597048155e+04;2.811178338196e+03;-8.392513604299e+03;-7.485291346644e+04;-2.565945209501e+04;
2134;518837;-2.540264779489e+03;-7.369495251286e+04;9.866845418827e+04;1.576164397332e+05;3.215597158269e+04;2.811180410410e+03;-8.392516894757e+03;-7.485291585655e+04;-2.565945183931e+04;
2134;518838;-2.540266993377e+03;-7.369495456399e+04;9.866845543286e+04;1.576164401570e+05;3.215597268382e+04;2.811182482690e+03;-8.392520185180e+03;-7.485291824666e+04;-2.565945158364e+04;
2134;518839;-2.540269207203e+03;-7.369495661495e+04;9.866845667744e+04;1.576164405809e+05;3.215597378493e+04;2.811184555034e+03;-8.392523475568e+03;-7.485292063677e+04;-2.565945132798e+04;
2134;518840;-2.540271420966e+03;-7.369495866575e+04;9.866845792200e+04;1.576164410047e+05;3.215597488603e+04;2.811186627443e+03;-8.392526765921e+03;-7.485292302687e+04;-2.565945107235e+04;
2134;518841;-2.540273634667e+03;-7.369496071639e+04;9.866845916654e+04;1.576164414284e+05;3.215597598712e+04;2.811188699917e+03;-8.392530056239e+03;-7.485292541696e+04;-2.565945081674e+04;
2134;518842;-2.540275848306e+03;-7.369496276687e+04;9.866846041107e+04;1.576164418521e+05;3.215597708819e+04;2.811190772455e+03;-8.392533346522e+03;-7.485292780704e+04;-2.565945056116e+04;
2134;518843;-2.540278061882e+03;-7.369496481718e+04;9.866846165558e+04;1.576164422757e+05;3.215597818924e+04;2.811192845058e+03;-8.392536636770e+03;-7.485293019712e+04;-2.565945030559e+04;
2134;518844;-2.540280275396e+03;-7.369496686733e+04;9.866846290007e+04;1.576164426993e+05;3.215597929028e+04;2.811194917726e+03;-8.392539926984e+03;-7.485293258720e+04;-2.565945005005e+04;
2134;518845;-2.540282488847e+03;-7.369496891732e+04;9.866846414454e+04;1.576164431229e+05;3.215598039131e+04;2.811196990458e+03;-8.392543217162e+03;-7.485293497727e+04;-2.565944979453e+04;
2134;518846;-2.540284702236e+03;-7.369497096715e+04;9.866846538900e+04;1.576164435463e+05;3.215598149232e+04;2.811199063256e+03;-8.392546507305e+03;-7.485293736733e+04;-2.565944953904e+04;
2134;518847;-2.540286915563e+03;-7.369497301682e+04;9.866846663344e+04;1.576164439698e+05;3.215598259332e+04;2.811201136117e+03;-8.392549797414e+03;-7.485293975739e+04;-2.565944928356e+04;
2134;518848;-2.540289128828e+03;-7.369497506632e+04;9.866846787787e+04;1.576164443931e+05;3.215598369430e+04;2.811203209044e+03;-8.392553087487e+03;-7.485294214744e+04;-2.565944902811e+04;
2134;518849;-2.540291342030e+03;-7.369497711567e+04;9.866846912228e+04;1.576164448165e+05;3.215598479527e+04;2.811205282035e+03;-8.392556377525e+03;-7.485294453748e+04;-2.565944877268e+04;
2134;518850;-2.540293555170e+03;-7.369497916485e+04;9.866847036667e+04;1.576164452397e+05;3.215598589622e+04;2.811207355091e+03;-8.392559667528e+03;-7.485294692752e+04;-2.565944851727e+04;
2134;518851;-2.540295768247e+03;-7.369498121387e+04;9.866847161104e+04;1.576164456629e+05;3.215598699716e+04;2.811209428212e+03;-8.392562957496e+03;-7.485294931756e+04;-2.565944826188e+04;
2134;518852;-2.540297981263e+03;-7.369498326272e+04;9.866847285540e+04;1.576164460861e+05;3.215598809808e+04;2.811211501397e+03;-8.392566247429e+03;-7.485295170758e+04;-2.565944800652e+04;
2134;518853;-2.540300194216e+03;-7.369498531142e+04;9.866847409974e+04;1.576164465092e+05;3.215598919899e+04;2.811213574647e+03;-8.392569537327e+03;-7.485295409760e+04;-2.565944775118e+04;
2134;518854;-2.540302407106e+03;-7.369498735995e+04;9.866847534406e+04;1.576164469323e+05;3.215599029989e+04;2.811215647961e+03;-8.392572827190e+03;-7.485295648762e+04;-2.565944749586e+04;
2134;518855;-2.540304619935e+03;-7.369498940832e+04;9.866847658837e+04;1.576164473553e+05;3.215599140077e+04;2.811217721340e+03;-8.392576117017e+03;-7.485295887763e+04;-2.565944724056e+04;
2134;518856;-2.540306832701e+03;-7.369499145652e+04;9.866847783266e+04;1.576164477782e+05;3.215599250163e+04;2.811219794784e+03;-8.392579406810e+03;-7.485296126763e+04;-2.565944698529e+04;
2134;518857;-2.540309045405e+03;-7.369499350457e+04;9.866847907693e+04;1.576164482011e+05;3.215599360248e+04;2.811221868292e+03;-8.392582696567e+03;-7.485296365763e+04;-2.565944673004e+04;
2134;518858;-2.540311258047e+03;-7.369499555245e+04;9.866848032118e+04;1.576164486240e+05;3.215599470332e+04;2.811223941865e+03;-8.392585986289e+03;-7.485296604763e+04;-2.565944647481e+04;
2134;518859;-2.540313470626e+03;-7.369499760017e+04;9.866848156542e+04;1.576164490468e+05;3.215599580414e+04;2.811226015503e+03;-8.392589275975e+03;-7.485296843761e+04;-2.565944621960e+04;
2134;518860;-2.540315683144e+03;-7.369499964773e+04;9.866848280964e+04;1.576164494695e+05;3.215599690494e+04;2.811228089205e+03;-8.392592565627e+03;-7.485297082759e+04;-2.565944596442e+04;
2134;518861;-2.540317895599e+03;-7.369500169513e+04;9.866848405385e+04;1.576164498922e+05;3.215599800573e+04;2.811230162972e+03;-8.392595855243e+03;-7.485297321757e+04;-2.565944570926e+04;
2134;518862;-2.540320107992e+03;-7.369500374236e+04;9.866848529803e+04;1.576164503148e+05;3.215599910651e+04;2.811232236803e+03;-8.392599144824e+03;-7.485297560754e+04;-2.565944545412e+04;
2134;518863;-2.540322320322e+03;-7.369500578943e+04;9.866848654220e+04;1.576164507374e+05;3.215600020727e+04;2.811234310699e+03;-8.392602434369e+03;-7.485297799750e+04;-2.565944519900e+04;
2134;518864;-2.540324532591e+03;-7.369500783634e+04;9.866848778636e+04;1.576164511600e+05;3.215600130802e+04;2.811236384660e+03;-8.392605723880e+03;-7.485298038745e+04;-2.565944494391e+04;
2134;518865;-2.540326744797e+03;-7.369500988309e+04;9.866848903049e+04;1.576164515824e+05;3.215600240875e+04;2.811238458685e+03;-8.392609013354e+03;-7.485298277741e+04;-2.565944468884e+04;
2134;518866;-2.540328956942e+03;-7.369501192968e+04;9.866849027461e+04;1.576164520049e+05;3.215600350947e+04;2.811240532774e+03;-8.392612302794e+03;-7.485298516735e+04;-2.565944443379e+04;
2134;518867;-2.540331169024e+03;-7.369501397610e+04;9.866849151872e+04;1.576164524272e+05;3.215600461017e+04;2.811242606929e+03;-8.392615592198e+03;-7.485298755729e+04;-2.565944417877e+04;
2134;518868;-2.540333381044e+03;-7.369501602236e+04;9.866849276280e+04;1.576164528496e+05;3.215600571086e+04;2.811244681147e+03;-8.392618881567e+03;-7.485298994722e+04;-2.565944392376e+04;
2134;518869;-2.540335593002e+03;-7.369501806846e+04;9.866849400687e+04;1.576164532718e+05;3.215600681153e+04;2.811246755431e+03;-8.392622170900e+03;-7.485299233715e+04;-2.565944366878e+04;
2134;518870;-2.540337804897e+03;-7.369502011439e+04;9.866849525092e+04;1.576164536941e+05;3.215600791219e+04;2.811248829778e+03;-8.392625460198e+03;-7.485299472707e+04;-2.565944341383e+04;
2134;518871;-2.540340016731e+03;-7.369502216017e+04;9.866849649496e+04;1.576164541162e+05;3.215600901284e+04;2.811250904191e+03;-8.392628749460e+03;-7.485299711699e+04;-2.565944315889e+04;
2134;518872;-2.540342228503e+03;-7.369502420578e+04;9.866849773898e+04;1.576164545383e+05;3.215601011347e+04;2.811252978668e+03;-8.392632038687e+03;-7.485299950690e+04;-2.565944290398e+04;
2134;518873;-2.540344440212e+03;-7.369502625123e+04;9.866849898298e+04;1.576164549604e+05;3.215601121408e+04;2.811255053209e+03;-8.392635327879e+03;-7.485300189680e+04;-2.565944264909e+04;
2134;518874;-2.540346651859e+03;-7.369502829651e+04;9.866850022696e+04;1.576164553824e+05;3.215601231468e+04;2.811257127815e+03;-8.392638617035e+03;-7.485300428670e+04;-2.565944239422e+04;
2134;518875;-2.540348863445e+03;-7.369503034164e+04;9.866850147093e+04;1.576164558044e+05;3.215601341527e+04;2.811259202485e+03;-8.392641906155e+03;-7.485300667659e+04;-2.565944213938e+04;
2134;518876;-2.540351074968e+03;-7.369503238660e+04;9.866850271488e+04;1.576164562263e+05;3.215601451584e+04;2.811261277220e+03;-8.392645195240e+03;-7.485300906647e+04;-2.565944188456e+04;
2134;518877;-2.540353286429e+03;-7.369503443140e+04;9.866850395881e+04;1.576164566481e+05;3.215601561639e+04;2.811263352020e+03;-8.392648484289e+03;-7.485301145635e+04;-2.565944162976e+04;
2134;518878;-2.540355497828e+03;-7.369503647604e+04;9.866850520273e+04;1.576164570699e+05;3.215601671694e+04;2.811265426884e+03;-8.392651773303e+03;-7.485301384623e+04;-2.565944137499e+04;
2134;518879;-2.540357709165e+03;-7.369503852051e+04;9.866850644663e+04;1.576164574916e+05;3.215601781746e+04;2.811267501812e+03;-8.392655062281e+03;-7.485301623610e+04;-2.565944112024e+04;
2134;518880;-2.540359920440e+03;-7.369504056482e+04;9.866850769051e+04;1.576164579133e+05;3.215601891797e+04;2.811269576805e+03;-8.392658351223e+03;-7.485301862596e+04;-2.565944086551e+04;
2134;518881;-2.540362131653e+03;-7.369504260897e+04;9.866850893437e+04;1.576164583350e+05;3.215602001847e+04;2.811271651862e+03;-8.392661640130e+03;-7.485302101581e+04;-2.565944061080e+04;
2134;518882;-2.540364342804e+03;-7.369504465296e+04;9.866851017822e+04;1.576164587566e+05;3.215602111895e+04;2.811273726984e+03;-8.392664929001e+03;-7.485302340566e+04;-2.565944035612e+04;
2134;518883;-2.540366553894e+03;-7.369504669679e+04;9.866851142205e+04;1.576164591781e+05;3.215602221942e+04;2.811275802170e+03;-8.392668217837e+03;-7.485302579551e+04;-2.565944010146e+04;
2134;518884;-2.540368764921e+03;-7.369504874045e+04;9.866851266587e+04;1.576164595996e+05;3.215602331987e+04;2.811277877421e+03;-8.392671506637e+03;-7.485302818535e+04;-2.565943984682e+04;
2134;518885;-2.540370975886e+03;-7.369505078395e+04;9.866851390966e+04;1.576164600210e+05;3.215602442031e+04;2.811279952736e+03;-8.392674795401e+03;-7.485303057518e+04;-2.565943959221e+04;
2134;518886;-2.540373186789e+03;-7.369505282729e+04;9.866851515345e+04;1.576164604424e+05;3.215602552074e+04;2.811282028115e+03;-8.392678084129e+03;-7.485303296500e+04;-2.565943933762e+04;
2134;518887;-2.540375397630e+03;-7.369505487046e+04;9.866851639721e+04;1.576164608637e+05;3.215602662114e+04;2.811284103559e+03;-8.392681372822e+03;-7.485303535482e+04;-2.565943908305e+04;
2134;518888;-2.540377608409e+03;-7.369505691348e+04;9.866851764096e+04;1.576164612850e+05;3.215602772154e+04;2.811286179068e+03;-8.392684661479e+03;-7.485303774464e+04;-2.565943882850e+04;
2134;518889;-2.540379819127e+03;-7.369505895633e+04;9.866851888469e+04;1.576164617062e+05;3.215602882192e+04;2.811288254640e+03;-8.392687950100e+03;-7.485304013445e+04;-2.565943857398e+04;
2134;518890;-2.540382029782e+03;-7.369506099901e+04;9.866852012840e+04;1.576164621273e+05;3.215602992228e+04;2.811290330278e+03;-8.392691238685e+03;-7.485304252425e+04;-2.565943831948e+04;
2134;518891;-2.540384240375e+03;-7.369506304154e+04;9.866852137209e+04;1.576164625485e+05;3.215603102263e+04;2.811292405979e+03;-8.392694527235e+03;-7.485304491404e+04;-2.565943806501e+04;
2134;518892;-2.540386450907e+03;-7.369506508390e+04;9.866852261577e+04;1.576164629695e+05;3.215603212297e+04;2.811294481745e+03;-8.392697815748e+03;-7.485304730383e+04;-2.565943781056e+04;
2134;518893;-2.540388661377e+03;-7.369506712610e+04;9.866852385943e+04;1.576164633905e+05;3.215603322329e+04;2.811296557575e+03;-8.392701104226e+03;-7.485304969362e+04;-2.565943755613e+04;
2134;518894;-2.540390871784e+03;-7.369506916814e+04;9.866852510308e+04;1.576164638115e+05;3.215603432359e+04;2.811298633470e+03;-8.392704392668e+03;-7.485305208340e+04;-2.565943730172e+04;
2134;518895;-2.540393082130e+03;-7.369507121002e+04;9.866852634671e+04;1.576164642324e+05;3.215603542389e+04;2.811300709429e+03;-8.392707681074e+03;-7.485305447317e+04;-2.565943704734e+04;
2134;518896;-2.540395292414e+03;-7.369507325173e+04;9.866852759032e+04;1.576164646532e+05;3.215603652416e+04;2.811302785453e+03;-8.392710969444e+03;-7.485305686293e+04;-2.565943679298e+04;
2134;518897;-2.540397502636e+03;-7.369507529328e+04;9.866852883391e+04;1.576164650740e+05;3.215603762442e+04;2.811304861541e+03;-8.392714257778e+03;-7.485305925269e+04;-2.565943653864e+04;
2134;518898;-2.540399712797e+03;-7.369507733467e+04;9.866853007749e+04;1.576164654948e+05;3.215603872467e+04;2.811306937693e+03;-8.392717546076e+03;-7.485306164245e+04;-2.565943628433e+04;
2134;518899;-2.540401922895e+03;-7.369507937589e+04;9.866853132105e+04;1.576164659154e+05;3.215603982490e+04;2.811309013909e+03;-8.392720834339e+03;-7.485306403220e+04;-2.565943603004e+04;
2134;518900;-2.540404132932e+03;-7.369508141696e+04;9.866853256459e+04;1.576164663361e+05;3.215604092512e+04;2.811311090190e+03;-8.392724122565e+03;-7.485306642194e+04;-2.565943577577e+04;
2134;518901;-2.540406342907e+03;-7.369508345786e+04;9.866853380812e+04;1.576164667567e+05;3.215604202532e+04;2.811313166535e+03;-8.392727410755e+03;-7.485306881167e+04;-2.565943552153e+04;
2134;518902;-2.540408552820e+03;-7.369508549859e+04;9.866853505163e+04;1.576164671772e+05;3.215604312551e+04;2.811315242945e+03;-8.392730698910e+03;-7.485307120140e+04;-2.565943526731e+04;
2134;518903;-2.540410762671e+03;-7.369508753917e+04;9.866853629512e+04;1.576164675977e+05;3.215604422568e+04;2.811317319419e+03;-8.392733987028e+03;-7.485307359113e+04;-2.565943501312e+04;
2134;518904;-2.540412972460e+03;-7.369508957958e+04;9.866853753860e+04;1.576164680181e+05;3.215604532584e+04;2.811319395957e+03;-8.392737275110e+03;-7.485307598085e+04;-2.565943475894e+04;
2134;518905;-2.540415182188e+03;-7.369509161983e+04;9.866853878205e+04;1.576164684385e+05;3.215604642599e+04;2.811321472559e+03;-8.392740563156e+03;-7.485307837056e+04;-2.565943450480e+04;
2134;518906;-2.540417391854e+03;-7.369509365992e+04;9.866854002550e+04;1.576164688588e+05;3.215604752612e+04;2.811323549226e+03;-8.392743851166e+03;-7.485308076026e+04;-2.565943425067e+04;
2134;518907;-2.540419601458e+03;-7.369509569984e+04;9.866854126892e+04;1.576164692790e+05;3.215604862623e+04;2.811325625957e+03;-8.392747139140e+03;-7.485308314996e+04;-2.565943399657e+04;
2134;518908;-2.540421811000e+03;-7.369509773961e+04;9.866854251233e+04;1.576164696992e+05;3.215604972633e+04;2.811327702753e+03;-8.392750427078e+03;-7.485308553966e+04;-2.565943374249e+04;
2134;518909;-2.540424020481e+03;-7.369509977920e+04;9.866854375572e+04;1.576164701194e+05;3.215605082641e+04;2.811329779612e+03;-8.392753714979e+03;-7.485308792935e+04;-2.565943348843e+04;
2134;518910;-2.540426229900e+03;-7.369510181864e+04;9.866854499909e+04;1.576164705395e+05;3.215605192648e+04;2.811331856536e+03;-8.392757002845e+03;-7.485309031903e+04;-2.565943323440e+04;
2134;518911;-2.540428439257e+03;-7.369510385791e+04;9.866854624245e+04;1.576164709596e+05;3.215605302654e+04;2.811333933525e+03;-8.392760290674e+03;-7.485309270870e+04;-2.565943298039e+04;
2134;518912;-2.540430648552e+03;-7.369510589703e+04;9.866854748579e+04;1.576164713796e+05;3.215605412658e+04;2.811336010577e+03;-8.392763578467e+03;-7.485309509837e+04;-2.565943272641e+04;
2134;518913;-2.540432857786e+03;-7.369510793597e+04;9.866854872911e+04;1.576164717995e+05;3.215605522661e+04;2.811338087694e+03;-8.392766866224e+03;-7.485309748804e+04;-2.565943247245e+04;
2134;518914;-2.540435066958e+03;-7.369510997476e+04;9.866854997242e+04;1.576164722194e+05;3.215605632662e+04;2.811340164875e+03;-8.392770153945e+03;-7.485309987769e+04;-2.565943221851e+04;
2134;518915;-2.540437276068e+03;-7.369511201338e+04;9.866855121570e+04;1.576164726392e+05;3.215605742661e+04;2.811342242120e+03;-8.392773441629e+03;-7.485310226734e+04;-2.565943196460e+04;
2134;518916;-2.540439485117e+03;-7.369511405184e+04;9.866855245898e+04;1.576164730590e+05;3.215605852660e+04;2.811344319429e+03;-8.392776729277e+03;-7.485310465699e+04;-2.565943171071e+04;
2134;518917;-2.540441694104e+03;-7.369511609014e+04;9.866855370223e+04;1.576164734788e+05;3.215605962656e+04;2.811346396803e+03;-8.392780016889e+03;-7.485310704663e+04;-2.565943145684e+04;
2134;518918;-2.540443903029e+03;-7.369511812828e+04;9.866855494547e+04;1.576164738984e+05;3.215606072651e+04;2.811348474241e+03;-8.392783304464e+03;-7.485310943626e+04;-2.565943120300e+04;
2134;518919;-2.540446111892e+03;-7.369512016625e+04;9.866855618869e+04;1.576164743181e+05;3.215606182645e+04;2.811350551743e+03;-8.392786592004e+03;-7.485311182589e+04;-2.565943094918e+04;
2134;518920;-2.540448320694e+03;-7.369512220406e+04;9.866855743189e+04;1.576164747377e+05;3.215606292637e+04;2.811352629309e+03;-8.392789879506e+03;-7.485311421551e+04;-2.565943069538e+04;
2134;518921;-2.540450529435e+03;-7.369512424171e+04;9.866855867508e+04;1.576164751572e+05;3.215606402628e+04;2.811354706940e+03;-8.392793166973e+03;-7.485311660513e+04;-2.565943044161e+04;
2134;518922;-2.540452738114e+03;-7.369512627919e+04;9.866855991825e+04;1.576164755766e+05;3.215606512618e+04;2.811356784635e+03;-8.392796454403e+03;-7.485311899473e+04;-2.565943018787e+04;
2134;518923;-2.540454946731e+03;-7.369512831651e+04;9.866856116140e+04;1.576164759961e+05;3.215606622605e+04;2.811358862393e+03;-8.392799741797e+03;-7.485312138434e+04;-2.565942993414e+04;
2134;518924;-2.540457155286e+03;-7.369513035367e+04;9.866856240454e+04;1.576164764154e+05;3.215606732592e+04;2.811360940217e+03;-8.392803029154e+03;-7.485312377393e+04;-2.565942968044e+04;
2134;518925;-2.540459363780e+03;-7.369513239067e+04;9.866856364766e+04;1.576164768347e+05;3.215606842577e+04;2.811363018104e+03;-8.392806316475e+03;-7.485312616352e+04;-2.565942942677e+04;
2134;518926;-2.540461572212e+03;-7.369513442750e+04;9.866856489076e+04;1.576164772540e+05;3.215606952560e+04;2.811365096055e+03;-8.392809603759e+03;-7.485312855311e+04;-2.565942917311e+04;
2134;518927;-2.540463780583e+03;-7.369513646417e+04;9.866856613385e+04;1.576164776732e+05;3.215607062542e+04;2.811367174071e+03;-8.392812891007e+03;-7.485313094269e+04;-2.565942891948e+04;
2134;518928;-2.540465988892e+03;-7.369513850068e+04;9.866856737691e+04;1.576164780923e+05;3.215607172522e+04;2.811369252151e+03;-8.392816178218e+03;-7.485313333226e+04;-2.565942866588e+04;
2134;518929;-2.540468197140e+03;-7.369514053702e+04;9.866856861997e+04;1.576164785114e+05;3.215607282501e+04;2.811371330294e+03;-8.392819465393e+03;-7.485313572183e+04;-2.565942841230e+04;
2134;518930;-2.540470405326e+03;-7.369514257320e+04;9.866856986300e+04;1.576164789305e+05;3.215607392479e+04;2.811373408503e+03;-8.392822752532e+03;-7.485313811139e+04;-2.565942815874e+04;
2134;518931;-2.540472613451e+03;-7.369514460922e+04;9.866857110602e+04;1.576164793495e+05;3.215607502455e+04;2.811375486775e+03;-8.392826039634e+03;-7.485314050094e+04;-2.565942790521e+04;
2134;518932;-2.540474821514e+03;-7.369514664508e+04;9.866857234902e+04;1.576164797684e+05;3.215607612430e+04;2.811377565111e+03;-8.392829326699e+03;-7.485314289049e+04;-2.565942765170e+04;
2134;518933;-2.540477029515e+03;-7.369514868077e+04;9.866857359200e+04;1.576164801873e+05;3.215607722403e+04;2.811379643511e+03;-8.392832613727e+03;-7.485314528003e+04;-2.565942739822e+04;
2134;518934;-2.540479237455e+03;-7.369515071630e+04;9.866857483497e+04;1.576164806061e+05;3.215607832374e+04;2.811381721976e+03;-8.392835900720e+03;-7.485314766956e+04;-2.565942714476e+04;
2134;518935;-2.540481445334e+03;-7.369515275167e+04;9.866857607792e+04;1.576164810249e+05;3.215607942344e+04;2.811383800505e+03;-8.392839187675e+03;-7.485315005909e+04;-2.565942689132e+04;
2134;518936;-2.540483653151e+03;-7.369515478687e+04;9.866857732085e+04;1.576164814436e+05;3.215608052313e+04;2.811385879098e+03;-8.392842474594e+03;-7.485315244862e+04;-2.565942663791e+04;
2134;518937;-2.540485860906e+03;-7.369515682191e+04;9.866857856376e+04;1.576164818623e+05;3.215608162280e+04;2.811387957754e+03;-8.392845761476e+03;-7.485315483813e+04;-2.565942638452e+04;
2134;518938;-2.540488068601e+03;-7.369515885679e+04;9.866857980666e+04;1.576164822809e+05;3.215608272246e+04;2.811390036475e+03;-8.392849048322e+03;-7.485315722765e+04;-2.565942613115e+04;
2134;518939;-2.540490276233e+03;-7.369516089151e+04;9.866858104954e+04;1.576164826995e+05;3.215608382210e+04;2.811392115260e+03;-8.392852335130e+03;-7.485315961715e+04;-2.565942587781e+04;
2134;518940;-2.540492483804e+03;-7.369516292606e+04;9.866858229241e+04;1.576164831180e+05;3.215608492173e+04;2.811394194110e+03;-8.392855621902e+03;-7.485316200665e+04;-2.565942562450e+04;
2134;518941;-2.540494691314e+03;-7.369516496045e+04;9.866858353526e+04;1.576164835364e+05;3.215608602134e+04;2.811396273023e+03;-8.392858908638e+03;-7.485316439614e+04;-2.565942537120e+04;
2134;518942;-2.540496898762e+03;-7.369516699468e+04;9.866858477809e+04;1.576164839549e+05;3.215608712094e+04;2.811398352000e+03;-8.392862195336e+03;-7.485316678563e+04;-2.565942511794e+04;
2134;518943;-2.540499106149e+03;-7.369516902874e+04;9.866858602090e+04;1.576164843732e+05;3.215608822052e+04;2.811400431041e+03;-8.392865481998e+03;-7.485316917511e+04;-2.565942486469e+04;
2134;518944;-2.540501313475e+03;-7.369517106265e+04;9.866858726370e+04;1.576164847915e+05;3.215608932009e+04;2.811402510147e+03;-8.392868768623e+03;-7.485317156458e+04;-2.565942461147e+04;
2134;518945;-2.540503520739e+03;-7.369517309638e+04;9.866858850648e+04;1.576164852097e+05;3.215609041964e+04;2.811404589316e+03;-8.392872055212e+03;-7.485317395405e+04;-2.565942435828e+04;
2134;518946;-2.540505727941e+03;-7.369517512996e+04;9.866858974924e+04;1.576164856279e+05;3.215609151918e+04;2.811406668550e+03;-8.392875341763e+03;-7.485317634351e+04;-2.565942410511e+04;
2134;518947;-2.540507935083e+03;-7.369517716337e+04;9.866859099198e+04;1.576164860461e+05;3.215609261871e+04;2.811408747847e+03;-8.392878628278e+03;-7.485317873297e+04;-2.565942385196e+04;
2134;518948;-2.540510142163e+03;-7.369517919662e+04;9.866859223471e+04;1.576164864642e+05;3.215609371822e+04;2.811410827209e+03;-8.392881914756e+03;-7.485318112242e+04;-2.565942359884e+04;
2134;518949;-2.540512349181e+03;-7.369518122971e+04;9.866859347742e+04;1.576164868822e+05;3.215609481771e+04;2.811412906634e+03;-8.392885201197e+03;-7.485318351186e+04;-2.565942334574e+04;
2134;518950;-2.540514556138e+03;-7.369518326263e+04;9.866859472012e+04;1.576164873002e+05;3.215609591719e+04;2.811414986124e+03;-8.392888487601e+03;-7.485318590130e+04;-2.565942309266e+04;
2134;518951;-2.540516763034e+03;-7.369518529539e+04;9.866859596280e+04;1.576164877181e+05;3.215609701666e+04;2.811417065677e+03;-8.392891773968e+03;-7.485318829073e+04;-2.565942283962e+04;
2134;518952;-2.540518969869e+03;-7.369518732799e+04;9.866859720546e+04;1.576164881360e+05;3.215609811611e+04;2.811419145295e+03;-8.392895060298e+03;-7.485319068016e+04;-2.565942258659e+04;
2134;518953;-2.540521176642e+03;-7.369518936042e+04;9.866859844810e+04;1.576164885538e+05;3.215609921554e+04;2.811421224976e+03;-8.392898346591e+03;-7.485319306957e+04;-2.565942233359e+04;
2134;518954;-2.540523383354e+03;-7.369519139269e+04;9.866859969073e+04;1.576164889715e+05;3.215610031496e+04;2.811423304722e+03;-8.392901632847e+03;-7.485319545899e+04;-2.565942208061e+04;
2134;518955;-2.540525590004e+03;-7.369519342480e+04;9.866860093334e+04;1.576164893893e+05;3.215610141437e+04;2.811425384531e+03;-8.392904919067e+03;-7.485319784839e+04;-2.565942182766e+04;
2134;518956;-2.540527796594e+03;-7.369519545675e+04;9.866860217593e+04;1.576164898069e+05;3.215610251376e+04;2.811427464405e+03;-8.392908205249e+03;-7.485320023779e+04;-2.565942157473e+04;
2134;518957;-2.540530003122e+03;-7.369519748853e+04;9.866860341851e+04;1.576164902245e+05;3.215610361313e+04;2.811429544342e+03;-8.392911491394e+03;-7.485320262719e+04;-2.565942132183e+04;
2134;518958;-2.540532209588e+03;-7.369519952015e+04;9.866860466107e+04;1.576164906421e+05;3.215610471250e+04;2.811431624344e+03;-8.392914777503e+03;-7.485320501658e+04;-2.565942106895e+04;
2134;518959;-2.540534415994e+03;-7.369520155161e+04;9.866860590361e+04;1.576164910596e+05;3.215610581184e+04;2.811433704409e+03;-8.392918063574e+03;-7.485320740596e+04;-2.565942081610e+04;
2134;518960;-2.540536622338e+03;-7.369520358290e+04;9.866860714613e+04;1.576164914770e+05;3.215610691118e+04;2.811435784538e+03;-8.392921349608e+03;-7.485320979533e+04;-2.565942056327e+04;
2134;518961;-2.540538828621e+03;-7.369520561403e+04;9.866860838864e+04;1.576164918944e+05;3.215610801049e+04;2.811437864732e+03;-8.392924635605e+03;-7.485321218470e+04;-2.565942031046e+04;
2134;518962;-2.540541034843e+03;-7.369520764499e+04;9.866860963113e+04;1.576164923117e+05;3.215610910979e+04;2.811439944989e+03;-8.392927921565e+03;-7.485321457406e+04;-2.565942005768e+04;
2134;518963;-2.540543241003e+03;-7.369520967580e+04;9.866861087361e+04;1.576164927290e+05;3.215611020908e+04;2.811442025310e+03;-8.392931207488e+03;-7.485321696342e+04;-2.565941980493e+04;
2134;518964;-2.540545447102e+03;-7.369521170644e+04;9.866861211606e+04;1.576164931462e+05;3.215611130835e+04;2.811444105695e+03;-8.392934493373e+03;-7.485321935277e+04;-2.565941955220e+04;
2134;518965;-2.540547653141e+03;-7.369521373692e+04;9.866861335850e+04;1.576164935634e+05;3.215611240761e+04;2.811446186144e+03;-8.392937779222e+03;-7.485322174212e+04;-2.565941929949e+04;
2134;518966;-2.540549859117e+03;-7.369521576723e+04;9.866861460093e+04;1.576164939805e+05;3.215611350686e+04;2.811448266657e+03;-8.392941065033e+03;-7.485322413145e+04;-2.565941904681e+04;
2134;518967;-2.540552065033e+03;-7.369521779738e+04;9.866861584333e+04;1.576164943976e+05;3.215611460608e+04;2.811450347234e+03;-8.392944350807e+03;-7.485322652079e+04;-2.565941879415e+04;
2134;518968;-2.540554270887e+03;-7.369521982737e+04;9.866861708572e+04;1.576164948146e+05;3.215611570530e+04;2.811452427874e+03;-8.392947636544e+03;-7.485322891011e+04;-2.565941854152e+04;
2134;518969;-2.540556476681e+03;-7.369522185720e+04;9.866861832809e+04;1.576164952316e+05;3.215611680450e+04;2.811454508579e+03;-8.392950922244e+03;-7.485323129943e+04;-2.565941828891e+04;
2134;518970;-2.540558682413e+03;-7.369522388686e+04;9.866861957045e+04;1.576164956485e+05;3.215611790368e+04;2.811456589347e+03;-8.392954207907e+03;-7.485323368874e+04;-2.565941803633e+04;
2134;518971;-2.540560888084e+03;-7.369522591636e+04;9.866862081279e+04;1.576164960654e+05;3.215611900285e+04;2.811458670179e+03;-8.392957493532e+03;-7.485323607805e+04;-2.565941778377e+04;
2134;518972;-2.540563093694e+03;-7.369522794569e+04;9.866862205511e+04;1.576164964822e+05;3.215612010200e+04;2.811460751076e+03;-8.392960779120e+03;-7.485323846735e+04;-2.565941753124e+04;
2134;518973;-2.540565299242e+03;-7.369522997486e+04;9.866862329741e+04;1.576164968989e+05;3.215612120114e+04;2.811462832036e+03;-8.392964064670e+03;-7.485324085665e+04;-2.565941727873e+04;
2134;518974;-2.540567504730e+03;-7.369523200387e+04;9.866862453970e+04;1.576164973156e+05;3.215612230027e+04;2.811464913059e+03;-8.392967350183e+03;-7.485324324594e+04;-2.565941702625e+04;
2134;518975;-2.540569710156e+03;-7.369523403272e+04;9.866862578197e+04;1.576164977322e+05;3.215612339938e+04;2.811466994147e+03;-8.392970635659e+03;-7.485324563522e+04;-2.565941677379e+04;
2134;518976;-2.540571915522e+03;-7.369523606140e+04;9.866862702422e+04;1.576164981488e+05;3.215612449847e+04;2.811469075299e+03;-8.392973921098e+03;-7.485324802449e+04;-2.565941652135e+04;
2134;518977;-2.540574120826e+03;-7.369523808992e+04;9.866862826646e+04;1.576164985654e+05;3.215612559755e+04;2.811471156514e+03;-8.392977206499e+03;-7.485325041376e+04;-2.565941626894e+04;
2134;518978;-2.540576326069e+03;-7.369524011828e+04;9.866862950868e+04;1.576164989818e+05;3.215612669662e+04;2.811473237793e+03;-8.392980491863e+03;-7.485325280303e+04;-2.565941601656e+04;
2134;518979;-2.540578531251e+03;-7.369524214647e+04;9.866863075088e+04;1.576164993983e+05;3.215612779567e+04;2.811475319136e+03;-8.392983777189e+03;-7.485325519228e+04;-2.565941576420e+04;
2134;518980;-2.540580736372e+03;-7.369524417450e+04;9.866863199307e+04;1.576164998146e+05;3.215612889471e+04;2.811477400543e+03;-8.392987062478e+03;-7.485325758153e+04;-2.565941551187e+04;
2134;518981;-2.540582941432e+03;-7.369524620236e+04;9.866863323523e+04;1.576165002310e+05;3.215612999373e+04;2.811479482014e+03;-8.392990347730e+03;-7.485325997078e+04;-2.565941525956e+04;
2134;518982;-2.540585146431e+03;-7.369524823007e+04;9.866863447739e+04;1.576165006472e+05;3.215613109273e+04;2.811481563548e+03;-8.392993632944e+03;-7.485326236002e+04;-2.565941500727e+04;
2134;518983;-2.540587351369e+03;-7.369525025761e+04;9.866863571952e+04;1.576165010634e+05;3.215613219173e+04;2.811483645147e+03;-8.392996918120e+03;-7.485326474925e+04;-2.565941475501e+04;
2134;518984;-2.540589556246e+03;-7.369525228498e+04;9.866863696164e+04;1.576165014796e+05;3.215613329070e+04;2.811485726809e+03;-8.393000203259e+03;-7.485326713847e+04;-2.565941450278e+04;
2134;518985;-2.540591761062e+03;-7.369525431220e+04;9.866863820374e+04;1.576165018957e+05;3.215613438966e+04;2.811487808534e+03;-8.393003488361e+03;-7.485326952769e+04;-2.565941425057e+04;
2134;518986;-2.540593965817e+03;-7.369525633925e+04;9.866863944582e+04;1.576165023117e+05;3.215613548861e+04;2.811489890324e+03;-8.393006773425e+03;-7.485327191691e+04;-2.565941399838e+04;
2134;518987;-2.540596170511e+03;-7.369525836613e+04;9.866864068789e+04;1.576165027277e+05;3.215613658754e+04;2.811491972177e+03;-8.393010058451e+03;-7.485327430611e+04;-2.565941374622e+04;
2134;518988;-2.540598375144e+03;-7.369526039286e+04;9.866864192994e+04;1.576165031437e+05;3.215613768646e+04;2.811494054094e+03;-8.393013343440e+03;-7.485327669531e+04;-2.565941349409e+04;
2134;518989;-2.540600579715e+03;-7.369526241942e+04;9.866864317197e+04;1.576165035596e+05;3.215613878536e+04;2.811496136075e+03;-8.393016628391e+03;-7.485327908451e+04;-2.565941324198e+04;
2134;518990;-2.540602784226e+03;-7.369526444581e+04;9.866864441398e+04;1.576165039754e+05;3.215613988425e+04;2.811498218120e+03;-8.393019913305e+03;-7.485328147370e+04;-2.565941298990e+04;
2134;518991;-2.540604988676e+03;-7.369526647205e+04;9.866864565598e+04;1.576165043912e+05;3.215614098313e+04;2.811500300228e+03;-8.393023198181e+03;-7.485328386288e+04;-2.565941273784e+04;
2134;518992;-2.540607193065e+03;-7.369526849812e+04;9.866864689796e+04;1.576165048069e+05;3.215614208198e+04;2.811502382400e+03;-8.393026483019e+03;-7.485328625205e+04;-2.565941248580e+04;
2134;518993;-2.540609397393e+03;-7.369527052402e+04;9.866864813993e+04;1.576165052226e+05;3.215614318083e+04;2.811504464636e+03;-8.393029767820e+03;-7.485328864122e+04;-2.565941223380e+04;
2134;518994;-2.540611601660e+03;-7.369527254977e+04;9.866864938188e+04;1.576165056382e+05;3.215614427966e+04;2.811506546936e+03;-8.393033052583e+03;-7.485329103039e+04;-2.565941198181e+04;
2134;518995;-2.540613805867e+03;-7.369527457535e+04;9.866865062381e+04;1.576165060538e+05;3.215614537847e+04;2.811508629299e+03;-8.393036337308e+03;-7.485329341954e+04;-2.565941172985e+04;
2134;518996;-2.540616010012e+03;-7.369527660076e+04;9.866865186572e+04;1.576165064693e+05;3.215614647727e+04;2.811510711726e+03;-8.393039621995e+03;-7.485329580869e+04;-2.565941147792e+04;
2134;518997;-2.540618214096e+03;-7.369527862602e+04;9.866865310762e+04;1.576165068847e+05;3.215614757605e+04;2.811512794217e+03;-8.393042906645e+03;-7.485329819784e+04;-2.565941122601e+04;
2134;518998;-2.540620418120e+03;-7.369528065111e+04;9.866865434950e+04;1.576165073002e+05;3.215614867482e+04;2.811514876771e+03;-8.393046191257e+03;-7.485330058697e+04;-2.565941097413e+04;
2134;518999;-2.540622622083e+03;-7.369528267603e+04;9.866865559136e+04;1.576165077155e+05;3.215614977358e+04;2.811516959389e+03;-8.393049475832e+03;-7.485330297611e+04;-2.565941072228e+04;
2134;519000;-2.540624825984e+03;-7.369528470080e+04;9.866865683320e+04;1.576165081308e+05;3.215615087232e+04;2.811519042071e+03;-8.393052760368e+03;-7.485330536523e+04;-2.565941047044e+04;
2134;519001;-2.540627029825e+03;-7.369528672540e+04;9.866865807503e+04;1.576165085460e+05;3.215615197104e+04;2.811521124816e+03;-8.393056044867e+03;-7.485330775435e+04;-2.565941021864e+04;
2134;519002;-2.540629233605e+03;-7.369528874983e+04;9.866865931684e+04;1.576165089612e+05;3.215615306975e+04;2.811523207625e+03;-8.393059329328e+03;-7.485331014346e+04;-2.565940996686e+04;
2134;519003;-2.540631437324e+03;-7.369529077410e+04;9.866866055864e+04;1.576165093764e+05;3.215615416845e+04;2.811525290498e+03;-8.393062613751e+03;-7.485331253257e+04;-2.565940971510e+04;
2134;519004;-2.540633640983e+03;-7.369529279821e+04;9.866866180042e+04;1.576165097915e+05;3.215615526713e+04;2.811527373434e+03;-8.393065898136e+03;-7.485331492167e+04;-2.565940946337e+04;
2134;519005;-2.540635844580e+03;-7.369529482216e+04;9.866866304218e+04;1.576165102065e+05;3.215615636579e+04;2.811529456434e+03;-8.393069182483e+03;-7.485331731076e+04;-2.565940921167e+04;
2134;519006;-2.540638048117e+03;-7.369529684594e+04;9.866866428392e+04;1.576165106215e+05;3.215615746444e+04;2.811531539498e+03;-8.393072466792e+03;-7.485331969985e+04;-2.565940895999e+04;
2134;519007;-2.540640251593e+03;-7.369529886956e+04;9.866866552565e+04;1.576165110364e+05;3.215615856308e+04;2.811533622625e+03;-8.393075751064e+03;-7.485332208893e+04;-2.565940870833e+04;
2134;519008;-2.540642455008e+03;-7.369530089301e+04;9.866866676736e+04;1.576165114512e+05;3.215615966170e+04;2.811535705816e+03;-8.393079035297e+03;-7.485332447800e+04;-2.565940845671e+04;
2134;519009;-2.540644658362e+03;-7.369530291631e+04;9.866866800905e+04;1.576165118660e+05;3.215616076031e+04;2.811537789071e+03;-8.393082319493e+03;-7.485332686707e+04;-2.565940820510e+04;
2134;519010;-2.540646861656e+03;-7.369530493943e+04;9.866866925072e+04;1.576165122808e+05;3.215616185890e+04;2.811539872389e+03;-8.393085603650e+03;-7.485332925613e+04;-2.565940795353e+04;
2134;519011;-2.540649064889e+03;-7.369530696240e+04;9.866867049238e+04;1.576165126955e+05;3.215616295747e+04;2.811541955771e+03;-8.393088887770e+03;-7.485333164519e+04;-2.565940770198e+04;
2134;519012;-2.540651268061e+03;-7.369530898520e+04;9.866867173402e+04;1.576165131102e+05;3.215616405604e+04;2.811544039216e+03;-8.393092171851e+03;-7.485333403424e+04;-2.565940745045e+04;
2134;519013;-2.540653471172e+03;-7.369531100784e+04;9.866867297565e+04;1.576165135248e+05;3.215616515458e+04;2.811546122725e+03;-8.393095455895e+03;-7.485333642328e+04;-2.565940719895e+04;
2134;519014;-2.540655674222e+03;-7.369531303031e+04;9.866867421726e+04;1.576165139393e+05;3.215616625311e+04;2.811548206298e+03;-8.393098739900e+03;-7.485333881232e+04;-2.565940694747e+04;
2134;519015;-2.540657877212e+03;-7.369531505262e+04;9.866867545885e+04;1.576165143538e+05;3.215616735163e+04;2.811550289934e+03;-8.393102023868e+03;-7.485334120135e+04;-2.565940669603e+04;
2134;519016;-2.540660080141e+03;-7.369531707477e+04;9.866867670042e+04;1.576165147682e+05;3.215616845013e+04;2.811552373634e+03;-8.393105307797e+03;-7.485334359037e+04;-2.565940644460e+04;
2134;519017;-2.540662283010e+03;-7.369531909675e+04;9.866867794198e+04;1.576165151826e+05;3.215616954862e+04;2.811554457397e+03;-8.393108591688e+03;-7.485334597939e+04;-2.565940619320e+04;
2134;519018;-2.540664485817e+03;-7.369532111857e+04;9.866867918352e+04;1.576165155969e+05;3.215617064709e+04;2.811556541224e+03;-8.393111875541e+03;-7.485334836840e+04;-2.565940594183e+04;
2134;519019;-2.540666688564e+03;-7.369532314023e+04;9.866868042504e+04;1.576165160112e+05;3.215617174555e+04;2.811558625114e+03;-8.393115159356e+03;-7.485335075740e+04;-2.565940569049e+04;
2134;519020;-2.540668891251e+03;-7.369532516172e+04;9.866868166654e+04;1.576165164254e+05;3.215617284400e+04;2.811560709068e+03;-8.393118443133e+03;-7.485335314640e+04;-2.565940543917e+04;
2134;519021;-2.540671093876e+03;-7.369532718305e+04;9.866868290803e+04;1.576165168396e+05;3.215617394242e+04;2.811562793085e+03;-8.393121726872e+03;-7.485335553539e+04;-2.565940518787e+04;
2134;519022;-2.540673296441e+03;-7.369532920422e+04;9.866868414950e+04;1.576165172537e+05;3.215617504084e+04;2.811564877166e+03;-8.393125010572e+03;-7.485335792438e+04;-2.565940493660e+04;
2134;519023;-2.540675498946e+03;-7.369533122522e+04;9.866868539096e+04;1.576165176677e+05;3.215617613924e+04;2.811566961311e+03;-8.393128294235e+03;-7.485336031335e+04;-2.565940468536e+04;
2134;519024;-2.540677701389e+03;-7.369533324606e+04;9.866868663240e+04;1.576165180817e+05;3.215617723762e+04;2.811569045519e+03;-8.393131577859e+03;-7.485336270233e+04;-2.565940443414e+04;
2134;519025;-2.540679903772e+03;-7.369533526673e+04;9.866868787382e+04;1.576165184957e+05;3.215617833599e+04;2.811571129791e+03;-8.393134861444e+03;-7.485336509129e+04;-2.565940418295e+04;
2134;519026;-2.540682106095e+03;-7.369533728724e+04;9.866868911522e+04;1.576165189096e+05;3.215617943434e+04;2.811573214126e+03;-8.393138144992e+03;-7.485336748025e+04;-2.565940393178e+04;
2134;519027;-2.540684308357e+03;-7.369533930759e+04;9.866869035661e+04;1.576165193234e+05;3.215618053268e+04;2.811575298524e+03;-8.393141428501e+03;-7.485336986921e+04;-2.565940368064e+04;
2134;519028;-2.540686510558e+03;-7.369534132778e+04;9.866869159798e+04;1.576165197372e+05;3.215618163101e+04;2.811577382986e+03;-8.393144711972e+03;-7.485337225815e+04;-2.565940342953e+04;
2134;519029;-2.540688712698e+03;-7.369534334780e+04;9.866869283933e+04;1.576165201509e+05;3.215618272932e+04;2.811579467512e+03;-8.393147995405e+03;-7.485337464709e+04;-2.565940317844e+04;
2134;519030;-2.540690914778e+03;-7.369534536765e+04;9.866869408066e+04;1.576165205646e+05;3.215618382761e+04;2.811581552101e+03;-8.393151278799e+03;-7.485337703603e+04;-2.565940292738e+04;
2134;519031;-2.540693116798e+03;-7.369534738735e+04;9.866869532198e+04;1.576165209782e+05;3.215618492589e+04;2.811583636754e+03;-8.393154562155e+03;-7.485337942496e+04;-2.565940267634e+04;
2134;519032;-2.540695318757e+03;-7.369534940687e+04;9.866869656328e+04;1.576165213918e+05;3.215618602415e+04;2.811585721470e+03;-8.393157845472e+03;-7.485338181388e+04;-2.565940242533e+04;
2134;519033;-2.540697520655e+03;-7.369535142624e+04;9.866869780457e+04;1.576165218053e+05;3.215618712240e+04;2.811587806249e+03;-8.393161128751e+03;-7.485338420279e+04;-2.565940217435e+04;
2134;519034;-2.540699722493e+03;-7.369535344544e+04;9.866869904584e+04;1.576165222188e+05;3.215618822064e+04;2.811589891092e+03;-8.393164411992e+03;-7.485338659170e+04;-2.565940192339e+04;
2134;519035;-2.540701924270e+03;-7.369535546448e+04;9.866870028709e+04;1.576165226322e+05;3.215618931886e+04;2.811591975998e+03;-8.393167695195e+03;-7.485338898060e+04;-2.565940167246e+04;
2134;519036;-2.540704125987e+03;-7.369535748335e+04;9.866870152832e+04;1.576165230455e+05;3.215619041707e+04;2.811594060968e+03;-8.393170978358e+03;-7.485339136950e+04;-2.565940142155e+04;
2134;519037;-2.540706327643e+03;-7.369535950207e+04;9.866870276954e+04;1.576165234588e+05;3.215619151526e+04;2.811596146001e+03;-8.393174261484e+03;-7.485339375839e+04;-2.565940117067e+04;
2134;519038;-2.540708529239e+03;-7.369536152061e+04;9.866870401074e+04;1.576165238721e+05;3.215619261343e+04;2.811598231098e+03;-8.393177544571e+03;-7.485339614727e+04;-2.565940091982e+04;
2134;519039;-2.540710730774e+03;-7.369536353900e+04;9.866870525192e+04;1.576165242853e+05;3.215619371159e+04;2.811600316258e+03;-8.393180827619e+03;-7.485339853615e+04;-2.565940066899e+04;
2134;519040;-2.540712932249e+03;-7.369536555721e+04;9.866870649308e+04;1.576165246984e+05;3.215619480974e+04;2.811602401481e+03;-8.393184110629e+03;-7.485340092502e+04;-2.565940041819e+04;
2134;519041;-2.540715133663e+03;-7.369536757527e+04;9.866870773423e+04;1.576165251115e+05;3.215619590787e+04;2.811604486768e+03;-8.393187393600e+03;-7.485340331388e+04;-2.565940016741e+04;
2134;519042;-2.540717335017e+03;-7.369536959316e+04;9.866870897536e+04;1.576165255245e+05;3.215619700599e+04;2.811606572119e+03;-8.393190676533e+03;-7.485340570274e+04;-2.565939991666e+04;
2134;519043;-2.540719536310e+03;-7.369537161089e+04;9.866871021648e+04;1.576165259375e+05;3.215619810409e+04;2.811608657532e+03;-8.393193959428e+03;-7.485340809159e+04;-2.565939966594e+04;
2134;519044;-2.540721737543e+03;-7.369537362846e+04;9.866871145758e+04;1.576165263504e+05;3.215619920217e+04;2.811610743009e+03;-8.393197242283e+03;-7.485341048043e+04;-2.565939941524e+04;
2134;519045;-2.540723938716e+03;-7.369537564586e+04;9.866871269866e+04;1.576165267633e+05;3.215620030025e+04;2.811612828550e+03;-8.393200525100e+03;-7.485341286927e+04;-2.565939916457e+04;
2134;519046;-2.540726139828e+03;-7.369537766309e+04;9.866871393972e+04;1.576165271761e+05;3.215620139830e+04;2.811614914154e+03;-8.393203807879e+03;-7.485341525810e+04;-2.565939891393e+04;
2134;519047;-2.540728340879e+03;-7.369537968017e+04;9.866871518077e+04;1.576165275888e+05;3.215620249635e+04;2.811616999821e+03;-8.393207090619e+03;-7.485341764692e+04;-2.565939866331e+04;
2134;519048;-2.540730541871e+03;-7.369538169707e+04;9.866871642179e+04;1.576165280015e+05;3.215620359437e+04;2.811619085551e+03;-8.393210373320e+03;-7.485342003574e+04;-2.565939841272e+04;
2134;519049;-2.540732742801e+03;-7.369538371382e+04;9.866871766281e+04;1.576165284142e+05;3.215620469238e+04;2.811621171345e+03;-8.393213655982e+03;-7.485342242455e+04;-2.565939816215e+04;
2134;519050;-2.540734943672e+03;-7.369538573040e+04;9.866871890380e+04;1.576165288268e+05;3.215620579038e+04;2.811623257202e+03;-8.393216938606e+03;-7.485342481336e+04;-2.565939791162e+04;
2134;519051;-2.540737144482e+03;-7.369538774682e+04;9.866872014478e+04;1.576165292393e+05;3.215620688836e+04;2.811625343123e+03;-8.393220221191e+03;-7.485342720216e+04;-2.565939766110e+04;
2134;519052;-2.540739345232e+03;-7.369538976307e+04;9.866872138574e+04;1.576165296518e+05;3.215620798633e+04;2.811627429107e+03;-8.393223503737e+03;-7.485342959095e+04;-2.565939741062e+04;
2134;519053;-2.540741545921e+03;-7.369539177916e+04;9.866872262669e+04;1.576165300642e+05;3.215620908429e+04;2.811629515154e+03;-8.393226786245e+03;-7.485343197974e+04;-2.565939716016e+04;
2134;519054;-2.540743746550e+03;-7.369539379509e+04;9.866872386761e+04;1.576165304766e+05;3.215621018222e+04;2.811631601265e+03;-8.393230068714e+03;-7.485343436852e+04;-2.565939690972e+04;
2134;519055;-2.540745947118e+03;-7.369539581085e+04;9.866872510852e+04;1.576165308889e+05;3.215621128015e+04;2.811633687439e+03;-8.393233351144e+03;-7.485343675729e+04;-2.565939665932e+04;
2134;519056;-2.540748147627e+03;-7.369539782645e+04;9.866872634942e+04;1.576165313012e+05;3.215621237805e+04;2.811635773676e+03;-8.393236633535e+03;-7.485343914605e+04;-2.565939640893e+04;
2134;519057;-2.540750348075e+03;-7.369539984188e+04;9.866872759029e+04;1.576165317134e+05;3.215621347595e+04;2.811637859976e+03;-8.393239915887e+03;-7.485344153481e+04;-2.565939615858e+04;
2134;519058;-2.540752548462e+03;-7.369540185716e+04;9.866872883115e+04;1.576165321256e+05;3.215621457383e+04;2.811639946340e+03;-8.393243198201e+03;-7.485344392357e+04;-2.565939590825e+04;
2134;519059;-2.540754748790e+03;-7.369540387226e+04;9.866873007200e+04;1.576165325377e+05;3.215621567169e+04;2.811642032767e+03;-8.393246480475e+03;-7.485344631232e+04;-2.565939565795e+04;
2134;519060;-2.540756949057e+03;-7.369540588721e+04;9.866873131282e+04;1.576165329497e+05;3.215621676954e+04;2.811644119257e+03;-8.393249762711e+03;-7.485344870106e+04;-2.565939540768e+04;
2134;519061;-2.540759149263e+03;-7.369540790198e+04;9.866873255363e+04;1.576165333617e+05;3.215621786737e+04;2.811646205811e+03;-8.393253044908e+03;-7.485345108979e+04;-2.565939515743e+04;
2134;519062;-2.540761349410e+03;-7.369540991660e+04;9.866873379442e+04;1.576165337736e+05;3.215621896519e+04;2.811648292428e+03;-8.393256327066e+03;-7.485345347852e+04;-2.565939490721e+04;
2134;519063;-2.540763549496e+03;-7.369541193105e+04;9.866873503519e+04;1.576165341855e+05;3.215622006300e+04;2.811650379108e+03;-8.393259609185e+03;-7.485345586724e+04;-2.565939465701e+04;
2134;519064;-2.540765749522e+03;-7.369541394534e+04;9.866873627595e+04;1.576165345974e+05;3.215622116078e+04;2.811652465851e+03;-8.393262891265e+03;-7.485345825595e+04;-2.565939440684e+04;
2134;519065;-2.540767949488e+03;-7.369541595946e+04;9.866873751669e+04;1.576165350091e+05;3.215622225856e+04;2.811654552658e+03;-8.393266173306e+03;-7.485346064466e+04;-2.565939415670e+04;
2134;519066;-2.540770149393e+03;-7.369541797342e+04;9.866873875742e+04;1.576165354209e+05;3.215622335632e+04;2.811656639528e+03;-8.393269455309e+03;-7.485346303336e+04;-2.565939390659e+04;
2134;519067;-2.540772349239e+03;-7.369541998721e+04;9.866873999812e+04;1.576165358325e+05;3.215622445406e+04;2.811658726461e+03;-8.393272737272e+03;-7.485346542206e+04;-2.565939365650e+04;
2134;519068;-2.540774549024e+03;-7.369542200085e+04;9.866874123881e+04;1.576165362441e+05;3.215622555179e+04;2.811660813457e+03;-8.393276019196e+03;-7.485346781074e+04;-2.565939340644e+04;
2134;519069;-2.540776748749e+03;-7.369542401431e+04;9.866874247948e+04;1.576165366557e+05;3.215622664951e+04;2.811662900517e+03;-8.393279301081e+03;-7.485347019943e+04;-2.565939315640e+04;
2134;519070;-2.540778948413e+03;-7.369542602762e+04;9.866874372014e+04;1.576165370672e+05;3.215622774721e+04;2.811664987640e+03;-8.393282582927e+03;-7.485347258810e+04;-2.565939290639e+04;
2134;519071;-2.540781148018e+03;-7.369542804076e+04;9.866874496078e+04;1.576165374787e+05;3.215622884489e+04;2.811667074825e+03;-8.393285864734e+03;-7.485347497677e+04;-2.565939265641e+04;
2134;519072;-2.540783347562e+03;-7.369543005373e+04;9.866874620140e+04;1.576165378900e+05;3.215622994256e+04;2.811669162075e+03;-8.393289146502e+03;-7.485347736543e+04;-2.565939240646e+04;
2134;519073;-2.540785547046e+03;-7.369543206654e+04;9.866874744200e+04;1.576165383014e+05;3.215623104022e+04;2.811671249387e+03;-8.393292428231e+03;-7.485347975409e+04;-2.565939215653e+04;
2134;519074;-2.540787746470e+03;-7.369543407919e+04;9.866874868259e+04;1.576165387127e+05;3.215623213786e+04;2.811673336763e+03;-8.393295709920e+03;-7.485348214274e+04;-2.565939190663e+04;
2134;519075;-2.540789945834e+03;-7.369543609167e+04;9.866874992316e+04;1.576165391239e+05;3.215623323548e+04;2.811675424201e+03;-8.393298991571e+03;-7.485348453138e+04;-2.565939165675e+04;
2134;519076;-2.540792145138e+03;-7.369543810399e+04;9.866875116371e+04;1.576165395351e+05;3.215623433309e+04;2.811677511703e+03;-8.393302273182e+03;-7.485348692002e+04;-2.565939140691e+04;
2134;519077;-2.540794344381e+03;-7.369544011615e+04;9.866875240425e+04;1.576165399462e+05;3.215623543069e+04;2.811679599268e+03;-8.393305554754e+03;-7.485348930865e+04;-2.565939115709e+04;
2134;519078;-2.540796543565e+03;-7.369544212814e+04;9.866875364477e+04;1.576165403573e+05;3.215623652827e+04;2.811681686896e+03;-8.393308836287e+03;-7.485349169727e+04;-2.565939090729e+04;
2134;519079;-2.540798742688e+03;-7.369544413997e+04;9.866875488527e+04;1.576165407683e+05;3.215623762584e+04;2.811683774588e+03;-8.393312117781e+03;-7.485349408589e+04;-2.565939065753e+04;
2134;519080;-2.540800941751e+03;-7.369544615163e+04;9.866875612575e+04;1.576165411792e+05;3.215623872339e+04;2.811685862342e+03;-8.393315399236e+03;-7.485349647450e+04;-2.565939040779e+04;
2134;519081;-2.540803140755e+03;-7.369544816313e+04;9.866875736622e+04;1.576165415901e+05;3.215623982092e+04;2.811687950160e+03;-8.393318680651e+03;-7.485349886310e+04;-2.565939015807e+04;
2134;519082;-2.540805339698e+03;-7.369545017446e+04;9.866875860667e+04;1.576165420010e+05;3.215624091844e+04;2.811690038041e+03;-8.393321962027e+03;-7.485350125170e+04;-2.565938990839e+04;
2134;519083;-2.540807538581e+03;-7.369545218563e+04;9.866875984711e+04;1.576165424118e+05;3.215624201595e+04;2.811692125984e+03;-8.393325243363e+03;-7.485350364029e+04;-2.565938965873e+04;
2134;519084;-2.540809737404e+03;-7.369545419664e+04;9.866876108752e+04;1.576165428225e+05;3.215624311344e+04;2.811694213991e+03;-8.393328524661e+03;-7.485350602887e+04;-2.565938940910e+04;
2134;519085;-2.540811936167e+03;-7.369545620748e+04;9.866876232792e+04;1.576165432332e+05;3.215624421092e+04;2.811696302061e+03;-8.393331805919e+03;-7.485350841745e+04;-2.565938915949e+04;
2134;519086;-2.540814134870e+03;-7.369545821816e+04;9.866876356831e+04;1.576165436438e+05;3.215624530838e+04;2.811698390195e+03;-8.393335087137e+03;-7.485351080602e+04;-2.565938890991e+04;
2134;519087;-2.540816333512e+03;-7.369546022867e+04;9.866876480867e+04;1.576165440544e+05;3.215624640583e+04;2.811700478391e+03;-8.393338368317e+03;-7.485351319458e+04;-2.565938866036e+04;
2134;519088;-2.540818532095e+03;-7.369546223903e+04;9.866876604902e+04;1.576165444649e+05;3.215624750326e+04;2.811702566650e+03;-8.393341649457e+03;-7.485351558314e+04;-2.565938841084e+04;
2134;519089;-2.540820730618e+03;-7.369546424921e+04;9.866876728935e+04;1.576165448754e+05;3.215624860068e+04;2.811704654973e+03;-8.393344930557e+03;-7.485351797169e+04;-2.565938816134e+04;
2134;519090;-2.540822929081e+03;-7.369546625923e+04;9.866876852967e+04;1.576165452858e+05;3.215624969808e+04;2.811706743358e+03;-8.393348211618e+03;-7.485352036023e+04;-2.565938791187e+04;
2134;519091;-2.540825127484e+03;-7.369546826909e+04;9.866876976996e+04;1.576165456962e+05;3.215625079547e+04;2.811708831807e+03;-8.393351492640e+03;-7.485352274877e+04;-2.565938766243e+04;
2134;519092;-2.540827325827e+03;-7.369547027878e+04;9.866877101025e+04;1.576165461065e+05;3.215625189284e+04;2.811710920319e+03;-8.393354773622e+03;-7.485352513730e+04;-2.565938741302e+04;
2134;519093;-2.540829524109e+03;-7.369547228831e+04;9.866877225051e+04;1.576165465167e+05;3.215625299019e+04;2.811713008893e+03;-8.393358054565e+03;-7.485352752583e+04;-2.565938716363e+04;
2134;519094;-2.540831722332e+03;-7.369547429768e+04;9.866877349076e+04;1.576165469269e+05;3.215625408754e+04;2.811715097531e+03;-8.393361335468e+03;-7.485352991434e+04;-2.565938691427e+04;
2134;519095;-2.540833920495e+03;-7.369547630688e+04;9.866877473099e+04;1.576165473371e+05;3.215625518486e+04;2.811717186232e+03;-8.393364616332e+03;-7.485353230286e+04;-2.565938666494e+04;
2134;519096;-2.540836118598e+03;-7.369547831592e+04;9.866877597120e+04;1.576165477471e+05;3.215625628218e+04;2.811719274996e+03;-8.393367897156e+03;-7.485353469136e+04;-2.565938641563e+04;
2134;519097;-2.540838316641e+03;-7.369548032479e+04;9.866877721139e+04;1.576165481572e+05;3.215625737947e+04;2.811721363823e+03;-8.393371177941e+03;-7.485353707986e+04;-2.565938616635e+04;
2134;519098;-2.540840514625e+03;-7.369548233350e+04;9.866877845157e+04;1.576165485671e+05;3.215625847676e+04;2.811723452713e+03;-8.393374458686e+03;-7.485353946835e+04;-2.565938591710e+04;
2134;519099;-2.540842712548e+03;-7.369548434204e+04;9.866877969173e+04;1.576165489771e+05;3.215625957403e+04;2.811725541666e+03;-8.393377739392e+03;-7.485354185683e+04;-2.565938566788e+04;
2134;519100;-2.540844910411e+03;-7.369548635042e+04;9.866878093188e+04;1.576165493869e+05;3.215626067128e+04;2.811727630682e+03;-8.393381020058e+03;-7.485354424531e+04;-2.565938541868e+04;
2134;519101;-2.540847108215e+03;-7.369548835864e+04;9.866878217201e+04;1.576165497967e+05;3.215626176852e+04;2.811729719760e+03;-8.393384300684e+03;-7.485354663378e+04;-2.565938516951e+04;
2134;519102;-2.540849305958e+03;-7.369549036669e+04;9.866878341212e+04;1.576165502065e+05;3.215626286574e+04;2.811731808902e+03;-8.393387581271e+03;-7.485354902225e+04;-2.565938492037e+04;
2134;519103;-2.540851503642e+03;-7.369549237458e+04;9.866878465221e+04;1.576165506162e+05;3.215626396295e+04;2.811733898107e+03;-8.393390861818e+03;-7.485355141071e+04;-2.565938467125e+04;
2134;519104;-2.540853701266e+03;-7.369549438230e+04;9.866878589229e+04;1.576165510258e+05;3.215626506014e+04;2.811735987375e+03;-8.393394142325e+03;-7.485355379916e+04;-2.565938442217e+04;
2134;519105;-2.540855898830e+03;-7.369549638986e+04;9.866878713235e+04;1.576165514354e+05;3.215626615732e+04;2.811738076706e+03;-8.393397422793e+03;-7.485355618760e+04;-2.565938417311e+04;
2134;519106;-2.540858096334e+03;-7.369549839725e+04;9.866878837239e+04;1.576165518449e+05;3.215626725448e+04;2.811740166100e+03;-8.393400703221e+03;-7.485355857604e+04;-2.565938392407e+04;
2134;519107;-2.540860293778e+03;-7.369550040448e+04;9.866878961241e+04;1.576165522544e+05;3.215626835163e+04;2.811742255557e+03;-8.393403983609e+03;-7.485356096447e+04;-2.565938367507e+04;
2134;519108;-2.540862491163e+03;-7.369550241155e+04;9.866879085242e+04;1.576165526639e+05;3.215626944876e+04;2.811744345077e+03;-8.393407263958e+03;-7.485356335290e+04;-2.565938342609e+04;
2134;519109;-2.540864688488e+03;-7.369550441845e+04;9.866879209241e+04;1.576165530732e+05;3.215627054588e+04;2.811746434659e+03;-8.393410544267e+03;-7.485356574132e+04;-2.565938317714e+04;
2134;519110;-2.540866885752e+03;-7.369550642519e+04;9.866879333239e+04;1.576165534825e+05;3.215627164299e+04;2.811748524305e+03;-8.393413824536e+03;-7.485356812973e+04;-2.565938292822e+04;
2134;519111;-2.540869082957e+03;-7.369550843176e+04;9.866879457234e+04;1.576165538918e+05;3.215627274008e+04;2.811750614013e+03;-8.393417104765e+03;-7.485357051813e+04;-2.565938267932e+04;
2134;519112;-2.540871280103e+03;-7.369551043817e+04;9.866879581228e+04;1.576165543010e+05;3.215627383715e+04;2.811752703785e+03;-8.393420384954e+03;-7.485357290653e+04;-2.565938243046e+04;
2134;519113;-2.540873477188e+03;-7.369551244441e+04;9.866879705221e+04;1.576165547102e+05;3.215627493421e+04;2.811754793619e+03;-8.393423665104e+03;-7.485357529492e+04;-2.565938218162e+04;
2134;519114;-2.540875674214e+03;-7.369551445049e+04;9.866879829211e+04;1.576165551193e+05;3.215627603125e+04;2.811756883517e+03;-8.393426945214e+03;-7.485357768331e+04;-2.565938193280e+04;
2134;519115;-2.540877871180e+03;-7.369551645641e+04;9.866879953200e+04;1.576165555283e+05;3.215627712828e+04;2.811758973477e+03;-8.393430225284e+03;-7.485358007169e+04;-2.565938168402e+04;
2134;519116;-2.540880068086e+03;-7.369551846216e+04;9.866880077188e+04;1.576165559373e+05;3.215627822530e+04;2.811761063500e+03;-8.393433505314e+03;-7.485358246006e+04;-2.565938143526e+04;
2134;519117;-2.540882264933e+03;-7.369552046774e+04;9.866880201173e+04;1.576165563462e+05;3.215627932230e+04;2.811763153586e+03;-8.393436785304e+03;-7.485358484843e+04;-2.565938118653e+04;
2134;519118;-2.540884461720e+03;-7.369552247317e+04;9.866880325157e+04;1.576165567551e+05;3.215628041928e+04;2.811765243735e+03;-8.393440065254e+03;-7.485358723678e+04;-2.565938093783e+04;
2134;519119;-2.540886658447e+03;-7.369552447843e+04;9.866880449139e+04;1.576165571639e+05;3.215628151625e+04;2.811767333947e+03;-8.393443345164e+03;-7.485358962514e+04;-2.565938068916e+04;
2134;519120;-2.540888855114e+03;-7.369552648352e+04;9.866880573119e+04;1.576165575727e+05;3.215628261320e+04;2.811769424221e+03;-8.393446625034e+03;-7.485359201348e+04;-2.565938044051e+04;
2134;519121;-2.540891051722e+03;-7.369552848845e+04;9.866880697098e+04;1.576165579814e+05;3.215628371014e+04;2.811771514559e+03;-8.393449904865e+03;-7.485359440182e+04;-2.565938019190e+04;
2134;519122;-2.540893248270e+03;-7.369553049321e+04;9.866880821075e+04;1.576165583900e+05;3.215628480707e+04;2.811773604959e+03;-8.393453184655e+03;-7.485359679015e+04;-2.565937994331e+04;
2134;519123;-2.540895444758e+03;-7.369553249781e+04;9.866880945050e+04;1.576165587986e+05;3.215628590398e+04;2.811775695423e+03;-8.393456464405e+03;-7.485359917848e+04;-2.565937969474e+04;
2134;519124;-2.540897641187e+03;-7.369553450225e+04;9.866881069024e+04;1.576165592072e+05;3.215628700087e+04;2.811777785949e+03;-8.393459744115e+03;-7.485360156679e+04;-2.565937944621e+04;
2134;519125;-2.540899837556e+03;-7.369553650652e+04;9.866881192996e+04;1.576165596157e+05;3.215628809775e+04;2.811779876538e+03;-8.393463023786e+03;-7.485360395511e+04;-2.565937919770e+04;
2134;519126;-2.540902033865e+03;-7.369553851063e+04;9.866881316966e+04;1.576165600241e+05;3.215628919462e+04;2.811781967189e+03;-8.393466303416e+03;-7.485360634341e+04;-2.565937894922e+04;
2134;519127;-2.540904230115e+03;-7.369554051457e+04;9.866881440934e+04;1.576165604325e+05;3.215629029147e+04;2.811784057904e+03;-8.393469583006e+03;-7.485360873171e+04;-2.565937870077e+04;
2134;519128;-2.540906426305e+03;-7.369554251835e+04;9.866881564901e+04;1.576165608408e+05;3.215629138830e+04;2.811786148681e+03;-8.393472862556e+03;-7.485361112000e+04;-2.565937845235e+04;
2134;519129;-2.540908622435e+03;-7.369554452196e+04;9.866881688866e+04;1.576165612491e+05;3.215629248512e+04;2.811788239522e+03;-8.393476142066e+03;-7.485361350829e+04;-2.565937820395e+04;
2134;519130;-2.540910818506e+03;-7.369554652541e+04;9.866881812830e+04;1.576165616573e+05;3.215629358193e+04;2.811790330425e+03;-8.393479421535e+03;-7.485361589657e+04;-2.565937795558e+04;
2134;519131;-2.540913014517e+03;-7.369554852870e+04;9.866881936791e+04;1.576165620655e+05;3.215629467872e+04;2.811792421390e+03;-8.393482700965e+03;-7.485361828484e+04;-2.565937770724e+04;
2134;519132;-2.540915210469e+03;-7.369555053182e+04;9.866882060751e+04;1.576165624736e+05;3.215629577549e+04;2.811794512419e+03;-8.393485980354e+03;-7.485362067310e+04;-2.565937745893e+04;
2134;519133;-2.540917406361e+03;-7.369555253477e+04;9.866882184710e+04;1.576165628816e+05;3.215629687225e+04;2.811796603510e+03;-8.393489259704e+03;-7.485362306136e+04;-2.565937721065e+04;
2134;519134;-2.540919602194e+03;-7.369555453756e+04;9.866882308666e+04;1.576165632896e+05;3.215629796900e+04;2.811798694664e+03;-8.393492539013e+03;-7.485362544961e+04;-2.565937696239e+04;
2134;519135;-2.540921797967e+03;-7.369555654019e+04;9.866882432621e+04;1.576165636976e+05;3.215629906573e+04;2.811800785881e+03;-8.393495818281e+03;-7.485362783786e+04;-2.565937671417e+04;
2134;519136;-2.540923993680e+03;-7.369555854265e+04;9.866882556574e+04;1.576165641054e+05;3.215630016245e+04;2.811802877161e+03;-8.393499097510e+03;-7.485363022609e+04;-2.565937646597e+04;
2134;519137;-2.540926189334e+03;-7.369556054495e+04;9.866882680526e+04;1.576165645133e+05;3.215630125915e+04;2.811804968504e+03;-8.393502376698e+03;-7.485363261433e+04;-2.565937621780e+04;
2134;519138;-2.540928384928e+03;-7.369556254709e+04;9.866882804475e+04;1.576165649210e+05;3.215630235583e+04;2.811807059909e+03;-8.393505655846e+03;-7.485363500255e+04;-2.565937596965e+04;
2134;519139;-2.540930580463e+03;-7.369556454905e+04;9.866882928423e+04;1.576165653288e+05;3.215630345250e+04;2.811809151377e+03;-8.393508934954e+03;-7.485363739077e+04;-2.565937572154e+04;
2134;519140;-2.540932775938e+03;-7.369556655086e+04;9.866883052370e+04;1.576165657364e+05;3.215630454916e+04;2.811811242907e+03;-8.393512214021e+03;-7.485363977898e+04;-2.565937547345e+04;
2134;519141;-2.540934971354e+03;-7.369556855250e+04;9.866883176314e+04;1.576165661440e+05;3.215630564580e+04;2.811813334501e+03;-8.393515493048e+03;-7.485364216718e+04;-2.565937522539e+04;
2134;519142;-2.540937166710e+03;-7.369557055397e+04;9.866883300257e+04;1.576165665516e+05;3.215630674242e+04;2.811815426157e+03;-8.393518772035e+03;-7.485364455538e+04;-2.565937497736e+04;
2134;519143;-2.540939362007e+03;-7.369557255528e+04;9.866883424198e+04;1.576165669591e+05;3.215630783904e+04;2.811817517876e+03;-8.393522050981e+03;-7.485364694357e+04;-2.565937472936e+04;
2134;519144;-2.540941557245e+03;-7.369557455643e+04;9.866883548138e+04;1.576165673665e+05;3.215630893563e+04;2.811819609657e+03;-8.393525329887e+03;-7.485364933176e+04;-2.565937448138e+04;
2134;519145;-2.540943752422e+03;-7.369557655741e+04;9.866883672076e+04;1.576165677739e+05;3.215631003221e+04;2.811821701501e+03;-8.393528608753e+03;-7.485365171993e+04;-2.565937423344e+04;
2134;519146;-2.540945947541e+03;-7.369557855823e+04;9.866883796012e+04;1.576165681813e+05;3.215631112878e+04;2.811823793408e+03;-8.393531887578e+03;-7.485365410810e+04;-2.565937398552e+04;
2134;519147;-2.540948142600e+03;-7.369558055888e+04;9.866883919946e+04;1.576165685885e+05;3.215631222533e+04;2.811825885378e+03;-8.393535166362e+03;-7.485365649627e+04;-2.565937373763e+04;
2134;519148;-2.540950337600e+03;-7.369558255937e+04;9.866884043879e+04;1.576165689958e+05;3.215631332187e+04;2.811827977410e+03;-8.393538445107e+03;-7.485365888442e+04;-2.565937348977e+04;
2134;519149;-2.540952532540e+03;-7.369558455969e+04;9.866884167810e+04;1.576165694029e+05;3.215631441839e+04;2.811830069505e+03;-8.393541723810e+03;-7.485366127257e+04;-2.565937324194e+04;
2134;519150;-2.540954727420e+03;-7.369558655985e+04;9.866884291739e+04;1.576165698100e+05;3.215631551489e+04;2.811832161663e+03;-8.393545002474e+03;-7.485366366072e+04;-2.565937299413e+04;
2134;519151;-2.540956922242e+03;-7.369558855984e+04;9.866884415667e+04;1.576165702171e+05;3.215631661138e+04;2.811834253883e+03;-8.393548281096e+03;-7.485366604885e+04;-2.565937274636e+04;
2134;519152;-2.540959117004e+03;-7.369559055967e+04;9.866884539593e+04;1.576165706241e+05;3.215631770786e+04;2.811836346166e+03;-8.393551559679e+03;-7.485366843699e+04;-2.565937249861e+04;
2134;519153;-2.540961311706e+03;-7.369559255934e+04;9.866884663517e+04;1.576165710310e+05;3.215631880432e+04;2.811838438512e+03;-8.393554838220e+03;-7.485367082511e+04;-2.565937225089e+04;
2134;519154;-2.540963506349e+03;-7.369559455884e+04;9.866884787439e+04;1.576165714379e+05;3.215631990077e+04;2.811840530920e+03;-8.393558116721e+03;-7.485367321322e+04;-2.565937200320e+04;
2134;519155;-2.540965700933e+03;-7.369559655817e+04;9.866884911360e+04;1.576165718448e+05;3.215632099720e+04;2.811842623391e+03;-8.393561395182e+03;-7.485367560133e+04;-2.565937175553e+04;
2134;519156;-2.540967895458e+03;-7.369559855734e+04;9.866885035279e+04;1.576165722515e+05;3.215632209362e+04;2.811844715924e+03;-8.393564673602e+03;-7.485367798944e+04;-2.565937150790e+04;
2134;519157;-2.540970089923e+03;-7.369560055635e+04;9.866885159197e+04;1.576165726583e+05;3.215632319002e+04;2.811846808521e+03;-8.393567951981e+03;-7.485368037753e+04;-2.565937126029e+04;
2134;519158;-2.540972284329e+03;-7.369560255519e+04;9.866885283112e+04;1.576165730649e+05;3.215632428641e+04;2.811848901179e+03;-8.393571230320e+03;-7.485368276562e+04;-2.565937101272e+04;
2134;519159;-2.540974478675e+03;-7.369560455387e+04;9.866885407026e+04;1.576165734716e+05;3.215632538278e+04;2.811850993901e+03;-8.393574508618e+03;-7.485368515371e+04;-2.565937076517e+04;
2134;519160;-2.540976672962e+03;-7.369560655238e+04;9.866885530938e+04;1.576165738781e+05;3.215632647913e+04;2.811853086685e+03;-8.393577786875e+03;-7.485368754178e+04;-2.565937051765e+04;
2134;519161;-2.540978867190e+03;-7.369560855072e+04;9.866885654849e+04;1.576165742846e+05;3.215632757548e+04;2.811855179531e+03;-8.393581065091e+03;-7.485368992985e+04;-2.565937027016e+04;
2134;519162;-2.540981061359e+03;-7.369561054891e+04;9.866885778758e+04;1.576165746911e+05;3.215632867180e+04;2.811857272440e+03;-8.393584343267e+03;-7.485369231791e+04;-2.565937002269e+04;
2134;519163;-2.540983255468e+03;-7.369561254692e+04;9.866885902665e+04;1.576165750975e+05;3.215632976811e+04;2.811859365412e+03;-8.393587621402e+03;-7.485369470597e+04;-2.565936977526e+04;
2134;519164;-2.540985449518e+03;-7.369561454478e+04;9.866886026570e+04;1.576165755038e+05;3.215633086441e+04;2.811861458446e+03;-8.393590899497e+03;-7.485369709402e+04;-2.565936952785e+04;
2134;519165;-2.540987643509e+03;-7.369561654246e+04;9.866886150474e+04;1.576165759101e+05;3.215633196069e+04;2.811863551543e+03;-8.393594177551e+03;-7.485369948206e+04;-2.565936928048e+04;
2134;519166;-2.540989837440e+03;-7.369561853999e+04;9.866886274376e+04;1.576165763163e+05;3.215633305696e+04;2.811865644702e+03;-8.393597455563e+03;-7.485370187009e+04;-2.565936903313e+04;
2134;519167;-2.540992031312e+03;-7.369562053735e+04;9.866886398277e+04;1.576165767225e+05;3.215633415321e+04;2.811867737924e+03;-8.393600733536e+03;-7.485370425812e+04;-2.565936878581e+04;
2134;519168;-2.540994225125e+03;-7.369562253454e+04;9.866886522175e+04;1.576165771286e+05;3.215633524945e+04;2.811869831209e+03;-8.393604011467e+03;-7.485370664614e+04;-2.565936853852e+04;
2134;519169;-2.540996418879e+03;-7.369562453157e+04;9.866886646072e+04;1.576165775346e+05;3.215633634567e+04;2.811871924556e+03;-8.393607289357e+03;-7.485370903416e+04;-2.565936829125e+04;
2134;519170;-2.540998612574e+03;-7.369562652843e+04;9.866886769967e+04;1.576165779407e+05;3.215633744188e+04;2.811874017965e+03;-8.393610567207e+03;-7.485371142216e+04;-2.565936804402e+04;
2134;519171;-2.541000806209e+03;-7.369562852513e+04;9.866886893861e+04;1.576165783466e+05;3.215633853807e+04;2.811876111437e+03;-8.393613845016e+03;-7.485371381017e+04;-2.565936779682e+04;
2134;519172;-2.541002999785e+03;-7.369563052167e+04;9.866887017753e+04;1.576165787525e+05;3.215633963425e+04;2.811878204972e+03;-8.393617122783e+03;-7.485371619816e+04;-2.565936754964e+04;
2134;519173;-2.541005193302e+03;-7.369563251804e+04;9.866887141643e+04;1.576165791583e+05;3.215634073041e+04;2.811880298569e+03;-8.393620400510e+03;-7.485371858615e+04;-2.565936730249e+04;
2134;519174;-2.541007386760e+03;-7.369563451424e+04;9.866887265531e+04;1.576165795641e+05;3.215634182656e+04;2.811882392229e+03;-8.393623678196e+03;-7.485372097413e+04;-2.565936705537e+04;
2134;519175;-2.541009580159e+03;-7.369563651028e+04;9.866887389418e+04;1.576165799698e+05;3.215634292269e+04;2.811884485951e+03;-8.393626955841e+03;-7.485372336210e+04;-2.565936680828e+04;
2134;519176;-2.541011773498e+03;-7.369563850616e+04;9.866887513303e+04;1.576165803755e+05;3.215634401880e+04;2.811886579735e+03;-8.393630233445e+03;-7.485372575007e+04;-2.565936656122e+04;
2134;519177;-2.541013966779e+03;-7.369564050187e+04;9.866887637186e+04;1.576165807811e+05;3.215634511491e+04;2.811888673582e+03;-8.393633511008e+03;-7.485372813803e+04;-2.565936631419e+04;
2134;519178;-2.541016160000e+03;-7.369564249742e+04;9.866887761068e+04;1.576165811867e+05;3.215634621099e+04;2.811890767492e+03;-8.393636788531e+03;-7.485373052598e+04;-2.565936606719e+04;
2134;519179;-2.541018353162e+03;-7.369564449280e+04;9.866887884948e+04;1.576165815922e+05;3.215634730707e+04;2.811892861464e+03;-8.393640066012e+03;-7.485373291393e+04;-2.565936582021e+04;
2134;519180;-2.541020546265e+03;-7.369564648801e+04;9.866888008826e+04;1.576165819976e+05;3.215634840312e+04;2.811894955498e+03;-8.393643343452e+03;-7.485373530187e+04;-2.565936557327e+04;
2134;519181;-2.541022739309e+03;-7.369564848306e+04;9.866888132702e+04;1.576165824030e+05;3.215634949917e+04;2.811897049595e+03;-8.393646620851e+03;-7.485373768980e+04;-2.565936532635e+04;
2134;519182;-2.541024932293e+03;-7.369565047795e+04;9.866888256577e+04;1.576165828084e+05;3.215635059519e+04;2.811899143754e+03;-8.393649898209e+03;-7.485374007772e+04;-2.565936507946e+04;
2134;519183;-2.541027125219e+03;-7.369565247267e+04;9.866888380450e+04;1.576165832137e+05;3.215635169120e+04;2.811901237976e+03;-8.393653175526e+03;-7.485374246564e+04;-2.565936483261e+04;
2134;519184;-2.541029318086e+03;-7.369565446723e+04;9.866888504321e+04;1.576165836189e+05;3.215635278720e+04;2.811903332260e+03;-8.393656452801e+03;-7.485374485355e+04;-2.565936458578e+04;
2134;519185;-2.541031510893e+03;-7.369565646162e+04;9.866888628191e+04;1.576165840241e+05;3.215635388318e+04;2.811905426607e+03;-8.393659730036e+03;-7.485374724146e+04;-2.565936433898e+04;
2134;519186;-2.541033703642e+03;-7.369565845585e+04;9.866888752059e+04;1.576165844292e+05;3.215635497915e+04;2.811907521016e+03;-8.393663007229e+03;-7.485374962936e+04;-2.565936409220e+04;
2134;519187;-2.541035896331e+03;-7.369566044991e+04;9.866888875925e+04;1.576165848342e+05;3.215635607510e+04;2.811909615488e+03;-8.393666284382e+03;-7.485375201725e+04;-2.565936384546e+04;
2134;519188;-2.541038088961e+03;-7.369566244381e+04;9.866888999790e+04;1.576165852392e+05;3.215635717104e+04;2.811911710022e+03;-8.393669561493e+03;-7.485375440513e+04;-2.565936359875e+04;
2134;519189;-2.541040281533e+03;-7.369566443754e+04;9.866889123652e+04;1.576165856442e+05;3.215635826696e+04;2.811913804618e+03;-8.393672838563e+03;-7.485375679301e+04;-2.565936335207e+04;
2134;519190;-2.541042474045e+03;-7.369566643110e+04;9.866889247514e+04;1.576165860491e+05;3.215635936287e+04;2.811915899276e+03;-8.393676115592e+03;-7.485375918088e+04;-2.565936310541e+04;
2134;519191;-2.541044666498e+03;-7.369566842451e+04;9.866889371373e+04;1.576165864539e+05;3.215636045876e+04;2.811917993998e+03;-8.393679392579e+03;-7.485376156874e+04;-2.565936285878e+04;
2134;519192;-2.541046858893e+03;-7.369567041774e+04;9.866889495231e+04;1.576165868587e+05;3.215636155464e+04;2.811920088781e+03;-8.393682669525e+03;-7.485376395660e+04;-2.565936261219e+04;
2134;519193;-2.541049051228e+03;-7.369567241082e+04;9.866889619087e+04;1.576165872634e+05;3.215636265050e+04;2.811922183627e+03;-8.393685946430e+03;-7.485376634445e+04;-2.565936236562e+04;
2134;519194;-2.541051243504e+03;-7.369567440372e+04;9.866889742941e+04;1.576165876681e+05;3.215636374635e+04;2.811924278535e+03;-8.393689223294e+03;-7.485376873229e+04;-2.565936211908e+04;
2134;519195;-2.541053435722e+03;-7.369567639647e+04;9.866889866794e+04;1.576165880727e+05;3.215636484218e+04;2.811926373505e+03;-8.393692500117e+03;-7.485377112013e+04;-2.565936187257e+04;
2134;519196;-2.541055627880e+03;-7.369567838904e+04;9.866889990645e+04;1.576165884773e+05;3.215636593800e+04;2.811928468538e+03;-8.393695776898e+03;-7.485377350796e+04;-2.565936162609e+04;
2134;519197;-2.541057819980e+03;-7.369568038146e+04;9.866890114494e+04;1.576165888818e+05;3.215636703380e+04;2.811930563634e+03;-8.393699053637e+03;-7.485377589578e+04;-2.565936137964e+04;
2134;519198;-2.541060012020e+03;-7.369568237370e+04;9.866890238341e+04;1.576165892862e+05;3.215636812959e+04;2.811932658791e+03;-8.393702330336e+03;-7.485377828360e+04;-2.565936113322e+04;
2134;519199;-2.541062204002e+03;-7.369568436579e+04;9.866890362187e+04;1.576165896906e+05;3.215636922536e+04;2.811934754011e+03;-8.393705606993e+03;-7.485378067141e+04;-2.565936088683e+04;
2134;519200;-2.541064395925e+03;-7.369568635770e+04;9.866890486031e+04;1.576165900950e+05;3.215637032112e+04;2.811936849293e+03;-8.393708883609e+03;-7.485378305921e+04;-2.565936064047e+04;
2134;519201;-2.541066587788e+03;-7.369568834946e+04;9.866890609873e+04;1.576165904992e+05;3.215637141686e+04;2.811938944638e+03;-8.393712160183e+03;-7.485378544700e+04;-2.565936039413e+04;
2134;519202;-2.541068779593e+03;-7.369569034104e+04;9.866890733714e+04;1.576165909035e+05;3.215637251259e+04;2.811941040045e+03;-8.393715436716e+03;-7.485378783479e+04;-2.565936014783e+04;
2134;519203;-2.541070971339e+03;-7.369569233247e+04;9.866890857553e+04;1.576165913076e+05;3.215637360830e+04;2.811943135514e+03;-8.393718713207e+03;-7.485379022257e+04;-2.565935990156e+04;
2134;519204;-2.541073163026e+03;-7.369569432372e+04;9.866890981390e+04;1.576165917117e+05;3.215637470400e+04;2.811945231045e+03;-8.393721989657e+03;-7.485379261034e+04;-2.565935965531e+04;
2134;519205;-2.541075354655e+03;-7.369569631481e+04;9.866891105226e+04;1.576165921158e+05;3.215637579968e+04;2.811947326639e+03;-8.393725266065e+03;-7.485379499811e+04;-2.565935940910e+04;
2134;519206;-2.541077546224e+03;-7.369569830574e+04;9.866891229060e+04;1.576165925198e+05;3.215637689535e+04;2.811949422295e+03;-8.393728542432e+03;-7.485379738587e+04;-2.565935916291e+04;
2134;519207;-2.541079737734e+03;-7.369570029650e+04;9.866891352892e+04;1.576165929238e+05;3.215637799100e+04;2.811951518013e+03;-8.393731818758e+03;-7.485379977362e+04;-2.565935891675e+04;
2134;519208;-2.541081929186e+03;-7.369570228710e+04;9.866891476722e+04;1.576165933276e+05;3.215637908664e+04;2.811953613794e+03;-8.393735095042e+03;-7.485380216137e+04;-2.565935867063e+04;
2134;519209;-2.541084120579e+03;-7.369570427753e+04;9.866891600551e+04;1.576165937315e+05;3.215638018226e+04;2.811955709636e+03;-8.393738371284e+03;-7.485380454911e+04;-2.565935842453e+04;
2134;519210;-2.541086311913e+03;-7.369570626780e+04;9.866891724378e+04;1.576165941353e+05;3.215638127787e+04;2.811957805542e+03;-8.393741647485e+03;-7.485380693684e+04;-2.565935817846e+04;
2134;519211;-2.541088503188e+03;-7.369570825790e+04;9.866891848203e+04;1.576165945390e+05;3.215638237346e+04;2.811959901509e+03;-8.393744923644e+03;-7.485380932457e+04;-2.565935793242e+04;
2134;519212;-2.541090694405e+03;-7.369571024784e+04;9.866891972027e+04;1.576165949426e+05;3.215638346904e+04;2.811961997538e+03;-8.393748199762e+03;-7.485381171229e+04;-2.565935768641e+04;
2134;519213;-2.541092885562e+03;-7.369571223761e+04;9.866892095849e+04;1.576165953463e+05;3.215638456460e+04;2.811964093630e+03;-8.393751475837e+03;-7.485381410000e+04;-2.565935744043e+04;
2134;519214;-2.541095076661e+03;-7.369571422722e+04;9.866892219669e+04;1.576165957498e+05;3.215638566015e+04;2.811966189784e+03;-8.393754751872e+03;-7.485381648770e+04;-2.565935719448e+04;
2134;519215;-2.541097267701e+03;-7.369571621666e+04;9.866892343487e+04;1.576165961533e+05;3.215638675568e+04;2.811968286000e+03;-8.393758027864e+03;-7.485381887540e+04;-2.565935694856e+04;
2134;519216;-2.541099458683e+03;-7.369571820593e+04;9.866892467304e+04;1.576165965568e+05;3.215638785120e+04;2.811970382279e+03;-8.393761303815e+03;-7.485382126309e+04;-2.565935670267e+04;
2134;519217;-2.541101649605e+03;-7.369572019505e+04;9.866892591119e+04;1.576165969601e+05;3.215638894670e+04;2.811972478619e+03;-8.393764579725e+03;-7.485382365077e+04;-2.565935645681e+04;
2134;519218;-2.541103840469e+03;-7.369572218399e+04;9.866892714933e+04;1.576165973635e+05;3.215639004219e+04;2.811974575022e+03;-8.393767855592e+03;-7.485382603845e+04;-2.565935621098e+04;
2134;519219;-2.541106031274e+03;-7.369572417277e+04;9.866892838744e+04;1.576165977668e+05;3.215639113766e+04;2.811976671487e+03;-8.393771131418e+03;-7.485382842612e+04;-2.565935596518e+04;
2134;519220;-2.541108222021e+03;-7.369572616139e+04;9.866892962554e+04;1.576165981700e+05;3.215639223312e+04;2.811978768014e+03;-8.393774407202e+03;-7.485383081378e+04;-2.565935571941e+04;
2134;519221;-2.541110412708e+03;-7.369572814984e+04;9.866893086363e+04;1.576165985731e+05;3.215639332856e+04;2.811980864604e+03;-8.393777682945e+03;-7.485383320144e+04;-2.565935547367e+04;
2134;519222;-2.541112603337e+03;-7.369573013812e+04;9.866893210169e+04;1.576165989762e+05;3.215639442399e+04;2.811982961255e+03;-8.393780958645e+03;-7.485383558909e+04;-2.565935522795e+04;
2134;519223;-2.541114793908e+03;-7.369573212624e+04;9.866893333974e+04;1.576165993793e+05;3.215639551940e+04;2.811985057969e+03;-8.393784234304e+03;-7.485383797673e+04;-2.565935498227e+04;
2134;519224;-2.541116984419e+03;-7.369573411420e+04;9.866893457777e+04;1.576165997823e+05;3.215639661480e+04;2.811987154745e+03;-8.393787509921e+03;-7.485384036436e+04;-2.565935473662e+04;
2134;519225;-2.541119174872e+03;-7.369573610199e+04;9.866893581579e+04;1.576166001852e+05;3.215639771018e+04;2.811989251583e+03;-8.393790785496e+03;-7.485384275199e+04;-2.565935449100e+04;
2134;519226;-2.541121365266e+03;-7.369573808961e+04;9.866893705378e+04;1.576166005881e+05;3.215639880555e+04;2.811991348483e+03;-8.393794061029e+03;-7.485384513961e+04;-2.565935424540e+04;
2134;519227;-2.541123555602e+03;-7.369574007707e+04;9.866893829176e+04;1.576166009909e+05;3.215639990090e+04;2.811993445445e+03;-8.393797336520e+03;-7.485384752723e+04;-2.565935399984e+04;
2134;519228;-2.541125745879e+03;-7.369574206437e+04;9.866893952973e+04;1.576166013937e+05;3.215640099624e+04;2.811995542470e+03;-8.393800611970e+03;-7.485384991483e+04;-2.565935375431e+04;
2134;519229;-2.541127936097e+03;-7.369574405150e+04;9.866894076767e+04;1.576166017964e+05;3.215640209156e+04;2.811997639556e+03;-8.393803887378e+03;-7.485385230243e+04;-2.565935350880e+04;
2134;519230;-2.541130126257e+03;-7.369574603846e+04;9.866894200560e+04;1.576166021991e+05;3.215640318687e+04;2.811999736705e+03;-8.393807162743e+03;-7.485385469003e+04;-2.565935326333e+04;
2134;519231;-2.541132316358e+03;-7.369574802526e+04;9.866894324351e+04;1.576166026017e+05;3.215640428216e+04;2.812001833916e+03;-8.393810438067e+03;-7.485385707761e+04;-2.565935301789e+04;
2134;519232;-2.541134506401e+03;-7.369575001189e+04;9.866894448141e+04;1.576166030042e+05;3.215640537744e+04;2.812003931189e+03;-8.393813713349e+03;-7.485385946519e+04;-2.565935277247e+04;
2134;519233;-2.541136696385e+03;-7.369575199836e+04;9.866894571929e+04;1.576166034067e+05;3.215640647270e+04;2.812006028524e+03;-8.393816988588e+03;-7.485386185276e+04;-2.565935252709e+04;
2134;519234;-2.541138886310e+03;-7.369575398466e+04;9.866894695715e+04;1.576166038092e+05;3.215640756794e+04;2.812008125921e+03;-8.393820263786e+03;-7.485386424033e+04;-2.565935228174e+04;
2134;519235;-2.541141076177e+03;-7.369575597080e+04;9.866894819499e+04;1.576166042116e+05;3.215640866318e+04;2.812010223380e+03;-8.393823538942e+03;-7.485386662789e+04;-2.565935203641e+04;
2134;519236;-2.541143265985e+03;-7.369575795677e+04;9.866894943282e+04;1.576166046139e+05;3.215640975839e+04;2.812012320901e+03;-8.393826814056e+03;-7.485386901544e+04;-2.565935179112e+04;
2134;519237;-2.541145455735e+03;-7.369575994258e+04;9.866895067063e+04;1.576166050161e+05;3.215641085360e+04;2.812014418484e+03;-8.393830089127e+03;-7.485387140298e+04;-2.565935154586e+04;
2134;519238;-2.541147645426e+03;-7.369576192822e+04;9.866895190842e+04;1.576166054184e+05;3.215641194878e+04;2.812016516129e+03;-8.393833364157e+03;-7.485387379052e+04;-2.565935130062e+04;
2134;519239;-2.541149835058e+03;-7.369576391370e+04;9.866895314620e+04;1.576166058205e+05;3.215641304395e+04;2.812018613837e+03;-8.393836639144e+03;-7.485387617805e+04;-2.565935105542e+04;
2134;519240;-2.541152024632e+03;-7.369576589901e+04;9.866895438395e+04;1.576166062226e+05;3.215641413911e+04;2.812020711606e+03;-8.393839914090e+03;-7.485387856557e+04;-2.565935081025e+04;
2134;519241;-2.541154214148e+03;-7.369576788415e+04;9.866895562170e+04;1.576166066247e+05;3.215641523425e+04;2.812022809438e+03;-8.393843188993e+03;-7.485388095308e+04;-2.565935056510e+04;
2134;519242;-2.541156403605e+03;-7.369576986913e+04;9.866895685942e+04;1.576166070266e+05;3.215641632938e+04;2.812024907331e+03;-8.393846463854e+03;-7.485388334059e+04;-2.565935031999e+04;
2134;519243;-2.541158593003e+03;-7.369577185395e+04;9.866895809713e+04;1.576166074286e+05;3.215641742449e+04;2.812027005287e+03;-8.393849738673e+03;-7.485388572809e+04;-2.565935007491e+04;
2134;519244;-2.541160782344e+03;-7.369577383860e+04;9.866895933482e+04;1.576166078305e+05;3.215641851959e+04;2.812029103304e+03;-8.393853013450e+03;-7.485388811559e+04;-2.565934982986e+04;
2134;519245;-2.541162971625e+03;-7.369577582308e+04;9.866896057249e+04;1.576166082323e+05;3.215641961467e+04;2.812031201384e+03;-8.393856288184e+03;-7.485389050308e+04;-2.565934958483e+04;
2134;519246;-2.541165160848e+03;-7.369577780740e+04;9.866896181015e+04;1.576166086340e+05;3.215642070974e+04;2.812033299525e+03;-8.393859562877e+03;-7.485389289056e+04;-2.565934933984e+04;
2134;519247;-2.541167350013e+03;-7.369577979156e+04;9.866896304779e+04;1.576166090357e+05;3.215642180479e+04;2.812035397729e+03;-8.393862837527e+03;-7.485389527803e+04;-2.565934909488e+04;
2134;519248;-2.541169539119e+03;-7.369578177554e+04;9.866896428541e+04;1.576166094374e+05;3.215642289982e+04;2.812037495994e+03;-8.393866112135e+03;-7.485389766550e+04;-2.565934884995e+04;
2134;519249;-2.541171728167e+03;-7.369578375937e+04;9.866896552301e+04;1.576166098390e+05;3.215642399485e+04;2.812039594322e+03;-8.393869386701e+03;-7.485390005296e+04;-2.565934860505e+04;
2134;519250;-2.541173917156e+03;-7.369578574302e+04;9.866896676060e+04;1.576166102405e+05;3.215642508985e+04;2.812041692711e+03;-8.393872661224e+03;-7.485390244041e+04;-2.565934836018e+04;
2134;519251;-2.541176106087e+03;-7.369578772652e+04;9.866896799817e+04;1.576166106420e+05;3.215642618484e+04;2.812043791163e+03;-8.393875935705e+03;-7.485390482785e+04;-2.565934811534e+04;
2134;519252;-2.541178294960e+03;-7.369578970984e+04;9.866896923572e+04;1.576166110434e+05;3.215642727982e+04;2.812045889676e+03;-8.393879210144e+03;-7.485390721529e+04;-2.565934787053e+04;
2134;519253;-2.541180483774e+03;-7.369579169300e+04;9.866897047326e+04;1.576166114448e+05;3.215642837478e+04;2.812047988251e+03;-8.393882484540e+03;-7.485390960272e+04;-2.565934762575e+04;
2134;519254;-2.541182672530e+03;-7.369579367600e+04;9.866897171078e+04;1.576166118461e+05;3.215642946973e+04;2.812050086889e+03;-8.393885758894e+03;-7.485391199015e+04;-2.565934738100e+04;
2134;519255;-2.541184861227e+03;-7.369579565883e+04;9.866897294828e+04;1.576166122474e+05;3.215643056466e+04;2.812052185588e+03;-8.393889033206e+03;-7.485391437756e+04;-2.565934713628e+04;
2134;519256;-2.541187049866e+03;-7.369579764150e+04;9.866897418577e+04;1.576166126486e+05;3.215643165958e+04;2.812054284349e+03;-8.393892307475e+03;-7.485391676497e+04;-2.565934689159e+04;
2134;519257;-2.541189238447e+03;-7.369579962400e+04;9.866897542324e+04;1.576166130497e+05;3.215643275448e+04;2.812056383172e+03;-8.393895581702e+03;-7.485391915238e+04;-2.565934664693e+04;
2134;519258;-2.541191426969e+03;-7.369580160633e+04;9.866897666069e+04;1.576166134508e+05;3.215643384936e+04;2.812058482057e+03;-8.393898855887e+03;-7.485392153977e+04;-2.565934640231e+04;
2134;519259;-2.541193615433e+03;-7.369580358850e+04;9.866897789812e+04;1.576166138518e+05;3.215643494423e+04;2.812060581004e+03;-8.393902130029e+03;-7.485392392716e+04;-2.565934615771e+04;
2134;519260;-2.541195803839e+03;-7.369580557050e+04;9.866897913554e+04;1.576166142528e+05;3.215643603909e+04;2.812062680013e+03;-8.393905404128e+03;-7.485392631454e+04;-2.565934591314e+04;
2134;519261;-2.541197992186e+03;-7.369580755234e+04;9.866898037294e+04;1.576166146537e+05;3.215643713393e+04;2.812064779084e+03;-8.393908678185e+03;-7.485392870192e+04;-2.565934566861e+04;
2134;519262;-2.541200180476e+03;-7.369580953401e+04;9.866898161032e+04;1.576166150546e+05;3.215643822876e+04;2.812066878216e+03;-8.393911952200e+03;-7.485393108928e+04;-2.565934542410e+04;
2134;519263;-2.541202368706e+03;-7.369581151552e+04;9.866898284769e+04;1.576166154554e+05;3.215643932357e+04;2.812068977411e+03;-8.393915226172e+03;-7.485393347664e+04;-2.565934517963e+04;
2134;519264;-2.541204556879e+03;-7.369581349686e+04;9.866898408504e+04;1.576166158562e+05;3.215644041836e+04;2.812071076667e+03;-8.393918500101e+03;-7.485393586400e+04;-2.565934493518e+04;
2134;519265;-2.541206744993e+03;-7.369581547804e+04;9.866898532237e+04;1.576166162568e+05;3.215644151315e+04;2.812073175985e+03;-8.393921773988e+03;-7.485393825134e+04;-2.565934469077e+04;
2134;519266;-2.541208933049e+03;-7.369581745905e+04;9.866898655968e+04;1.576166166575e+05;3.215644260791e+04;2.812075275366e+03;-8.393925047833e+03;-7.485394063868e+04;-2.565934444639e+04;
2134;519267;-2.541211121047e+03;-7.369581943989e+04;9.866898779698e+04;1.576166170581e+05;3.215644370266e+04;2.812077374808e+03;-8.393928321635e+03;-7.485394302601e+04;-2.565934420203e+04;
2134;519268;-2.541213308986e+03;-7.369582142057e+04;9.866898903426e+04;1.576166174586e+05;3.215644479740e+04;2.812079474311e+03;-8.393931595394e+03;-7.485394541334e+04;-2.565934395771e+04;
2134;519269;-2.541215496867e+03;-7.369582340108e+04;9.866899027153e+04;1.576166178591e+05;3.215644589212e+04;2.812081573877e+03;-8.393934869110e+03;-7.485394780066e+04;-2.565934371342e+04;
2134;519270;-2.541217684690e+03;-7.369582538143e+04;9.866899150877e+04;1.576166182595e+05;3.215644698682e+04;2.812083673504e+03;-8.393938142784e+03;-7.485395018797e+04;-2.565934346916e+04;
2134;519271;-2.541219872455e+03;-7.369582736162e+04;9.866899274600e+04;1.576166186598e+05;3.215644808151e+04;2.812085773194e+03;-8.393941416416e+03;-7.485395257527e+04;-2.565934322493e+04;
2134;519272;-2.541222060162e+03;-7.369582934163e+04;9.866899398321e+04;1.576166190601e+05;3.215644917619e+04;2.812087872945e+03;-8.393944690004e+03;-7.485395496257e+04;-2.565934298073e+04;
2134;519273;-2.541224247810e+03;-7.369583132149e+04;9.866899522041e+04;1.576166194604e+05;3.215645027085e+04;2.812089972758e+03;-8.393947963550e+03;-7.485395734985e+04;-2.565934273657e+04;
2134;519274;-2.541226435400e+03;-7.369583330117e+04;9.866899645759e+04;1.576166198606e+05;3.215645136550e+04;2.812092072633e+03;-8.393951237053e+03;-7.485395973714e+04;-2.565934249243e+04;
2134;519275;-2.541228622932e+03;-7.369583528069e+04;9.866899769475e+04;1.576166202607e+05;3.215645246013e+04;2.812094172569e+03;-8.393954510514e+03;-7.485396212441e+04;-2.565934224832e+04;
2134;519276;-2.541230810406e+03;-7.369583726005e+04;9.866899893189e+04;1.576166206608e+05;3.215645355474e+04;2.812096272568e+03;-8.393957783932e+03;-7.485396451168e+04;-2.565934200425e+04;
2134;519277;-2.541232997822e+03;-7.369583923924e+04;9.866900016902e+04;1.576166210608e+05;3.215645464934e+04;2.812098372628e+03;-8.393961057307e+03;-7.485396689894e+04;-2.565934176020e+04;
2134;519278;-2.541235185180e+03;-7.369584121826e+04;9.866900140613e+04;1.576166214607e+05;3.215645574393e+04;2.812100472750e+03;-8.393964330639e+03;-7.485396928619e+04;-2.565934151619e+04;
2134;519279;-2.541237372479e+03;-7.369584319712e+04;9.866900264322e+04;1.576166218606e+05;3.215645683850e+04;2.812102572933e+03;-8.393967603928e+03;-7.485397167344e+04;-2.565934127221e+04;
2134;519280;-2.541239559720e+03;-7.369584517581e+04;9.866900388030e+04;1.576166222605e+05;3.215645793305e+04;2.812104673179e+03;-8.393970877175e+03;-7.485397406068e+04;-2.565934102826e+04;
2134;519281;-2.541241746904e+03;-7.369584715434e+04;9.866900511736e+04;1.576166226603e+05;3.215645902759e+04;2.812106773486e+03;-8.393974150379e+03;-7.485397644791e+04;-2.565934078434e+04;
2134;519282;-2.541243934029e+03;-7.369584913270e+04;9.866900635440e+04;1.576166230600e+05;3.215646012212e+04;2.812108873855e+03;-8.393977423539e+03;-7.485397883513e+04;-2.565934054045e+04;
2134;519283;-2.541246121096e+03;-7.369585111090e+04;9.866900759142e+04;1.576166234597e+05;3.215646121663e+04;2.812110974286e+03;-8.393980696657e+03;-7.485398122235e+04;-2.565934029659e+04;
2134;519284;-2.541248308105e+03;-7.369585308893e+04;9.866900882843e+04;1.576166238593e+05;3.215646231112e+04;2.812113074778e+03;-8.393983969733e+03;-7.485398360956e+04;-2.565934005276e+04;
2134;519285;-2.541250495055e+03;-7.369585506679e+04;9.866901006542e+04;1.576166242589e+05;3.215646340560e+04;2.812115175332e+03;-8.393987242765e+03;-7.485398599677e+04;-2.565933980896e+04;
2134;519286;-2.541252681948e+03;-7.369585704449e+04;9.866901130240e+04;1.576166246584e+05;3.215646450007e+04;2.812117275948e+03;-8.393990515754e+03;-7.485398838396e+04;-2.565933956520e+04;
2134;519287;-2.541254868783e+03;-7.369585902202e+04;9.866901253935e+04;1.576166250578e+05;3.215646559451e+04;2.812119376626e+03;-8.393993788700e+03;-7.485399077115e+04;-2.565933932146e+04;
2134;519288;-2.541257055560e+03;-7.369586099939e+04;9.866901377629e+04;1.576166254572e+05;3.215646668895e+04;2.812121477365e+03;-8.393997061604e+03;-7.485399315833e+04;-2.565933907776e+04;
2134;519289;-2.541259242278e+03;-7.369586297659e+04;9.866901501321e+04;1.576166258566e+05;3.215646778337e+04;2.812123578166e+03;-8.394000334464e+03;-7.485399554551e+04;-2.565933883409e+04;
2134;519290;-2.541261428939e+03;-7.369586495363e+04;9.866901625012e+04;1.576166262559e+05;3.215646887777e+04;2.812125679029e+03;-8.394003607282e+03;-7.485399793267e+04;-2.565933859044e+04;
2134;519291;-2.541263615542e+03;-7.369586693050e+04;9.866901748701e+04;1.576166266551e+05;3.215646997216e+04;2.812127779953e+03;-8.394006880056e+03;-7.485400031984e+04;-2.565933834683e+04;
2134;519292;-2.541265802086e+03;-7.369586890720e+04;9.866901872388e+04;1.576166270543e+05;3.215647106654e+04;2.812129880939e+03;-8.394010152787e+03;-7.485400270699e+04;-2.565933810326e+04;
2134;519293;-2.541267988573e+03;-7.369587088374e+04;9.866901996073e+04;1.576166274534e+05;3.215647216090e+04;2.812131981987e+03;-8.394013425476e+03;-7.485400509413e+04;-2.565933785971e+04;
2134;519294;-2.541270175001e+03;-7.369587286012e+04;9.866902119757e+04;1.576166278524e+05;3.215647325524e+04;2.812134083096e+03;-8.394016698121e+03;-7.485400748127e+04;-2.565933761619e+04;
2134;519295;-2.541272361372e+03;-7.369587483632e+04;9.866902243439e+04;1.576166282514e+05;3.215647434957e+04;2.812136184268e+03;-8.394019970723e+03;-7.485400986840e+04;-2.565933737271e+04;
2134;519296;-2.541274547685e+03;-7.369587681237e+04;9.866902367119e+04;1.576166286504e+05;3.215647544388e+04;2.812138285500e+03;-8.394023243282e+03;-7.485401225553e+04;-2.565933712925e+04;
2134;519297;-2.541276733939e+03;-7.369587878824e+04;9.866902490798e+04;1.576166290493e+05;3.215647653818e+04;2.812140386795e+03;-8.394026515798e+03;-7.485401464265e+04;-2.565933688583e+04;
2134;519298;-2.541278920136e+03;-7.369588076395e+04;9.866902614474e+04;1.576166294481e+05;3.215647763246e+04;2.812142488151e+03;-8.394029788271e+03;-7.485401702976e+04;-2.565933664244e+04;
2134;519299;-2.541281106275e+03;-7.369588273950e+04;9.866902738150e+04;1.576166298469e+05;3.215647872673e+04;2.812144589568e+03;-8.394033060701e+03;-7.485401941686e+04;-2.565933639908e+04;
2134;519300;-2.541283292356e+03;-7.369588471488e+04;9.866902861823e+04;1.576166302456e+05;3.215647982099e+04;2.812146691048e+03;-8.394036333087e+03;-7.485402180395e+04;-2.565933615575e+04;
2134;519301;-2.541285478379e+03;-7.369588669009e+04;9.866902985495e+04;1.576166306442e+05;3.215648091523e+04;2.812148792588e+03;-8.394039605430e+03;-7.485402419104e+04;-2.565933591245e+04;
2134;519302;-2.541287664344e+03;-7.369588866514e+04;9.866903109165e+04;1.576166310428e+05;3.215648200945e+04;2.812150894191e+03;-8.394042877731e+03;-7.485402657812e+04;-2.565933566918e+04;
2134;519303;-2.541289850251e+03;-7.369589064002e+04;9.866903232833e+04;1.576166314414e+05;3.215648310366e+04;2.812152995855e+03;-8.394046149987e+03;-7.485402896520e+04;-2.565933542595e+04;
2134;519304;-2.541292036101e+03;-7.369589261474e+04;9.866903356500e+04;1.576166318399e+05;3.215648419785e+04;2.812155097581e+03;-8.394049422201e+03;-7.485403135226e+04;-2.565933518274e+04;
2134;519305;-2.541294221892e+03;-7.369589458929e+04;9.866903480165e+04;1.576166322383e+05;3.215648529203e+04;2.812157199368e+03;-8.394052694371e+03;-7.485403373932e+04;-2.565933493957e+04;
2134;519306;-2.541296407626e+03;-7.369589656367e+04;9.866903603828e+04;1.576166326367e+05;3.215648638619e+04;2.812159301217e+03;-8.394055966498e+03;-7.485403612638e+04;-2.565933469643e+04;
2134;519307;-2.541298593302e+03;-7.369589853789e+04;9.866903727489e+04;1.576166330350e+05;3.215648748034e+04;2.812161403127e+03;-8.394059238582e+03;-7.485403851342e+04;-2.565933445332e+04;
2134;519308;-2.541300778919e+03;-7.369590051194e+04;9.866903851149e+04;1.576166334333e+05;3.215648857447e+04;2.812163505099e+03;-8.394062510623e+03;-7.485404090046e+04;-2.565933421024e+04;
2134;519309;-2.541302964480e+03;-7.369590248583e+04;9.866903974807e+04;1.576166338315e+05;3.215648966859e+04;2.812165607133e+03;-8.394065782620e+03;-7.485404328749e+04;-2.565933396720e+04;
2134;519310;-2.541305149982e+03;-7.369590445955e+04;9.866904098463e+04;1.576166342296e+05;3.215649076269e+04;2.812167709228e+03;-8.394069054574e+03;-7.485404567451e+04;-2.565933372418e+04;
2134;519311;-2.541307335426e+03;-7.369590643311e+04;9.866904222118e+04;1.576166346277e+05;3.215649185678e+04;2.812169811385e+03;-8.394072326484e+03;-7.485404806153e+04;-2.565933348120e+04;
2134;519312;-2.541309520813e+03;-7.369590840650e+04;9.866904345771e+04;1.576166350257e+05;3.215649295085e+04;2.812171913603e+03;-8.394075598351e+03;-7.485405044854e+04;-2.565933323825e+04;
2134;519313;-2.541311706142e+03;-7.369591037972e+04;9.866904469422e+04;1.576166354237e+05;3.215649404491e+04;2.812174015883e+03;-8.394078870175e+03;-7.485405283554e+04;-2.565933299533e+04;
2134;519314;-2.541313891413e+03;-7.369591235278e+04;9.866904593072e+04;1.576166358216e+05;3.215649513895e+04;2.812176118224e+03;-8.394082141955e+03;-7.485405522253e+04;-2.565933275244e+04;
2134;519315;-2.541316076626e+03;-7.369591432567e+04;9.866904716720e+04;1.576166362195e+05;3.215649623298e+04;2.812178220627e+03;-8.394085413691e+03;-7.485405760952e+04;-2.565933250958e+04;
2134;519316;-2.541318261782e+03;-7.369591629839e+04;9.866904840366e+04;1.576166366173e+05;3.215649732699e+04;2.812180323091e+03;-8.394088685385e+03;-7.485405999650e+04;-2.565933226676e+04;
2134;519317;-2.541320446879e+03;-7.369591827096e+04;9.866904964010e+04;1.576166370151e+05;3.215649842099e+04;2.812182425617e+03;-8.394091957035e+03;-7.485406238347e+04;-2.565933202396e+04;
2134;519318;-2.541322631919e+03;-7.369592024335e+04;9.866905087653e+04;1.576166374128e+05;3.215649951497e+04;2.812184528204e+03;-8.394095228641e+03;-7.485406477044e+04;-2.565933178120e+04;
2134;519319;-2.541324816902e+03;-7.369592221558e+04;9.866905211294e+04;1.576166378104e+05;3.215650060894e+04;2.812186630853e+03;-8.394098500204e+03;-7.485406715740e+04;-2.565933153847e+04;
2134;519320;-2.541327001826e+03;-7.369592418764e+04;9.866905334933e+04;1.576166382080e+05;3.215650170289e+04;2.812188733563e+03;-8.394101771723e+03;-7.485406954435e+04;-2.565933129577e+04;
2134;519321;-2.541329186693e+03;-7.369592615954e+04;9.866905458571e+04;1.576166386055e+05;3.215650279683e+04;2.812190836335e+03;-8.394105043199e+03;-7.485407193129e+04;-2.565933105310e+04;
2134;519322;-2.541331371502e+03;-7.369592813127e+04;9.866905582207e+04;1.576166390030e+05;3.215650389075e+04;2.812192939168e+03;-8.394108314631e+03;-7.485407431823e+04;-2.565933081047e+04;
2134;519323;-2.541333556254e+03;-7.369593010283e+04;9.866905705841e+04;1.576166394004e+05;3.215650498466e+04;2.812195042063e+03;-8.394111586019e+03;-7.485407670515e+04;-2.565933056787e+04;
2134;519324;-2.541335740947e+03;-7.369593207423e+04;9.866905829473e+04;1.576166397977e+05;3.215650607855e+04;2.812197145019e+03;-8.394114857364e+03;-7.485407909208e+04;-2.565933032529e+04;
2134;519325;-2.541337925583e+03;-7.369593404547e+04;9.866905953104e+04;1.576166401950e+05;3.215650717242e+04;2.812199248036e+03;-8.394118128666e+03;-7.485408147899e+04;-2.565933008276e+04;
2134;519326;-2.541340110162e+03;-7.369593601653e+04;9.866906076733e+04;1.576166405923e+05;3.215650826628e+04;2.812201351115e+03;-8.394121399923e+03;-7.485408386590e+04;-2.565932984025e+04;
2134;519327;-2.541342294683e+03;-7.369593798743e+04;9.866906200360e+04;1.576166409895e+05;3.215650936013e+04;2.812203454256e+03;-8.394124671138e+03;-7.485408625280e+04;-2.565932959777e+04;
2134;519328;-2.541344479146e+03;-7.369593995817e+04;9.866906323986e+04;1.576166413866e+05;3.215651045396e+04;2.812205557458e+03;-8.394127942308e+03;-7.485408863969e+04;-2.565932935533e+04;
2134;519329;-2.541346663551e+03;-7.369594192874e+04;9.866906447610e+04;1.576166417837e+05;3.215651154778e+04;2.812207660721e+03;-8.394131213435e+03;-7.485409102658e+04;-2.565932911291e+04;
2134;519330;-2.541348847899e+03;-7.369594389914e+04;9.866906571232e+04;1.576166421807e+05;3.215651264158e+04;2.812209764046e+03;-8.394134484518e+03;-7.485409341345e+04;-2.565932887053e+04;
2134;519331;-2.541351032189e+03;-7.369594586938e+04;9.866906694852e+04;1.576166425776e+05;3.215651373536e+04;2.812211867432e+03;-8.394137755557e+03;-7.485409580032e+04;-2.565932862819e+04;
2134;519332;-2.541353216422e+03;-7.369594783945e+04;9.866906818471e+04;1.576166429745e+05;3.215651482913e+04;2.812213970879e+03;-8.394141026552e+03;-7.485409818719e+04;-2.565932838587e+04;
2134;519333;-2.541355400597e+03;-7.369594980936e+04;9.866906942088e+04;1.576166433714e+05;3.215651592289e+04;2.812216074388e+03;-8.394144297504e+03;-7.485410057404e+04;-2.565932814358e+04;
2134;519334;-2.541357584715e+03;-7.369595177910e+04;9.866907065704e+04;1.576166437682e+05;3.215651701663e+04;2.812218177958e+03;-8.394147568412e+03;-7.485410296089e+04;-2.565932790133e+04;
2134;519335;-2.541359768774e+03;-7.369595374867e+04;9.866907189317e+04;1.576166441649e+05;3.215651811036e+04;2.812220281590e+03;-8.394150839276e+03;-7.485410534773e+04;-2.565932765911e+04;
2134;519336;-2.541361952777e+03;-7.369595571808e+04;9.866907312929e+04;1.576166445616e+05;3.215651920407e+04;2.812222385283e+03;-8.394154110097e+03;-7.485410773457e+04;-2.565932741692e+04;
2134;519337;-2.541364136722e+03;-7.369595768732e+04;9.866907436540e+04;1.576166449582e+05;3.215652029776e+04;2.812224489037e+03;-8.394157380873e+03;-7.485411012139e+04;-2.565932717477e+04;
2134;519338;-2.541366320609e+03;-7.369595965639e+04;9.866907560148e+04;1.576166453547e+05;3.215652139144e+04;2.812226592853e+03;-8.394160651606e+03;-7.485411250821e+04;-2.565932693264e+04;
2134;519339;-2.541368504439e+03;-7.369596162530e+04;9.866907683755e+04;1.576166457512e+05;3.215652248511e+04;2.812228696730e+03;-8.394163922295e+03;-7.485411489503e+04;-2.565932669055e+04;
2134;519340;-2.541370688211e+03;-7.369596359405e+04;9.866907807360e+04;1.576166461477e+05;3.215652357876e+04;2.812230800669e+03;-8.394167192940e+03;-7.485411728183e+04;-2.565932644849e+04;
2134;519341;-2.541372871925e+03;-7.369596556262e+04;9.866907930963e+04;1.576166465441e+05;3.215652467239e+04;2.812232904668e+03;-8.394170463541e+03;-7.485411966863e+04;-2.565932620646e+04;
2134;519342;-2.541375055583e+03;-7.369596753103e+04;9.866908054565e+04;1.576166469404e+05;3.215652576601e+04;2.812235008730e+03;-8.394173734098e+03;-7.485412205542e+04;-2.565932596447e+04;
2134;519343;-2.541377239182e+03;-7.369596949928e+04;9.866908178165e+04;1.576166473367e+05;3.215652685961e+04;2.812237112852e+03;-8.394177004611e+03;-7.485412444220e+04;-2.565932572250e+04;
2134;519344;-2.541379422725e+03;-7.369597146736e+04;9.866908301763e+04;1.576166477329e+05;3.215652795320e+04;2.812239217036e+03;-8.394180275080e+03;-7.485412682898e+04;-2.565932548057e+04;
2134;519345;-2.541381606209e+03;-7.369597343527e+04;9.866908425360e+04;1.576166481290e+05;3.215652904678e+04;2.812241321281e+03;-8.394183545506e+03;-7.485412921574e+04;-2.565932523867e+04;
2134;519346;-2.541383789637e+03;-7.369597540302e+04;9.866908548955e+04;1.576166485251e+05;3.215653014034e+04;2.812243425587e+03;-8.394186815887e+03;-7.485413160251e+04;-2.565932499680e+04;
2134;519347;-2.541385973006e+03;-7.369597737060e+04;9.866908672548e+04;1.576166489212e+05;3.215653123388e+04;2.812245529955e+03;-8.394190086224e+03;-7.485413398926e+04;-2.565932475497e+04;
2134;519348;-2.541388156319e+03;-7.369597933802e+04;9.866908796139e+04;1.576166493172e+05;3.215653232741e+04;2.812247634383e+03;-8.394193356517e+03;-7.485413637601e+04;-2.565932451317e+04;
2134;519349;-2.541390339574e+03;-7.369598130526e+04;9.866908919729e+04;1.576166497131e+05;3.215653342092e+04;2.812249738874e+03;-8.394196626767e+03;-7.485413876274e+04;-2.565932427140e+04;
2134;519350;-2.541392522771e+03;-7.369598327235e+04;9.866909043317e+04;1.576166501090e+05;3.215653451442e+04;2.812251843425e+03;-8.394199896972e+03;-7.485414114948e+04;-2.565932402966e+04;
2134;519351;-2.541394705911e+03;-7.369598523926e+04;9.866909166904e+04;1.576166505048e+05;3.215653560790e+04;2.812253948038e+03;-8.394203167133e+03;-7.485414353620e+04;-2.565932378795e+04;
2134;519352;-2.541396888994e+03;-7.369598720601e+04;9.866909290488e+04;1.576166509005e+05;3.215653670137e+04;2.812256052712e+03;-8.394206437250e+03;-7.485414592292e+04;-2.565932354628e+04;
2134;519353;-2.541399072019e+03;-7.369598917260e+04;9.866909414071e+04;1.576166512962e+05;3.215653779483e+04;2.812258157447e+03;-8.394209707323e+03;-7.485414830963e+04;-2.565932330464e+04;
2134;519354;-2.541401254987e+03;-7.369599113902e+04;9.866909537652e+04;1.576166516919e+05;3.215653888826e+04;2.812260262243e+03;-8.394212977351e+03;-7.485415069633e+04;-2.565932306303e+04;
2134;519355;-2.541403437898e+03;-7.369599310527e+04;9.866909661232e+04;1.576166520875e+05;3.215653998169e+04;2.812262367101e+03;-8.394216247336e+03;-7.485415308302e+04;-2.565932282146e+04;
2134;519356;-2.541405620751e+03;-7.369599507135e+04;9.866909784810e+04;1.576166524830e+05;3.215654107509e+04;2.812264472020e+03;-8.394219517276e+03;-7.485415546971e+04;-2.565932257991e+04;
2134;519357;-2.541407803547e+03;-7.369599703727e+04;9.866909908386e+04;1.576166528785e+05;3.215654216849e+04;2.812266577000e+03;-8.394222787172e+03;-7.485415785639e+04;-2.565932233840e+04;
2134;519358;-2.541409986285e+03;-7.369599900303e+04;9.866910031960e+04;1.576166532739e+05;3.215654326187e+04;2.812268682042e+03;-8.394226057024e+03;-7.485416024306e+04;-2.565932209692e+04;
2134;519359;-2.541412168966e+03;-7.369600096861e+04;9.866910155533e+04;1.576166536692e+05;3.215654435523e+04;2.812270787144e+03;-8.394229326832e+03;-7.485416262973e+04;-2.565932185548e+04;
2134;519360;-2.541414351590e+03;-7.369600293404e+04;9.866910279104e+04;1.576166540645e+05;3.215654544857e+04;2.812272892308e+03;-8.394232596596e+03;-7.485416501638e+04;-2.565932161406e+04;
2134;519361;-2.541416534157e+03;-7.369600489929e+04;9.866910402673e+04;1.576166544598e+05;3.215654654191e+04;2.812274997533e+03;-8.394235866315e+03;-7.485416740303e+04;-2.565932137268e+04;
2134;519362;-2.541418716666e+03;-7.369600686438e+04;9.866910526240e+04;1.576166548550e+05;3.215654763522e+04;2.812277102819e+03;-8.394239135990e+03;-7.485416978968e+04;-2.565932113133e+04;
2134;519363;-2.541420899118e+03;-7.369600882930e+04;9.866910649806e+04;1.576166552501e+05;3.215654872853e+04;2.812279208166e+03;-8.394242405621e+03;-7.485417217631e+04;-2.565932089002e+04;
2134;519364;-2.541423081513e+03;-7.369601079406e+04;9.866910773370e+04;1.576166556452e+05;3.215654982181e+04;2.812281313575e+03;-8.394245675207e+03;-7.485417456294e+04;-2.565932064873e+04;
2134;519365;-2.541425263850e+03;-7.369601275865e+04;9.866910896933e+04;1.576166560402e+05;3.215655091508e+04;2.812283419044e+03;-8.394248944749e+03;-7.485417694956e+04;-2.565932040748e+04;
2134;519366;-2.541427446130e+03;-7.369601472307e+04;9.866911020493e+04;1.576166564351e+05;3.215655200834e+04;2.812285524575e+03;-8.394252214247e+03;-7.485417933618e+04;-2.565932016626e+04;
2134;519367;-2.541429628353e+03;-7.369601668733e+04;9.866911144052e+04;1.576166568300e+05;3.215655310158e+04;2.812287630167e+03;-8.394255483700e+03;-7.485418172278e+04;-2.565931992508e+04;
2134;519368;-2.541431810519e+03;-7.369601865142e+04;9.866911267610e+04;1.576166572249e+05;3.215655419481e+04;2.812289735820e+03;-8.394258753109e+03;-7.485418410938e+04;-2.565931968392e+04;
2134;519369;-2.541433992627e+03;-7.369602061535e+04;9.866911391165e+04;1.576166576197e+05;3.215655528802e+04;2.812291841534e+03;-8.394262022474e+03;-7.485418649597e+04;-2.565931944280e+04;
2134;519370;-2.541436174678e+03;-7.369602257911e+04;9.866911514719e+04;1.576166580144e+05;3.215655638122e+04;2.812293947310e+03;-8.394265291794e+03;-7.485418888256e+04;-2.565931920172e+04;
2134;519371;-2.541438356672e+03;-7.369602454270e+04;9.866911638271e+04;1.576166584091e+05;3.215655747440e+04;2.812296053146e+03;-8.394268561070e+03;-7.485419126913e+04;-2.565931896066e+04;
2134;519372;-2.541440538609e+03;-7.369602650613e+04;9.866911761822e+04;1.576166588037e+05;3.215655856756e+04;2.812298159044e+03;-8.394271830301e+03;-7.485419365570e+04;-2.565931871964e+04;
2134;519373;-2.541442720489e+03;-7.369602846939e+04;9.866911885370e+04;1.576166591982e+05;3.215655966071e+04;2.812300265002e+03;-8.394275099488e+03;-7.485419604226e+04;-2.565931847865e+04;
2134;519374;-2.541444902311e+03;-7.369603043248e+04;9.866912008917e+04;1.576166595927e+05;3.215656075385e+04;2.812302371022e+03;-8.394278368630e+03;-7.485419842882e+04;-2.565931823769e+04;
2134;519375;-2.541447084076e+03;-7.369603239541e+04;9.866912132463e+04;1.576166599872e+05;3.215656184697e+04;2.812304477103e+03;-8.394281637728e+03;-7.485420081536e+04;-2.565931799677e+04;
2134;519376;-2.541449265784e+03;-7.369603435817e+04;9.866912256006e+04;1.576166603815e+05;3.215656294007e+04;2.812306583245e+03;-8.394284906781e+03;-7.485420320190e+04;-2.565931775588e+04;
2134;519377;-2.541451447435e+03;-7.369603632077e+04;9.866912379548e+04;1.576166607759e+05;3.215656403316e+04;2.812308689448e+03;-8.394288175790e+03;-7.485420558843e+04;-2.565931751502e+04;
2134;519378;-2.541453629029e+03;-7.369603828319e+04;9.866912503088e+04;1.576166611701e+05;3.215656512624e+04;2.812310795712e+03;-8.394291444754e+03;-7.485420797496e+04;-2.565931727420e+04;
2134;519379;-2.541455810566e+03;-7.369604024546e+04;9.866912626627e+04;1.576166615643e+05;3.215656621930e+04;2.812312902037e+03;-8.394294713674e+03;-7.485421036147e+04;-2.565931703340e+04;
2134;519380;-2.541457992045e+03;-7.369604220755e+04;9.866912750164e+04;1.576166619585e+05;3.215656731234e+04;2.812315008424e+03;-8.394297982549e+03;-7.485421274798e+04;-2.565931679264e+04;
2134;519381;-2.541460173468e+03;-7.369604416948e+04;9.866912873699e+04;1.576166623526e+05;3.215656840537e+04;2.812317114871e+03;-8.394301251379e+03;-7.485421513449e+04;-2.565931655192e+04;
2134;519382;-2.541462354833e+03;-7.369604613125e+04;9.866912997232e+04;1.576166627466e+05;3.215656949839e+04;2.812319221379e+03;-8.394304520165e+03;-7.485421752098e+04;-2.565931631122e+04;
2134;519383;-2.541464536141e+03;-7.369604809284e+04;9.866913120764e+04;1.576166631406e+05;3.215657059139e+04;2.812321327949e+03;-8.394307788906e+03;-7.485421990747e+04;-2.565931607056e+04;
2134;519384;-2.541466717392e+03;-7.369605005428e+04;9.866913244294e+04;1.576166635345e+05;3.215657168437e+04;2.812323434579e+03;-8.394311057603e+03;-7.485422229395e+04;-2.565931582994e+04;
2134;519385;-2.541468898586e+03;-7.369605201554e+04;9.866913367822e+04;1.576166639284e+05;3.215657277734e+04;2.812325541270e+03;-8.394314326255e+03;-7.485422468042e+04;-2.565931558934e+04;
2134;519386;-2.541471079723e+03;-7.369605397664e+04;9.866913491348e+04;1.576166643222e+05;3.215657387029e+04;2.812327648023e+03;-8.394317594862e+03;-7.485422706688e+04;-2.565931534878e+04;
2134;519387;-2.541473260803e+03;-7.369605593757e+04;9.866913614873e+04;1.576166647160e+05;3.215657496323e+04;2.812329754836e+03;-8.394320863424e+03;-7.485422945334e+04;-2.565931510825e+04;
2134;519388;-2.541475441826e+03;-7.369605789834e+04;9.866913738396e+04;1.576166651097e+05;3.215657605616e+04;2.812331861711e+03;-8.394324131942e+03;-7.485423183979e+04;-2.565931486776e+04;
2134;519389;-2.541477622792e+03;-7.369605985894e+04;9.866913861918e+04;1.576166655033e+05;3.215657714906e+04;2.812333968646e+03;-8.394327400415e+03;-7.485423422623e+04;-2.565931462729e+04;
2134;519390;-2.541479803701e+03;-7.369606181937e+04;9.866913985437e+04;1.576166658969e+05;3.215657824196e+04;2.812336075642e+03;-8.394330668843e+03;-7.485423661267e+04;-2.565931438686e+04;
2134;519391;-2.541481984553e+03;-7.369606377963e+04;9.866914108955e+04;1.576166662904e+05;3.215657933483e+04;2.812338182700e+03;-8.394333937226e+03;-7.485423899910e+04;-2.565931414647e+04;
2134;519392;-2.541484165348e+03;-7.369606573973e+04;9.866914232472e+04;1.576166666839e+05;3.215658042770e+04;2.812340289818e+03;-8.394337205565e+03;-7.485424138552e+04;-2.565931390610e+04;
2134;519393;-2.541486346086e+03;-7.369606769967e+04;9.866914355986e+04;1.576166670773e+05;3.215658152055e+04;2.812342396997e+03;-8.394340473858e+03;-7.485424377193e+04;-2.565931366577e+04;
2134;519394;-2.541488526767e+03;-7.369606965944e+04;9.866914479499e+04;1.576166674706e+05;3.215658261338e+04;2.812344504238e+03;-8.394343742107e+03;-7.485424615833e+04;-2.565931342548e+04;
2134;519395;-2.541490707391e+03;-7.369607161904e+04;9.866914603010e+04;1.576166678639e+05;3.215658370619e+04;2.812346611539e+03;-8.394347010311e+03;-7.485424854473e+04;-2.565931318521e+04;
2134;519396;-2.541492887958e+03;-7.369607357847e+04;9.866914726520e+04;1.576166682572e+05;3.215658479900e+04;2.812348718901e+03;-8.394350278470e+03;-7.485425093112e+04;-2.565931294498e+04;
2134;519397;-2.541495068468e+03;-7.369607553774e+04;9.866914850027e+04;1.576166686503e+05;3.215658589178e+04;2.812350826324e+03;-8.394353546584e+03;-7.485425331750e+04;-2.565931270479e+04;
2134;519398;-2.541497248921e+03;-7.369607749684e+04;9.866914973533e+04;1.576166690435e+05;3.215658698456e+04;2.812352933808e+03;-8.394356814654e+03;-7.485425570388e+04;-2.565931246462e+04;
2134;519399;-2.541499429317e+03;-7.369607945578e+04;9.866915097038e+04;1.576166694365e+05;3.215658807731e+04;2.812355041353e+03;-8.394360082678e+03;-7.485425809025e+04;-2.565931222449e+04;
2134;519400;-2.541501609656e+03;-7.369608141454e+04;9.866915220540e+04;1.576166698295e+05;3.215658917005e+04;2.812357148959e+03;-8.394363350658e+03;-7.485426047661e+04;-2.565931198440e+04;
2134;519401;-2.541503789939e+03;-7.369608337315e+04;9.866915344041e+04;1.576166702225e+05;3.215659026278e+04;2.812359256626e+03;-8.394366618592e+03;-7.485426286296e+04;-2.565931174433e+04;
2134;519402;-2.541505970164e+03;-7.369608533158e+04;9.866915467540e+04;1.576166706154e+05;3.215659135549e+04;2.812361364353e+03;-8.394369886482e+03;-7.485426524930e+04;-2.565931150430e+04;
2134;519403;-2.541508150333e+03;-7.369608728985e+04;9.866915591038e+04;1.576166710082e+05;3.215659244819e+04;2.812363472142e+03;-8.394373154326e+03;-7.485426763564e+04;-2.565931126430e+04;
2134;519404;-2.541510330444e+03;-7.369608924795e+04;9.866915714533e+04;1.576166714010e+05;3.215659354087e+04;2.812365579991e+03;-8.394376422126e+03;-7.485427002197e+04;-2.565931102434e+04;
2134;519405;-2.541512510499e+03;-7.369609120589e+04;9.866915838027e+04;1.576166717937e+05;3.215659463354e+04;2.812367687901e+03;-8.394379689880e+03;-7.485427240829e+04;-2.565931078441e+04;
2134;519406;-2.541514690497e+03;-7.369609316366e+04;9.866915961520e+04;1.576166721863e+05;3.215659572619e+04;2.812369795873e+03;-8.394382957589e+03;-7.485427479461e+04;-2.565931054451e+04;
2134;519407;-2.541516870438e+03;-7.369609512126e+04;9.866916085010e+04;1.576166725789e+05;3.215659681882e+04;2.812371903905e+03;-8.394386225254e+03;-7.485427718092e+04;-2.565931030465e+04;
2134;519408;-2.541519050323e+03;-7.369609707870e+04;9.866916208499e+04;1.576166729715e+05;3.215659791144e+04;2.812374011998e+03;-8.394389492873e+03;-7.485427956722e+04;-2.565931006482e+04;
2134;519409;-2.541521230150e+03;-7.369609903597e+04;9.866916331986e+04;1.576166733640e+05;3.215659900405e+04;2.812376120151e+03;-8.394392760447e+03;-7.485428195351e+04;-2.565930982502e+04;
2134;519410;-2.541523409921e+03;-7.369610099307e+04;9.866916455472e+04;1.576166737564e+05;3.215660009664e+04;2.812378228366e+03;-8.394396027976e+03;-7.485428433979e+04;-2.565930958526e+04;
2134;519411;-2.541525589635e+03;-7.369610295001e+04;9.866916578956e+04;1.576166741488e+05;3.215660118921e+04;2.812380336641e+03;-8.394399295460e+03;-7.485428672607e+04;-2.565930934553e+04;
2134;519412;-2.541527769292e+03;-7.369610490678e+04;9.866916702438e+04;1.576166745411e+05;3.215660228177e+04;2.812382444978e+03;-8.394402562899e+03;-7.485428911234e+04;-2.565930910583e+04;
2134;519413;-2.541529948892e+03;-7.369610686339e+04;9.866916825918e+04;1.576166749333e+05;3.215660337432e+04;2.812384553375e+03;-8.394405830292e+03;-7.485429149860e+04;-2.565930886617e+04;
2134;519414;-2.541532128435e+03;-7.369610881982e+04;9.866916949397e+04;1.576166753255e+05;3.215660446684e+04;2.812386661832e+03;-8.394409097640e+03;-7.485429388486e+04;-2.565930862654e+04;
2134;519415;-2.541534307922e+03;-7.369611077610e+04;9.866917072874e+04;1.576166757177e+05;3.215660555936e+04;2.812388770351e+03;-8.394412364943e+03;-7.485429627110e+04;-2.565930838695e+04;
2134;519416;-2.541536487352e+03;-7.369611273220e+04;9.866917196349e+04;1.576166761098e+05;3.215660665186e+04;2.812390878931e+03;-8.394415632201e+03;-7.485429865734e+04;-2.565930814739e+04;
2134;519417;-2.541538666725e+03;-7.369611468814e+04;9.866917319823e+04;1.576166765018e+05;3.215660774434e+04;2.812392987571e+03;-8.394418899414e+03;-7.485430104358e+04;-2.565930790786e+04;
2134;519418;-2.541540846042e+03;-7.369611664391e+04;9.866917443294e+04;1.576166768937e+05;3.215660883681e+04;2.812395096272e+03;-8.394422166581e+03;-7.485430342980e+04;-2.565930766836e+04;
2134;519419;-2.541543025301e+03;-7.369611859951e+04;9.866917566764e+04;1.576166772857e+05;3.215660992926e+04;2.812397205034e+03;-8.394425433703e+03;-7.485430581602e+04;-2.565930742890e+04;
2134;519420;-2.541545204504e+03;-7.369612055495e+04;9.866917690233e+04;1.576166776775e+05;3.215661102170e+04;2.812399313856e+03;-8.394428700780e+03;-7.485430820223e+04;-2.565930718948e+04;
2134;519421;-2.541547383651e+03;-7.369612251022e+04;9.866917813699e+04;1.576166780693e+05;3.215661211412e+04;2.812401422740e+03;-8.394431967812e+03;-7.485431058843e+04;-2.565930695008e+04;
2134;519422;-2.541549562740e+03;-7.369612446533e+04;9.866917937164e+04;1.576166784610e+05;3.215661320653e+04;2.812403531684e+03;-8.394435234798e+03;-7.485431297462e+04;-2.565930671072e+04;
2134;519423;-2.541551741773e+03;-7.369612642027e+04;9.866918060628e+04;1.576166788527e+05;3.215661429893e+04;2.812405640689e+03;-8.394438501739e+03;-7.485431536081e+04;-2.565930647140e+04;
2134;519424;-2.541553920750e+03;-7.369612837504e+04;9.866918184089e+04;1.576166792443e+05;3.215661539130e+04;2.812407749754e+03;-8.394441768634e+03;-7.485431774699e+04;-2.565930623210e+04;
2134;519425;-2.541556099669e+03;-7.369613032964e+04;9.866918307549e+04;1.576166796359e+05;3.215661648367e+04;2.812409858881e+03;-8.394445035484e+03;-7.485432013316e+04;-2.565930599285e+04;
2134;519426;-2.541558278532e+03;-7.369613228408e+04;9.866918431007e+04;1.576166800274e+05;3.215661757601e+04;2.812411968068e+03;-8.394448302289e+03;-7.485432251932e+04;-2.565930575362e+04;
2134;519427;-2.541560457339e+03;-7.369613423835e+04;9.866918554464e+04;1.576166804188e+05;3.215661866834e+04;2.812414077315e+03;-8.394451569048e+03;-7.485432490548e+04;-2.565930551443e+04;
2134;519428;-2.541562636088e+03;-7.369613619246e+04;9.866918677918e+04;1.576166808102e+05;3.215661976066e+04;2.812416186624e+03;-8.394454835761e+03;-7.485432729163e+04;-2.565930527527e+04;
2134;519429;-2.541564814781e+03;-7.369613814640e+04;9.866918801371e+04;1.576166812016e+05;3.215662085296e+04;2.812418295993e+03;-8.394458102430e+03;-7.485432967777e+04;-2.565930503615e+04;
2134;519430;-2.541566993418e+03;-7.369614010017e+04;9.866918924823e+04;1.576166815928e+05;3.215662194525e+04;2.812420405423e+03;-8.394461369052e+03;-7.485433206390e+04;-2.565930479706e+04;
2134;519431;-2.541569171998e+03;-7.369614205378e+04;9.866919048272e+04;1.576166819840e+05;3.215662303752e+04;2.812422514913e+03;-8.394464635630e+03;-7.485433445003e+04;-2.565930455801e+04;
2134;519432;-2.541571350521e+03;-7.369614400721e+04;9.866919171720e+04;1.576166823752e+05;3.215662412978e+04;2.812424624465e+03;-8.394467902162e+03;-7.485433683615e+04;-2.565930431899e+04;
2134;519433;-2.541573528988e+03;-7.369614596049e+04;9.866919295166e+04;1.576166827663e+05;3.215662522202e+04;2.812426734077e+03;-8.394471168648e+03;-7.485433922226e+04;-2.565930408000e+04;
2134;519434;-2.541575707398e+03;-7.369614791359e+04;9.866919418611e+04;1.576166831573e+05;3.215662631424e+04;2.812428843749e+03;-8.394474435089e+03;-7.485434160836e+04;-2.565930384105e+04;
2134;519435;-2.541577885751e+03;-7.369614986653e+04;9.866919542053e+04;1.576166835483e+05;3.215662740645e+04;2.812430953483e+03;-8.394477701484e+03;-7.485434399446e+04;-2.565930360213e+04;
2134;519436;-2.541580064048e+03;-7.369615181930e+04;9.866919665495e+04;1.576166839393e+05;3.215662849865e+04;2.812433063276e+03;-8.394480967833e+03;-7.485434638055e+04;-2.565930336324e+04;
2134;519437;-2.541582242289e+03;-7.369615377191e+04;9.866919788934e+04;1.576166843301e+05;3.215662959083e+04;2.812435173131e+03;-8.394484234137e+03;-7.485434876663e+04;-2.565930312439e+04;
2134;519438;-2.541584420472e+03;-7.369615572435e+04;9.866919912371e+04;1.576166847209e+05;3.215663068299e+04;2.812437283046e+03;-8.394487500396e+03;-7.485435115270e+04;-2.565930288557e+04;
2134;519439;-2.541586598600e+03;-7.369615767662e+04;9.866920035807e+04;1.576166851117e+05;3.215663177514e+04;2.812439393022e+03;-8.394490766608e+03;-7.485435353877e+04;-2.565930264679e+04;
2134;519440;-2.541588776671e+03;-7.369615962872e+04;9.866920159242e+04;1.576166855024e+05;3.215663286728e+04;2.812441503059e+03;-8.394494032775e+03;-7.485435592482e+04;-2.565930240804e+04;
2134;519441;-2.541590954685e+03;-7.369616158066e+04;9.866920282674e+04;1.576166858930e+05;3.215663395940e+04;2.812443613156e+03;-8.394497298897e+03;-7.485435831087e+04;-2.565930216933e+04;
2134;519442;-2.541593132643e+03;-7.369616353243e+04;9.866920406105e+04;1.576166862836e+05;3.215663505150e+04;2.812445723313e+03;-8.394500564972e+03;-7.485436069692e+04;-2.565930193065e+04;
2134;519443;-2.541595310544e+03;-7.369616548404e+04;9.866920529534e+04;1.576166866741e+05;3.215663614359e+04;2.812447833532e+03;-8.394503831002e+03;-7.485436308295e+04;-2.565930169200e+04;
2134;519444;-2.541597488389e+03;-7.369616743548e+04;9.866920652961e+04;1.576166870646e+05;3.215663723567e+04;2.812449943810e+03;-8.394507096987e+03;-7.485436546898e+04;-2.565930145339e+04;
2134;519445;-2.541599666178e+03;-7.369616938675e+04;9.866920776387e+04;1.576166874550e+05;3.215663832772e+04;2.812452054150e+03;-8.394510362925e+03;-7.485436785500e+04;-2.565930121481e+04;
2134;519446;-2.541601843910e+03;-7.369617133785e+04;9.866920899811e+04;1.576166878453e+05;3.215663941977e+04;2.812454164550e+03;-8.394513628818e+03;-7.485437024101e+04;-2.565930097626e+04;
2134;519447;-2.541604021585e+03;-7.369617328879e+04;9.866921023233e+04;1.576166882356e+05;3.215664051180e+04;2.812456275011e+03;-8.394516894665e+03;-7.485437262701e+04;-2.565930073775e+04;
2134;519448;-2.541606199205e+03;-7.369617523956e+04;9.866921146653e+04;1.576166886258e+05;3.215664160381e+04;2.812458385532e+03;-8.394520160466e+03;-7.485437501301e+04;-2.565930049928e+04;
2134;519449;-2.541608376767e+03;-7.369617719016e+04;9.866921270072e+04;1.576166890160e+05;3.215664269581e+04;2.812460496114e+03;-8.394523426221e+03;-7.485437739900e+04;-2.565930026084e+04;
2134;519450;-2.541610554274e+03;-7.369617914060e+04;9.866921393489e+04;1.576166894061e+05;3.215664378779e+04;2.812462606756e+03;-8.394526691931e+03;-7.485437978498e+04;-2.565930002243e+04;
2134;519451;-2.541612731723e+03;-7.369618109087e+04;9.866921516905e+04;1.576166897962e+05;3.215664487976e+04;2.812464717459e+03;-8.394529957595e+03;-7.485438217095e+04;-2.565929978406e+04;
2134;519452;-2.541614909117e+03;-7.369618304098e+04;9.866921640318e+04;1.576166901862e+05;3.215664597171e+04;2.812466828222e+03;-8.394533223212e+03;-7.485438455692e+04;-2.565929954572e+04;
2134;519453;-2.541617086454e+03;-7.369618499091e+04;9.866921763730e+04;1.576166905761e+05;3.215664706365e+04;2.812468939046e+03;-8.394536488784e+03;-7.485438694288e+04;-2.565929930742e+04;
2134;519454;-2.541619263735e+03;-7.369618694068e+04;9.866921887141e+04;1.576166909660e+05;3.215664815557e+04;2.812471049930e+03;-8.394539754310e+03;-7.485438932883e+04;-2.565929906915e+04;
2134;519455;-2.541621440959e+03;-7.369618889029e+04;9.866922010549e+04;1.576166913558e+05;3.215664924748e+04;2.812473160875e+03;-8.394543019791e+03;-7.485439171477e+04;-2.565929883091e+04;
2134;519456;-2.541623618127e+03;-7.369619083972e+04;9.866922133956e+04;1.576166917456e+05;3.215665033937e+04;2.812475271881e+03;-8.394546285225e+03;-7.485439410071e+04;-2.565929859271e+04;
2134;519457;-2.541625795239e+03;-7.369619278899e+04;9.866922257361e+04;1.576166921353e+05;3.215665143124e+04;2.812477382947e+03;-8.394549550613e+03;-7.485439648664e+04;-2.565929835454e+04;
2134;519458;-2.541627972295e+03;-7.369619473810e+04;9.866922380765e+04;1.576166925250e+05;3.215665252310e+04;2.812479494073e+03;-8.394552815955e+03;-7.485439887256e+04;-2.565929811641e+04;
2134;519459;-2.541630149294e+03;-7.369619668703e+04;9.866922504166e+04;1.576166929145e+05;3.215665361495e+04;2.812481605260e+03;-8.394556081251e+03;-7.485440125847e+04;-2.565929787831e+04;
2134;519460;-2.541632326236e+03;-7.369619863580e+04;9.866922627566e+04;1.576166933041e+05;3.215665470678e+04;2.812483716508e+03;-8.394559346502e+03;-7.485440364437e+04;-2.565929764025e+04;
2134;519461;-2.541634503123e+03;-7.369620058440e+04;9.866922750964e+04;1.576166936936e+05;3.215665579860e+04;2.812485827816e+03;-8.394562611706e+03;-7.485440603027e+04;-2.565929740222e+04;
2134;519462;-2.541636679953e+03;-7.369620253284e+04;9.866922874361e+04;1.576166940830e+05;3.215665689040e+04;2.812487939184e+03;-8.394565876864e+03;-7.485440841616e+04;-2.565929716423e+04;
2134;519463;-2.541638856727e+03;-7.369620448111e+04;9.866922997756e+04;1.576166944723e+05;3.215665798218e+04;2.812490050613e+03;-8.394569141976e+03;-7.485441080204e+04;-2.565929692627e+04;
2134;519464;-2.541641033445e+03;-7.369620642921e+04;9.866923121149e+04;1.576166948616e+05;3.215665907395e+04;2.812492162102e+03;-8.394572407042e+03;-7.485441318791e+04;-2.565929668834e+04;
2134;519465;-2.541643210106e+03;-7.369620837715e+04;9.866923244540e+04;1.576166952509e+05;3.215666016571e+04;2.812494273652e+03;-8.394575672062e+03;-7.485441557378e+04;-2.565929645045e+04;
2134;519466;-2.541645386711e+03;-7.369621032491e+04;9.866923367930e+04;1.576166956401e+05;3.215666125745e+04;2.812496385262e+03;-8.394578937036e+03;-7.485441795964e+04;-2.565929621260e+04;
2134;519467;-2.541647563260e+03;-7.369621227251e+04;9.866923491318e+04;1.576166960292e+05;3.215666234917e+04;2.812498496933e+03;-8.394582201964e+03;-7.485442034549e+04;-2.565929597478e+04;
2134;519468;-2.541649739753e+03;-7.369621421995e+04;9.866923614704e+04;1.576166964183e+05;3.215666344088e+04;2.812500608664e+03;-8.394585466846e+03;-7.485442273133e+04;-2.565929573699e+04;
2134;519469;-2.541651916189e+03;-7.369621616722e+04;9.866923738089e+04;1.576166968073e+05;3.215666453257e+04;2.812502720455e+03;-8.394588731681e+03;-7.485442511717e+04;-2.565929549924e+04;
2134;519470;-2.541654092569e+03;-7.369621811432e+04;9.866923861472e+04;1.576166971962e+05;3.215666562425e+04;2.812504832307e+03;-8.394591996470e+03;-7.485442750300e+04;-2.565929526152e+04;
2134;519471;-2.541656268894e+03;-7.369622006125e+04;9.866923984853e+04;1.576166975851e+05;3.215666671591e+04;2.812506944219e+03;-8.394595261213e+03;-7.485442988882e+04;-2.565929502384e+04;
2134;519472;-2.541658445161e+03;-7.369622200802e+04;9.866924108233e+04;1.576166979739e+05;3.215666780756e+04;2.812509056192e+03;-8.394598525910e+03;-7.485443227463e+04;-2.565929478619e+04;
2134;519473;-2.541660621373e+03;-7.369622395462e+04;9.866924231610e+04;1.576166983627e+05;3.215666889920e+04;2.812511168225e+03;-8.394601790561e+03;-7.485443466043e+04;-2.565929454858e+04;
2134;519474;-2.541662797529e+03;-7.369622590105e+04;9.866924354986e+04;1.576166987514e+05;3.215666999081e+04;2.812513280318e+03;-8.394605055165e+03;-7.485443704623e+04;-2.565929431100e+04;
2134;519475;-2.541664973628e+03;-7.369622784731e+04;9.866924478361e+04;1.576166991401e+05;3.215667108242e+04;2.812515392472e+03;-8.394608319723e+03;-7.485443943202e+04;-2.565929407346e+04;
2134;519476;-2.541667149671e+03;-7.369622979341e+04;9.866924601733e+04;1.576166995287e+05;3.215667217400e+04;2.812517504686e+03;-8.394611584235e+03;-7.485444181780e+04;-2.565929383595e+04;
2134;519477;-2.541669325658e+03;-7.369623173934e+04;9.866924725104e+04;1.576166999173e+05;3.215667326557e+04;2.812519616961e+03;-8.394614848700e+03;-7.485444420358e+04;-2.565929359848e+04;
2134;519478;-2.541671501589e+03;-7.369623368511e+04;9.866924848473e+04;1.576167003057e+05;3.215667435713e+04;2.812521729295e+03;-8.394618113119e+03;-7.485444658934e+04;-2.565929336104e+04;
2134;519479;-2.541673677464e+03;-7.369623563071e+04;9.866924971841e+04;1.576167006942e+05;3.215667544867e+04;2.812523841691e+03;-8.394621377492e+03;-7.485444897510e+04;-2.565929312363e+04;
2134;519480;-2.541675853283e+03;-7.369623757614e+04;9.866925095207e+04;1.576167010825e+05;3.215667654020e+04;2.812525954146e+03;-8.394624641818e+03;-7.485445136085e+04;-2.565929288626e+04;
2134;519481;-2.541678029046e+03;-7.369623952140e+04;9.866925218571e+04;1.576167014708e+05;3.215667763171e+04;2.812528066662e+03;-8.394627906099e+03;-7.485445374659e+04;-2.565929264893e+04;
2134;519482;-2.541680204752e+03;-7.369624146650e+04;9.866925341933e+04;1.576167018591e+05;3.215667872321e+04;2.812530179238e+03;-8.394631170332e+03;-7.485445613233e+04;-2.565929241163e+04;
2134;519483;-2.541682380403e+03;-7.369624341143e+04;9.866925465294e+04;1.576167022473e+05;3.215667981469e+04;2.812532291875e+03;-8.394634434519e+03;-7.485445851806e+04;-2.565929217437e+04;
2134;519484;-2.541684555997e+03;-7.369624535619e+04;9.866925588653e+04;1.576167026354e+05;3.215668090615e+04;2.812534404571e+03;-8.394637698660e+03;-7.485446090378e+04;-2.565929193714e+04;
2134;519485;-2.541686731535e+03;-7.369624730079e+04;9.866925712010e+04;1.576167030235e+05;3.215668199760e+04;2.812536517328e+03;-8.394640962755e+03;-7.485446328949e+04;-2.565929169994e+04;
2134;519486;-2.541688907018e+03;-7.369624924522e+04;9.866925835365e+04;1.576167034115e+05;3.215668308904e+04;2.812538630146e+03;-8.394644226803e+03;-7.485446567519e+04;-2.565929146278e+04;
2134;519487;-2.541691082444e+03;-7.369625118948e+04;9.866925958719e+04;1.576167037995e+05;3.215668418046e+04;2.812540743023e+03;-8.394647490804e+03;-7.485446806089e+04;-2.565929122566e+04;
2134;519488;-2.541693257814e+03;-7.369625313357e+04;9.866926082071e+04;1.576167041874e+05;3.215668527186e+04;2.812542855961e+03;-8.394650754759e+03;-7.485447044658e+04;-2.565929098857e+04;
2134;519489;-2.541695433129e+03;-7.369625507750e+04;9.866926205422e+04;1.576167045752e+05;3.215668636325e+04;2.812544968960e+03;-8.394654018667e+03;-7.485447283226e+04;-2.565929075151e+04;
2134;519490;-2.541697608387e+03;-7.369625702126e+04;9.866926328770e+04;1.576167049630e+05;3.215668745463e+04;2.812547082018e+03;-8.394657282529e+03;-7.485447521793e+04;-2.565929051450e+04;
2134;519491;-2.541699783589e+03;-7.369625896485e+04;9.866926452117e+04;1.576167053507e+05;3.215668854599e+04;2.812549195137e+03;-8.394660546345e+03;-7.485447760360e+04;-2.565929027751e+04;
2134;519492;-2.541701958736e+03;-7.369626090828e+04;9.866926575462e+04;1.576167057384e+05;3.215668963733e+04;2.812551308316e+03;-8.394663810113e+03;-7.485447998925e+04;-2.565929004056e+04;
2134;519493;-2.541704133826e+03;-7.369626285154e+04;9.866926698806e+04;1.576167061260e+05;3.215669072866e+04;2.812553421555e+03;-8.394667073835e+03;-7.485448237490e+04;-2.565928980365e+04;
2134;519494;-2.541706308860e+03;-7.369626479463e+04;9.866926822148e+04;1.576167065136e+05;3.215669181997e+04;2.812555534854e+03;-8.394670337511e+03;-7.485448476054e+04;-2.565928956677e+04;
2134;519495;-2.541708483839e+03;-7.369626673756e+04;9.866926945488e+04;1.576167069011e+05;3.215669291127e+04;2.812557648214e+03;-8.394673601140e+03;-7.485448714618e+04;-2.565928932993e+04;
2134;519496;-2.541710658761e+03;-7.369626868031e+04;9.866927068826e+04;1.576167072885e+05;3.215669400255e+04;2.812559761634e+03;-8.394676864722e+03;-7.485448953181e+04;-2.565928909312e+04;
2134;519497;-2.541712833628e+03;-7.369627062291e+04;9.866927192163e+04;1.576167076759e+05;3.215669509382e+04;2.812561875114e+03;-8.394680128258e+03;-7.485449191742e+04;-2.565928885634e+04;
2134;519498;-2.541715008438e+03;-7.369627256533e+04;9.866927315498e+04;1.576167080632e+05;3.215669618507e+04;2.812563988654e+03;-8.394683391747e+03;-7.485449430304e+04;-2.565928861961e+04;
2134;519499;-2.541717183193e+03;-7.369627450759e+04;9.866927438831e+04;1.576167084505e+05;3.215669727631e+04;2.812566102255e+03;-8.394686655189e+03;-7.485449668864e+04;-2.565928838290e+04;
2134;519500;-2.541719357892e+03;-7.369627644968e+04;9.866927562163e+04;1.576167088377e+05;3.215669836753e+04;2.812568215916e+03;-8.394689918585e+03;-7.485449907423e+04;-2.565928814624e+04;
2134;519501;-2.541721532535e+03;-7.369627839160e+04;9.866927685493e+04;1.576167092248e+05;3.215669945874e+04;2.812570329636e+03;-8.394693181933e+03;-7.485450145982e+04;-2.565928790960e+04;
2134;519502;-2.541723707122e+03;-7.369628033335e+04;9.866927808821e+04;1.576167096119e+05;3.215670054993e+04;2.812572443417e+03;-8.394696445236e+03;-7.485450384540e+04;-2.565928767301e+04;
2134;519503;-2.541725881653e+03;-7.369628227494e+04;9.866927932147e+04;1.576167099989e+05;3.215670164111e+04;2.812574557259e+03;-8.394699708491e+03;-7.485450623097e+04;-2.565928743645e+04;
2134;519504;-2.541728056128e+03;-7.369628421636e+04;9.866928055472e+04;1.576167103859e+05;3.215670273227e+04;2.812576671160e+03;-8.394702971699e+03;-7.485450861654e+04;-2.565928719992e+04;
2134;519505;-2.541730230548e+03;-7.369628615762e+04;9.866928178795e+04;1.576167107728e+05;3.215670382341e+04;2.812578785122e+03;-8.394706234861e+03;-7.485451100209e+04;-2.565928696343e+04;
2134;519506;-2.541732404912e+03;-7.369628809870e+04;9.866928302116e+04;1.576167111596e+05;3.215670491454e+04;2.812580899143e+03;-8.394709497976e+03;-7.485451338764e+04;-2.565928672697e+04;
2134;519507;-2.541734579219e+03;-7.369629003962e+04;9.866928425436e+04;1.576167115464e+05;3.215670600566e+04;2.812583013225e+03;-8.394712761044e+03;-7.485451577318e+04;-2.565928649055e+04;
2134;519508;-2.541736753471e+03;-7.369629198038e+04;9.866928548754e+04;1.576167119332e+05;3.215670709676e+04;2.812585127367e+03;-8.394716024065e+03;-7.485451815872e+04;-2.565928625417e+04;
2134;519509;-2.541738927668e+03;-7.369629392096e+04;9.866928672070e+04;1.576167123198e+05;3.215670818784e+04;2.812587241569e+03;-8.394719287040e+03;-7.485452054424e+04;-2.565928601782e+04;
2134;519510;-2.541741101808e+03;-7.369629586138e+04;9.866928795384e+04;1.576167127065e+05;3.215670927891e+04;2.812589355831e+03;-8.394722549967e+03;-7.485452292976e+04;-2.565928578151e+04;
2134;519511;-2.541743275893e+03;-7.369629780163e+04;9.866928918697e+04;1.576167130930e+05;3.215671036997e+04;2.812591470153e+03;-8.394725812848e+03;-7.485452531527e+04;-2.565928554523e+04;
2134;519512;-2.541745449921e+03;-7.369629974171e+04;9.866929042008e+04;1.576167134795e+05;3.215671146100e+04;2.812593584536e+03;-8.394729075682e+03;-7.485452770077e+04;-2.565928530899e+04;
2134;519513;-2.541747623894e+03;-7.369630168163e+04;9.866929165317e+04;1.576167138660e+05;3.215671255203e+04;2.812595698978e+03;-8.394732338468e+03;-7.485453008626e+04;-2.565928507278e+04;
2134;519514;-2.541749797812e+03;-7.369630362138e+04;9.866929288625e+04;1.576167142523e+05;3.215671364304e+04;2.812597813481e+03;-8.394735601208e+03;-7.485453247175e+04;-2.565928483661e+04;
2134;519515;-2.541751971673e+03;-7.369630556096e+04;9.866929411931e+04;1.576167146387e+05;3.215671473403e+04;2.812599928044e+03;-8.394738863901e+03;-7.485453485723e+04;-2.565928460047e+04;
2134;519516;-2.541754145479e+03;-7.369630750038e+04;9.866929535235e+04;1.576167150249e+05;3.215671582501e+04;2.812602042666e+03;-8.394742126547e+03;-7.485453724270e+04;-2.565928436437e+04;
2134;519517;-2.541756319229e+03;-7.369630943963e+04;9.866929658537e+04;1.576167154111e+05;3.215671691597e+04;2.812604157349e+03;-8.394745389145e+03;-7.485453962816e+04;-2.565928412831e+04;
2134;519518;-2.541758492924e+03;-7.369631137871e+04;9.866929781838e+04;1.576167157973e+05;3.215671800692e+04;2.812606272092e+03;-8.394748651697e+03;-7.485454201361e+04;-2.565928389228e+04;
2134;519519;-2.541760666562e+03;-7.369631331762e+04;9.866929905137e+04;1.576167161834e+05;3.215671909785e+04;2.812608386895e+03;-8.394751914202e+03;-7.485454439906e+04;-2.565928365629e+04;
2134;519520;-2.541762840145e+03;-7.369631525637e+04;9.866930028434e+04;1.576167165694e+05;3.215672018877e+04;2.812610501758e+03;-8.394755176660e+03;-7.485454678450e+04;-2.565928342033e+04;
2134;519521;-2.541765013673e+03;-7.369631719494e+04;9.866930151730e+04;1.576167169554e+05;3.215672127967e+04;2.812612616681e+03;-8.394758439070e+03;-7.485454916993e+04;-2.565928318441e+04;
2134;519522;-2.541767187144e+03;-7.369631913336e+04;9.866930275024e+04;1.576167173413e+05;3.215672237056e+04;2.812614731664e+03;-8.394761701434e+03;-7.485455155535e+04;-2.565928294852e+04;
2134;519523;-2.541769360560e+03;-7.369632107160e+04;9.866930398316e+04;1.576167177271e+05;3.215672346143e+04;2.812616846707e+03;-8.394764963750e+03;-7.485455394077e+04;-2.565928271267e+04;
2134;519524;-2.541771533920e+03;-7.369632300968e+04;9.866930521607e+04;1.576167181129e+05;3.215672455228e+04;2.812618961810e+03;-8.394768226019e+03;-7.485455632618e+04;-2.565928247685e+04;
2134;519525;-2.541773707225e+03;-7.369632494759e+04;9.866930644895e+04;1.576167184987e+05;3.215672564312e+04;2.812621076973e+03;-8.394771488241e+03;-7.485455871158e+04;-2.565928224107e+04;
2134;519526;-2.541775880474e+03;-7.369632688533e+04;9.866930768182e+04;1.576167188844e+05;3.215672673395e+04;2.812623192196e+03;-8.394774750416e+03;-7.485456109697e+04;-2.565928200533e+04;
2134;519527;-2.541778053667e+03;-7.369632882290e+04;9.866930891468e+04;1.576167192700e+05;3.215672782476e+04;2.812625307479e+03;-8.394778012544e+03;-7.485456348235e+04;-2.565928176962e+04;
2134;519528;-2.541780226805e+03;-7.369633076031e+04;9.866931014751e+04;1.576167196555e+05;3.215672891555e+04;2.812627422822e+03;-8.394781274624e+03;-7.485456586773e+04;-2.565928153395e+04;
2134;519529;-2.541782399887e+03;-7.369633269755e+04;9.866931138033e+04;1.576167200410e+05;3.215673000633e+04;2.812629538225e+03;-8.394784536658e+03;-7.485456825310e+04;-2.565928129832e+04;
2134;519530;-2.541784572914e+03;-7.369633463463e+04;9.866931261314e+04;1.576167204265e+05;3.215673109710e+04;2.812631653688e+03;-8.394787798644e+03;-7.485457063846e+04;-2.565928106272e+04;
2134;519531;-2.541786745885e+03;-7.369633657153e+04;9.866931384592e+04;1.576167208119e+05;3.215673218785e+04;2.812633769211e+03;-8.394791060583e+03;-7.485457302381e+04;-2.565928082715e+04;
2134;519532;-2.541788918801e+03;-7.369633850827e+04;9.866931507869e+04;1.576167211972e+05;3.215673327858e+04;2.812635884794e+03;-8.394794322474e+03;-7.485457540915e+04;-2.565928059162e+04;
2134;519533;-2.541791091660e+03;-7.369634044484e+04;9.866931631144e+04;1.576167215825e+05;3.215673436930e+04;2.812638000436e+03;-8.394797584318e+03;-7.485457779449e+04;-2.565928035613e+04;
2134;519534;-2.541793264465e+03;-7.369634238124e+04;9.866931754417e+04;1.576167219677e+05;3.215673546000e+04;2.812640116139e+03;-8.394800846115e+03;-7.485458017982e+04;-2.565928012068e+04;
2134;519535;-2.541795437214e+03;-7.369634431748e+04;9.866931877689e+04;1.576167223528e+05;3.215673655069e+04;2.812642231902e+03;-8.394804107865e+03;-7.485458256514e+04;-2.565927988526e+04;
2134;519536;-2.541797609907e+03;-7.369634625355e+04;9.866932000959e+04;1.576167227379e+05;3.215673764137e+04;2.812644347725e+03;-8.394807369567e+03;-7.485458495045e+04;-2.565927964987e+04;
2134;519537;-2.541799782545e+03;-7.369634818945e+04;9.866932124227e+04;1.576167231229e+05;3.215673873202e+04;2.812646463607e+03;-8.394810631222e+03;-7.485458733576e+04;-2.565927941452e+04;
2134;519538;-2.541801955127e+03;-7.369635012519e+04;9.866932247494e+04;1.576167235079e+05;3.215673982267e+04;2.812648579550e+03;-8.394813892830e+03;-7.485458972105e+04;-2.565927917921e+04;
2134;519539;-2.541804127654e+03;-7.369635206075e+04;9.866932370758e+04;1.576167238928e+05;3.215674091329e+04;2.812650695552e+03;-8.394817154390e+03;-7.485459210634e+04;-2.565927894393e+04;
2134;519540;-2.541806300125e+03;-7.369635399615e+04;9.866932494022e+04;1.576167242777e+05;3.215674200390e+04;2.812652811614e+03;-8.394820415903e+03;-7.485459449162e+04;-2.565927870869e+04;
2134;519541;-2.541808472541e+03;-7.369635593139e+04;9.866932617283e+04;1.576167246625e+05;3.215674309450e+04;2.812654927736e+03;-8.394823677368e+03;-7.485459687690e+04;-2.565927847349e+04;
2134;519542;-2.541810644901e+03;-7.369635786645e+04;9.866932740543e+04;1.576167250472e+05;3.215674418508e+04;2.812657043918e+03;-8.394826938786e+03;-7.485459926216e+04;-2.565927823832e+04;
2134;519543;-2.541812817206e+03;-7.369635980135e+04;9.866932863801e+04;1.576167254319e+05;3.215674527565e+04;2.812659160160e+03;-8.394830200156e+03;-7.485460164742e+04;-2.565927800319e+04;
2134;519544;-2.541814989455e+03;-7.369636173608e+04;9.866932987057e+04;1.576167258165e+05;3.215674636620e+04;2.812661276462e+03;-8.394833461479e+03;-7.485460403267e+04;-2.565927776809e+04;
2134;519545;-2.541817161649e+03;-7.369636367064e+04;9.866933110311e+04;1.576167262011e+05;3.215674745674e+04;2.812663392824e+03;-8.394836722754e+03;-7.485460641791e+04;-2.565927753304e+04;
2134;519546;-2.541819333788e+03;-7.369636560504e+04;9.866933233564e+04;1.576167265856e+05;3.215674854726e+04;2.812665509245e+03;-8.394839983982e+03;-7.485460880315e+04;-2.565927729801e+04;
2134;519547;-2.541821505871e+03;-7.369636753927e+04;9.866933356815e+04;1.576167269700e+05;3.215674963776e+04;2.812667625726e+03;-8.394843245163e+03;-7.485461118837e+04;-2.565927706302e+04;
2134;519548;-2.541823677898e+03;-7.369636947333e+04;9.866933480065e+04;1.576167273544e+05;3.215675072825e+04;2.812669742268e+03;-8.394846506295e+03;-7.485461357359e+04;-2.565927682807e+04;
2134;519549;-2.541825849871e+03;-7.369637140722e+04;9.866933603312e+04;1.576167277387e+05;3.215675181872e+04;2.812671858869e+03;-8.394849767381e+03;-7.485461595880e+04;-2.565927659316e+04;
2134;519550;-2.541828021788e+03;-7.369637334094e+04;9.866933726558e+04;1.576167281230e+05;3.215675290918e+04;2.812673975529e+03;-8.394853028418e+03;-7.485461834400e+04;-2.565927635828e+04;
2134;519551;-2.541830193649e+03;-7.369637527450e+04;9.866933849803e+04;1.576167285072e+05;3.215675399963e+04;2.812676092250e+03;-8.394856289408e+03;-7.485462072920e+04;-2.565927612344e+04;
2134;519552;-2.541832365455e+03;-7.369637720789e+04;9.866933973045e+04;1.576167288914e+05;3.215675509006e+04;2.812678209031e+03;-8.394859550351e+03;-7.485462311438e+04;-2.565927588863e+04;
2134;519553;-2.541834537206e+03;-7.369637914112e+04;9.866934096286e+04;1.576167292754e+05;3.215675618047e+04;2.812680325871e+03;-8.394862811246e+03;-7.485462549956e+04;-2.565927565386e+04;
2134;519554;-2.541836708902e+03;-7.369638107417e+04;9.866934219525e+04;1.576167296595e+05;3.215675727087e+04;2.812682442771e+03;-8.394866072093e+03;-7.485462788473e+04;-2.565927541913e+04;
2134;519555;-2.541838880542e+03;-7.369638300706e+04;9.866934342763e+04;1.576167300434e+05;3.215675836125e+04;2.812684559731e+03;-8.394869332892e+03;-7.485463026989e+04;-2.565927518443e+04;
2134;519556;-2.541841052127e+03;-7.369638493978e+04;9.866934465998e+04;1.576167304274e+05;3.215675945162e+04;2.812686676750e+03;-8.394872593644e+03;-7.485463265505e+04;-2.565927494977e+04;
2134;519557;-2.541843223656e+03;-7.369638687234e+04;9.866934589232e+04;1.576167308112e+05;3.215676054197e+04;2.812688793830e+03;-8.394875854348e+03;-7.485463504019e+04;-2.565927471515e+04;
2134;519558;-2.541845395130e+03;-7.369638880472e+04;9.866934712465e+04;1.576167311950e+05;3.215676163231e+04;2.812690910969e+03;-8.394879115004e+03;-7.485463742533e+04;-2.565927448056e+04;
2134;519559;-2.541847566549e+03;-7.369639073694e+04;9.866934835695e+04;1.576167315787e+05;3.215676272263e+04;2.812693028168e+03;-8.394882375613e+03;-7.485463981046e+04;-2.565927424601e+04;
2134;519560;-2.541849737913e+03;-7.369639266899e+04;9.866934958924e+04;1.576167319624e+05;3.215676381294e+04;2.812695145426e+03;-8.394885636174e+03;-7.485464219558e+04;-2.565927401150e+04;
2134;519561;-2.541851909221e+03;-7.369639460087e+04;9.866935082151e+04;1.576167323460e+05;3.215676490323e+04;2.812697262745e+03;-8.394888896687e+03;-7.485464458070e+04;-2.565927377702e+04;
2134;519562;-2.541854080474e+03;-7.369639653259e+04;9.866935205377e+04;1.576167327296e+05;3.215676599350e+04;2.812699380123e+03;-8.394892157152e+03;-7.485464696581e+04;-2.565927354258e+04;
2134;519563;-2.541856251672e+03;-7.369639846414e+04;9.866935328600e+04;1.576167331131e+05;3.215676708376e+04;2.812701497561e+03;-8.394895417569e+03;-7.485464935090e+04;-2.565927330817e+04;
2134;519564;-2.541858422815e+03;-7.369640039552e+04;9.866935451822e+04;1.576167334965e+05;3.215676817401e+04;2.812703615058e+03;-8.394898677939e+03;-7.485465173599e+04;-2.565927307380e+04;
2134;519565;-2.541860593902e+03;-7.369640232673e+04;9.866935575043e+04;1.576167338799e+05;3.215676926424e+04;2.812705732615e+03;-8.394901938260e+03;-7.485465412108e+04;-2.565927283947e+04;
2134;519566;-2.541862764934e+03;-7.369640425778e+04;9.866935698261e+04;1.576167342632e+05;3.215677035445e+04;2.812707850232e+03;-8.394905198534e+03;-7.485465650615e+04;-2.565927260517e+04;
2134;519567;-2.541864935911e+03;-7.369640618866e+04;9.866935821478e+04;1.576167346465e+05;3.215677144465e+04;2.812709967909e+03;-8.394908458760e+03;-7.485465889122e+04;-2.565927237091e+04;
2134;519568;-2.541867106833e+03;-7.369640811937e+04;9.866935944693e+04;1.576167350297e+05;3.215677253484e+04;2.812712085646e+03;-8.394911718938e+03;-7.485466127628e+04;-2.565927213669e+04;
2134;519569;-2.541869277699e+03;-7.369641004991e+04;9.866936067907e+04;1.576167354129e+05;3.215677362501e+04;2.812714203442e+03;-8.394914979068e+03;-7.485466366133e+04;-2.565927190251e+04;
2134;519570;-2.541871448511e+03;-7.369641198029e+04;9.866936191119e+04;1.576167357959e+05;3.215677471516e+04;2.812716321297e+03;-8.394918239151e+03;-7.485466604637e+04;-2.565927166836e+04;
2134;519571;-2.541873619267e+03;-7.369641391050e+04;9.866936314329e+04;1.576167361790e+05;3.215677580530e+04;2.812718439213e+03;-8.394921499185e+03;-7.485466843141e+04;-2.565927143424e+04;
2134;519572;-2.541875789968e+03;-7.369641584054e+04;9.866936437537e+04;1.576167365619e+05;3.215677689542e+04;2.812720557188e+03;-8.394924759171e+03;-7.485467081643e+04;-2.565927120017e+04;
2134;519573;-2.541877960614e+03;-7.369641777041e+04;9.866936560743e+04;1.576167369448e+05;3.215677798553e+04;2.812722675222e+03;-8.394928019109e+03;-7.485467320145e+04;-2.565927096613e+04;
2134;519574;-2.541880131205e+03;-7.369641970011e+04;9.866936683948e+04;1.576167373277e+05;3.215677907562e+04;2.812724793317e+03;-8.394931279000e+03;-7.485467558646e+04;-2.565927073213e+04;
2134;519575;-2.541882301740e+03;-7.369642162965e+04;9.866936807152e+04;1.576167377105e+05;3.215678016570e+04;2.812726911471e+03;-8.394934538842e+03;-7.485467797146e+04;-2.565927049816e+04;
2134;519576;-2.541884472221e+03;-7.369642355902e+04;9.866936930353e+04;1.576167380932e+05;3.215678125576e+04;2.812729029684e+03;-8.394937798636e+03;-7.485468035646e+04;-2.565927026423e+04;
2134;519577;-2.541886642646e+03;-7.369642548822e+04;9.866937053553e+04;1.576167384759e+05;3.215678234581e+04;2.812731147958e+03;-8.394941058382e+03;-7.485468274145e+04;-2.565927003034e+04;
2134;519578;-2.541888813016e+03;-7.369642741726e+04;9.866937176751e+04;1.576167388585e+05;3.215678343584e+04;2.812733266291e+03;-8.394944318080e+03;-7.485468512642e+04;-2.565926979649e+04;
2134;519579;-2.541890983331e+03;-7.369642934613e+04;9.866937299947e+04;1.576167392411e+05;3.215678452585e+04;2.812735384683e+03;-8.394947577730e+03;-7.485468751140e+04;-2.565926956267e+04;
2134;519580;-2.541893153592e+03;-7.369643127483e+04;9.866937423142e+04;1.576167396236e+05;3.215678561585e+04;2.812737503135e+03;-8.394950837332e+03;-7.485468989636e+04;-2.565926932889e+04;
2134;519581;-2.541895323797e+03;-7.369643320336e+04;9.866937546335e+04;1.576167400060e+05;3.215678670584e+04;2.812739621647e+03;-8.394954096886e+03;-7.485469228131e+04;-2.565926909514e+04;
2134;519582;-2.541897493947e+03;-7.369643513172e+04;9.866937669526e+04;1.576167403884e+05;3.215678779581e+04;2.812741740218e+03;-8.394957356391e+03;-7.485469466626e+04;-2.565926886143e+04;
2134;519583;-2.541899664042e+03;-7.369643705992e+04;9.866937792715e+04;1.576167407707e+05;3.215678888577e+04;2.812743858849e+03;-8.394960615849e+03;-7.485469705120e+04;-2.565926862776e+04;
2134;519584;-2.541901834081e+03;-7.369643898795e+04;9.866937915903e+04;1.576167411529e+05;3.215678997570e+04;2.812745977539e+03;-8.394963875258e+03;-7.485469943613e+04;-2.565926839413e+04;
2134;519585;-2.541904004066e+03;-7.369644091581e+04;9.866938039089e+04;1.576167415351e+05;3.215679106563e+04;2.812748096289e+03;-8.394967134619e+03;-7.485470182105e+04;-2.565926816053e+04;
2134;519586;-2.541906173996e+03;-7.369644284350e+04;9.866938162274e+04;1.576167419173e+05;3.215679215554e+04;2.812750215099e+03;-8.394970393932e+03;-7.485470420596e+04;-2.565926792697e+04;
2134;519587;-2.541908343871e+03;-7.369644477103e+04;9.866938285456e+04;1.576167422994e+05;3.215679324543e+04;2.812752333968e+03;-8.394973653196e+03;-7.485470659087e+04;-2.565926769345e+04;
2134;519588;-2.541910513691e+03;-7.369644669839e+04;9.866938408637e+04;1.576167426814e+05;3.215679433531e+04;2.812754452897e+03;-8.394976912413e+03;-7.485470897577e+04;-2.565926745996e+04;
2134;519589;-2.541912683456e+03;-7.369644862558e+04;9.866938531816e+04;1.576167430633e+05;3.215679542517e+04;2.812756571885e+03;-8.394980171581e+03;-7.485471136066e+04;-2.565926722652e+04;
2134;519590;-2.541914853166e+03;-7.369645055260e+04;9.866938654994e+04;1.576167434452e+05;3.215679651502e+04;2.812758690932e+03;-8.394983430701e+03;-7.485471374554e+04;-2.565926699310e+04;
2134;519591;-2.541917022821e+03;-7.369645247946e+04;9.866938778170e+04;1.576167438271e+05;3.215679760485e+04;2.812760810040e+03;-8.394986689772e+03;-7.485471613042e+04;-2.565926675973e+04;
2134;519592;-2.541919192421e+03;-7.369645440615e+04;9.866938901344e+04;1.576167442089e+05;3.215679869467e+04;2.812762929206e+03;-8.394989948795e+03;-7.485471851528e+04;-2.565926652639e+04;
2134;519593;-2.541921361966e+03;-7.369645633267e+04;9.866939024516e+04;1.576167445906e+05;3.215679978447e+04;2.812765048433e+03;-8.394993207770e+03;-7.485472090014e+04;-2.565926629309e+04;
2134;519594;-2.541923531456e+03;-7.369645825902e+04;9.866939147687e+04;1.576167449723e+05;3.215680087426e+04;2.812767167718e+03;-8.394996466696e+03;-7.485472328499e+04;-2.565926605983e+04;
2134;519595;-2.541925700891e+03;-7.369646018520e+04;9.866939270856e+04;1.576167453539e+05;3.215680196403e+04;2.812769287063e+03;-8.394999725574e+03;-7.485472566983e+04;-2.565926582660e+04;
2134;519596;-2.541927870271e+03;-7.369646211122e+04;9.866939394023e+04;1.576167457354e+05;3.215680305379e+04;2.812771406468e+03;-8.395002984404e+03;-7.485472805467e+04;-2.565926559341e+04;
2134;519597;-2.541930039597e+03;-7.369646403707e+04;9.866939517188e+04;1.576167461169e+05;3.215680414353e+04;2.812773525932e+03;-8.395006243185e+03;-7.485473043949e+04;-2.565926536026e+04;
2134;519598;-2.541932208867e+03;-7.369646596275e+04;9.866939640352e+04;1.576167464983e+05;3.215680523325e+04;2.812775645456e+03;-8.395009501918e+03;-7.485473282431e+04;-2.565926512715e+04;
2134;519599;-2.541934378083e+03;-7.369646788826e+04;9.866939763514e+04;1.576167468797e+05;3.215680632296e+04;2.812777765039e+03;-8.395012760602e+03;-7.485473520912e+04;-2.565926489407e+04;
2134;519600;-2.541936547244e+03;-7.369646981361e+04;9.866939886675e+04;1.576167472610e+05;3.215680741266e+04;2.812779884682e+03;-8.395016019238e+03;-7.485473759392e+04;-2.565926466103e+04;
2134;519601;-2.541938716350e+03;-7.369647173879e+04;9.866940009833e+04;1.576167476423e+05;3.215680850234e+04;2.812782004384e+03;-8.395019277826e+03;-7.485473997871e+04;-2.565926442802e+04;
2134;519602;-2.541940885401e+03;-7.369647366380e+04;9.866940132990e+04;1.576167480234e+05;3.215680959200e+04;2.812784124145e+03;-8.395022536365e+03;-7.485474236350e+04;-2.565926419506e+04;
2134;519603;-2.541943054397e+03;-7.369647558864e+04;9.866940256145e+04;1.576167484046e+05;3.215681068165e+04;2.812786243966e+03;-8.395025794855e+03;-7.485474474828e+04;-2.565926396213e+04;
2134;519604;-2.541945223338e+03;-7.369647751332e+04;9.866940379299e+04;1.576167487856e+05;3.215681177128e+04;2.812788363846e+03;-8.395029053297e+03;-7.485474713305e+04;-2.565926372924e+04;
2134;519605;-2.541947392225e+03;-7.369647943782e+04;9.866940502451e+04;1.576167491667e+05;3.215681286090e+04;2.812790483786e+03;-8.395032311690e+03;-7.485474951781e+04;-2.565926349639e+04;
2134;519606;-2.541949561056e+03;-7.369648136216e+04;9.866940625601e+04;1.576167495476e+05;3.215681395050e+04;2.812792603785e+03;-8.395035570035e+03;-7.485475190256e+04;-2.565926326357e+04;
2134;519607;-2.541951729833e+03;-7.369648328633e+04;9.866940748749e+04;1.576167499285e+05;3.215681504009e+04;2.812794723844e+03;-8.395038828331e+03;-7.485475428731e+04;-2.565926303079e+04;
2134;519608;-2.541953898556e+03;-7.369648521034e+04;9.866940871896e+04;1.576167503093e+05;3.215681612966e+04;2.812796843962e+03;-8.395042086579e+03;-7.485475667204e+04;-2.565926279805e+04;
2134;519609;-2.541956067223e+03;-7.369648713417e+04;9.866940995041e+04;1.576167506901e+05;3.215681721922e+04;2.812798964139e+03;-8.395045344778e+03;-7.485475905677e+04;-2.565926256534e+04;
2134;519610;-2.541958235836e+03;-7.369648905784e+04;9.866941118184e+04;1.576167510708e+05;3.215681830876e+04;2.812801084376e+03;-8.395048602928e+03;-7.485476144149e+04;-2.565926233268e+04;
2134;519611;-2.541960404393e+03;-7.369649098134e+04;9.866941241326e+04;1.576167514515e+05;3.215681939829e+04;2.812803204672e+03;-8.395051861030e+03;-7.485476382620e+04;-2.565926210005e+04;
2134;519612;-2.541962572897e+03;-7.369649290468e+04;9.866941364466e+04;1.576167518321e+05;3.215682048780e+04;2.812805325027e+03;-8.395055119083e+03;-7.485476621091e+04;-2.565926186746e+04;
2134;519613;-2.541964741345e+03;-7.369649482784e+04;9.866941487604e+04;1.576167522126e+05;3.215682157729e+04;2.812807445442e+03;-8.395058377087e+03;-7.485476859560e+04;-2.565926163490e+04;
2134;519614;-2.541966909739e+03;-7.369649675084e+04;9.866941610740e+04;1.576167525931e+05;3.215682266677e+04;2.812809565916e+03;-8.395061635043e+03;-7.485477098029e+04;-2.565926140239e+04;
2134;519615;-2.541969078077e+03;-7.369649867367e+04;9.866941733875e+04;1.576167529735e+05;3.215682375624e+04;2.812811686449e+03;-8.395064892950e+03;-7.485477336497e+04;-2.565926116991e+04;
2134;519616;-2.541971246362e+03;-7.369650059633e+04;9.866941857008e+04;1.576167533539e+05;3.215682484569e+04;2.812813807042e+03;-8.395068150808e+03;-7.485477574964e+04;-2.565926093746e+04;
2134;519617;-2.541973414591e+03;-7.369650251882e+04;9.866941980139e+04;1.576167537342e+05;3.215682593512e+04;2.812815927694e+03;-8.395071408617e+03;-7.485477813431e+04;-2.565926070506e+04;
2134;519618;-2.541975582766e+03;-7.369650444115e+04;9.866942103269e+04;1.576167541144e+05;3.215682702454e+04;2.812818048406e+03;-8.395074666378e+03;-7.485478051896e+04;-2.565926047269e+04;
2134;519619;-2.541977750886e+03;-7.369650636330e+04;9.866942226396e+04;1.576167544946e+05;3.215682811395e+04;2.812820169177e+03;-8.395077924090e+03;-7.485478290361e+04;-2.565926024037e+04;
2134;519620;-2.541979918952e+03;-7.369650828529e+04;9.866942349523e+04;1.576167548747e+05;3.215682920334e+04;2.812822290007e+03;-8.395081181753e+03;-7.485478528825e+04;-2.565926000807e+04;
2134;519621;-2.541982086963e+03;-7.369651020712e+04;9.866942472647e+04;1.576167552548e+05;3.215683029271e+04;2.812824410896e+03;-8.395084439367e+03;-7.485478767288e+04;-2.565925977582e+04;
2134;519622;-2.541984254919e+03;-7.369651212877e+04;9.866942595770e+04;1.576167556348e+05;3.215683138207e+04;2.812826531845e+03;-8.395087696932e+03;-7.485479005750e+04;-2.565925954360e+04;
2134;519623;-2.541986422820e+03;-7.369651405026e+04;9.866942718891e+04;1.576167560147e+05;3.215683247141e+04;2.812828652853e+03;-8.395090954448e+03;-7.485479244212e+04;-2.565925931143e+04;
2134;519624;-2.541988590667e+03;-7.369651597157e+04;9.866942842010e+04;1.576167563946e+05;3.215683356074e+04;2.812830773920e+03;-8.395094211916e+03;-7.485479482673e+04;-2.565925907929e+04;
2134;519625;-2.541990758460e+03;-7.369651789272e+04;9.866942965128e+04;1.576167567744e+05;3.215683465005e+04;2.812832895046e+03;-8.395097469335e+03;-7.485479721132e+04;-2.565925884718e+04;
2134;519626;-2.541992926198e+03;-7.369651981371e+04;9.866943088243e+04;1.576167571542e+05;3.215683573934e+04;2.812835016232e+03;-8.395100726704e+03;-7.485479959591e+04;-2.565925861512e+04;
2134;519627;-2.541995093881e+03;-7.369652173452e+04;9.866943211357e+04;1.576167575339e+05;3.215683682862e+04;2.812837137477e+03;-8.395103984025e+03;-7.485480198050e+04;-2.565925838309e+04;
2134;519628;-2.541997261509e+03;-7.369652365517e+04;9.866943334470e+04;1.576167579135e+05;3.215683791789e+04;2.812839258781e+03;-8.395107241297e+03;-7.485480436507e+04;-2.565925815110e+04;
2134;519629;-2.541999429083e+03;-7.369652557565e+04;9.866943457581e+04;1.576167582931e+05;3.215683900714e+04;2.812841380145e+03;-8.395110498520e+03;-7.485480674964e+04;-2.565925791915e+04;
2134;519630;-2.542001596603e+03;-7.369652749596e+04;9.866943580690e+04;1.576167586726e+05;3.215684009638e+04;2.812843501567e+03;-8.395113755694e+03;-7.485480913419e+04;-2.565925768724e+04;
2134;519631;-2.542003764068e+03;-7.369652941610e+04;9.866943703797e+04;1.576167590521e+05;3.215684118560e+04;2.812845623049e+03;-8.395117012819e+03;-7.485481151874e+04;-2.565925745536e+04;
2134;519632;-2.542005931478e+03;-7.369653133608e+04;9.866943826903e+04;1.576167594315e+05;3.215684227480e+04;2.812847744590e+03;-8.395120269895e+03;-7.485481390329e+04;-2.565925722352e+04;
2134;519633;-2.542008098834e+03;-7.369653325588e+04;9.866943950006e+04;1.576167598109e+05;3.215684336399e+04;2.812849866191e+03;-8.395123526922e+03;-7.485481628782e+04;-2.565925699172e+04;
2134;519634;-2.542010266135e+03;-7.369653517552e+04;9.866944073109e+04;1.576167601901e+05;3.215684445316e+04;2.812851987850e+03;-8.395126783899e+03;-7.485481867234e+04;-2.565925675996e+04;
2134;519635;-2.542012433382e+03;-7.369653709499e+04;9.866944196209e+04;1.576167605694e+05;3.215684554232e+04;2.812854109569e+03;-8.395130040828e+03;-7.485482105686e+04;-2.565925652824e+04;
2134;519636;-2.542014600574e+03;-7.369653901430e+04;9.866944319308e+04;1.576167609485e+05;3.215684663147e+04;2.812856231347e+03;-8.395133297708e+03;-7.485482344137e+04;-2.565925629655e+04;
2134;519637;-2.542016767712e+03;-7.369654093343e+04;9.866944442405e+04;1.576167613276e+05;3.215684772059e+04;2.812858353184e+03;-8.395136554538e+03;-7.485482582587e+04;-2.565925606490e+04;
2134;519638;-2.542018934795e+03;-7.369654285240e+04;9.866944565500e+04;1.576167617067e+05;3.215684880971e+04;2.812860475080e+03;-8.395139811320e+03;-7.485482821036e+04;-2.565925583329e+04;
2134;519639;-2.542021101824e+03;-7.369654477120e+04;9.866944688594e+04;1.576167620857e+05;3.215684989880e+04;2.812862597036e+03;-8.395143068052e+03;-7.485483059485e+04;-2.565925560172e+04;
2134;519640;-2.542023268799e+03;-7.369654668983e+04;9.866944811685e+04;1.576167624646e+05;3.215685098788e+04;2.812864719051e+03;-8.395146324735e+03;-7.485483297932e+04;-2.565925537018e+04;
2134;519641;-2.542025435719e+03;-7.369654860829e+04;9.866944934776e+04;1.576167628435e+05;3.215685207695e+04;2.812866841124e+03;-8.395149581369e+03;-7.485483536379e+04;-2.565925513869e+04;
2134;519642;-2.542027602584e+03;-7.369655052659e+04;9.866945057864e+04;1.576167632223e+05;3.215685316600e+04;2.812868963257e+03;-8.395152837954e+03;-7.485483774825e+04;-2.565925490723e+04;
2134;519643;-2.542029769395e+03;-7.369655244471e+04;9.866945180951e+04;1.576167636010e+05;3.215685425504e+04;2.812871085449e+03;-8.395156094489e+03;-7.485484013270e+04;-2.565925467581e+04;
2134;519644;-2.542031936152e+03;-7.369655436267e+04;9.866945304036e+04;1.576167639797e+05;3.215685534406e+04;2.812873207700e+03;-8.395159350975e+03;-7.485484251714e+04;-2.565925444443e+04;
2134;519645;-2.542034102854e+03;-7.369655628046e+04;9.866945427119e+04;1.576167643583e+05;3.215685643306e+04;2.812875330011e+03;-8.395162607412e+03;-7.485484490158e+04;-2.565925421308e+04;
2134;519646;-2.542036269502e+03;-7.369655819809e+04;9.866945550201e+04;1.576167647369e+05;3.215685752205e+04;2.812877452380e+03;-8.395165863800e+03;-7.485484728601e+04;-2.565925398178e+04;
2134;519647;-2.542038436096e+03;-7.369656011554e+04;9.866945673281e+04;1.576167651154e+05;3.215685861103e+04;2.812879574808e+03;-8.395169120139e+03;-7.485484967042e+04;-2.565925375051e+04;
2134;519648;-2.542040602635e+03;-7.369656203283e+04;9.866945796359e+04;1.576167654939e+05;3.215685969999e+04;2.812881697296e+03;-8.395172376428e+03;-7.485485205483e+04;-2.565925351928e+04;
2134;519649;-2.542042769120e+03;-7.369656394995e+04;9.866945919435e+04;1.576167658723e+05;3.215686078893e+04;2.812883819843e+03;-8.395175632668e+03;-7.485485443924e+04;-2.565925328809e+04;
2134;519650;-2.542044935550e+03;-7.369656586690e+04;9.866946042510e+04;1.576167662506e+05;3.215686187786e+04;2.812885942448e+03;-8.395178888858e+03;-7.485485682363e+04;-2.565925305694e+04;
2134;519651;-2.542047101926e+03;-7.369656778368e+04;9.866946165583e+04;1.576167666289e+05;3.215686296677e+04;2.812888065113e+03;-8.395182144999e+03;-7.485485920802e+04;-2.565925282582e+04;
2134;519652;-2.542049268248e+03;-7.369656970030e+04;9.866946288654e+04;1.576167670071e+05;3.215686405567e+04;2.812890187837e+03;-8.395185401091e+03;-7.485486159239e+04;-2.565925259474e+04;
2134;519653;-2.542051434516e+03;-7.369657161674e+04;9.866946411724e+04;1.576167673852e+05;3.215686514455e+04;2.812892310620e+03;-8.395188657134e+03;-7.485486397676e+04;-2.565925236371e+04;
2134;519654;-2.542053600729e+03;-7.369657353302e+04;9.866946534792e+04;1.576167677633e+05;3.215686623342e+04;2.812894433462e+03;-8.395191913127e+03;-7.485486636112e+04;-2.565925213271e+04;
2134;519655;-2.542055766888e+03;-7.369657544913e+04;9.866946657858e+04;1.576167681413e+05;3.215686732227e+04;2.812896556363e+03;-8.395195169070e+03;-7.485486874548e+04;-2.565925190175e+04;
2134;519656;-2.542057932992e+03;-7.369657736507e+04;9.866946780922e+04;1.576167685193e+05;3.215686841111e+04;2.812898679323e+03;-8.395198424964e+03;-7.485487112982e+04;-2.565925167082e+04;
2134;519657;-2.542060099042e+03;-7.369657928085e+04;9.866946903985e+04;1.576167688972e+05;3.215686949993e+04;2.812900802342e+03;-8.395201680809e+03;-7.485487351416e+04;-2.565925143994e+04;
2134;519658;-2.542062265038e+03;-7.369658119646e+04;9.866947027046e+04;1.576167692751e+05;3.215687058873e+04;2.812902925420e+03;-8.395204936604e+03;-7.485487589848e+04;-2.565925120909e+04;
2134;519659;-2.542064430980e+03;-7.369658311189e+04;9.866947150106e+04;1.576167696529e+05;3.215687167752e+04;2.812905048558e+03;-8.395208192350e+03;-7.485487828280e+04;-2.565925097828e+04;
2134;519660;-2.542066596868e+03;-7.369658502716e+04;9.866947273163e+04;1.576167700306e+05;3.215687276630e+04;2.812907171754e+03;-8.395211448046e+03;-7.485488066712e+04;-2.565925074751e+04;
2134;519661;-2.542068762701e+03;-7.369658694227e+04;9.866947396219e+04;1.576167704083e+05;3.215687385506e+04;2.812909295009e+03;-8.395214703693e+03;-7.485488305142e+04;-2.565925051678e+04;
2134;519662;-2.542070928480e+03;-7.369658885720e+04;9.866947519273e+04;1.576167707859e+05;3.215687494380e+04;2.812911418323e+03;-8.395217959290e+03;-7.485488543571e+04;-2.565925028609e+04;
2134;519663;-2.542073094205e+03;-7.369659077197e+04;9.866947642326e+04;1.576167711634e+05;3.215687603253e+04;2.812913541696e+03;-8.395221214838e+03;-7.485488782000e+04;-2.565925005543e+04;
2134;519664;-2.542075259875e+03;-7.369659268656e+04;9.866947765377e+04;1.576167715409e+05;3.215687712125e+04;2.812915665128e+03;-8.395224470336e+03;-7.485489020428e+04;-2.565924982482e+04;
2134;519665;-2.542077425492e+03;-7.369659460099e+04;9.866947888426e+04;1.576167719184e+05;3.215687820994e+04;2.812917788619e+03;-8.395227725784e+03;-7.485489258855e+04;-2.565924959424e+04;
2134;519666;-2.542079591054e+03;-7.369659651525e+04;9.866948011473e+04;1.576167722957e+05;3.215687929863e+04;2.812919912169e+03;-8.395230981183e+03;-7.485489497281e+04;-2.565924936370e+04;
2134;519667;-2.542081756562e+03;-7.369659842935e+04;9.866948134519e+04;1.576167726730e+05;3.215688038729e+04;2.812922035778e+03;-8.395234236532e+03;-7.485489735706e+04;-2.565924913320e+04;
2134;519668;-2.542083922016e+03;-7.369660034327e+04;9.866948257563e+04;1.576167730503e+05;3.215688147595e+04;2.812924159446e+03;-8.395237491831e+03;-7.485489974131e+04;-2.565924890274e+04;
2134;519669;-2.542086087416e+03;-7.369660225703e+04;9.866948380605e+04;1.576167734275e+05;3.215688256458e+04;2.812926283173e+03;-8.395240747081e+03;-7.485490212555e+04;-2.565924867232e+04;
2134;519670;-2.542088252761e+03;-7.369660417062e+04;9.866948503645e+04;1.576167738046e+05;3.215688365321e+04;2.812928406959e+03;-8.395244002281e+03;-7.485490450978e+04;-2.565924844193e+04;
2134;519671;-2.542090418053e+03;-7.369660608404e+04;9.866948626684e+04;1.576167741817e+05;3.215688474181e+04;2.812930530804e+03;-8.395247257432e+03;-7.485490689400e+04;-2.565924821159e+04;
2134;519672;-2.542092583290e+03;-7.369660799729e+04;9.866948749721e+04;1.576167745587e+05;3.215688583040e+04;2.812932654707e+03;-8.395250512533e+03;-7.485490927821e+04;-2.565924798128e+04;
2134;519673;-2.542094748473e+03;-7.369660991038e+04;9.866948872756e+04;1.576167749357e+05;3.215688691898e+04;2.812934778670e+03;-8.395253767584e+03;-7.485491166241e+04;-2.565924775101e+04;
2134;519674;-2.542096913603e+03;-7.369661182329e+04;9.866948995790e+04;1.576167753125e+05;3.215688800754e+04;2.812936902691e+03;-8.395257022585e+03;-7.485491404661e+04;-2.565924752078e+04;
2134;519675;-2.542099078678e+03;-7.369661373604e+04;9.866949118822e+04;1.576167756894e+05;3.215688909608e+04;2.812939026772e+03;-8.395260277536e+03;-7.485491643079e+04;-2.565924729059e+04;
2134;519676;-2.542101243699e+03;-7.369661564862e+04;9.866949241852e+04;1.576167760661e+05;3.215689018461e+04;2.812941150911e+03;-8.395263532438e+03;-7.485491881497e+04;-2.565924706044e+04;
2134;519677;-2.542103408665e+03;-7.369661756103e+04;9.866949364881e+04;1.576167764429e+05;3.215689127313e+04;2.812943275109e+03;-8.395266787290e+03;-7.485492119914e+04;-2.565924683033e+04;
2134;519678;-2.542105573578e+03;-7.369661947327e+04;9.866949487907e+04;1.576167768195e+05;3.215689236162e+04;2.812945399366e+03;-8.395270042092e+03;-7.485492358331e+04;-2.565924660025e+04;
2134;519679;-2.542107738437e+03;-7.369662138535e+04;9.866949610933e+04;1.576167771961e+05;3.215689345011e+04;2.812947523682e+03;-8.395273296844e+03;-7.485492596746e+04;-2.565924637022e+04;
2134;519680;-2.542109903242e+03;-7.369662329726e+04;9.866949733956e+04;1.576167775726e+05;3.215689453857e+04;2.812949648056e+03;-8.395276551547e+03;-7.485492835161e+04;-2.565924614022e+04;
2134;519681;-2.542112067993e+03;-7.369662520899e+04;9.866949856978e+04;1.576167779491e+05;3.215689562703e+04;2.812951772490e+03;-8.395279806199e+03;-7.485493073574e+04;-2.565924591026e+04;
2134;519682;-2.542114232689e+03;-7.369662712057e+04;9.866949979997e+04;1.576167783255e+05;3.215689671546e+04;2.812953896982e+03;-8.395283060802e+03;-7.485493311987e+04;-2.565924568034e+04;
2134;519683;-2.542116397332e+03;-7.369662903197e+04;9.866950103016e+04;1.576167787019e+05;3.215689780389e+04;2.812956021534e+03;-8.395286315355e+03;-7.485493550399e+04;-2.565924545046e+04;
2134;519684;-2.542118561921e+03;-7.369663094320e+04;9.866950226032e+04;1.576167790782e+05;3.215689889229e+04;2.812958146144e+03;-8.395289569857e+03;-7.485493788811e+04;-2.565924522062e+04;
2134;519685;-2.542120726455e+03;-7.369663285427e+04;9.866950349047e+04;1.576167794544e+05;3.215689998068e+04;2.812960270812e+03;-8.395292824310e+03;-7.485494027221e+04;-2.565924499082e+04;
2134;519686;-2.542122890936e+03;-7.369663476516e+04;9.866950472060e+04;1.576167798306e+05;3.215690106906e+04;2.812962395540e+03;-8.395296078713e+03;-7.485494265631e+04;-2.565924476105e+04;
2134;519687;-2.542125055363e+03;-7.369663667589e+04;9.866950595071e+04;1.576167802067e+05;3.215690215742e+04;2.812964520327e+03;-8.395299333066e+03;-7.485494504039e+04;-2.565924453133e+04;
2134;519688;-2.542127219736e+03;-7.369663858645e+04;9.866950718081e+04;1.576167805827e+05;3.215690324576e+04;2.812966645172e+03;-8.395302587369e+03;-7.485494742447e+04;-2.565924430164e+04;
2134;519689;-2.542129384054e+03;-7.369664049685e+04;9.866950841089e+04;1.576167809587e+05;3.215690433409e+04;2.812968770076e+03;-8.395305841622e+03;-7.485494980854e+04;-2.565924407200e+04;
2134;519690;-2.542131548319e+03;-7.369664240707e+04;9.866950964095e+04;1.576167813346e+05;3.215690542241e+04;2.812970895039e+03;-8.395309095825e+03;-7.485495219261e+04;-2.565924384239e+04;
2134;519691;-2.542133712530e+03;-7.369664431713e+04;9.866951087100e+04;1.576167817105e+05;3.215690651071e+04;2.812973020060e+03;-8.395312349978e+03;-7.485495457666e+04;-2.565924361282e+04;
2134;519692;-2.542135876687e+03;-7.369664622701e+04;9.866951210103e+04;1.576167820863e+05;3.215690759899e+04;2.812975145141e+03;-8.395315604080e+03;-7.485495696071e+04;-2.565924338329e+04;
2134;519693;-2.542138040791e+03;-7.369664813673e+04;9.866951333104e+04;1.576167824621e+05;3.215690868726e+04;2.812977270280e+03;-8.395318858133e+03;-7.485495934474e+04;-2.565924315380e+04;
2134;519694;-2.542140204840e+03;-7.369665004628e+04;9.866951456103e+04;1.576167828378e+05;3.215690977551e+04;2.812979395478e+03;-8.395322112136e+03;-7.485496172877e+04;-2.565924292435e+04;
2134;519695;-2.542142368835e+03;-7.369665195567e+04;9.866951579101e+04;1.576167832134e+05;3.215691086375e+04;2.812981520735e+03;-8.395325366088e+03;-7.485496411279e+04;-2.565924269494e+04;
2134;519696;-2.542144532777e+03;-7.369665386488e+04;9.866951702097e+04;1.576167835890e+05;3.215691195197e+04;2.812983646050e+03;-8.395328619990e+03;-7.485496649680e+04;-2.565924246556e+04;
2134;519697;-2.542146696664e+03;-7.369665577393e+04;9.866951825091e+04;1.576167839645e+05;3.215691304018e+04;2.812985771424e+03;-8.395331873843e+03;-7.485496888081e+04;-2.565924223623e+04;
2134;519698;-2.542148860498e+03;-7.369665768281e+04;9.866951948083e+04;1.576167843399e+05;3.215691412837e+04;2.812987896857e+03;-8.395335127645e+03;-7.485497126480e+04;-2.565924200693e+04;
2134;519699;-2.542151024278e+03;-7.369665959152e+04;9.866952071074e+04;1.576167847153e+05;3.215691521654e+04;2.812990022348e+03;-8.395338381396e+03;-7.485497364879e+04;-2.565924177768e+04;
2134;519700;-2.542153188004e+03;-7.369666150006e+04;9.866952194063e+04;1.576167850906e+05;3.215691630470e+04;2.812992147899e+03;-8.395341635098e+03;-7.485497603277e+04;-2.565924154846e+04;
2134;519701;-2.542155351677e+03;-7.369666340843e+04;9.866952317051e+04;1.576167854659e+05;3.215691739285e+04;2.812994273508e+03;-8.395344888749e+03;-7.485497841674e+04;-2.565924131928e+04;
2134;519702;-2.542157515295e+03;-7.369666531663e+04;9.866952440036e+04;1.576167858411e+05;3.215691848098e+04;2.812996399175e+03;-8.395348142350e+03;-7.485498080070e+04;-2.565924109015e+04;
2134;519703;-2.542159678860e+03;-7.369666722467e+04;9.866952563020e+04;1.576167862163e+05;3.215691956909e+04;2.812998524901e+03;-8.395351395901e+03;-7.485498318466e+04;-2.565924086105e+04;
2134;519704;-2.542161842371e+03;-7.369666913254e+04;9.866952686002e+04;1.576167865914e+05;3.215692065719e+04;2.813000650686e+03;-8.395354649402e+03;-7.485498556860e+04;-2.565924063199e+04;
2134;519705;-2.542164005828e+03;-7.369667104024e+04;9.866952808983e+04;1.576167869664e+05;3.215692174528e+04;2.813002776530e+03;-8.395357902852e+03;-7.485498795254e+04;-2.565924040297e+04;
2134;519706;-2.542166169231e+03;-7.369667294777e+04;9.866952931962e+04;1.576167873414e+05;3.215692283334e+04;2.813004902432e+03;-8.395361156252e+03;-7.485499033647e+04;-2.565924017399e+04;
2134;519707;-2.542168332581e+03;-7.369667485513e+04;9.866953054939e+04;1.576167877163e+05;3.215692392140e+04;2.813007028393e+03;-8.395364409602e+03;-7.485499272039e+04;-2.565923994504e+04;
2134;519708;-2.542170495877e+03;-7.369667676232e+04;9.866953177914e+04;1.576167880911e+05;3.215692500943e+04;2.813009154413e+03;-8.395367662901e+03;-7.485499510430e+04;-2.565923971614e+04;
2134;519709;-2.542172659119e+03;-7.369667866935e+04;9.866953300888e+04;1.576167884659e+05;3.215692609746e+04;2.813011280491e+03;-8.395370916150e+03;-7.485499748820e+04;-2.565923948728e+04;
2134;519710;-2.542174822308e+03;-7.369668057621e+04;9.866953423860e+04;1.576167888406e+05;3.215692718546e+04;2.813013406628e+03;-8.395374169349e+03;-7.485499987210e+04;-2.565923925846e+04;
2134;519711;-2.542176985442e+03;-7.369668248290e+04;9.866953546830e+04;1.576167892153e+05;3.215692827345e+04;2.813015532824e+03;-8.395377422497e+03;-7.485500225598e+04;-2.565923902967e+04;
2134;519712;-2.542179148523e+03;-7.369668438942e+04;9.866953669799e+04;1.576167895899e+05;3.215692936143e+04;2.813017659078e+03;-8.395380675595e+03;-7.485500463986e+04;-2.565923880093e+04;
2134;519713;-2.542181311551e+03;-7.369668629577e+04;9.866953792766e+04;1.576167899644e+05;3.215693044939e+04;2.813019785390e+03;-8.395383928642e+03;-7.485500702373e+04;-2.565923857222e+04;
2134;519714;-2.542183474524e+03;-7.369668820195e+04;9.866953915731e+04;1.576167903389e+05;3.215693153734e+04;2.813021911762e+03;-8.395387181639e+03;-7.485500940759e+04;-2.565923834356e+04;
2134;519715;-2.542185637444e+03;-7.369669010797e+04;9.866954038694e+04;1.576167907133e+05;3.215693262526e+04;2.813024038192e+03;-8.395390434586e+03;-7.485501179145e+04;-2.565923811493e+04;
2134;519716;-2.542187800310e+03;-7.369669201382e+04;9.866954161656e+04;1.576167910877e+05;3.215693371318e+04;2.813026164680e+03;-8.395393687482e+03;-7.485501417529e+04;-2.565923788634e+04;
2134;519717;-2.542189963123e+03;-7.369669391949e+04;9.866954284616e+04;1.576167914620e+05;3.215693480108e+04;2.813028291227e+03;-8.395396940327e+03;-7.485501655913e+04;-2.565923765780e+04;
2134;519718;-2.542192125882e+03;-7.369669582500e+04;9.866954407574e+04;1.576167918362e+05;3.215693588896e+04;2.813030417833e+03;-8.395400193122e+03;-7.485501894296e+04;-2.565923742929e+04;
2134;519719;-2.542194288587e+03;-7.369669773035e+04;9.866954530530e+04;1.576167922104e+05;3.215693697683e+04;2.813032544497e+03;-8.395403445867e+03;-7.485502132678e+04;-2.565923720082e+04;
2134;519720;-2.542196451239e+03;-7.369669963552e+04;9.866954653485e+04;1.576167925846e+05;3.215693806468e+04;2.813034671220e+03;-8.395406698561e+03;-7.485502371059e+04;-2.565923697239e+04;
2134;519721;-2.542198613837e+03;-7.369670154052e+04;9.866954776438e+04;1.576167929586e+05;3.215693915252e+04;2.813036798001e+03;-8.395409951204e+03;-7.485502609439e+04;-2.565923674400e+04;
2134;519722;-2.542200776382e+03;-7.369670344536e+04;9.866954899390e+04;1.576167933326e+05;3.215694024034e+04;2.813038924841e+03;-8.395413203797e+03;-7.485502847818e+04;-2.565923651565e+04;
2134;519723;-2.542202938873e+03;-7.369670535003e+04;9.866955022340e+04;1.576167937066e+05;3.215694132815e+04;2.813041051739e+03;-8.395416456339e+03;-7.485503086197e+04;-2.565923628735e+04;
2134;519724;-2.542205101310e+03;-7.369670725453e+04;9.866955145287e+04;1.576167940804e+05;3.215694241594e+04;2.813043178696e+03;-8.395419708830e+03;-7.485503324575e+04;-2.565923605908e+04;
2134;519725;-2.542207263694e+03;-7.369670915886e+04;9.866955268234e+04;1.576167944543e+05;3.215694350372e+04;2.813045305712e+03;-8.395422961271e+03;-7.485503562951e+04;-2.565923583085e+04;
2134;519726;-2.542209426024e+03;-7.369671106302e+04;9.866955391178e+04;1.576167948280e+05;3.215694459148e+04;2.813047432786e+03;-8.395426213661e+03;-7.485503801327e+04;-2.565923560266e+04;
2134;519727;-2.542211588301e+03;-7.369671296701e+04;9.866955514121e+04;1.576167952017e+05;3.215694567922e+04;2.813049559918e+03;-8.395429466001e+03;-7.485504039703e+04;-2.565923537450e+04;
2134;519728;-2.542213750524e+03;-7.369671487084e+04;9.866955637062e+04;1.576167955754e+05;3.215694676695e+04;2.813051687109e+03;-8.395432718290e+03;-7.485504278077e+04;-2.565923514639e+04;
2134;519729;-2.542215912694e+03;-7.369671677450e+04;9.866955760002e+04;1.576167959489e+05;3.215694785466e+04;2.813053814359e+03;-8.395435970528e+03;-7.485504516450e+04;-2.565923491832e+04;
2134;519730;-2.542218074810e+03;-7.369671867799e+04;9.866955882939e+04;1.576167963224e+05;3.215694894236e+04;2.813055941666e+03;-8.395439222715e+03;-7.485504754823e+04;-2.565923469029e+04;
2134;519731;-2.542220236872e+03;-7.369672058131e+04;9.866956005875e+04;1.576167966959e+05;3.215695003005e+04;2.813058069033e+03;-8.395442474852e+03;-7.485504993195e+04;-2.565923446230e+04;
2134;519732;-2.542222398882e+03;-7.369672248446e+04;9.866956128810e+04;1.576167970693e+05;3.215695111771e+04;2.813060196458e+03;-8.395445726938e+03;-7.485505231566e+04;-2.565923423435e+04;
2134;519733;-2.542224560837e+03;-7.369672438744e+04;9.866956251742e+04;1.576167974426e+05;3.215695220537e+04;2.813062323941e+03;-8.395448978973e+03;-7.485505469936e+04;-2.565923400644e+04;
2134;519734;-2.542226722739e+03;-7.369672629025e+04;9.866956374673e+04;1.576167978159e+05;3.215695329300e+04;2.813064451483e+03;-8.395452230958e+03;-7.485505708305e+04;-2.565923377856e+04;
2134;519735;-2.542228884588e+03;-7.369672819290e+04;9.866956497602e+04;1.576167981891e+05;3.215695438063e+04;2.813066579083e+03;-8.395455482891e+03;-7.485505946674e+04;-2.565923355073e+04;
2134;519736;-2.542231046383e+03;-7.369673009538e+04;9.866956620530e+04;1.576167985623e+05;3.215695546823e+04;2.813068706741e+03;-8.395458734774e+03;-7.485506185041e+04;-2.565923332294e+04;
2134;519737;-2.542233208125e+03;-7.369673199768e+04;9.866956743455e+04;1.576167989354e+05;3.215695655582e+04;2.813070834458e+03;-8.395461986606e+03;-7.485506423408e+04;-2.565923309519e+04;
2134;519738;-2.542235369813e+03;-7.369673389983e+04;9.866956866379e+04;1.576167993084e+05;3.215695764340e+04;2.813072962234e+03;-8.395465238387e+03;-7.485506661774e+04;-2.565923286748e+04;
2134;519739;-2.542237531448e+03;-7.369673580180e+04;9.866956989301e+04;1.576167996814e+05;3.215695873096e+04;2.813075090068e+03;-8.395468490117e+03;-7.485506900139e+04;-2.565923263980e+04;
2134;519740;-2.542239693030e+03;-7.369673770360e+04;9.866957112222e+04;1.576168000543e+05;3.215695981850e+04;2.813077217960e+03;-8.395471741796e+03;-7.485507138503e+04;-2.565923241217e+04;
2134;519741;-2.542241854558e+03;-7.369673960523e+04;9.866957235141e+04;1.576168004271e+05;3.215696090603e+04;2.813079345911e+03;-8.395474993425e+03;-7.485507376866e+04;-2.565923218458e+04;
2134;519742;-2.542244016033e+03;-7.369674150670e+04;9.866957358058e+04;1.576168007999e+05;3.215696199355e+04;2.813081473920e+03;-8.395478245002e+03;-7.485507615229e+04;-2.565923195703e+04;
2134;519743;-2.542246177454e+03;-7.369674340800e+04;9.866957480973e+04;1.576168011727e+05;3.215696308105e+04;2.813083601987e+03;-8.395481496528e+03;-7.485507853590e+04;-2.565923172951e+04;
2134;519744;-2.542248338822e+03;-7.369674530913e+04;9.866957603887e+04;1.576168015453e+05;3.215696416853e+04;2.813085730113e+03;-8.395484748004e+03;-7.485508091951e+04;-2.565923150204e+04;
2134;519745;-2.542250500137e+03;-7.369674721009e+04;9.866957726799e+04;1.576168019179e+05;3.215696525600e+04;2.813087858297e+03;-8.395487999428e+03;-7.485508330311e+04;-2.565923127461e+04;
2134;519746;-2.542252661398e+03;-7.369674911088e+04;9.866957849709e+04;1.576168022905e+05;3.215696634345e+04;2.813089986540e+03;-8.395491250802e+03;-7.485508568670e+04;-2.565923104722e+04;
2134;519747;-2.542254822606e+03;-7.369675101150e+04;9.866957972618e+04;1.576168026630e+05;3.215696743089e+04;2.813092114841e+03;-8.395494502124e+03;-7.485508807028e+04;-2.565923081987e+04;
2134;519748;-2.542256983761e+03;-7.369675291195e+04;9.866958095525e+04;1.576168030354e+05;3.215696851831e+04;2.813094243200e+03;-8.395497753396e+03;-7.485509045386e+04;-2.565923059256e+04;
2134;519749;-2.542259144862e+03;-7.369675481224e+04;9.866958218430e+04;1.576168034078e+05;3.215696960571e+04;2.813096371617e+03;-8.395501004616e+03;-7.485509283742e+04;-2.565923036528e+04;
2134;519750;-2.542261305910e+03;-7.369675671236e+04;9.866958341333e+04;1.576168037801e+05;3.215697069311e+04;2.813098500093e+03;-8.395504255786e+03;-7.485509522098e+04;-2.565923013805e+04;
2134;519751;-2.542263466905e+03;-7.369675861230e+04;9.866958464235e+04;1.576168041523e+05;3.215697178048e+04;2.813100628627e+03;-8.395507506904e+03;-7.485509760453e+04;-2.565922991086e+04;
2134;519752;-2.542265627846e+03;-7.369676051208e+04;9.866958587135e+04;1.576168045245e+05;3.215697286784e+04;2.813102757220e+03;-8.395510757971e+03;-7.485509998807e+04;-2.565922968371e+04;
2134;519753;-2.542267788734e+03;-7.369676241170e+04;9.866958710033e+04;1.576168048966e+05;3.215697395519e+04;2.813104885871e+03;-8.395514008987e+03;-7.485510237160e+04;-2.565922945660e+04;
2134;519754;-2.542269949569e+03;-7.369676431114e+04;9.866958832930e+04;1.576168052687e+05;3.215697504251e+04;2.813107014580e+03;-8.395517259952e+03;-7.485510475512e+04;-2.565922922953e+04;
2134;519755;-2.542272110351e+03;-7.369676621041e+04;9.866958955825e+04;1.576168056407e+05;3.215697612983e+04;2.813109143347e+03;-8.395520510865e+03;-7.485510713864e+04;-2.565922900250e+04;
2134;519756;-2.542274271079e+03;-7.369676810952e+04;9.866959078718e+04;1.576168060126e+05;3.215697721713e+04;2.813111272173e+03;-8.395523761728e+03;-7.485510952214e+04;-2.565922877551e+04;
2134;519757;-2.542276431754e+03;-7.369677000845e+04;9.866959201609e+04;1.576168063845e+05;3.215697830441e+04;2.813113401057e+03;-8.395527012539e+03;-7.485511190564e+04;-2.565922854856e+04;
2134;519758;-2.542278592376e+03;-7.369677190722e+04;9.866959324499e+04;1.576168067563e+05;3.215697939168e+04;2.813115529999e+03;-8.395530263299e+03;-7.485511428913e+04;-2.565922832165e+04;
2134;519759;-2.542280752945e+03;-7.369677380582e+04;9.866959447387e+04;1.576168071281e+05;3.215698047893e+04;2.813117659000e+03;-8.395533514008e+03;-7.485511667261e+04;-2.565922809478e+04;
2134;519760;-2.542282913460e+03;-7.369677570425e+04;9.866959570273e+04;1.576168074998e+05;3.215698156616e+04;2.813119788058e+03;-8.395536764666e+03;-7.485511905608e+04;-2.565922786795e+04;
2134;519761;-2.542285073923e+03;-7.369677760251e+04;9.866959693158e+04;1.576168078714e+05;3.215698265339e+04;2.813121917175e+03;-8.395540015272e+03;-7.485512143954e+04;-2.565922764117e+04;
2134;519762;-2.542287234332e+03;-7.369677950061e+04;9.866959816041e+04;1.576168082430e+05;3.215698374059e+04;2.813124046351e+03;-8.395543265828e+03;-7.485512382300e+04;-2.565922741442e+04;
2134;519763;-2.542289394688e+03;-7.369678139853e+04;9.866959938922e+04;1.576168086145e+05;3.215698482778e+04;2.813126175584e+03;-8.395546516331e+03;-7.485512620644e+04;-2.565922718771e+04;
2134;519764;-2.542291554991e+03;-7.369678329629e+04;9.866960061801e+04;1.576168089860e+05;3.215698591496e+04;2.813128304876e+03;-8.395549766784e+03;-7.485512858988e+04;-2.565922696105e+04;
2134;519765;-2.542293715240e+03;-7.369678519387e+04;9.866960184679e+04;1.576168093574e+05;3.215698700212e+04;2.813130434226e+03;-8.395553017185e+03;-7.485513097331e+04;-2.565922673442e+04;
2134;519766;-2.542295875437e+03;-7.369678709129e+04;9.866960307555e+04;1.576168097287e+05;3.215698808926e+04;2.813132563634e+03;-8.395556267535e+03;-7.485513335673e+04;-2.565922650783e+04;
2134;519767;-2.542298035580e+03;-7.369678898854e+04;9.866960430429e+04;1.576168101000e+05;3.215698917639e+04;2.813134693100e+03;-8.395559517834e+03;-7.485513574014e+04;-2.565922628129e+04;
2134;519768;-2.542300195670e+03;-7.369679088562e+04;9.866960553302e+04;1.576168104712e+05;3.215699026350e+04;2.813136822624e+03;-8.395562768081e+03;-7.485513812354e+04;-2.565922605478e+04;
2134;519769;-2.542302355708e+03;-7.369679278253e+04;9.866960676173e+04;1.576168108423e+05;3.215699135060e+04;2.813138952207e+03;-8.395566018276e+03;-7.485514050694e+04;-2.565922582832e+04;
2134;519770;-2.542304515692e+03;-7.369679467928e+04;9.866960799042e+04;1.576168112134e+05;3.215699243768e+04;2.813141081848e+03;-8.395569268421e+03;-7.485514289032e+04;-2.565922560190e+04;
2134;519771;-2.542306675623e+03;-7.369679657585e+04;9.866960921909e+04;1.576168115845e+05;3.215699352475e+04;2.813143211547e+03;-8.395572518514e+03;-7.485514527370e+04;-2.565922537551e+04;
2134;519772;-2.542308835501e+03;-7.369679847226e+04;9.866961044775e+04;1.576168119554e+05;3.215699461180e+04;2.813145341304e+03;-8.395575768555e+03;-7.485514765707e+04;-2.565922514917e+04;
2134;519773;-2.542310995325e+03;-7.369680036850e+04;9.866961167639e+04;1.576168123263e+05;3.215699569884e+04;2.813147471119e+03;-8.395579018545e+03;-7.485515004043e+04;-2.565922492287e+04;
2134;519774;-2.542313155097e+03;-7.369680226456e+04;9.866961290501e+04;1.576168126972e+05;3.215699678586e+04;2.813149600993e+03;-8.395582268483e+03;-7.485515242378e+04;-2.565922469661e+04;
2134;519775;-2.542315314816e+03;-7.369680416046e+04;9.866961413362e+04;1.576168130680e+05;3.215699787286e+04;2.813151730924e+03;-8.395585518370e+03;-7.485515480712e+04;-2.565922447039e+04;
2134;519776;-2.542317474482e+03;-7.369680605619e+04;9.866961536221e+04;1.576168134387e+05;3.215699895985e+04;2.813153860914e+03;-8.395588768206e+03;-7.485515719046e+04;-2.565922424421e+04;
2134;519777;-2.542319634094e+03;-7.369680795176e+04;9.866961659078e+04;1.576168138094e+05;3.215700004683e+04;2.813155990962e+03;-8.395592017990e+03;-7.485515957378e+04;-2.565922401807e+04;
2134;519778;-2.542321793654e+03;-7.369680984715e+04;9.866961781934e+04;1.576168141800e+05;3.215700113379e+04;2.813158121068e+03;-8.395595267722e+03;-7.485516195710e+04;-2.565922379197e+04;
2134;519779;-2.542323953161e+03;-7.369681174237e+04;9.866961904787e+04;1.576168145505e+05;3.215700222073e+04;2.813160251232e+03;-8.395598517403e+03;-7.485516434041e+04;-2.565922356591e+04;
2134;519780;-2.542326112615e+03;-7.369681363743e+04;9.866962027639e+04;1.576168149210e+05;3.215700330766e+04;2.813162381454e+03;-8.395601767032e+03;-7.485516672371e+04;-2.565922333990e+04;
2134;519781;-2.542328272015e+03;-7.369681553232e+04;9.866962150490e+04;1.576168152914e+05;3.215700439457e+04;2.813164511734e+03;-8.395605016610e+03;-7.485516910700e+04;-2.565922311392e+04;
2134;519782;-2.542330431363e+03;-7.369681742704e+04;9.866962273338e+04;1.576168156618e+05;3.215700548147e+04;2.813166642073e+03;-8.395608266136e+03;-7.485517149028e+04;-2.565922288799e+04;
2134;519783;-2.542332590658e+03;-7.369681932158e+04;9.866962396185e+04;1.576168160321e+05;3.215700656835e+04;2.813168772469e+03;-8.395611515610e+03;-7.485517387356e+04;-2.565922266209e+04;
2134;519784;-2.542334749900e+03;-7.369682121597e+04;9.866962519030e+04;1.576168164023e+05;3.215700765522e+04;2.813170902924e+03;-8.395614765033e+03;-7.485517625682e+04;-2.565922243624e+04;
2134;519785;-2.542336909089e+03;-7.369682311018e+04;9.866962641874e+04;1.576168167725e+05;3.215700874207e+04;2.813173033436e+03;-8.395618014403e+03;-7.485517864008e+04;-2.565922221043e+04;
2134;519786;-2.542339068225e+03;-7.369682500422e+04;9.866962764715e+04;1.576168171426e+05;3.215700982890e+04;2.813175164007e+03;-8.395621263723e+03;-7.485518102333e+04;-2.565922198466e+04;
2134;519787;-2.542341227308e+03;-7.369682689809e+04;9.866962887555e+04;1.576168175127e+05;3.215701091572e+04;2.813177294635e+03;-8.395624512990e+03;-7.485518340657e+04;-2.565922175892e+04;
2134;519788;-2.542343386338e+03;-7.369682879180e+04;9.866963010394e+04;1.576168178826e+05;3.215701200253e+04;2.813179425322e+03;-8.395627762206e+03;-7.485518578980e+04;-2.565922153324e+04;
2134;519789;-2.542345545315e+03;-7.369683068534e+04;9.866963133230e+04;1.576168182526e+05;3.215701308932e+04;2.813181556067e+03;-8.395631011370e+03;-7.485518817302e+04;-2.565922130759e+04;
2134;519790;-2.542347704239e+03;-7.369683257870e+04;9.866963256065e+04;1.576168186225e+05;3.215701417609e+04;2.813183686870e+03;-8.395634260483e+03;-7.485519055624e+04;-2.565922108198e+04;
2134;519791;-2.542349863111e+03;-7.369683447190e+04;9.866963378898e+04;1.576168189923e+05;3.215701526285e+04;2.813185817730e+03;-8.395637509543e+03;-7.485519293944e+04;-2.565922085641e+04;
2134;519792;-2.542352021930e+03;-7.369683636493e+04;9.866963501730e+04;1.576168193620e+05;3.215701634959e+04;2.813187948649e+03;-8.395640758552e+03;-7.485519532264e+04;-2.565922063089e+04;
2134;519793;-2.542354180695e+03;-7.369683825779e+04;9.866963624559e+04;1.576168197317e+05;3.215701743632e+04;2.813190079626e+03;-8.395644007509e+03;-7.485519770583e+04;-2.565922040540e+04;
2134;519794;-2.542356339408e+03;-7.369684015049e+04;9.866963747388e+04;1.576168201013e+05;3.215701852303e+04;2.813192210661e+03;-8.395647256414e+03;-7.485520008901e+04;-2.565922017996e+04;
2134;519795;-2.542358498068e+03;-7.369684204301e+04;9.866963870214e+04;1.576168204709e+05;3.215701960973e+04;2.813194341753e+03;-8.395650505268e+03;-7.485520247218e+04;-2.565921995455e+04;
2134;519796;-2.542360656676e+03;-7.369684393536e+04;9.866963993038e+04;1.576168208404e+05;3.215702069641e+04;2.813196472904e+03;-8.395653754069e+03;-7.485520485534e+04;-2.565921972919e+04;
2134;519797;-2.542362815230e+03;-7.369684582755e+04;9.866964115861e+04;1.576168212098e+05;3.215702178307e+04;2.813198604113e+03;-8.395657002819e+03;-7.485520723849e+04;-2.565921950387e+04;
2134;519798;-2.542364973732e+03;-7.369684771957e+04;9.866964238682e+04;1.576168215792e+05;3.215702286972e+04;2.813200735379e+03;-8.395660251516e+03;-7.485520962164e+04;-2.565921927859e+04;
2134;519799;-2.542367132181e+03;-7.369684961141e+04;9.866964361502e+04;1.576168219485e+05;3.215702395636e+04;2.813202866704e+03;-8.395663500162e+03;-7.485521200477e+04;-2.565921905335e+04;
2134;519800;-2.542369290577e+03;-7.369685150309e+04;9.866964484320e+04;1.576168223178e+05;3.215702504298e+04;2.813204998086e+03;-8.395666748756e+03;-7.485521438790e+04;-2.565921882816e+04;
2134;519801;-2.542371448920e+03;-7.369685339460e+04;9.866964607136e+04;1.576168226870e+05;3.215702612958e+04;2.813207129527e+03;-8.395669997298e+03;-7.485521677102e+04;-2.565921860300e+04;
2134;519802;-2.542373607211e+03;-7.369685528594e+04;9.866964729950e+04;1.576168230561e+05;3.215702721617e+04;2.813209261025e+03;-8.395673245787e+03;-7.485521915413e+04;-2.565921837789e+04;
2134;519803;-2.542375765449e+03;-7.369685717712e+04;9.866964852763e+04;1.576168234252e+05;3.215702830274e+04;2.813211392582e+03;-8.395676494225e+03;-7.485522153723e+04;-2.565921815281e+04;
2134;519804;-2.542377923634e+03;-7.369685906812e+04;9.866964975573e+04;1.576168237942e+05;3.215702938930e+04;2.813213524196e+03;-8.395679742611e+03;-7.485522392033e+04;-2.565921792778e+04;
2134;519805;-2.542380081766e+03;-7.369686095895e+04;9.866965098383e+04;1.576168241632e+05;3.215703047584e+04;2.813215655868e+03;-8.395682990945e+03;-7.485522630341e+04;-2.565921770279e+04;
2134;519806;-2.542382239846e+03;-7.369686284962e+04;9.866965221190e+04;1.576168245321e+05;3.215703156237e+04;2.813217787598e+03;-8.395686239227e+03;-7.485522868648e+04;-2.565921747784e+04;
2134;519807;-2.542384397873e+03;-7.369686474012e+04;9.866965343996e+04;1.576168249009e+05;3.215703264888e+04;2.813219919386e+03;-8.395689487457e+03;-7.485523106955e+04;-2.565921725293e+04;
2134;519808;-2.542386555847e+03;-7.369686663044e+04;9.866965466800e+04;1.576168252697e+05;3.215703373538e+04;2.813222051232e+03;-8.395692735635e+03;-7.485523345261e+04;-2.565921702807e+04;
2134;519809;-2.542388713769e+03;-7.369686852060e+04;9.866965589602e+04;1.576168256384e+05;3.215703482186e+04;2.813224183135e+03;-8.395695983760e+03;-7.485523583566e+04;-2.565921680324e+04;
2134;519810;-2.542390871638e+03;-7.369687041059e+04;9.866965712403e+04;1.576168260071e+05;3.215703590832e+04;2.813226315097e+03;-8.395699231834e+03;-7.485523821870e+04;-2.565921657846e+04;
2134;519811;-2.542393029454e+03;-7.369687230041e+04;9.866965835202e+04;1.576168263756e+05;3.215703699477e+04;2.813228447116e+03;-8.395702479855e+03;-7.485524060173e+04;-2.565921635371e+04;
2134;519812;-2.542395187217e+03;-7.369687419006e+04;9.866965957999e+04;1.576168267442e+05;3.215703808121e+04;2.813230579194e+03;-8.395705727824e+03;-7.485524298476e+04;-2.565921612901e+04;
2134;519813;-2.542397344928e+03;-7.369687607955e+04;9.866966080794e+04;1.576168271126e+05;3.215703916762e+04;2.813232711329e+03;-8.395708975741e+03;-7.485524536777e+04;-2.565921590435e+04;
2134;519814;-2.542399502587e+03;-7.369687796886e+04;9.866966203588e+04;1.576168274810e+05;3.215704025403e+04;2.813234843522e+03;-8.395712223606e+03;-7.485524775078e+04;-2.565921567973e+04;
2134;519815;-2.542401660192e+03;-7.369687985801e+04;9.866966326380e+04;1.576168278494e+05;3.215704134042e+04;2.813236975773e+03;-8.395715471419e+03;-7.485525013377e+04;-2.565921545515e+04;
2134;519816;-2.542403817745e+03;-7.369688174698e+04;9.866966449170e+04;1.576168282177e+05;3.215704242679e+04;2.813239108081e+03;-8.395718719180e+03;-7.485525251676e+04;-2.565921523062e+04;
2134;519817;-2.542405975246e+03;-7.369688363579e+04;9.866966571959e+04;1.576168285859e+05;3.215704351314e+04;2.813241240448e+03;-8.395721966888e+03;-7.485525489974e+04;-2.565921500612e+04;
2134;519818;-2.542408132694e+03;-7.369688552443e+04;9.866966694746e+04;1.576168289540e+05;3.215704459949e+04;2.813243372872e+03;-8.395725214544e+03;-7.485525728271e+04;-2.565921478167e+04;
2134;519819;-2.542410290089e+03;-7.369688741290e+04;9.866966817531e+04;1.576168293221e+05;3.215704568581e+04;2.813245505354e+03;-8.395728462148e+03;-7.485525966568e+04;-2.565921455726e+04;
2134;519820;-2.542412447432e+03;-7.369688930120e+04;9.866966940315e+04;1.576168296902e+05;3.215704677212e+04;2.813247637894e+03;-8.395731709699e+03;-7.485526204863e+04;-2.565921433289e+04;
2134;519821;-2.542414604722e+03;-7.369689118933e+04;9.866967063096e+04;1.576168300582e+05;3.215704785842e+04;2.813249770491e+03;-8.395734957199e+03;-7.485526443157e+04;-2.565921410856e+04;
2134;519822;-2.542416761960e+03;-7.369689307729e+04;9.866967185876e+04;1.576168304261e+05;3.215704894470e+04;2.813251903147e+03;-8.395738204646e+03;-7.485526681451e+04;-2.565921388428e+04;
2134;519823;-2.542418919145e+03;-7.369689496508e+04;9.866967308655e+04;1.576168307939e+05;3.215705003096e+04;2.813254035860e+03;-8.395741452040e+03;-7.485526919744e+04;-2.565921366003e+04;
2134;519824;-2.542421076277e+03;-7.369689685271e+04;9.866967431431e+04;1.576168311617e+05;3.215705111721e+04;2.813256168631e+03;-8.395744699382e+03;-7.485527158036e+04;-2.565921343583e+04;
2134;519825;-2.542423233358e+03;-7.369689874016e+04;9.866967554206e+04;1.576168315294e+05;3.215705220344e+04;2.813258301460e+03;-8.395747946672e+03;-7.485527396327e+04;-2.565921321167e+04;
2134;519826;-2.542425390385e+03;-7.369690062745e+04;9.866967676979e+04;1.576168318971e+05;3.215705328966e+04;2.813260434346e+03;-8.395751193910e+03;-7.485527634617e+04;-2.565921298755e+04;
2134;519827;-2.542427547360e+03;-7.369690251456e+04;9.866967799751e+04;1.576168322647e+05;3.215705437586e+04;2.813262567290e+03;-8.395754441095e+03;-7.485527872906e+04;-2.565921276347e+04;
2134;519828;-2.542429704283e+03;-7.369690440151e+04;9.866967922521e+04;1.576168326323e+05;3.215705546205e+04;2.813264700292e+03;-8.395757688228e+03;-7.485528111195e+04;-2.565921253943e+04;
2134;519829;-2.542431861153e+03;-7.369690628829e+04;9.866968045289e+04;1.576168329998e+05;3.215705654822e+04;2.813266833352e+03;-8.395760935308e+03;-7.485528349482e+04;-2.565921231544e+04;
2134;519830;-2.542434017971e+03;-7.369690817490e+04;9.866968168055e+04;1.576168333672e+05;3.215705763438e+04;2.813268966469e+03;-8.395764182336e+03;-7.485528587769e+04;-2.565921209148e+04;
2134;519831;-2.542436174736e+03;-7.369691006134e+04;9.866968290820e+04;1.576168337345e+05;3.215705872052e+04;2.813271099644e+03;-8.395767429311e+03;-7.485528826055e+04;-2.565921186757e+04;
2134;519832;-2.542438331448e+03;-7.369691194761e+04;9.866968413582e+04;1.576168341018e+05;3.215705980664e+04;2.813273232877e+03;-8.395770676234e+03;-7.485529064339e+04;-2.565921164370e+04;
2134;519833;-2.542440488109e+03;-7.369691383371e+04;9.866968536344e+04;1.576168344691e+05;3.215706089275e+04;2.813275366167e+03;-8.395773923104e+03;-7.485529302623e+04;-2.565921141987e+04;
2134;519834;-2.542442644717e+03;-7.369691571965e+04;9.866968659103e+04;1.576168348363e+05;3.215706197884e+04;2.813277499515e+03;-8.395777169922e+03;-7.485529540907e+04;-2.565921119609e+04;
2134;519835;-2.542444801272e+03;-7.369691760541e+04;9.866968781861e+04;1.576168352034e+05;3.215706306492e+04;2.813279632921e+03;-8.395780416687e+03;-7.485529779189e+04;-2.565921097234e+04;
2134;519836;-2.542446957775e+03;-7.369691949101e+04;9.866968904617e+04;1.576168355704e+05;3.215706415099e+04;2.813281766385e+03;-8.395783663400e+03;-7.485530017470e+04;-2.565921074864e+04;
2134;519837;-2.542449114226e+03;-7.369692137643e+04;9.866969027371e+04;1.576168359374e+05;3.215706523703e+04;2.813283899906e+03;-8.395786910060e+03;-7.485530255751e+04;-2.565921052498e+04;
2134;519838;-2.542451270624e+03;-7.369692326169e+04;9.866969150124e+04;1.576168363044e+05;3.215706632307e+04;2.813286033484e+03;-8.395790156668e+03;-7.485530494030e+04;-2.565921030136e+04;
2134;519839;-2.542453426970e+03;-7.369692514678e+04;9.866969272875e+04;1.576168366712e+05;3.215706740908e+04;2.813288167121e+03;-8.395793403223e+03;-7.485530732309e+04;-2.565921007779e+04;
2134;519840;-2.542455583264e+03;-7.369692703170e+04;9.866969395624e+04;1.576168370380e+05;3.215706849508e+04;2.813290300815e+03;-8.395796649725e+03;-7.485530970587e+04;-2.565920985425e+04;
2134;519841;-2.542457739505e+03;-7.369692891645e+04;9.866969518371e+04;1.576168374048e+05;3.215706958107e+04;2.813292434567e+03;-8.395799896175e+03;-7.485531208864e+04;-2.565920963076e+04;
2134;519842;-2.542459895694e+03;-7.369693080103e+04;9.866969641117e+04;1.576168377715e+05;3.215707066704e+04;2.813294568376e+03;-8.395803142572e+03;-7.485531447140e+04;-2.565920940731e+04;
2134;519843;-2.542462051831e+03;-7.369693268544e+04;9.866969763861e+04;1.576168381381e+05;3.215707175299e+04;2.813296702243e+03;-8.395806388916e+03;-7.485531685416e+04;-2.565920918390e+04;
2134;519844;-2.542464207915e+03;-7.369693456968e+04;9.866969886604e+04;1.576168385047e+05;3.215707283893e+04;2.813298836167e+03;-8.395809635208e+03;-7.485531923690e+04;-2.565920896053e+04;
2134;519845;-2.542466363947e+03;-7.369693645375e+04;9.866970009344e+04;1.576168388712e+05;3.215707392486e+04;2.813300970150e+03;-8.395812881447e+03;-7.485532161963e+04;-2.565920873721e+04;
2134;519846;-2.542468519927e+03;-7.369693833766e+04;9.866970132083e+04;1.576168392376e+05;3.215707501076e+04;2.813303104189e+03;-8.395816127633e+03;-7.485532400236e+04;-2.565920851393e+04;
2134;519847;-2.542470675854e+03;-7.369694022139e+04;9.866970254820e+04;1.576168396040e+05;3.215707609666e+04;2.813305238287e+03;-8.395819373767e+03;-7.485532638508e+04;-2.565920829069e+04;
2134;519848;-2.542472831729e+03;-7.369694210496e+04;9.866970377556e+04;1.576168399703e+05;3.215707718253e+04;2.813307372442e+03;-8.395822619848e+03;-7.485532876779e+04;-2.565920806749e+04;
2134;519849;-2.542474987552e+03;-7.369694398836e+04;9.866970500289e+04;1.576168403366e+05;3.215707826840e+04;2.813309506654e+03;-8.395825865876e+03;-7.485533115049e+04;-2.565920784433e+04;
2134;519850;-2.542477143323e+03;-7.369694587158e+04;9.866970623022e+04;1.576168407028e+05;3.215707935424e+04;2.813311640924e+03;-8.395829111851e+03;-7.485533353318e+04;-2.565920762122e+04;
2134;519851;-2.542479299041e+03;-7.369694775464e+04;9.866970745752e+04;1.576168410689e+05;3.215708044007e+04;2.813313775252e+03;-8.395832357773e+03;-7.485533591586e+04;-2.565920739814e+04;
2134;519852;-2.542481454708e+03;-7.369694963753e+04;9.866970868480e+04;1.576168414350e+05;3.215708152589e+04;2.813315909637e+03;-8.395835603643e+03;-7.485533829853e+04;-2.565920717511e+04;
2134;519853;-2.542483610322e+03;-7.369695152025e+04;9.866970991207e+04;1.576168418010e+05;3.215708261169e+04;2.813318044079e+03;-8.395838849460e+03;-7.485534068120e+04;-2.565920695213e+04;
2134;519854;-2.542485765883e+03;-7.369695340280e+04;9.866971113933e+04;1.576168421669e+05;3.215708369747e+04;2.813320178580e+03;-8.395842095224e+03;-7.485534306385e+04;-2.565920672918e+04;
2134;519855;-2.542487921393e+03;-7.369695528518e+04;9.866971236656e+04;1.576168425328e+05;3.215708478324e+04;2.813322313137e+03;-8.395845340935e+03;-7.485534544650e+04;-2.565920650628e+04;
2134;519856;-2.542490076850e+03;-7.369695716740e+04;9.866971359378e+04;1.576168428986e+05;3.215708586900e+04;2.813324447753e+03;-8.395848586593e+03;-7.485534782914e+04;-2.565920628342e+04;
2134;519857;-2.542492232255e+03;-7.369695904944e+04;9.866971482098e+04;1.576168432644e+05;3.215708695473e+04;2.813326582425e+03;-8.395851832198e+03;-7.485535021177e+04;-2.565920606060e+04;
2134;519858;-2.542494387608e+03;-7.369696093131e+04;9.866971604816e+04;1.576168436301e+05;3.215708804046e+04;2.813328717156e+03;-8.395855077750e+03;-7.485535259439e+04;-2.565920583782e+04;
2134;519859;-2.542496542909e+03;-7.369696281302e+04;9.866971727533e+04;1.576168439957e+05;3.215708912616e+04;2.813330851943e+03;-8.395858323249e+03;-7.485535497700e+04;-2.565920561509e+04;
2134;519860;-2.542498698158e+03;-7.369696469455e+04;9.866971850248e+04;1.576168443613e+05;3.215709021186e+04;2.813332986789e+03;-8.395861568696e+03;-7.485535735960e+04;-2.565920539240e+04;
2134;519861;-2.542500853355e+03;-7.369696657592e+04;9.866971972961e+04;1.576168447268e+05;3.215709129753e+04;2.813335121691e+03;-8.395864814089e+03;-7.485535974220e+04;-2.565920516975e+04;
2134;519862;-2.542503008499e+03;-7.369696845712e+04;9.866972095672e+04;1.576168450923e+05;3.215709238319e+04;2.813337256651e+03;-8.395868059429e+03;-7.485536212478e+04;-2.565920494714e+04;
2134;519863;-2.542505163591e+03;-7.369697033814e+04;9.866972218382e+04;1.576168454577e+05;3.215709346884e+04;2.813339391669e+03;-8.395871304717e+03;-7.485536450736e+04;-2.565920472458e+04;
2134;519864;-2.542507318632e+03;-7.369697221900e+04;9.866972341090e+04;1.576168458230e+05;3.215709455447e+04;2.813341526744e+03;-8.395874549951e+03;-7.485536688993e+04;-2.565920450205e+04;
2134;519865;-2.542509473620e+03;-7.369697409969e+04;9.866972463797e+04;1.576168461883e+05;3.215709564008e+04;2.813343661877e+03;-8.395877795132e+03;-7.485536927249e+04;-2.565920427957e+04;
2134;519866;-2.542511628556e+03;-7.369697598021e+04;9.866972586501e+04;1.576168465535e+05;3.215709672568e+04;2.813345797067e+03;-8.395881040260e+03;-7.485537165504e+04;-2.565920405714e+04;
2134;519867;-2.542513783440e+03;-7.369697786056e+04;9.866972709204e+04;1.576168469186e+05;3.215709781126e+04;2.813347932314e+03;-8.395884285336e+03;-7.485537403758e+04;-2.565920383474e+04;
2134;519868;-2.542515938272e+03;-7.369697974075e+04;9.866972831905e+04;1.576168472837e+05;3.215709889683e+04;2.813350067619e+03;-8.395887530358e+03;-7.485537642011e+04;-2.565920361239e+04;
2134;519869;-2.542518093052e+03;-7.369698162076e+04;9.866972954605e+04;1.576168476488e+05;3.215709998238e+04;2.813352202981e+03;-8.395890775326e+03;-7.485537880263e+04;-2.565920339008e+04;
2134;519870;-2.542520247780e+03;-7.369698350060e+04;9.866973077303e+04;1.576168480137e+05;3.215710106792e+04;2.813354338401e+03;-8.395894020242e+03;-7.485538118515e+04;-2.565920316781e+04;
2134;519871;-2.542522402456e+03;-7.369698538028e+04;9.866973199999e+04;1.576168483786e+05;3.215710215344e+04;2.813356473878e+03;-8.395897265105e+03;-7.485538356765e+04;-2.565920294559e+04;
2134;519872;-2.542524557079e+03;-7.369698725978e+04;9.866973322693e+04;1.576168487435e+05;3.215710323895e+04;2.813358609412e+03;-8.395900509914e+03;-7.485538595015e+04;-2.565920272341e+04;
2134;519873;-2.542526711651e+03;-7.369698913912e+04;9.866973445386e+04;1.576168491082e+05;3.215710432444e+04;2.813360745004e+03;-8.395903754670e+03;-7.485538833264e+04;-2.565920250127e+04;
2134;519874;-2.542528866171e+03;-7.369699101828e+04;9.866973568076e+04;1.576168494729e+05;3.215710540991e+04;2.813362880653e+03;-8.395906999373e+03;-7.485539071512e+04;-2.565920227917e+04;
2134;519875;-2.542531020639e+03;-7.369699289728e+04;9.866973690766e+04;1.576168498376e+05;3.215710649537e+04;2.813365016360e+03;-8.395910244023e+03;-7.485539309759e+04;-2.565920205712e+04;
2134;519876;-2.542533175055e+03;-7.369699477611e+04;9.866973813453e+04;1.576168502022e+05;3.215710758082e+04;2.813367152124e+03;-8.395913488620e+03;-7.485539548005e+04;-2.565920183510e+04;
2134;519877;-2.542535329419e+03;-7.369699665476e+04;9.866973936139e+04;1.576168505667e+05;3.215710866624e+04;2.813369287945e+03;-8.395916733163e+03;-7.485539786250e+04;-2.565920161313e+04;
2134;519878;-2.542537483731e+03;-7.369699853325e+04;9.866974058823e+04;1.576168509312e+05;3.215710975166e+04;2.813371423823e+03;-8.395919977653e+03;-7.485540024495e+04;-2.565920139121e+04;
2134;519879;-2.542539637991e+03;-7.369700041157e+04;9.866974181505e+04;1.576168512956e+05;3.215711083705e+04;2.813373559759e+03;-8.395923222090e+03;-7.485540262738e+04;-2.565920116932e+04;
2134;519880;-2.542541792199e+03;-7.369700228972e+04;9.866974304186e+04;1.576168516599e+05;3.215711192244e+04;2.813375695753e+03;-8.395926466473e+03;-7.485540500981e+04;-2.565920094748e+04;
2134;519881;-2.542543946355e+03;-7.369700416770e+04;9.866974426865e+04;1.576168520242e+05;3.215711300780e+04;2.813377831803e+03;-8.395929710804e+03;-7.485540739222e+04;-2.565920072569e+04;
2134;519882;-2.542546100459e+03;-7.369700604552e+04;9.866974549542e+04;1.576168523884e+05;3.215711409315e+04;2.813379967911e+03;-8.395932955080e+03;-7.485540977463e+04;-2.565920050393e+04;
2134;519883;-2.542548254512e+03;-7.369700792316e+04;9.866974672218e+04;1.576168527526e+05;3.215711517849e+04;2.813382104076e+03;-8.395936199304e+03;-7.485541215703e+04;-2.565920028222e+04;
2134;519884;-2.542550408512e+03;-7.369700980063e+04;9.866974794891e+04;1.576168531167e+05;3.215711626381e+04;2.813384240299e+03;-8.395939443474e+03;-7.485541453942e+04;-2.565920006055e+04;
2134;519885;-2.542552562461e+03;-7.369701167794e+04;9.866974917563e+04;1.576168534807e+05;3.215711734911e+04;2.813386376579e+03;-8.395942687590e+03;-7.485541692180e+04;-2.565919983892e+04;
2134;519886;-2.542554716357e+03;-7.369701355507e+04;9.866975040234e+04;1.576168538447e+05;3.215711843440e+04;2.813388512916e+03;-8.395945931654e+03;-7.485541930417e+04;-2.565919961734e+04;
2134;519887;-2.542556870202e+03;-7.369701543203e+04;9.866975162902e+04;1.576168542086e+05;3.215711951967e+04;2.813390649310e+03;-8.395949175663e+03;-7.485542168654e+04;-2.565919939579e+04;
2134;519888;-2.542559023995e+03;-7.369701730883e+04;9.866975285569e+04;1.576168545725e+05;3.215712060493e+04;2.813392785762e+03;-8.395952419620e+03;-7.485542406889e+04;-2.565919917430e+04;
2134;519889;-2.542561177737e+03;-7.369701918546e+04;9.866975408235e+04;1.576168549363e+05;3.215712169018e+04;2.813394922271e+03;-8.395955663523e+03;-7.485542645124e+04;-2.565919895284e+04;
2134;519890;-2.542563331426e+03;-7.369702106191e+04;9.866975530898e+04;1.576168553000e+05;3.215712277540e+04;2.813397058837e+03;-8.395958907372e+03;-7.485542883358e+04;-2.565919873143e+04;
2134;519891;-2.542565485064e+03;-7.369702293820e+04;9.866975653560e+04;1.576168556637e+05;3.215712386061e+04;2.813399195460e+03;-8.395962151168e+03;-7.485543121590e+04;-2.565919851006e+04;
2134;519892;-2.542567638649e+03;-7.369702481432e+04;9.866975776220e+04;1.576168560273e+05;3.215712494581e+04;2.813401332141e+03;-8.395965394910e+03;-7.485543359822e+04;-2.565919828873e+04;
2134;519893;-2.542569792183e+03;-7.369702669027e+04;9.866975898878e+04;1.576168563908e+05;3.215712603099e+04;2.813403468879e+03;-8.395968638599e+03;-7.485543598053e+04;-2.565919806745e+04;
2134;519894;-2.542571945665e+03;-7.369702856605e+04;9.866976021535e+04;1.576168567543e+05;3.215712711615e+04;2.813405605674e+03;-8.395971882235e+03;-7.485543836283e+04;-2.565919784621e+04;
2134;519895;-2.542574099096e+03;-7.369703044166e+04;9.866976144190e+04;1.576168571177e+05;3.215712820130e+04;2.813407742526e+03;-8.395975125816e+03;-7.485544074513e+04;-2.565919762501e+04;
2134;519896;-2.542576252474e+03;-7.369703231710e+04;9.866976266843e+04;1.576168574810e+05;3.215712928644e+04;2.813409879436e+03;-8.395978369345e+03;-7.485544312741e+04;-2.565919740385e+04;
2134;519897;-2.542578405801e+03;-7.369703419237e+04;9.866976389494e+04;1.576168578443e+05;3.215713037156e+04;2.813412016402e+03;-8.395981612819e+03;-7.485544550968e+04;-2.565919718274e+04;
2134;519898;-2.542580559077e+03;-7.369703606747e+04;9.866976512144e+04;1.576168582076e+05;3.215713145666e+04;2.813414153426e+03;-8.395984856240e+03;-7.485544789195e+04;-2.565919696167e+04;
2134;519899;-2.542582712300e+03;-7.369703794240e+04;9.866976634792e+04;1.576168585707e+05;3.215713254175e+04;2.813416290507e+03;-8.395988099608e+03;-7.485545027421e+04;-2.565919674065e+04;
2134;519900;-2.542584865472e+03;-7.369703981717e+04;9.866976757439e+04;1.576168589339e+05;3.215713362682e+04;2.813418427645e+03;-8.395991342921e+03;-7.485545265645e+04;-2.565919651967e+04;
2134;519901;-2.542587018592e+03;-7.369704169176e+04;9.866976880083e+04;1.576168592969e+05;3.215713471187e+04;2.813420564841e+03;-8.395994586181e+03;-7.485545503869e+04;-2.565919629873e+04;
2134;519902;-2.542589171660e+03;-7.369704356619e+04;9.866977002726e+04;1.576168596599e+05;3.215713579692e+04;2.813422702093e+03;-8.395997829388e+03;-7.485545742092e+04;-2.565919607783e+04;
2134;519903;-2.542591324677e+03;-7.369704544044e+04;9.866977125367e+04;1.576168600228e+05;3.215713688194e+04;2.813424839403e+03;-8.396001072540e+03;-7.485545980314e+04;-2.565919585698e+04;
2134;519904;-2.542593477642e+03;-7.369704731453e+04;9.866977248007e+04;1.576168603857e+05;3.215713796695e+04;2.813426976770e+03;-8.396004315639e+03;-7.485546218535e+04;-2.565919563617e+04;
2134;519905;-2.542595630555e+03;-7.369704918844e+04;9.866977370645e+04;1.576168607485e+05;3.215713905194e+04;2.813429114194e+03;-8.396007558684e+03;-7.485546456756e+04;-2.565919541540e+04;
2134;519906;-2.542597783416e+03;-7.369705106219e+04;9.866977493281e+04;1.576168611112e+05;3.215714013692e+04;2.813431251675e+03;-8.396010801676e+03;-7.485546694975e+04;-2.565919519468e+04;
2134;519907;-2.542599936226e+03;-7.369705293577e+04;9.866977615915e+04;1.576168614739e+05;3.215714122189e+04;2.813433389213e+03;-8.396014044613e+03;-7.485546933194e+04;-2.565919497400e+04;
2134;519908;-2.542602088985e+03;-7.369705480917e+04;9.866977738548e+04;1.576168618365e+05;3.215714230683e+04;2.813435526809e+03;-8.396017287497e+03;-7.485547171411e+04;-2.565919475336e+04;
2134;519909;-2.542604241692e+03;-7.369705668241e+04;9.866977861179e+04;1.576168621990e+05;3.215714339177e+04;2.813437664461e+03;-8.396020530327e+03;-7.485547409628e+04;-2.565919453277e+04;
2134;519910;-2.542606394347e+03;-7.369705855548e+04;9.866977983808e+04;1.576168625615e+05;3.215714447668e+04;2.813439802171e+03;-8.396023773104e+03;-7.485547647844e+04;-2.565919431222e+04;
2134;519911;-2.542608546950e+03;-7.369706042838e+04;9.866978106435e+04;1.576168629239e+05;3.215714556158e+04;2.813441939937e+03;-8.396027015826e+03;-7.485547886059e+04;-2.565919409171e+04;
2134;519912;-2.542610699502e+03;-7.369706230111e+04;9.866978229061e+04;1.576168632863e+05;3.215714664647e+04;2.813444077761e+03;-8.396030258495e+03;-7.485548124273e+04;-2.565919387125e+04;
2134;519913;-2.542612852003e+03;-7.369706417367e+04;9.866978351685e+04;1.576168636486e+05;3.215714773134e+04;2.813446215642e+03;-8.396033501109e+03;-7.485548362486e+04;-2.565919365083e+04;
2134;519914;-2.542615004451e+03;-7.369706604606e+04;9.866978474308e+04;1.576168640108e+05;3.215714881620e+04;2.813448353580e+03;-8.396036743670e+03;-7.485548600698e+04;-2.565919343045e+04;
2134;519915;-2.542617156849e+03;-7.369706791828e+04;9.866978596928e+04;1.576168643730e+05;3.215714990103e+04;2.813450491575e+03;-8.396039986177e+03;-7.485548838909e+04;-2.565919321012e+04;
2134;519916;-2.542619309194e+03;-7.369706979033e+04;9.866978719547e+04;1.576168647351e+05;3.215715098586e+04;2.813452629627e+03;-8.396043228630e+03;-7.485549077120e+04;-2.565919298983e+04;
2134;519917;-2.542621461488e+03;-7.369707166222e+04;9.866978842164e+04;1.576168650972e+05;3.215715207067e+04;2.813454767736e+03;-8.396046471029e+03;-7.485549315329e+04;-2.565919276958e+04;
2134;519918;-2.542623613731e+03;-7.369707353393e+04;9.866978964780e+04;1.576168654592e+05;3.215715315546e+04;2.813456905902e+03;-8.396049713374e+03;-7.485549553538e+04;-2.565919254938e+04;
2134;519919;-2.542625765922e+03;-7.369707540547e+04;9.866979087394e+04;1.576168658211e+05;3.215715424024e+04;2.813459044125e+03;-8.396052955665e+03;-7.485549791745e+04;-2.565919232922e+04;
2134;519920;-2.542627918062e+03;-7.369707727684e+04;9.866979210006e+04;1.576168661830e+05;3.215715532500e+04;2.813461182405e+03;-8.396056197902e+03;-7.485550029952e+04;-2.565919210910e+04;
2134;519921;-2.542630070150e+03;-7.369707914805e+04;9.866979332616e+04;1.576168665448e+05;3.215715640974e+04;2.813463320742e+03;-8.396059440085e+03;-7.485550268158e+04;-2.565919188903e+04;
2134;519922;-2.542632222186e+03;-7.369708101908e+04;9.866979455225e+04;1.576168669065e+05;3.215715749447e+04;2.813465459136e+03;-8.396062682214e+03;-7.485550506363e+04;-2.565919166900e+04;
2134;519923;-2.542634374172e+03;-7.369708288995e+04;9.866979577832e+04;1.576168672682e+05;3.215715857919e+04;2.813467597587e+03;-8.396065924289e+03;-7.485550744567e+04;-2.565919144901e+04;
2134;519924;-2.542636526105e+03;-7.369708476064e+04;9.866979700437e+04;1.576168676298e+05;3.215715966389e+04;2.813469736095e+03;-8.396069166310e+03;-7.485550982771e+04;-2.565919122907e+04;
2134;519925;-2.542638677987e+03;-7.369708663117e+04;9.866979823040e+04;1.576168679914e+05;3.215716074857e+04;2.813471874660e+03;-8.396072408277e+03;-7.485551220973e+04;-2.565919100917e+04;
2134;519926;-2.542640829818e+03;-7.369708850153e+04;9.866979945642e+04;1.576168683529e+05;3.215716183324e+04;2.813474013282e+03;-8.396075650190e+03;-7.485551459174e+04;-2.565919078932e+04;
2134;519927;-2.542642981598e+03;-7.369709037171e+04;9.866980068242e+04;1.576168687143e+05;3.215716291789e+04;2.813476151961e+03;-8.396078892049e+03;-7.485551697375e+04;-2.565919056951e+04;
2134;519928;-2.542645133326e+03;-7.369709224173e+04;9.866980190841e+04;1.576168690757e+05;3.215716400253e+04;2.813478290697e+03;-8.396082133853e+03;-7.485551935574e+04;-2.565919034974e+04;
2134;519929;-2.542647285002e+03;-7.369709411158e+04;9.866980313437e+04;1.576168694370e+05;3.215716508715e+04;2.813480429490e+03;-8.396085375604e+03;-7.485552173773e+04;-2.565919013001e+04;
2134;519930;-2.542649436627e+03;-7.369709598126e+04;9.866980436032e+04;1.576168697982e+05;3.215716617176e+04;2.813482568340e+03;-8.396088617300e+03;-7.485552411971e+04;-2.565918991033e+04;
2134;519931;-2.542651588201e+03;-7.369709785077e+04;9.866980558625e+04;1.576168701594e+05;3.215716725635e+04;2.813484707247e+03;-8.396091858942e+03;-7.485552650168e+04;-2.565918969070e+04;
2134;519932;-2.542653739723e+03;-7.369709972011e+04;9.866980681217e+04;1.576168705205e+05;3.215716834093e+04;2.813486846210e+03;-8.396095100530e+03;-7.485552888364e+04;-2.565918947110e+04;
2134;519933;-2.542655891194e+03;-7.369710158928e+04;9.866980803807e+04;1.576168708816e+05;3.215716942549e+04;2.813488985231e+03;-8.396098342063e+03;-7.485553126559e+04;-2.565918925156e+04;
2134;519934;-2.542658042614e+03;-7.369710345828e+04;9.866980926395e+04;1.576168712426e+05;3.215717051003e+04;2.813491124309e+03;-8.396101583543e+03;-7.485553364753e+04;-2.565918903205e+04;
2134;519935;-2.542660193982e+03;-7.369710532711e+04;9.866981048981e+04;1.576168716035e+05;3.215717159456e+04;2.813493263443e+03;-8.396104824968e+03;-7.485553602946e+04;-2.565918881259e+04;
2134;519936;-2.542662345299e+03;-7.369710719577e+04;9.866981171566e+04;1.576168719644e+05;3.215717267907e+04;2.813495402634e+03;-8.396108066339e+03;-7.485553841139e+04;-2.565918859317e+04;
2134;519937;-2.542664496565e+03;-7.369710906426e+04;9.866981294149e+04;1.576168723252e+05;3.215717376357e+04;2.813497541882e+03;-8.396111307656e+03;-7.485554079330e+04;-2.565918837380e+04;
2134;519938;-2.542666647779e+03;-7.369711093258e+04;9.866981416730e+04;1.576168726859e+05;3.215717484805e+04;2.813499681188e+03;-8.396114548918e+03;-7.485554317521e+04;-2.565918815447e+04;
2134;519939;-2.542668798943e+03;-7.369711280073e+04;9.866981539309e+04;1.576168730466e+05;3.215717593252e+04;2.813501820550e+03;-8.396117790126e+03;-7.485554555711e+04;-2.565918793518e+04;
2134;519940;-2.542670950054e+03;-7.369711466872e+04;9.866981661887e+04;1.576168734072e+05;3.215717701697e+04;2.813503959968e+03;-8.396121031280e+03;-7.485554793899e+04;-2.565918771594e+04;
2134;519941;-2.542673101115e+03;-7.369711653653e+04;9.866981784463e+04;1.576168737678e+05;3.215717810141e+04;2.813506099444e+03;-8.396124272379e+03;-7.485555032087e+04;-2.565918749674e+04;
2134;519942;-2.542675252124e+03;-7.369711840417e+04;9.866981907038e+04;1.576168741283e+05;3.215717918583e+04;2.813508238977e+03;-8.396127513424e+03;-7.485555270274e+04;-2.565918727759e+04;
2134;519943;-2.542677403082e+03;-7.369712027165e+04;9.866982029610e+04;1.576168744887e+05;3.215718027023e+04;2.813510378566e+03;-8.396130754414e+03;-7.485555508460e+04;-2.565918705848e+04;
2134;519944;-2.542679553989e+03;-7.369712213895e+04;9.866982152181e+04;1.576168748491e+05;3.215718135462e+04;2.813512518212e+03;-8.396133995351e+03;-7.485555746645e+04;-2.565918683941e+04;
2134;519945;-2.542681704844e+03;-7.369712400608e+04;9.866982274751e+04;1.576168752094e+05;3.215718243899e+04;2.813514657915e+03;-8.396137236232e+03;-7.485555984830e+04;-2.565918662039e+04;
2134;519946;-2.542683855648e+03;-7.369712587305e+04;9.866982397318e+04;1.576168755697e+05;3.215718352335e+04;2.813516797675e+03;-8.396140477060e+03;-7.485556223013e+04;-2.565918640141e+04;
2134;519947;-2.542686006401e+03;-7.369712773984e+04;9.866982519884e+04;1.576168759298e+05;3.215718460769e+04;2.813518937492e+03;-8.396143717832e+03;-7.485556461195e+04;-2.565918618248e+04;
2134;519948;-2.542688157103e+03;-7.369712960647e+04;9.866982642448e+04;1.576168762900e+05;3.215718569202e+04;2.813521077365e+03;-8.396146958551e+03;-7.485556699377e+04;-2.565918596358e+04;
2134;519949;-2.542690307754e+03;-7.369713147293e+04;9.866982765010e+04;1.576168766500e+05;3.215718677633e+04;2.813523217295e+03;-8.396150199215e+03;-7.485556937557e+04;-2.565918574474e+04;
2134;519950;-2.542692458353e+03;-7.369713333921e+04;9.866982887571e+04;1.576168770100e+05;3.215718786063e+04;2.813525357282e+03;-8.396153439824e+03;-7.485557175737e+04;-2.565918552594e+04;
2134;519951;-2.542694608902e+03;-7.369713520533e+04;9.866983010130e+04;1.576168773700e+05;3.215718894491e+04;2.813527497326e+03;-8.396156680379e+03;-7.485557413916e+04;-2.565918530718e+04;
2134;519952;-2.542696759399e+03;-7.369713707127e+04;9.866983132687e+04;1.576168777298e+05;3.215719002917e+04;2.813529637427e+03;-8.396159920879e+03;-7.485557652094e+04;-2.565918508846e+04;
2134;519953;-2.542698909845e+03;-7.369713893705e+04;9.866983255243e+04;1.576168780897e+05;3.215719111342e+04;2.813531777584e+03;-8.396163161325e+03;-7.485557890271e+04;-2.565918486979e+04;
2134;519954;-2.542701060240e+03;-7.369714080266e+04;9.866983377796e+04;1.576168784494e+05;3.215719219765e+04;2.813533917798e+03;-8.396166401716e+03;-7.485558128447e+04;-2.565918465117e+04;
2134;519955;-2.542703210583e+03;-7.369714266810e+04;9.866983500349e+04;1.576168788091e+05;3.215719328187e+04;2.813536058069e+03;-8.396169642053e+03;-7.485558366622e+04;-2.565918443259e+04;
2134;519956;-2.542705360876e+03;-7.369714453337e+04;9.866983622899e+04;1.576168791687e+05;3.215719436607e+04;2.813538198396e+03;-8.396172882335e+03;-7.485558604796e+04;-2.565918421405e+04;
2134;519957;-2.542707511117e+03;-7.369714639846e+04;9.866983745448e+04;1.576168795283e+05;3.215719545026e+04;2.813540338781e+03;-8.396176122562e+03;-7.485558842970e+04;-2.565918399556e+04;
2134;519958;-2.542709661308e+03;-7.369714826339e+04;9.866983867995e+04;1.576168798878e+05;3.215719653443e+04;2.813542479222e+03;-8.396179362735e+03;-7.485559081142e+04;-2.565918377711e+04;
2134;519959;-2.542711811447e+03;-7.369715012815e+04;9.866983990540e+04;1.576168802472e+05;3.215719761859e+04;2.813544619719e+03;-8.396182602853e+03;-7.485559319314e+04;-2.565918355870e+04;
2134;519960;-2.542713961535e+03;-7.369715199274e+04;9.866984113083e+04;1.576168806066e+05;3.215719870273e+04;2.813546760274e+03;-8.396185842917e+03;-7.485559557484e+04;-2.565918334034e+04;
2134;519961;-2.542716111572e+03;-7.369715385716e+04;9.866984235625e+04;1.576168809659e+05;3.215719978685e+04;2.813548900885e+03;-8.396189082925e+03;-7.485559795654e+04;-2.565918312203e+04;
2134;519962;-2.542718261558e+03;-7.369715572141e+04;9.866984358165e+04;1.576168813251e+05;3.215720087096e+04;2.813551041553e+03;-8.396192322879e+03;-7.485560033823e+04;-2.565918290375e+04;
2134;519963;-2.542720411493e+03;-7.369715758549e+04;9.866984480704e+04;1.576168816843e+05;3.215720195506e+04;2.813553182277e+03;-8.396195562779e+03;-7.485560271991e+04;-2.565918268553e+04;
2134;519964;-2.542722561377e+03;-7.369715944940e+04;9.866984603240e+04;1.576168820435e+05;3.215720303914e+04;2.813555323058e+03;-8.396198802623e+03;-7.485560510157e+04;-2.565918246734e+04;
2134;519965;-2.542724711210e+03;-7.369716131314e+04;9.866984725775e+04;1.576168824025e+05;3.215720412320e+04;2.813557463896e+03;-8.396202042413e+03;-7.485560748324e+04;-2.565918224921e+04;
2134;519966;-2.542726860992e+03;-7.369716317671e+04;9.866984848308e+04;1.576168827615e+05;3.215720520725e+04;2.813559604790e+03;-8.396205282148e+03;-7.485560986489e+04;-2.565918203111e+04;
2134;519967;-2.542729010723e+03;-7.369716504011e+04;9.866984970840e+04;1.576168831205e+05;3.215720629128e+04;2.813561745742e+03;-8.396208521828e+03;-7.485561224653e+04;-2.565918181306e+04;
2134;519968;-2.542731160403e+03;-7.369716690335e+04;9.866985093370e+04;1.576168834793e+05;3.215720737529e+04;2.813563886749e+03;-8.396211761454e+03;-7.485561462816e+04;-2.565918159506e+04;
2134;519969;-2.542733310032e+03;-7.369716876641e+04;9.866985215898e+04;1.576168838381e+05;3.215720845929e+04;2.813566027814e+03;-8.396215001024e+03;-7.485561700979e+04;-2.565918137709e+04;
2134;519970;-2.542735459610e+03;-7.369717062930e+04;9.866985338424e+04;1.576168841969e+05;3.215720954328e+04;2.813568168935e+03;-8.396218240540e+03;-7.485561939140e+04;-2.565918115918e+04;
2134;519971;-2.542737609138e+03;-7.369717249202e+04;9.866985460949e+04;1.576168845556e+05;3.215721062725e+04;2.813570310113e+03;-8.396221480001e+03;-7.485562177301e+04;-2.565918094131e+04;
2134;519972;-2.542739758614e+03;-7.369717435457e+04;9.866985583472e+04;1.576168849142e+05;3.215721171120e+04;2.813572451347e+03;-8.396224719407e+03;-7.485562415460e+04;-2.565918072348e+04;
2134;519973;-2.542741908039e+03;-7.369717621696e+04;9.866985705993e+04;1.576168852728e+05;3.215721279514e+04;2.813574592638e+03;-8.396227958758e+03;-7.485562653619e+04;-2.565918050570e+04;
2134;519974;-2.542744057413e+03;-7.369717807917e+04;9.866985828513e+04;1.576168856313e+05;3.215721387906e+04;2.813576733985e+03;-8.396231198054e+03;-7.485562891777e+04;-2.565918028796e+04;
2134;519975;-2.542746206737e+03;-7.369717994121e+04;9.866985951030e+04;1.576168859897e+05;3.215721496297e+04;2.813578875389e+03;-8.396234437296e+03;-7.485563129934e+04;-2.565918007026e+04;
2134;519976;-2.542748356009e+03;-7.369718180309e+04;9.866986073546e+04;1.576168863481e+05;3.215721604686e+04;2.813581016850e+03;-8.396237676482e+03;-7.485563368090e+04;-2.565917985261e+04;
2134;519977;-2.542750505231e+03;-7.369718366479e+04;9.866986196061e+04;1.576168867064e+05;3.215721713074e+04;2.813583158367e+03;-8.396240915613e+03;-7.485563606245e+04;-2.565917963501e+04;
2134;519978;-2.542752654401e+03;-7.369718552632e+04;9.866986318573e+04;1.576168870646e+05;3.215721821460e+04;2.813585299941e+03;-8.396244154690e+03;-7.485563844399e+04;-2.565917941745e+04;
2134;519979;-2.542754803521e+03;-7.369718738769e+04;9.866986441084e+04;1.576168874228e+05;3.215721929844e+04;2.813587441571e+03;-8.396247393711e+03;-7.485564082552e+04;-2.565917919993e+04;
2134;519980;-2.542756952590e+03;-7.369718924888e+04;9.866986563594e+04;1.576168877809e+05;3.215722038227e+04;2.813589583258e+03;-8.396250632677e+03;-7.485564320704e+04;-2.565917898246e+04;
2134;519981;-2.542759101608e+03;-7.369719110991e+04;9.866986686101e+04;1.576168881390e+05;3.215722146609e+04;2.813591725001e+03;-8.396253871589e+03;-7.485564558856e+04;-2.565917876504e+04;
2134;519982;-2.542761250575e+03;-7.369719297076e+04;9.866986808607e+04;1.576168884970e+05;3.215722254988e+04;2.813593866801e+03;-8.396257110445e+03;-7.485564797006e+04;-2.565917854765e+04;
2134;519983;-2.542763399492e+03;-7.369719483145e+04;9.866986931111e+04;1.576168888549e+05;3.215722363367e+04;2.813596008658e+03;-8.396260349246e+03;-7.485565035156e+04;-2.565917833032e+04;
2134;519984;-2.542765548357e+03;-7.369719669196e+04;9.866987053614e+04;1.576168892128e+05;3.215722471743e+04;2.813598150571e+03;-8.396263587992e+03;-7.485565273305e+04;-2.565917811303e+04;
2134;519985;-2.542767697172e+03;-7.369719855231e+04;9.866987176114e+04;1.576168895706e+05;3.215722580119e+04;2.813600292540e+03;-8.396266826683e+03;-7.485565511452e+04;-2.565917789578e+04;
2134;519986;-2.542769845936e+03;-7.369720041248e+04;9.866987298613e+04;1.576168899284e+05;3.215722688492e+04;2.813602434566e+03;-8.396270065319e+03;-7.485565749599e+04;-2.565917767858e+04;
2134;519987;-2.542771994649e+03;-7.369720227249e+04;9.866987421110e+04;1.576168902860e+05;3.215722796864e+04;2.813604576649e+03;-8.396273303900e+03;-7.485565987745e+04;-2.565917746142e+04;
2134;519988;-2.542774143312e+03;-7.369720413232e+04;9.866987543606e+04;1.576168906437e+05;3.215722905235e+04;2.813606718788e+03;-8.396276542426e+03;-7.485566225890e+04;-2.565917724431e+04;
2134;519989;-2.542776291924e+03;-7.369720599199e+04;9.866987666100e+04;1.576168910012e+05;3.215723013604e+04;2.813608860983e+03;-8.396279780896e+03;-7.485566464034e+04;-2.565917702724e+04;
2134;519990;-2.542778440484e+03;-7.369720785148e+04;9.866987788592e+04;1.576168913587e+05;3.215723121971e+04;2.813611003235e+03;-8.396283019311e+03;-7.485566702177e+04;-2.565917681021e+04;
2134;519991;-2.542780588995e+03;-7.369720971081e+04;9.866987911082e+04;1.576168917162e+05;3.215723230337e+04;2.813613145544e+03;-8.396286257671e+03;-7.485566940319e+04;-2.565917659324e+04;
2134;519992;-2.542782737454e+03;-7.369721156997e+04;9.866988033571e+04;1.576168920735e+05;3.215723338701e+04;2.813615287908e+03;-8.396289495976e+03;-7.485567178461e+04;-2.565917637630e+04;
2134;519993;-2.542784885863e+03;-7.369721342895e+04;9.866988156058e+04;1.576168924308e+05;3.215723447064e+04;2.813617430330e+03;-8.396292734226e+03;-7.485567416601e+04;-2.565917615941e+04;
2134;519994;-2.542787034221e+03;-7.369721528777e+04;9.866988278543e+04;1.576168927881e+05;3.215723555425e+04;2.813619572807e+03;-8.396295972420e+03;-7.485567654741e+04;-2.565917594257e+04;
2134;519995;-2.542789182528e+03;-7.369721714642e+04;9.866988401027e+04;1.576168931453e+05;3.215723663785e+04;2.813621715342e+03;-8.396299210559e+03;-7.485567892879e+04;-2.565917572577e+04;
2134;519996;-2.542791330785e+03;-7.369721900489e+04;9.866988523508e+04;1.576168935024e+05;3.215723772143e+04;2.813623857932e+03;-8.396302448643e+03;-7.485568131017e+04;-2.565917550902e+04;
2134;519997;-2.542793478991e+03;-7.369722086320e+04;9.866988645989e+04;1.576168938594e+05;3.215723880499e+04;2.813626000579e+03;-8.396305686672e+03;-7.485568369153e+04;-2.565917529231e+04;
2134;519998;-2.542795627146e+03;-7.369722272134e+04;9.866988768467e+04;1.576168942164e+05;3.215723988854e+04;2.813628143283e+03;-8.396308924645e+03;-7.485568607289e+04;-2.565917507565e+04;
2134;519999;-2.542797775251e+03;-7.369722457930e+04;9.866988890944e+04;1.576168945734e+05;3.215724097207e+04;2.813630286042e+03;-8.396312162563e+03;-7.485568845424e+04;-2.565917485903e+04;
2134;520000;-2.542799923305e+03;-7.369722643710e+04;9.866989013419e+04;1.576168949302e+05;3.215724205559e+04;2.813632428859e+03;-8.396315400425e+03;-7.485569083558e+04;-2.565917464245e+04;
2134;520001;-2.542802071308e+03;-7.369722829473e+04;9.866989135892e+04;1.576168952870e+05;3.215724313910e+04;2.813634571731e+03;-8.396318638232e+03;-7.485569321691e+04;-2.565917442593e+04;
2134;520002;-2.542804219261e+03;-7.369723015219e+04;9.866989258363e+04;1.576168956438e+05;3.215724422258e+04;2.813636714660e+03;-8.396321875984e+03;-7.485569559823e+04;-2.565917420944e+04;
2134;520003;-2.542806367163e+03;-7.369723200947e+04;9.866989380833e+04;1.576168960005e+05;3.215724530605e+04;2.813638857645e+03;-8.396325113680e+03;-7.485569797954e+04;-2.565917399300e+04;
2134;520004;-2.542808515014e+03;-7.369723386659e+04;9.866989503301e+04;1.576168963571e+05;3.215724638951e+04;2.813641000687e+03;-8.396328351321e+03;-7.485570036085e+04;-2.565917377661e+04;
2134;520005;-2.542810662815e+03;-7.369723572354e+04;9.866989625768e+04;1.576168967136e+05;3.215724747295e+04;2.813643143785e+03;-8.396331588907e+03;-7.485570274214e+04;-2.565917356026e+04;
2134;520006;-2.542812810566e+03;-7.369723758032e+04;9.866989748232e+04;1.576168970701e+05;3.215724855637e+04;2.813645286939e+03;-8.396334826437e+03;-7.485570512342e+04;-2.565917334396e+04;
2134;520007;-2.542814958265e+03;-7.369723943693e+04;9.866989870695e+04;1.576168974266e+05;3.215724963978e+04;2.813647430150e+03;-8.396338063911e+03;-7.485570750470e+04;-2.565917312770e+04;
2134;520008;-2.542817105915e+03;-7.369724129336e+04;9.866989993157e+04;1.576168977829e+05;3.215725072318e+04;2.813649573417e+03;-8.396341301330e+03;-7.485570988596e+04;-2.565917291149e+04;
2134;520009;-2.542819253513e+03;-7.369724314963e+04;9.866990115616e+04;1.576168981392e+05;3.215725180656e+04;2.813651716741e+03;-8.396344538694e+03;-7.485571226722e+04;-2.565917269532e+04;
2134;520010;-2.542821401061e+03;-7.369724500573e+04;9.866990238074e+04;1.576168984955e+05;3.215725288992e+04;2.813653860120e+03;-8.396347776002e+03;-7.485571464847e+04;-2.565917247920e+04;
2134;520011;-2.542823548559e+03;-7.369724686166e+04;9.866990360530e+04;1.576168988517e+05;3.215725397326e+04;2.813656003556e+03;-8.396351013254e+03;-7.485571702970e+04;-2.565917226312e+04;
2134;520012;-2.542825696006e+03;-7.369724871742e+04;9.866990482985e+04;1.576168992078e+05;3.215725505660e+04;2.813658147048e+03;-8.396354250451e+03;-7.485571941093e+04;-2.565917204709e+04;
2134;520013;-2.542827843403e+03;-7.369725057300e+04;9.866990605437e+04;1.576168995638e+05;3.215725613991e+04;2.813660290597e+03;-8.396357487593e+03;-7.485572179215e+04;-2.565917183111e+04;
2134;520014;-2.542829990749e+03;-7.369725242842e+04;9.866990727888e+04;1.576168999198e+05;3.215725722321e+04;2.813662434202e+03;-8.396360724678e+03;-7.485572417336e+04;-2.565917161517e+04;
2134;520015;-2.542832138044e+03;-7.369725428367e+04;9.866990850337e+04;1.576169002757e+05;3.215725830650e+04;2.813664577863e+03;-8.396363961709e+03;-7.485572655456e+04;-2.565917139927e+04;
2134;520016;-2.542834285289e+03;-7.369725613875e+04;9.866990972785e+04;1.576169006316e+05;3.215725938977e+04;2.813666721580e+03;-8.396367198683e+03;-7.485572893575e+04;-2.565917118342e+04;
2134;520017;-2.542836432484e+03;-7.369725799366e+04;9.866991095231e+04;1.576169009874e+05;3.215726047302e+04;2.813668865354e+03;-8.396370435602e+03;-7.485573131694e+04;-2.565917096761e+04;
2134;520018;-2.542838579628e+03;-7.369725984840e+04;9.866991217675e+04;1.576169013431e+05;3.215726155626e+04;2.813671009184e+03;-8.396373672465e+03;-7.485573369811e+04;-2.565917075186e+04;
2134;520019;-2.542840726722e+03;-7.369726170296e+04;9.866991340117e+04;1.576169016988e+05;3.215726263948e+04;2.813673153070e+03;-8.396376909273e+03;-7.485573607927e+04;-2.565917053614e+04;
2134;520020;-2.542842873765e+03;-7.369726355736e+04;9.866991462558e+04;1.576169020544e+05;3.215726372269e+04;2.813675297012e+03;-8.396380146025e+03;-7.485573846043e+04;-2.565917032047e+04;
2134;520021;-2.542845020758e+03;-7.369726541159e+04;9.866991584997e+04;1.576169024100e+05;3.215726480588e+04;2.813677441011e+03;-8.396383382721e+03;-7.485574084157e+04;-2.565917010485e+04;
2134;520022;-2.542847167701e+03;-7.369726726565e+04;9.866991707434e+04;1.576169027655e+05;3.215726588905e+04;2.813679585066e+03;-8.396386619361e+03;-7.485574322271e+04;-2.565916988927e+04;
2134;520023;-2.542849314593e+03;-7.369726911954e+04;9.866991829870e+04;1.576169031209e+05;3.215726697221e+04;2.813681729177e+03;-8.396389855946e+03;-7.485574560383e+04;-2.565916967374e+04;
2134;520024;-2.542851461435e+03;-7.369727097326e+04;9.866991952304e+04;1.576169034762e+05;3.215726805536e+04;2.813683873344e+03;-8.396393092475e+03;-7.485574798495e+04;-2.565916945825e+04;
2134;520025;-2.542853608226e+03;-7.369727282680e+04;9.866992074736e+04;1.576169038315e+05;3.215726913849e+04;2.813686017567e+03;-8.396396328948e+03;-7.485575036606e+04;-2.565916924281e+04;
2134;520026;-2.542855754967e+03;-7.369727468018e+04;9.866992197166e+04;1.576169041868e+05;3.215727022160e+04;2.813688161847e+03;-8.396399565365e+03;-7.485575274716e+04;-2.565916902742e+04;
2134;520027;-2.542857901658e+03;-7.369727653339e+04;9.866992319595e+04;1.576169045419e+05;3.215727130470e+04;2.813690306183e+03;-8.396402801727e+03;-7.485575512825e+04;-2.565916881207e+04;
2134;520028;-2.542860048298e+03;-7.369727838643e+04;9.866992442022e+04;1.576169048970e+05;3.215727238778e+04;2.813692450575e+03;-8.396406038032e+03;-7.485575750933e+04;-2.565916859676e+04;
2134;520029;-2.542862194888e+03;-7.369728023930e+04;9.866992564447e+04;1.576169052521e+05;3.215727347085e+04;2.813694595023e+03;-8.396409274282e+03;-7.485575989040e+04;-2.565916838150e+04;
2134;520030;-2.542864341427e+03;-7.369728209200e+04;9.866992686871e+04;1.576169056071e+05;3.215727455390e+04;2.813696739527e+03;-8.396412510476e+03;-7.485576227146e+04;-2.565916816629e+04;
2134;520031;-2.542866487917e+03;-7.369728394452e+04;9.866992809293e+04;1.576169059620e+05;3.215727563693e+04;2.813698884087e+03;-8.396415746614e+03;-7.485576465251e+04;-2.565916795112e+04;
2134;520032;-2.542868634356e+03;-7.369728579688e+04;9.866992931713e+04;1.576169063168e+05;3.215727671995e+04;2.813701028704e+03;-8.396418982696e+03;-7.485576703355e+04;-2.565916773600e+04;
2134;520033;-2.542870780744e+03;-7.369728764907e+04;9.866993054131e+04;1.576169066716e+05;3.215727780296e+04;2.813703173376e+03;-8.396422218723e+03;-7.485576941459e+04;-2.565916752093e+04;
2134;520034;-2.542872927083e+03;-7.369728950109e+04;9.866993176548e+04;1.576169070264e+05;3.215727888594e+04;2.813705318105e+03;-8.396425454693e+03;-7.485577179561e+04;-2.565916730590e+04;
2134;520035;-2.542875073371e+03;-7.369729135294e+04;9.866993298963e+04;1.576169073810e+05;3.215727996892e+04;2.813707462890e+03;-8.396428690607e+03;-7.485577417663e+04;-2.565916709091e+04;
2134;520036;-2.542877219609e+03;-7.369729320461e+04;9.866993421376e+04;1.576169077356e+05;3.215728105188e+04;2.813709607731e+03;-8.396431926466e+03;-7.485577655763e+04;-2.565916687597e+04;
2134;520037;-2.542879365797e+03;-7.369729505612e+04;9.866993543788e+04;1.576169080902e+05;3.215728213482e+04;2.813711752628e+03;-8.396435162268e+03;-7.485577893863e+04;-2.565916666108e+04;
2134;520038;-2.542881511934e+03;-7.369729690746e+04;9.866993666197e+04;1.576169084446e+05;3.215728321774e+04;2.813713897581e+03;-8.396438398015e+03;-7.485578131961e+04;-2.565916644623e+04;
2134;520039;-2.542883658021e+03;-7.369729875863e+04;9.866993788606e+04;1.576169087991e+05;3.215728430065e+04;2.813716042591e+03;-8.396441633705e+03;-7.485578370059e+04;-2.565916623143e+04;
2134;520040;-2.542885804058e+03;-7.369730060963e+04;9.866993911012e+04;1.576169091534e+05;3.215728538355e+04;2.813718187656e+03;-8.396444869339e+03;-7.485578608156e+04;-2.565916601667e+04;
2134;520041;-2.542887950045e+03;-7.369730246045e+04;9.866994033417e+04;1.576169095077e+05;3.215728646643e+04;2.813720332777e+03;-8.396448104918e+03;-7.485578846252e+04;-2.565916580196e+04;
2134;520042;-2.542890095982e+03;-7.369730431111e+04;9.866994155820e+04;1.576169098619e+05;3.215728754929e+04;2.813722477955e+03;-8.396451340440e+03;-7.485579084347e+04;-2.565916558730e+04;
2134;520043;-2.542892241868e+03;-7.369730616160e+04;9.866994278221e+04;1.576169102161e+05;3.215728863214e+04;2.813724623188e+03;-8.396454575906e+03;-7.485579322441e+04;-2.565916537268e+04;
2134;520044;-2.542894387704e+03;-7.369730801192e+04;9.866994400621e+04;1.576169105702e+05;3.215728971497e+04;2.813726768478e+03;-8.396457811316e+03;-7.485579560534e+04;-2.565916515811e+04;
2134;520045;-2.542896533490e+03;-7.369730986206e+04;9.866994523018e+04;1.576169109242e+05;3.215729079779e+04;2.813728913824e+03;-8.396461046670e+03;-7.485579798626e+04;-2.565916494358e+04;
2134;520046;-2.542898679226e+03;-7.369731171204e+04;9.866994645415e+04;1.576169112782e+05;3.215729188059e+04;2.813731059225e+03;-8.396464281968e+03;-7.485580036717e+04;-2.565916472910e+04;
2134;520047;-2.542900824912e+03;-7.369731356185e+04;9.866994767809e+04;1.576169116321e+05;3.215729296338e+04;2.813733204683e+03;-8.396467517210e+03;-7.485580274808e+04;-2.565916451467e+04;
2134;520048;-2.542902970548e+03;-7.369731541149e+04;9.866994890202e+04;1.576169119859e+05;3.215729404615e+04;2.813735350196e+03;-8.396470752395e+03;-7.485580512897e+04;-2.565916430028e+04;
2134;520049;-2.542905116133e+03;-7.369731726095e+04;9.866995012593e+04;1.576169123397e+05;3.215729512890e+04;2.813737495766e+03;-8.396473987525e+03;-7.485580750985e+04;-2.565916408594e+04;
2134;520050;-2.542907261669e+03;-7.369731911025e+04;9.866995134982e+04;1.576169126934e+05;3.215729621164e+04;2.813739641392e+03;-8.396477222598e+03;-7.485580989073e+04;-2.565916387164e+04;
2134;520051;-2.542909407154e+03;-7.369732095938e+04;9.866995257370e+04;1.576169130471e+05;3.215729729437e+04;2.813741787073e+03;-8.396480457615e+03;-7.485581227159e+04;-2.565916365739e+04;
2134;520052;-2.542911552590e+03;-7.369732280833e+04;9.866995379755e+04;1.576169134007e+05;3.215729837707e+04;2.813743932811e+03;-8.396483692576e+03;-7.485581465245e+04;-2.565916344319e+04;
2134;520053;-2.542913697975e+03;-7.369732465712e+04;9.866995502140e+04;1.576169137542e+05;3.215729945977e+04;2.813746078605e+03;-8.396486927480e+03;-7.485581703329e+04;-2.565916322903e+04;
2134;520054;-2.542915843310e+03;-7.369732650573e+04;9.866995624522e+04;1.576169141077e+05;3.215730054244e+04;2.813748224454e+03;-8.396490162328e+03;-7.485581941413e+04;-2.565916301492e+04;
2134;520055;-2.542917988595e+03;-7.369732835418e+04;9.866995746903e+04;1.576169144611e+05;3.215730162510e+04;2.813750370360e+03;-8.396493397120e+03;-7.485582179496e+04;-2.565916280085e+04;
2134;520056;-2.542920133830e+03;-7.369733020246e+04;9.866995869282e+04;1.576169148144e+05;3.215730270775e+04;2.813752516321e+03;-8.396496631856e+03;-7.485582417578e+04;-2.565916258683e+04;
2134;520057;-2.542922279015e+03;-7.369733205056e+04;9.866995991659e+04;1.576169151677e+05;3.215730379038e+04;2.813754662339e+03;-8.396499866535e+03;-7.485582655659e+04;-2.565916237286e+04;
2134;520058;-2.542924424150e+03;-7.369733389850e+04;9.866996114035e+04;1.576169155209e+05;3.215730487299e+04;2.813756808412e+03;-8.396503101158e+03;-7.485582893739e+04;-2.565916215893e+04;
2134;520059;-2.542926569235e+03;-7.369733574626e+04;9.866996236408e+04;1.576169158741e+05;3.215730595559e+04;2.813758954541e+03;-8.396506335724e+03;-7.485583131818e+04;-2.565916194505e+04;
2134;520060;-2.542928714270e+03;-7.369733759386e+04;9.866996358781e+04;1.576169162271e+05;3.215730703818e+04;2.813761100726e+03;-8.396509570234e+03;-7.485583369896e+04;-2.565916173121e+04;
2134;520061;-2.542930859255e+03;-7.369733944128e+04;9.866996481151e+04;1.576169165802e+05;3.215730812074e+04;2.813763246967e+03;-8.396512804688e+03;-7.485583607973e+04;-2.565916151742e+04;
2134;520062;-2.542933004190e+03;-7.369734128854e+04;9.866996603520e+04;1.576169169331e+05;3.215730920330e+04;2.813765393264e+03;-8.396516039086e+03;-7.485583846049e+04;-2.565916130368e+04;
2134;520063;-2.542935149075e+03;-7.369734313562e+04;9.866996725887e+04;1.576169172860e+05;3.215731028583e+04;2.813767539617e+03;-8.396519273427e+03;-7.485584084124e+04;-2.565916108998e+04;
2134;520064;-2.542937293910e+03;-7.369734498254e+04;9.866996848252e+04;1.576169176389e+05;3.215731136835e+04;2.813769686026e+03;-8.396522507711e+03;-7.485584322199e+04;-2.565916087633e+04;
2134;520065;-2.542939438695e+03;-7.369734682928e+04;9.866996970616e+04;1.576169179916e+05;3.215731245086e+04;2.813771832491e+03;-8.396525741939e+03;-7.485584560272e+04;-2.565916066273e+04;
2134;520066;-2.542941583430e+03;-7.369734867586e+04;9.866997092977e+04;1.576169183443e+05;3.215731353335e+04;2.813773979011e+03;-8.396528976111e+03;-7.485584798345e+04;-2.565916044917e+04;
2134;520067;-2.542943728116e+03;-7.369735052226e+04;9.866997215338e+04;1.576169186970e+05;3.215731461582e+04;2.813776125587e+03;-8.396532210226e+03;-7.485585036416e+04;-2.565916023566e+04;
2134;520068;-2.542945872751e+03;-7.369735236850e+04;9.866997337696e+04;1.576169190495e+05;3.215731569828e+04;2.813778272220e+03;-8.396535444285e+03;-7.485585274487e+04;-2.565916002219e+04;
2134;520069;-2.542948017337e+03;-7.369735421456e+04;9.866997460053e+04;1.576169194021e+05;3.215731678072e+04;2.813780418908e+03;-8.396538678287e+03;-7.485585512556e+04;-2.565915980878e+04;
2134;520070;-2.542950161872e+03;-7.369735606045e+04;9.866997582408e+04;1.576169197545e+05;3.215731786315e+04;2.813782565651e+03;-8.396541912232e+03;-7.485585750625e+04;-2.565915959540e+04;
2134;520071;-2.542952306358e+03;-7.369735790618e+04;9.866997704761e+04;1.576169201069e+05;3.215731894556e+04;2.813784712451e+03;-8.396545146121e+03;-7.485585988693e+04;-2.565915938208e+04;
2134;520072;-2.542954450794e+03;-7.369735975173e+04;9.866997827113e+04;1.576169204592e+05;3.215732002796e+04;2.813786859307e+03;-8.396548379954e+03;-7.485586226759e+04;-2.565915916880e+04;
2134;520073;-2.542956595180e+03;-7.369736159711e+04;9.866997949463e+04;1.576169208115e+05;3.215732111034e+04;2.813789006218e+03;-8.396551613729e+03;-7.485586464825e+04;-2.565915895557e+04;
2134;520074;-2.542958739516e+03;-7.369736344232e+04;9.866998071811e+04;1.576169211637e+05;3.215732219270e+04;2.813791153185e+03;-8.396554847449e+03;-7.485586702890e+04;-2.565915874238e+04;
2134;520075;-2.542960883802e+03;-7.369736528737e+04;9.866998194157e+04;1.576169215158e+05;3.215732327505e+04;2.813793300208e+03;-8.396558081111e+03;-7.485586940954e+04;-2.565915852924e+04;
2134;520076;-2.542963028039e+03;-7.369736713224e+04;9.866998316502e+04;1.576169218679e+05;3.215732435739e+04;2.813795447287e+03;-8.396561314717e+03;-7.485587179017e+04;-2.565915831615e+04;
2134;520077;-2.542965172225e+03;-7.369736897694e+04;9.866998438845e+04;1.576169222199e+05;3.215732543970e+04;2.813797594421e+03;-8.396564548266e+03;-7.485587417079e+04;-2.565915810310e+04;
2134;520078;-2.542967316362e+03;-7.369737082147e+04;9.866998561186e+04;1.576169225719e+05;3.215732652201e+04;2.813799741612e+03;-8.396567781759e+03;-7.485587655140e+04;-2.565915789010e+04;
2134;520079;-2.542969460449e+03;-7.369737266583e+04;9.866998683526e+04;1.576169229237e+05;3.215732760429e+04;2.813801888858e+03;-8.396571015195e+03;-7.485587893201e+04;-2.565915767715e+04;
2134;520080;-2.542971604487e+03;-7.369737451002e+04;9.866998805864e+04;1.576169232756e+05;3.215732868656e+04;2.813804036159e+03;-8.396574248574e+03;-7.485588131260e+04;-2.565915746424e+04;
2134;520081;-2.542973748474e+03;-7.369737635404e+04;9.866998928200e+04;1.576169236273e+05;3.215732976882e+04;2.813806183517e+03;-8.396577481897e+03;-7.485588369318e+04;-2.565915725138e+04;
2134;520082;-2.542975892412e+03;-7.369737819790e+04;9.866999050534e+04;1.576169239790e+05;3.215733085106e+04;2.813808330930e+03;-8.396580715162e+03;-7.485588607376e+04;-2.565915703856e+04;
2134;520083;-2.542978036300e+03;-7.369738004158e+04;9.866999172867e+04;1.576169243306e+05;3.215733193328e+04;2.813810478399e+03;-8.396583948371e+03;-7.485588845432e+04;-2.565915682580e+04;
2134;520084;-2.542980180138e+03;-7.369738188509e+04;9.866999295198e+04;1.576169246822e+05;3.215733301549e+04;2.813812625924e+03;-8.396587181524e+03;-7.485589083487e+04;-2.565915661308e+04;
2134;520085;-2.542982323927e+03;-7.369738372843e+04;9.866999417527e+04;1.576169250337e+05;3.215733409768e+04;2.813814773504e+03;-8.396590414619e+03;-7.485589321542e+04;-2.565915640040e+04;
2134;520086;-2.542984467666e+03;-7.369738557160e+04;9.866999539855e+04;1.576169253851e+05;3.215733517986e+04;2.813816921141e+03;-8.396593647658e+03;-7.485589559596e+04;-2.565915618778e+04;
2134;520087;-2.542986611355e+03;-7.369738741459e+04;9.866999662181e+04;1.576169257365e+05;3.215733626202e+04;2.813819068833e+03;-8.396596880639e+03;-7.485589797648e+04;-2.565915597519e+04;
2134;520088;-2.542988754994e+03;-7.369738925742e+04;9.866999784505e+04;1.576169260878e+05;3.215733734417e+04;2.813821216580e+03;-8.396600113564e+03;-7.485590035700e+04;-2.565915576266e+04;
2134;520089;-2.542990898584e+03;-7.369739110008e+04;9.866999906828e+04;1.576169264391e+05;3.215733842630e+04;2.813823364383e+03;-8.396603346432e+03;-7.485590273751e+04;-2.565915555017e+04;
2134;520090;-2.542993042124e+03;-7.369739294257e+04;9.867000029148e+04;1.576169267902e+05;3.215733950841e+04;2.813825512242e+03;-8.396606579244e+03;-7.485590511800e+04;-2.565915533773e+04;
2134;520091;-2.542995185615e+03;-7.369739478489e+04;9.867000151467e+04;1.576169271414e+05;3.215734059051e+04;2.813827660157e+03;-8.396609811998e+03;-7.485590749849e+04;-2.565915512534e+04;
2134;520092;-2.542997329055e+03;-7.369739662704e+04;9.867000273785e+04;1.576169274924e+05;3.215734167260e+04;2.813829808127e+03;-8.396613044695e+03;-7.485590987897e+04;-2.565915491299e+04;
2134;520093;-2.542999472446e+03;-7.369739846901e+04;9.867000396100e+04;1.576169278434e+05;3.215734275467e+04;2.813831956153e+03;-8.396616277336e+03;-7.485591225944e+04;-2.565915470069e+04;
2134;520094;-2.543001615788e+03;-7.369740031082e+04;9.867000518414e+04;1.576169281943e+05;3.215734383672e+04;2.813834104235e+03;-8.396619509919e+03;-7.485591463990e+04;-2.565915448844e+04;
2134;520095;-2.543003759080e+03;-7.369740215246e+04;9.867000640726e+04;1.576169285452e+05;3.215734491876e+04;2.813836252372e+03;-8.396622742446e+03;-7.485591702035e+04;-2.565915427624e+04;
2134;520096;-2.543005902322e+03;-7.369740399392e+04;9.867000763037e+04;1.576169288960e+05;3.215734600078e+04;2.813838400564e+03;-8.396625974915e+03;-7.485591940079e+04;-2.565915406408e+04;
2134;520097;-2.543008045515e+03;-7.369740583522e+04;9.867000885346e+04;1.576169292467e+05;3.215734708278e+04;2.813840548813e+03;-8.396629207328e+03;-7.485592178122e+04;-2.565915385197e+04;
2134;520098;-2.543010188658e+03;-7.369740767635e+04;9.867001007653e+04;1.576169295974e+05;3.215734816477e+04;2.813842697117e+03;-8.396632439684e+03;-7.485592416164e+04;-2.565915363990e+04;
2134;520099;-2.543012331751e+03;-7.369740951730e+04;9.867001129958e+04;1.576169299480e+05;3.215734924675e+04;2.813844845477e+03;-8.396635671982e+03;-7.485592654206e+04;-2.565915342788e+04;
2134;520100;-2.543014474795e+03;-7.369741135809e+04;9.867001252262e+04;1.576169302986e+05;3.215735032871e+04;2.813846993892e+03;-8.396638904224e+03;-7.485592892246e+04;-2.565915321591e+04;
2134;520101;-2.543016617790e+03;-7.369741319870e+04;9.867001374563e+04;1.576169306491e+05;3.215735141065e+04;2.813849142363e+03;-8.396642136408e+03;-7.485593130285e+04;-2.565915300399e+04;
2134;520102;-2.543018760735e+03;-7.369741503915e+04;9.867001496864e+04;1.576169309995e+05;3.215735249258e+04;2.813851290889e+03;-8.396645368535e+03;-7.485593368324e+04;-2.565915279211e+04;
2134;520103;-2.543020903630e+03;-7.369741687942e+04;9.867001619162e+04;1.576169313498e+05;3.215735357449e+04;2.813853439471e+03;-8.396648600606e+03;-7.485593606361e+04;-2.565915258028e+04;
2134;520104;-2.543023046476e+03;-7.369741871952e+04;9.867001741459e+04;1.576169317001e+05;3.215735465638e+04;2.813855588109e+03;-8.396651832619e+03;-7.485593844398e+04;-2.565915236850e+04;
2134;520105;-2.543025189272e+03;-7.369742055946e+04;9.867001863754e+04;1.576169320504e+05;3.215735573826e+04;2.813857736802e+03;-8.396655064575e+03;-7.485594082433e+04;-2.565915215676e+04;
2134;520106;-2.543027332019e+03;-7.369742239922e+04;9.867001986047e+04;1.576169324005e+05;3.215735682013e+04;2.813859885550e+03;-8.396658296474e+03;-7.485594320468e+04;-2.565915194507e+04;
2134;520107;-2.543029474716e+03;-7.369742423881e+04;9.867002108339e+04;1.576169327506e+05;3.215735790198e+04;2.813862034355e+03;-8.396661528315e+03;-7.485594558501e+04;-2.565915173343e+04;
2134;520108;-2.543031617364e+03;-7.369742607824e+04;9.867002230629e+04;1.576169331007e+05;3.215735898381e+04;2.813864183214e+03;-8.396664760100e+03;-7.485594796534e+04;-2.565915152184e+04;
2134;520109;-2.543033759962e+03;-7.369742791749e+04;9.867002352917e+04;1.576169334506e+05;3.215736006563e+04;2.813866332129e+03;-8.396667991827e+03;-7.485595034566e+04;-2.565915131029e+04;
2134;520110;-2.543035902511e+03;-7.369742975657e+04;9.867002475203e+04;1.576169338005e+05;3.215736114743e+04;2.813868481100e+03;-8.396671223497e+03;-7.485595272597e+04;-2.565915109879e+04;
2134;520111;-2.543038045011e+03;-7.369743159548e+04;9.867002597488e+04;1.576169341504e+05;3.215736222922e+04;2.813870630127e+03;-8.396674455110e+03;-7.485595510626e+04;-2.565915088733e+04;
2134;520112;-2.543040187461e+03;-7.369743343422e+04;9.867002719771e+04;1.576169345002e+05;3.215736331099e+04;2.813872779208e+03;-8.396677686666e+03;-7.485595748655e+04;-2.565915067593e+04;
2134;520113;-2.543042329862e+03;-7.369743527279e+04;9.867002842053e+04;1.576169348499e+05;3.215736439275e+04;2.813874928346e+03;-8.396680918164e+03;-7.485595986683e+04;-2.565915046457e+04;
2134;520114;-2.543044472213e+03;-7.369743711119e+04;9.867002964332e+04;1.576169351996e+05;3.215736547449e+04;2.813877077538e+03;-8.396684149605e+03;-7.485596224710e+04;-2.565915025326e+04;
2134;520115;-2.543046614515e+03;-7.369743894942e+04;9.867003086610e+04;1.576169355491e+05;3.215736655621e+04;2.813879226787e+03;-8.396687380989e+03;-7.485596462736e+04;-2.565915004199e+04;
2134;520116;-2.543048756767e+03;-7.369744078748e+04;9.867003208886e+04;1.576169358987e+05;3.215736763792e+04;2.813881376090e+03;-8.396690612315e+03;-7.485596700761e+04;-2.565914983078e+04;
2134;520117;-2.543050898970e+03;-7.369744262537e+04;9.867003331161e+04;1.576169362481e+05;3.215736871961e+04;2.813883525449e+03;-8.396693843585e+03;-7.485596938785e+04;-2.565914961961e+04;
2134;520118;-2.543053041124e+03;-7.369744446309e+04;9.867003453434e+04;1.576169365975e+05;3.215736980129e+04;2.813885674864e+03;-8.396697074796e+03;-7.485597176809e+04;-2.565914940849e+04;
2134;520119;-2.543055183228e+03;-7.369744630064e+04;9.867003575705e+04;1.576169369469e+05;3.215737088295e+04;2.813887824334e+03;-8.396700305951e+03;-7.485597414831e+04;-2.565914919741e+04;
2134;520120;-2.543057325283e+03;-7.369744813801e+04;9.867003697974e+04;1.576169372961e+05;3.215737196460e+04;2.813889973859e+03;-8.396703537048e+03;-7.485597652852e+04;-2.565914898638e+04;
2134;520121;-2.543059467289e+03;-7.369744997522e+04;9.867003820242e+04;1.576169376454e+05;3.215737304623e+04;2.813892123440e+03;-8.396706768087e+03;-7.485597890872e+04;-2.565914877540e+04;
2134;520122;-2.543061609245e+03;-7.369745181226e+04;9.867003942508e+04;1.576169379945e+05;3.215737412784e+04;2.813894273077e+03;-8.396709999070e+03;-7.485598128892e+04;-2.565914856447e+04;
2134;520123;-2.543063751152e+03;-7.369745364912e+04;9.867004064772e+04;1.576169383436e+05;3.215737520944e+04;2.813896422768e+03;-8.396713229994e+03;-7.485598366910e+04;-2.565914835358e+04;
2134;520124;-2.543065893010e+03;-7.369745548582e+04;9.867004187034e+04;1.576169386926e+05;3.215737629103e+04;2.813898572516e+03;-8.396716460862e+03;-7.485598604927e+04;-2.565914814275e+04;
2134;520125;-2.543068034818e+03;-7.369745732234e+04;9.867004309295e+04;1.576169390416e+05;3.215737737259e+04;2.813900722318e+03;-8.396719691672e+03;-7.485598842944e+04;-2.565914793196e+04;
2134;520126;-2.543070176577e+03;-7.369745915870e+04;9.867004431554e+04;1.576169393904e+05;3.215737845415e+04;2.813902872176e+03;-8.396722922424e+03;-7.485599080959e+04;-2.565914772121e+04;
2134;520127;-2.543072318287e+03;-7.369746099488e+04;9.867004553812e+04;1.576169397393e+05;3.215737953568e+04;2.813905022089e+03;-8.396726153119e+03;-7.485599318974e+04;-2.565914751052e+04;
2134;520128;-2.543074459948e+03;-7.369746283090e+04;9.867004676067e+04;1.576169400880e+05;3.215738061720e+04;2.813907172058e+03;-8.396729383756e+03;-7.485599556987e+04;-2.565914729987e+04;
2134;520129;-2.543076601559e+03;-7.369746466674e+04;9.867004798321e+04;1.576169404367e+05;3.215738169871e+04;2.813909322082e+03;-8.396732614336e+03;-7.485599795000e+04;-2.565914708927e+04;
2134;520130;-2.543078743121e+03;-7.369746650241e+04;9.867004920573e+04;1.576169407854e+05;3.215738278020e+04;2.813911472161e+03;-8.396735844858e+03;-7.485600033012e+04;-2.565914687872e+04;
2134;520131;-2.543080884634e+03;-7.369746833792e+04;9.867005042824e+04;1.576169411339e+05;3.215738386167e+04;2.813913622296e+03;-8.396739075323e+03;-7.485600271022e+04;-2.565914666821e+04;
2134;520132;-2.543083026097e+03;-7.369747017325e+04;9.867005165073e+04;1.576169414824e+05;3.215738494313e+04;2.813915772486e+03;-8.396742305730e+03;-7.485600509032e+04;-2.565914645775e+04;
2134;520133;-2.543085167512e+03;-7.369747200841e+04;9.867005287320e+04;1.576169418309e+05;3.215738602458e+04;2.813917922732e+03;-8.396745536080e+03;-7.485600747041e+04;-2.565914624734e+04;
2134;520134;-2.543087308877e+03;-7.369747384340e+04;9.867005409565e+04;1.576169421793e+05;3.215738710600e+04;2.813920073032e+03;-8.396748766372e+03;-7.485600985049e+04;-2.565914603698e+04;
2134;520135;-2.543089450193e+03;-7.369747567822e+04;9.867005531809e+04;1.576169425276e+05;3.215738818741e+04;2.813922223388e+03;-8.396751996606e+03;-7.485601223055e+04;-2.565914582667e+04;
2134;520136;-2.543091591460e+03;-7.369747751287e+04;9.867005654051e+04;1.576169428758e+05;3.215738926881e+04;2.813924373800e+03;-8.396755226782e+03;-7.485601461061e+04;-2.565914561640e+04;
2134;520137;-2.543093732678e+03;-7.369747934735e+04;9.867005776291e+04;1.576169432240e+05;3.215739035019e+04;2.813926524266e+03;-8.396758456901e+03;-7.485601699066e+04;-2.565914540618e+04;
2134;520138;-2.543095873847e+03;-7.369748118166e+04;9.867005898530e+04;1.576169435721e+05;3.215739143156e+04;2.813928674788e+03;-8.396761686963e+03;-7.485601937070e+04;-2.565914519601e+04;
2134;520139;-2.543098014966e+03;-7.369748301580e+04;9.867006020766e+04;1.576169439202e+05;3.215739251290e+04;2.813930825366e+03;-8.396764916966e+03;-7.485602175073e+04;-2.565914498588e+04;
2134;520140;-2.543100156036e+03;-7.369748484977e+04;9.867006143002e+04;1.576169442682e+05;3.215739359424e+04;2.813932975998e+03;-8.396768146912e+03;-7.485602413075e+04;-2.565914477581e+04;
2134;520141;-2.543102297058e+03;-7.369748668357e+04;9.867006265235e+04;1.576169446161e+05;3.215739467556e+04;2.813935126686e+03;-8.396771376800e+03;-7.485602651076e+04;-2.565914456578e+04;
2134;520142;-2.543104438030e+03;-7.369748851719e+04;9.867006387467e+04;1.576169449640e+05;3.215739575686e+04;2.813937277429e+03;-8.396774606630e+03;-7.485602889077e+04;-2.565914435580e+04;
2134;520143;-2.543106578953e+03;-7.369749035065e+04;9.867006509697e+04;1.576169453118e+05;3.215739683814e+04;2.813939428227e+03;-8.396777836403e+03;-7.485603127076e+04;-2.565914414587e+04;
2134;520144;-2.543108719827e+03;-7.369749218394e+04;9.867006631925e+04;1.576169456595e+05;3.215739791941e+04;2.813941579081e+03;-8.396781066118e+03;-7.485603365074e+04;-2.565914393598e+04;
2134;520145;-2.543110860651e+03;-7.369749401705e+04;9.867006754151e+04;1.576169460072e+05;3.215739900067e+04;2.813943729990e+03;-8.396784295775e+03;-7.485603603071e+04;-2.565914372614e+04;
2134;520146;-2.543113001427e+03;-7.369749585000e+04;9.867006876376e+04;1.576169463548e+05;3.215740008191e+04;2.813945880954e+03;-8.396787525374e+03;-7.485603841068e+04;-2.565914351635e+04;
2134;520147;-2.543115142154e+03;-7.369749768277e+04;9.867006998599e+04;1.576169467024e+05;3.215740116313e+04;2.813948031973e+03;-8.396790754915e+03;-7.485604079063e+04;-2.565914330661e+04;
2134;520148;-2.543117282832e+03;-7.369749951538e+04;9.867007120821e+04;1.576169470499e+05;3.215740224434e+04;2.813950183047e+03;-8.396793984399e+03;-7.485604317057e+04;-2.565914309692e+04;
2134;520149;-2.543119423460e+03;-7.369750134781e+04;9.867007243040e+04;1.576169473973e+05;3.215740332553e+04;2.813952334177e+03;-8.396797213824e+03;-7.485604555051e+04;-2.565914288727e+04;
2134;520150;-2.543121564040e+03;-7.369750318007e+04;9.867007365258e+04;1.576169477446e+05;3.215740440671e+04;2.813954485362e+03;-8.396800443192e+03;-7.485604793043e+04;-2.565914267768e+04;
2134;520151;-2.543123704571e+03;-7.369750501217e+04;9.867007487475e+04;1.576169480919e+05;3.215740548787e+04;2.813956636602e+03;-8.396803672502e+03;-7.485605031034e+04;-2.565914246813e+04;
2134;520152;-2.543125845052e+03;-7.369750684409e+04;9.867007609689e+04;1.576169484392e+05;3.215740656902e+04;2.813958787897e+03;-8.396806901754e+03;-7.485605269025e+04;-2.565914225862e+04;
2134;520153;-2.543127985485e+03;-7.369750867584e+04;9.867007731902e+04;1.576169487863e+05;3.215740765015e+04;2.813960939247e+03;-8.396810130948e+03;-7.485605507014e+04;-2.565914204917e+04;
2134;520154;-2.543130125869e+03;-7.369751050742e+04;9.867007854113e+04;1.576169491334e+05;3.215740873126e+04;2.813963090653e+03;-8.396813360084e+03;-7.485605745003e+04;-2.565914183976e+04;
2134;520155;-2.543132266203e+03;-7.369751233883e+04;9.867007976322e+04;1.576169494805e+05;3.215740981236e+04;2.813965242113e+03;-8.396816589162e+03;-7.485605982991e+04;-2.565914163041e+04;
2134;520156;-2.543134406489e+03;-7.369751417007e+04;9.867008098530e+04;1.576169498274e+05;3.215741089344e+04;2.813967393629e+03;-8.396819818182e+03;-7.485606220977e+04;-2.565914142110e+04;
2134;520157;-2.543136546726e+03;-7.369751600114e+04;9.867008220736e+04;1.576169501743e+05;3.215741197451e+04;2.813969545200e+03;-8.396823047144e+03;-7.485606458963e+04;-2.565914121184e+04;
2134;520158;-2.543138686914e+03;-7.369751783204e+04;9.867008342940e+04;1.576169505212e+05;3.215741305556e+04;2.813971696826e+03;-8.396826276048e+03;-7.485606696948e+04;-2.565914100262e+04;
2134;520159;-2.543140827053e+03;-7.369751966276e+04;9.867008465143e+04;1.576169508680e+05;3.215741413660e+04;2.813973848507e+03;-8.396829504894e+03;-7.485606934931e+04;-2.565914079346e+04;
2134;520160;-2.543142967143e+03;-7.369752149332e+04;9.867008587344e+04;1.576169512147e+05;3.215741521762e+04;2.813976000244e+03;-8.396832733682e+03;-7.485607172914e+04;-2.565914058434e+04;
2134;520161;-2.543145107184e+03;-7.369752332371e+04;9.867008709543e+04;1.576169515613e+05;3.215741629862e+04;2.813978152035e+03;-8.396835962412e+03;-7.485607410896e+04;-2.565914037527e+04;
2134;520162;-2.543147247176e+03;-7.369752515392e+04;9.867008831740e+04;1.576169519079e+05;3.215741737961e+04;2.813980303882e+03;-8.396839191083e+03;-7.485607648877e+04;-2.565914016625e+04;
2134;520163;-2.543149387120e+03;-7.369752698397e+04;9.867008953936e+04;1.576169522544e+05;3.215741846059e+04;2.813982455783e+03;-8.396842419697e+03;-7.485607886857e+04;-2.565913995728e+04;
2134;520164;-2.543151527014e+03;-7.369752881384e+04;9.867009076130e+04;1.576169526009e+05;3.215741954154e+04;2.813984607740e+03;-8.396845648253e+03;-7.485608124836e+04;-2.565913974835e+04;
2134;520165;-2.543153666860e+03;-7.369753064355e+04;9.867009198322e+04;1.576169529473e+05;3.215742062249e+04;2.813986759752e+03;-8.396848876750e+03;-7.485608362813e+04;-2.565913953948e+04;
2134;520166;-2.543155806657e+03;-7.369753247308e+04;9.867009320513e+04;1.576169532936e+05;3.215742170341e+04;2.813988911819e+03;-8.396852105189e+03;-7.485608600790e+04;-2.565913933065e+04;
2134;520167;-2.543157946405e+03;-7.369753430245e+04;9.867009442702e+04;1.576169536399e+05;3.215742278432e+04;2.813991063940e+03;-8.396855333570e+03;-7.485608838766e+04;-2.565913912187e+04;
2134;520168;-2.543160086104e+03;-7.369753613164e+04;9.867009564889e+04;1.576169539861e+05;3.215742386522e+04;2.813993216117e+03;-8.396858561893e+03;-7.485609076741e+04;-2.565913891314e+04;
2134;520169;-2.543162225754e+03;-7.369753796066e+04;9.867009687074e+04;1.576169543322e+05;3.215742494610e+04;2.813995368349e+03;-8.396861790158e+03;-7.485609314716e+04;-2.565913870445e+04;
2134;520170;-2.543164365356e+03;-7.369753978951e+04;9.867009809258e+04;1.576169546783e+05;3.215742602696e+04;2.813997520636e+03;-8.396865018364e+03;-7.485609552689e+04;-2.565913849582e+04;
2134;520171;-2.543166504908e+03;-7.369754161819e+04;9.867009931440e+04;1.576169550243e+05;3.215742710781e+04;2.813999672978e+03;-8.396868246512e+03;-7.485609790661e+04;-2.565913828723e+04;
2134;520172;-2.543168644412e+03;-7.369754344670e+04;9.867010053620e+04;1.576169553702e+05;3.215742818864e+04;2.814001825375e+03;-8.396871474602e+03;-7.485610028632e+04;-2.565913807869e+04;
2134;520173;-2.543170783868e+03;-7.369754527504e+04;9.867010175799e+04;1.576169557161e+05;3.215742926946e+04;2.814003977828e+03;-8.396874702634e+03;-7.485610266602e+04;-2.565913787020e+04;
2134;520174;-2.543172923274e+03;-7.369754710321e+04;9.867010297976e+04;1.576169560619e+05;3.215743035026e+04;2.814006130335e+03;-8.396877930608e+03;-7.485610504571e+04;-2.565913766176e+04;
2134;520175;-2.543175062632e+03;-7.369754893121e+04;9.867010420151e+04;1.576169564077e+05;3.215743143105e+04;2.814008282897e+03;-8.396881158523e+03;-7.485610742539e+04;-2.565913745337e+04;
2134;520176;-2.543177201941e+03;-7.369755075904e+04;9.867010542324e+04;1.576169567534e+05;3.215743251182e+04;2.814010435514e+03;-8.396884386379e+03;-7.485610980507e+04;-2.565913724502e+04;
2134;520177;-2.543179341201e+03;-7.369755258669e+04;9.867010664496e+04;1.576169570990e+05;3.215743359257e+04;2.814012588186e+03;-8.396887614178e+03;-7.485611218473e+04;-2.565913703673e+04;
2134;520178;-2.543181480413e+03;-7.369755441418e+04;9.867010786666e+04;1.576169574446e+05;3.215743467331e+04;2.814014740913e+03;-8.396890841918e+03;-7.485611456438e+04;-2.565913682848e+04;
2134;520179;-2.543183619575e+03;-7.369755624149e+04;9.867010908834e+04;1.576169577901e+05;3.215743575403e+04;2.814016893695e+03;-8.396894069600e+03;-7.485611694403e+04;-2.565913662028e+04;
2134;520180;-2.543185758690e+03;-7.369755806864e+04;9.867011031001e+04;1.576169581355e+05;3.215743683474e+04;2.814019046532e+03;-8.396897297223e+03;-7.485611932366e+04;-2.565913641213e+04;
2134;520181;-2.543187897755e+03;-7.369755989561e+04;9.867011153166e+04;1.576169584808e+05;3.215743791543e+04;2.814021199423e+03;-8.396900524788e+03;-7.485612170328e+04;-2.565913620403e+04;
2134;520182;-2.543190036772e+03;-7.369756172242e+04;9.867011275329e+04;1.576169588262e+05;3.215743899611e+04;2.814023352370e+03;-8.396903752294e+03;-7.485612408290e+04;-2.565913599598e+04;
2134;520183;-2.543192175740e+03;-7.369756354905e+04;9.867011397490e+04;1.576169591714e+05;3.215744007677e+04;2.814025505372e+03;-8.396906979742e+03;-7.485612646250e+04;-2.565913578797e+04;
2134;520184;-2.543194314660e+03;-7.369756537551e+04;9.867011519650e+04;1.576169595166e+05;3.215744115741e+04;2.814027658428e+03;-8.396910207132e+03;-7.485612884210e+04;-2.565913558002e+04;
2134;520185;-2.543196453530e+03;-7.369756720180e+04;9.867011641808e+04;1.576169598617e+05;3.215744223804e+04;2.814029811540e+03;-8.396913434463e+03;-7.485613122168e+04;-2.565913537211e+04;
2134;520186;-2.543198592353e+03;-7.369756902792e+04;9.867011763965e+04;1.576169602067e+05;3.215744331865e+04;2.814031964706e+03;-8.396916661736e+03;-7.485613360126e+04;-2.565913516425e+04;
2134;520187;-2.543200731126e+03;-7.369757085387e+04;9.867011886119e+04;1.576169605517e+05;3.215744439925e+04;2.814034117928e+03;-8.396919888950e+03;-7.485613598082e+04;-2.565913495644e+04;
2134;520188;-2.543202869851e+03;-7.369757267965e+04;9.867012008272e+04;1.576169608966e+05;3.215744547983e+04;2.814036271204e+03;-8.396923116105e+03;-7.485613836038e+04;-2.565913474868e+04;
2134;520189;-2.543205008528e+03;-7.369757450526e+04;9.867012130423e+04;1.576169612415e+05;3.215744656040e+04;2.814038424535e+03;-8.396926343202e+03;-7.485614073993e+04;-2.565913454096e+04;
2134;520190;-2.543207147156e+03;-7.369757633070e+04;9.867012252573e+04;1.576169615863e+05;3.215744764095e+04;2.814040577921e+03;-8.396929570241e+03;-7.485614311946e+04;-2.565913433330e+04;
2134;520191;-2.543209285735e+03;-7.369757815596e+04;9.867012374720e+04;1.576169619310e+05;3.215744872148e+04;2.814042731362e+03;-8.396932797221e+03;-7.485614549899e+04;-2.565913412568e+04;
2134;520192;-2.543211424266e+03;-7.369757998106e+04;9.867012496866e+04;1.576169622756e+05;3.215744980200e+04;2.814044884858e+03;-8.396936024142e+03;-7.485614787851e+04;-2.565913391812e+04;
2134;520193;-2.543213562748e+03;-7.369758180599e+04;9.867012619011e+04;1.576169626202e+05;3.215745088251e+04;2.814047038408e+03;-8.396939251005e+03;-7.485615025801e+04;-2.565913371060e+04;
2134;520194;-2.543215701181e+03;-7.369758363074e+04;9.867012741153e+04;1.576169629648e+05;3.215745196299e+04;2.814049192014e+03;-8.396942477809e+03;-7.485615263751e+04;-2.565913350313e+04;
2134;520195;-2.543217839566e+03;-7.369758545533e+04;9.867012863294e+04;1.576169633092e+05;3.215745304347e+04;2.814051345674e+03;-8.396945704554e+03;-7.485615501700e+04;-2.565913329571e+04;
2134;520196;-2.543219977903e+03;-7.369758727974e+04;9.867012985434e+04;1.576169636536e+05;3.215745412392e+04;2.814053499389e+03;-8.396948931241e+03;-7.485615739647e+04;-2.565913308834e+04;
2134;520197;-2.543222116191e+03;-7.369758910398e+04;9.867013107571e+04;1.576169639980e+05;3.215745520436e+04;2.814055653159e+03;-8.396952157869e+03;-7.485615977594e+04;-2.565913288101e+04;
2134;520198;-2.543224254431e+03;-7.369759092805e+04;9.867013229707e+04;1.576169643422e+05;3.215745628479e+04;2.814057806983e+03;-8.396955384438e+03;-7.485616215540e+04;-2.565913267374e+04;
2134;520199;-2.543226392622e+03;-7.369759275196e+04;9.867013351841e+04;1.576169646864e+05;3.215745736520e+04;2.814059960863e+03;-8.396958610949e+03;-7.485616453485e+04;-2.565913246651e+04;
