week;tow;PRN10;PRN16;PRN18;PRN20;PRN23;PRN26;PRN27;PRN29;PRN31;
2134;518400;24441549.282;20806655.278;20683248.243;22410208.003;22946035.089;20340508.498;22198631.248;23970597.123;24194750.863;
2134;518401;24440912.848;20806357.051;20683502.507;22409755.738;22945518.513;20340629.670;22198174.723;23971145.672;24195411.206;
2134;518402;24440277.282;20806056.758;20683755.221;22409311.594;22945007.602;20340748.572;22197720.213;23971694.969;24196073.500;
2134;518403;24439636.275;20805759.322;20684007.428;22408859.268;22944491.540;20340871.082;22197263.793;23972242.758;24196734.474;
2134;518404;24439000.760;20805463.332;20684262.312;22408410.888;22943979.791;20340992.993;22196808.013;23972791.572;24197394.338;
2134;518405;24438362.978;20805164.051;20684513.705;22407962.348;22943467.183;20341113.215;22196350.159;23973339.339;24198057.312;
2134;518406;24437725.166;20804866.414;20684770.483;22407514.379;22942952.751;20341233.421;22195895.360;23973888.813;24198713.472;
2134;518407;24437088.523;20804569.440;20685020.617;22407063.942;22942438.606;20341355.484;22195439.323;23974435.452;24199375.633;
2134;518408;24436452.359;20804269.684;20685277.719;22406614.537;22941925.682;20341478.115;22194982.977;23974984.648;24200037.496;
2134;518409;24435815.223;20803972.358;20685530.322;22406168.877;22941410.693;20341600.343;22194525.322;23975532.581;24200697.859;
2134;518410;24435176.569;20803675.294;20685786.044;22405719.035;22940898.641;20341721.518;22194071.318;23976080.249;24201359.280;
2134;518411;24434540.055;20803375.816;20686039.111;22405271.897;22940388.402;20341843.595;22193614.272;23976630.142;24202020.587;
2134;518412;24433901.113;20803079.835;20686293.460;22404822.997;22939874.947;20341965.276;22193159.198;23977179.023;24202681.712;
2134;518413;24433266.700;20802781.361;20686549.250;22404374.730;22939361.412;20342087.603;22192703.663;23977727.202;24203342.327;
2134;518414;24432626.967;20802484.634;20686804.103;22403925.057;22938846.720;20342208.402;22192246.439;23978275.660;24204003.885;
2134;518415;24431990.722;20802185.939;20687058.122;22403477.775;22938337.562;20342329.965;22191794.151;23978824.803;24204663.345;
2134;518416;24431351.562;20801890.635;20687312.174;22403030.164;22937822.480;20342453.898;22191337.258;23979371.628;24205325.614;
2134;518417;24430714.873;20801592.294;20687567.673;22402579.523;22937310.176;20342576.832;22190881.372;23979922.755;24205985.680;
2134;518418;24430077.045;20801295.296;20687824.408;22402133.537;22936795.632;20342698.135;22190426.438;23980468.841;24206648.113;
2134;518419;24429438.047;20800998.489;20688078.468;22401685.598;22936285.645;20342822.123;22189970.369;23981018.732;24207307.597;
2134;518420;24428803.135;20800702.729;20688335.375;22401237.262;22935773.073;20342944.979;22189514.188;23981566.441;24207968.952;
2134;518421;24428165.781;20800406.723;20688588.376;22400789.683;22935259.306;20343067.385;22189060.011;23982116.405;24208628.951;
2134;518422;24427529.889;20800106.839;20688844.680;22400342.872;22934747.861;20343192.064;22188605.347;23982665.312;24209290.329;
2134;518423;24426891.943;20799813.092;20689100.250;22399894.066;22934238.129;20343314.070;22188146.979;23983214.036;24209951.887;
2134;518424;24426252.842;20799516.639;20689355.185;22399447.928;22933724.499;20343435.747;22187692.016;23983761.328;24210613.605;
2134;518425;24425617.476;20799220.559;20689612.596;22399001.231;22933212.343;20343561.504;22187237.052;23984311.001;24211272.731;
2134;518426;24424979.515;20798923.450;20689869.310;22398553.047;22932698.567;20343683.218;22186781.775;23984859.197;24211934.127;
2134;518427;24424340.951;20798625.626;20690123.580;22398106.200;22932188.120;20343807.474;22186326.915;23985407.843;24212597.524;
2134;518428;24423706.860;20798331.402;20690380.487;22397657.203;22931676.343;20343932.108;22185873.059;23985955.814;24213255.745;
2134;518429;24423066.578;20798034.330;20690636.525;22397209.202;22931164.271;20344055.239;22185417.559;23986506.957;24213919.479;
2134;518430;24422430.373;20797738.385;20690893.121;22396764.769;22930650.359;20344181.299;22184964.453;23987053.854;24214578.688;
2134;518431;24421794.462;20797443.039;20691148.005;22396316.424;22930138.750;20344303.874;22184507.413;23987602.713;24215241.964;
2134;518432;24421156.912;20797144.963;20691405.487;22395870.501;22929627.669;20344427.151;22184051.955;23988152.595;24215901.877;
2134;518433;24420517.593;20796850.471;20691662.023;22395423.933;22929117.376;20344551.793;22183597.399;23988700.208;24216563.255;
2134;518434;24419883.114;20796556.633;20691918.506;22394974.966;22928605.107;20344676.189;22183144.179;23989247.929;24217225.015;
2134;518435;24419245.975;20796259.100;20692176.529;22394531.038;22928093.494;20344800.159;22182690.190;23989797.606;24217886.690;
2134;518436;24418609.647;20795965.719;20692431.626;22394081.851;22927581.785;20344923.943;22182231.988;23990344.239;24218545.357;
2134;518437;24417970.385;20795670.433;20692689.265;22393635.123;22927072.673;20345047.929;22181779.365;23990895.844;24219206.512;
2134;518438;24417335.056;20795375.769;20692945.411;22393188.669;22926559.159;20345175.202;22181322.644;23991443.374;24219867.781;
2134;518439;24416698.624;20795079.771;20693204.422;22392745.117;22926048.029;20345300.730;22180869.593;23991992.914;24220530.653;
2134;518440;24416060.248;20794783.128;20693459.891;22392296.057;22925535.570;20345422.781;22180411.918;23992540.273;24221192.268;
2134;518441;24415423.791;20794489.072;20693717.211;22391849.911;22925027.358;20345549.435;22179960.522;23993089.885;24221850.749;
2134;518442;24414787.358;20794194.065;20693978.287;22391403.407;22924515.800;20345674.054;22179510.229;23993641.304;24222512.108;
2134;518443;24414148.592;20793897.672;20694233.564;22390958.882;22924004.281;20345801.453;22179051.032;23994187.462;24223174.774;
2134;518444;24413511.841;20793605.162;20694492.305;22390511.874;22923494.707;20345924.558;22178597.964;23994737.137;24223835.785;
2134;518445;24412875.325;20793310.788;20694749.968;22390065.533;22922982.799;20346050.619;22178143.969;23995287.620;24224495.639;
2134;518446;24412239.589;20793014.126;20695006.408;22389620.230;22922472.076;20346175.961;22177688.570;23995836.449;24225157.785;
2134;518447;24411601.661;20792720.079;20695265.479;22389175.120;22921961.540;20346301.855;22177236.023;23996383.936;24225818.378;
2134;518448;24410964.074;20792426.244;20695525.615;22388727.472;22921450.628;20346427.972;22176780.827;23996934.248;24226480.180;
2134;518449;24410326.801;20792133.333;20695782.460;22388283.300;22920939.890;20346552.852;22176324.223;23997480.810;24227142.273;
2134;518450;24409690.846;20791837.645;20696040.688;22387836.797;22920430.616;20346680.077;22175872.009;23998030.385;24227802.945;
2134;518451;24409053.714;20791543.563;20696299.527;22387390.113;22919920.469;20346805.532;22175416.475;23998579.500;24228463.172;
2134;518452;24408415.646;20791248.090;20696556.350;22386947.224;22919408.582;20346930.718;22174963.559;23999127.686;24229126.447;
2134;518453;24407779.268;20790955.358;20696814.935;22386502.866;22918900.038;20347056.309;22174509.154;23999676.912;24229788.974;
2134;518454;24407141.022;20790661.811;20697073.128;22386056.129;22918388.822;20347183.703;22174055.909;24000225.482;24230448.194;
2134;518455;24406504.237;20790369.162;20697333.727;22385610.402;22917880.163;20347310.096;22173602.385;24000776.386;24231110.471;
2134;518456;24405867.421;20790073.922;20697593.232;22385162.990;22917368.418;20347438.430;22173147.297;24001323.901;24231770.523;
2134;518457;24405229.859;20789778.586;20697852.441;22384720.035;22916859.586;20347564.839;22172694.603;24001874.094;24232431.744;
2134;518458;24404592.800;20789487.118;20698112.159;22384274.371;22916348.558;20347691.524;22172241.416;24002423.513;24233092.389;
2134;518459;24403956.339;20789191.611;20698368.400;22383830.254;22915838.574;20347817.916;22171786.786;24002972.930;24233751.499;
2134;518460;24403318.922;20788901.409;20698629.542;22383384.806;22915330.035;20347942.840;22171333.624;24003522.229;24234415.607;
2134;518461;24402682.755;20788607.415;20698887.562;22382943.058;22914820.026;20348072.851;22170880.039;24004069.506;24235077.396;
2134;518462;24402044.370;20788312.764;20699147.337;22382497.331;22914309.236;20348200.885;22170426.516;24004618.642;24235739.822;
2134;518463;24401407.414;20788020.293;20699407.809;22382053.445;22913801.671;20348325.733;22169973.296;24005168.743;24236399.211;
2134;518464;24400772.221;20787725.980;20699667.263;22381608.956;22913292.057;20348453.843;22169516.912;24005716.918;24237061.535;
2134;518465;24400133.397;20787434.515;20699928.856;22381165.017;22912782.270;20348581.614;22169066.188;24006266.002;24237721.665;
2134;518466;24399497.687;20787140.813;20700188.262;22380721.883;22912274.963;20348710.632;22168611.996;24006816.897;24238383.571;
2134;518467;24398857.952;20786849.496;20700447.554;22380276.174;22911763.135;20348834.889;22168159.332;24007364.585;24239046.280;
2134;518468;24398222.208;20786558.041;20700708.852;22379832.356;22911252.835;20348964.538;22167706.356;24007913.351;24239709.462;
2134;518469;24397583.592;20786263.658;20700967.472;22379388.994;22910745.905;20349094.222;22167251.092;24008463.523;24240367.955;
2134;518470;24396946.373;20785972.177;20701229.585;22378944.342;22910235.326;20349219.519;22166799.181;24009012.269;24241029.476;
2134;518471;24396310.575;20785679.373;20701490.591;22378501.339;22909726.911;20349351.375;22166346.409;24009561.355;24241690.590;
2134;518472;24395673.342;20785387.362;20701750.559;22378058.862;22909216.854;20349477.048;22165892.839;24010111.930;24242351.196;
2134;518473;24395036.575;20785093.895;20702010.423;22377612.602;22908708.216;20349604.689;22165437.447;24010661.543;24243013.094;
2134;518474;24394400.432;20784803.141;20702272.562;22377170.812;22908200.871;20349734.755;22164986.979;24011208.908;24243675.367;
2134;518475;24393760.542;20784511.213;20702532.009;22376727.735;22907691.138;20349862.884;22164532.851;24011758.834;24244338.883;
2134;518476;24393126.007;20784220.191;20702797.187;22376283.751;22907180.596;20349992.780;22164077.614;24012306.530;24244997.329;
2134;518477;24392488.761;20783926.528;20703055.049;22375841.372;22906672.751;20350119.647;22163627.186;24012855.650;24245661.798;
2134;518478;24391852.598;20783635.371;20703316.909;22375397.196;22906165.500;20350250.071;22163172.356;24013406.625;24246321.351;
2134;518479;24391215.304;20783343.825;20703577.237;22374955.755;22905658.854;20350377.401;22162719.541;24013956.309;24246983.874;
2134;518480;24390578.258;20783051.987;20703838.839;22374511.210;22905148.527;20350508.956;22162267.958;24014502.784;24247645.644;
2134;518481;24389941.918;20782758.997;20704099.610;22374066.954;22904639.037;20350637.856;22161814.939;24015055.610;24248305.443;
2134;518482;24389304.485;20782469.386;20704361.246;22373625.120;22904131.674;20350767.132;22161360.758;24015605.833;24248967.358;
2134;518483;24388668.745;20782177.903;20704620.426;22373183.587;22903624.149;20350895.872;22160907.498;24016151.713;24249628.375;
2134;518484;24388031.932;20781887.334;20704885.895;22372740.766;22903115.696;20351025.673;22160456.889;24016702.670;24250291.898;
2134;518485;24387393.905;20781595.182;20705148.510;22372297.743;22902609.645;20351156.465;22160004.105;24017251.364;24250953.400;
2134;518486;24386758.321;20781302.402;20705410.187;22371854.909;22902099.261;20351286.942;22159552.111;24017801.682;24251614.849;
2134;518487;24386122.559;20781015.139;20705672.207;22371413.309;22901590.976;20351414.505;22159098.623;24018349.944;24252273.921;
2134;518488;24385483.500;20780724.341;20705935.383;22370970.129;22901083.524;20351544.682;22158647.863;24018900.236;24252936.897;
2134;518489;24384848.523;20780430.987;20706197.165;22370527.913;22900577.621;20351673.809;22158195.243;24019449.095;24253598.676;
2134;518490;24384208.893;20780141.281;20706458.798;22370084.308;22900069.205;20351806.023;22157739.202;24019998.948;24254258.912;
2134;518491;24383574.484;20779850.961;20706720.350;22369642.133;22899560.195;20351934.511;22157289.077;24020546.917;24254922.626;
2134;518492;24382939.470;20779558.029;20706985.653;22369201.253;22899054.479;20352065.816;22156837.137;24021096.356;24255582.759;
2134;518493;24382299.702;20779269.408;20707246.508;22368757.463;22898545.665;20352199.311;22156385.403;24021646.413;24256245.820;
2134;518494;24381666.224;20778978.312;20707509.622;22368315.784;22898037.804;20352325.912;22155932.313;24022195.732;24256909.992;
2134;518495;24381026.352;20778688.020;20707773.338;22367873.147;22897529.582;20352456.412;22155479.700;24022746.429;24257567.854;
2134;518496;24380391.391;20778398.252;20708036.911;22367431.138;22897020.577;20352589.396;22155029.224;24023295.628;24258230.082;
2134;518497;24379753.040;20778108.132;20708300.482;22366990.380;22896517.236;20352718.763;22154576.518;24023845.045;24258892.087;
2134;518498;24379117.357;20777816.847;20708563.975;22366547.359;22896008.316;20352850.639;22154123.197;24024393.579;24259551.612;
2134;518499;24378480.408;20777528.436;20708827.410;22366108.126;22895503.068;20352982.222;22153671.911;24024941.954;24260214.489;
2134;518500;24377844.217;20777239.426;20709089.056;22365665.558;22894994.505;20353112.766;22153217.939;24025493.549;24260878.739;
2134;518501;24377208.538;20776949.806;20709351.483;22365222.297;22894487.953;20353242.469;22152765.733;24026041.917;24261538.089;
2134;518502;24376569.247;20776658.917;20709615.154;22364783.236;22893980.772;20353375.548;22152314.239;24026592.143;24262200.731;
2134;518503;24375932.010;20776369.991;20709880.173;22364340.822;22893474.066;20353507.491;22151862.643;24027140.549;24262862.631;
2134;518504;24375295.516;20776080.858;20710144.990;22363899.527;22892968.666;20353638.283;22151409.262;24027691.856;24263525.616;
2134;518505;24374659.148;20775791.120;20710410.671;22363457.735;22892460.444;20353771.440;22150959.799;24028241.686;24264185.795;
2134;518506;24374023.502;20775500.552;20710671.703;22363019.177;22891954.458;20353902.756;22150506.384;24028792.245;24264848.812;
2134;518507;24373385.212;20775212.119;20710936.121;22362575.491;22891446.423;20354036.007;22150056.803;24029340.396;24265510.199;
2134;518508;24372748.422;20774924.289;20711200.712;22362135.800;22890941.009;20354168.020;22149604.958;24029890.154;24266169.904;
2134;518509;24372112.542;20774633.668;20711465.709;22361694.460;22890435.555;20354297.839;22149151.308;24030439.391;24266833.743;
2134;518510;24371475.857;20774344.292;20711729.175;22361253.622;22889929.773;20354430.292;22148701.693;24030990.775;24267494.980;
2134;518511;24370839.760;20774057.269;20711994.059;22360812.443;22889421.000;20354564.213;22148250.325;24031538.268;24268156.147;
2134;518512;24370201.236;20773767.524;20712259.473;22360373.976;22888915.772;20354695.587;22147796.514;24032089.317;24268817.047;
2134;518513;24369566.075;20773479.867;20712524.470;22359931.608;22888408.392;20354828.356;22147346.096;24032638.022;24269480.258;
2134;518514;24368928.449;20773191.929;20712788.054;22359491.290;22887902.871;20354962.777;22146895.104;24033187.877;24270141.460;
2134;518515;24368291.185;20772901.611;20713053.558;22359049.099;22887397.923;20355095.098;22146442.001;24033736.890;24270803.228;
2134;518516;24367654.774;20772613.133;20713319.659;22358611.240;22886890.928;20355227.354;22145991.754;24034288.471;24271465.561;
2134;518517;24367018.079;20772325.429;20713584.143;22358169.269;22886384.551;20355359.252;22145539.656;24034836.260;24272127.003;
2134;518518;24366381.411;20772037.296;20713850.000;22357731.332;22885878.998;20355495.228;22145090.208;24035386.554;24272789.465;
2134;518519;24365743.537;20771749.330;20714114.546;22357290.537;22885371.566;20355625.705;22144638.804;24035934.890;24273452.068;
2134;518520;24365106.922;20771461.391;20714382.444;22356852.265;22884869.776;20355761.713;22144190.064;24036486.885;24274113.831;
2134;518521;24364470.280;20771173.935;20714647.303;22356410.595;22884364.988;20355894.178;22143734.782;24037035.105;24274774.589;
2134;518522;24363833.603;20770886.468;20714913.609;22355968.243;22883858.107;20356025.341;22143287.854;24037584.494;24275436.630;
2134;518523;24363196.839;20770596.306;20715179.229;22355530.944;22883350.014;20356160.593;22142834.586;24038135.260;24276097.939;
2134;518524;24362561.211;20770310.799;20715443.414;22355092.420;22882847.204;20356294.802;22142381.979;24038686.101;24276760.484;
2134;518525;24361923.653;20770023.544;20715709.335;22354652.666;22882339.014;20356428.520;22141930.652;24039234.943;24277422.754;
2134;518526;24361287.642;20769735.226;20715975.323;22354211.724;22881836.063;20356561.133;22141482.392;24039786.797;24278083.749;
2134;518527;24360648.873;20769448.361;20716241.717;22353773.502;22881330.818;20356696.803;22141029.457;24040336.227;24278747.433;
2134;518528;24360012.835;20769161.323;20716509.648;22353334.031;22880824.836;20356830.949;22140579.157;24040886.212;24279408.994;
2134;518529;24359378.179;20768872.556;20716776.316;22352894.598;22880319.514;20356965.893;22140129.242;24041433.605;24280069.254;
2134;518530;24358739.673;20768584.706;20717041.149;22352453.416;22879813.613;20357098.343;22139678.159;24041985.488;24280731.177;
2134;518531;24358104.040;20768298.784;20717308.114;22352016.230;22879310.712;20357233.441;22139226.338;24042533.686;24281394.804;
2134;518532;24357467.579;20768010.338;20717576.366;22351576.486;22878804.447;20357369.218;22138775.317;24043084.814;24282056.376;
2134;518533;24356829.679;20767723.520;20717843.723;22351138.697;22878300.641;20357501.762;22138326.902;24043635.731;24282719.165;
2134;518534;24356196.088;20767437.843;20718109.601;22350698.859;22877796.490;20357636.260;22137877.110;24044185.104;24283380.562;
2134;518535;24355557.969;20767150.128;20718375.420;22350260.141;22877291.055;20357773.466;22137423.368;24044734.789;24284042.914;
2134;518536;24354923.739;20766863.121;20718641.784;22349822.795;22876785.491;20357907.220;22136973.587;24045284.914;24284702.950;
2134;518537;24354286.570;20766577.746;20718910.817;22349383.295;22876283.182;20358043.511;22136523.848;24045834.658;24285366.846;
2134;518538;24353649.988;20766290.503;20719177.864;22348946.112;22875779.569;20358178.513;22136071.918;24046383.380;24286029.030;
2134;518539;24353014.489;20766004.855;20719445.934;22348506.711;22875274.009;20358314.868;22135624.939;24046934.866;24286690.539;
2134;518540;24352375.902;20765718.491;20719712.318;22348069.228;22874770.651;20358450.645;22135173.591;24047485.109;24287351.794;
2134;518541;24351739.817;20765430.328;20719979.018;22347629.543;22874265.009;20358584.007;22134721.700;24048034.033;24288014.507;
2134;518542;24351104.072;20765146.443;20720249.522;22347191.656;22873761.838;20358719.142;22134272.856;24048583.627;24288675.651;
2134;518543;24350466.879;20764861.903;20720516.525;22346754.888;22873257.775;20358854.155;22133820.645;24049135.067;24289338.484;
2134;518544;24349828.724;20764573.186;20720782.148;22346317.202;22872751.356;20358992.479;22133371.050;24049684.354;24289999.008;
2134;518545;24349194.843;20764290.482;20721051.928;22345877.755;22872248.555;20359128.111;22132921.139;24050234.859;24290661.136;
2134;518546;24348557.386;20764004.740;20721319.949;22345442.291;22871745.366;20359264.105;22132473.087;24050784.160;24291323.858;
2134;518547;24347920.868;20763717.798;20721589.417;22345003.618;22871243.974;20359399.380;22132020.944;24051334.147;24291986.565;
2134;518548;24347286.235;20763430.971;20721856.303;22344567.382;22870736.613;20359535.246;22131570.670;24051885.436;24292648.373;
2134;518549;24346648.582;20763147.437;20722125.487;22344130.080;22870234.244;20359672.716;22131120.660;24052433.756;24293309.085;
2134;518550;24346012.278;20762862.025;20722393.787;22343692.139;22869731.102;20359811.180;22130673.302;24052985.171;24293972.326;
2134;518551;24345374.180;20762574.788;20722660.674;22343253.692;22869225.680;20359947.475;22130219.541;24053534.778;24294635.425;
2134;518552;24344738.593;20762289.979;20722930.110;22342816.850;22868721.666;20360081.643;22129771.716;24054086.781;24295298.079;
2134;518553;24344104.531;20762006.167;20723198.261;22342377.427;22868220.807;20360218.957;22129321.624;24054634.988;24295958.886;
2134;518554;24343465.874;20761721.518;20723467.871;22341941.506;22867715.931;20360356.999;22128872.924;24055185.119;24296622.279;
2134;518555;24342831.110;20761433.831;20723737.841;22341506.590;22867212.550;20360493.564;22128421.905;24055736.460;24297285.345;
2134;518556;24342193.064;20761151.321;20724005.765;22341068.203;22866709.636;20360632.295;22127973.147;24056288.417;24297947.462;
2134;518557;24341556.899;20760864.875;20724276.028;22340631.281;22866206.476;20360767.618;22127522.259;24056836.400;24298607.260;
2134;518558;24340920.362;20760579.802;20724544.934;22340193.094;22865703.699;20360905.772;22127073.967;24057386.356;24299271.160;
2134;518559;24340285.049;20760297.237;20724814.495;22339758.346;22865201.199;20361040.685;22126623.445;24057937.560;24299933.011;
2134;518560;24339647.302;20760010.879;20725084.610;22339320.128;22864696.805;20361177.573;22126175.792;24058486.516;24300596.433;
2134;518561;24339012.335;20759726.701;20725352.441;22338882.783;22864195.227;20361317.677;22125724.200;24059037.636;24301255.307;
2134;518562;24338375.708;20759443.977;20725624.653;22338447.681;22863692.600;20361455.630;22125276.817;24059589.524;24301918.570;
2134;518563;24337736.448;20759158.762;20725893.846;22338010.727;22863188.431;20361593.088;22124826.486;24060137.134;24302580.396;
2134;518564;24337099.802;20758874.094;20726164.116;22337574.744;22862687.512;20361730.680;22124377.848;24060687.067;24303241.541;
2134;518565;24336465.724;20758591.224;20726433.460;22337138.717;22862183.813;20361868.815;22123927.472;24061238.315;24303905.018;
2134;518566;24335827.551;20758305.246;20726704.363;22336700.817;22861681.784;20362006.169;22123479.799;24061786.826;24304568.830;
2134;518567;24335193.116;20758022.286;20726975.077;22336265.795;22861179.062;20362144.422;22123029.592;24062339.705;24305229.664;
2134;518568;24334554.367;20757738.495;20727246.051;22335828.718;22860676.389;20362284.316;22122578.800;24062890.507;24305893.368;
2134;518569;24333917.779;20757454.573;20727515.229;22335392.444;22860175.946;20362422.909;22122130.471;24063440.320;24306555.208;
2134;518570;24333282.318;20757171.411;20727786.371;22334957.690;22859671.977;20362563.339;22121680.716;24063989.371;24307217.116;
2134;518571;24332646.989;20756886.081;20728055.463;22334523.041;22859170.209;20362699.507;22121234.757;24064540.940;24307878.456;
2134;518572;24332008.420;20756605.940;20728326.527;22334086.173;22858669.028;20362838.505;22120784.933;24065091.838;24308542.629;
2134;518573;24331375.937;20756323.135;20728597.052;22333650.161;22858166.094;20362977.475;22120336.402;24065641.689;24309201.418;
2134;518574;24330738.835;20756038.537;20728869.498;22333215.571;22857664.962;20363117.429;22119886.727;24066192.389;24309865.325;
2134;518575;24330100.396;20755755.504;20729140.386;22332778.920;22857162.442;20363254.450;22119436.775;24066742.551;24310528.942;
2134;518576;24329465.944;20755471.513;20729412.500;22332342.204;22856660.989;20363394.823;22118988.635;24067291.512;24311190.028;
2134;518577;24328829.698;20755189.132;20729682.114;22331909.988;22856160.464;20363531.721;22118540.604;24067843.967;24311852.114;
2134;518578;24328192.583;20754904.812;20729954.044;22331471.818;22855656.604;20363672.471;22118093.145;24068393.248;24312515.802;
2134;518579;24327556.064;20754623.586;20730225.364;22331037.887;22855155.813;20363813.270;22117642.782;24068942.346;24313177.337;
2134;518580;24326921.012;20754340.237;20730496.568;22330602.078;22854653.864;20363951.471;22117195.198;24069495.426;24313841.196;
2134;518581;24326283.918;20754058.467;20730768.649;22330165.393;22854153.766;20364092.344;22116744.116;24070044.663;24314503.459;
2134;518582;24325649.282;20753774.155;20731039.003;22329732.988;22853652.195;20364230.839;22116297.018;24070592.585;24315164.241;
2134;518583;24325010.502;20753492.512;20731310.434;22329296.304;22853150.446;20364370.279;22115847.276;24071145.255;24315826.470;
2134;518584;24324376.258;20753208.558;20731582.899;22328862.568;22852649.004;20364509.403;22115399.173;24071696.666;24316488.075;
2134;518585;24323740.123;20752927.206;20731855.926;22328428.568;22852146.625;20364650.024;22114953.167;24072247.346;24317149.051;
2134;518586;24323104.722;20752648.097;20732129.995;22327994.793;22851647.766;20364791.956;22114503.169;24072797.762;24317814.758;
2134;518587;24322467.094;20752363.661;20732399.062;22327559.349;22851146.576;20364931.411;22114053.097;24073347.865;24318477.720;
2134;518588;24321830.322;20752080.148;20732673.885;22327121.794;22850645.590;20365071.799;22113605.046;24073897.924;24319140.568;
2134;518589;24321196.704;20751801.001;20732944.381;22326689.790;22850144.428;20365213.743;22113157.230;24074448.905;24319801.137;
2134;518590;24320558.959;20751517.884;20733218.774;22326253.335;22849643.879;20365352.724;22112711.629;24074999.399;24320462.842;
2134;518591;24319922.637;20751236.867;20733488.899;22325821.291;22849141.845;20365494.599;22112262.476;24075549.101;24321125.755;
2134;518592;24319288.595;20750957.161;20733763.892;22325386.702;22848641.582;20365635.749;22111813.377;24076100.353;24321789.692;
2134;518593;24318652.428;20750673.052;20734037.509;22324953.554;22848141.907;20365776.353;22111365.614;24076651.753;24322452.060;
2134;518594;24318015.254;20750391.924;20734310.819;22324516.909;22847639.854;20365919.370;22110916.381;24077200.579;24323113.328;
2134;518595;24317379.156;20750110.184;20734582.399;22324086.033;22847140.744;20366059.063;22110469.799;24077752.298;24323776.255;
2134;518596;24316744.983;20749827.760;20734856.842;22323651.046;22846639.091;20366199.062;22110021.943;24078302.111;24324439.042;
2134;518597;24316106.033;20749548.141;20735129.731;22323216.492;22846137.922;20366339.471;22109574.144;24078852.938;24325101.822;
2134;518598;24315472.043;20749266.823;20735402.560;22322782.222;22845638.443;20366483.670;22109124.187;24079403.986;24325762.106;
2134;518599;24314834.546;20748985.346;20735677.617;22322349.552;22845137.950;20366624.470;22108676.418;24079955.467;24326424.174;
2134;518600;24314200.680;20748704.109;20735947.424;22321914.341;22844639.110;20366765.041;22108230.667;24080504.609;24327084.911;
2134;518601;24313562.426;20748423.614;20736223.520;22321482.164;22844137.586;20366904.616;22107783.807;24081057.606;24327749.569;
2134;518602;24312929.445;20748143.278;20736497.751;22321049.381;22843640.187;20367049.417;22107333.531;24081607.332;24328412.343;
2134;518603;24312291.410;20747862.244;20736772.958;22320617.189;22843137.848;20367191.563;22106886.275;24082156.915;24329075.178;
2134;518604;24311656.100;20747579.184;20737043.331;22320184.659;22842637.547;20367335.493;22106440.252;24082708.565;24329736.197;
2134;518605;24311020.353;20747302.189;20737319.033;22319752.254;22842139.358;20367475.655;22105992.489;24083259.349;24330400.964;
2134;518606;24310382.803;20747021.806;20737592.943;22319314.815;22841639.323;20367616.775;22105545.357;24083811.890;24331062.180;
2134;518607;24309748.149;20746741.165;20737870.247;22318883.578;22841141.158;20367761.431;22105098.525;24084362.770;24331726.568;
2134;518608;24309111.897;20746460.287;20738142.366;22318451.981;22840639.687;20367903.662;22104649.753;24084911.318;24332386.322;
2134;518609;24308473.249;20746179.820;20738418.476;22318021.145;22840140.557;20368045.131;22104203.505;24085463.010;24333050.415;
2134;518610;24307837.262;20745901.569;20738691.402;22317587.417;22839643.808;20368188.956;22103755.826;24086014.254;24333712.827;
2134;518611;24307202.724;20745619.087;20738966.691;22317155.069;22839140.019;20368329.572;22103308.580;24086563.332;24334374.713;
2134;518612;24306565.998;20745338.497;20739240.288;22316723.155;22838643.989;20368474.283;22102858.352;24087113.000;24335036.678;
2134;518613;24305931.007;20745059.879;20739515.274;22316289.947;22838142.492;20368615.497;22102412.462;24087666.433;24335699.182;
2134;518614;24305293.875;20744780.368;20739791.713;22315856.623;22837644.267;20368761.055;22101965.580;24088217.283;24336361.620;
2134;518615;24304657.418;20744501.741;20740066.393;22315424.980;22837145.820;20368903.403;22101517.598;24088768.490;24337026.447;
2134;518616;24304020.866;20744222.389;20740339.847;22314994.019;22836647.250;20369048.217;22101072.211;24089318.092;24337688.936;
2134;518617;24303387.748;20743943.354;20740617.187;22314560.357;22836147.369;20369188.957;22100624.556;24089870.171;24338350.247;
2134;518618;24302749.333;20743661.661;20740891.247;22314127.978;22835649.602;20369334.406;22100177.875;24090418.953;24339012.787;
2134;518619;24302114.883;20743382.559;20741168.221;22313698.931;22835149.591;20369476.913;22099731.063;24090971.424;24339674.622;
2134;518620;24301476.446;20743103.558;20741443.133;22313266.803;22834650.330;20369620.370;22099284.941;24091521.852;24340339.741;
2134;518621;24300842.412;20742824.029;20741718.818;22312836.242;22834154.457;20369764.904;22098838.800;24092074.116;24341000.025;
2134;518622;24300204.589;20742547.818;20741994.318;22312402.796;22833654.515;20369909.814;22098391.172;24092625.647;24341665.499;
2134;518623;24299568.831;20742267.503;20742269.408;22311970.934;22833157.994;20370053.794;22097943.953;24093175.451;24342324.816;
2134;518624;24298935.314;20741987.830;20742545.940;22311539.828;22832656.692;20370198.267;22097496.466;24093725.697;24342989.434;
2134;518625;24298298.146;20741708.468;20742823.026;22311107.500;22832160.194;20370341.612;22097050.418;24094278.425;24343652.158;
2134;518626;24297663.703;20741430.272;20743099.089;22310675.521;22831660.370;20370488.005;22096606.296;24094827.428;24344312.915;
2134;518627;24297025.806;20741153.923;20743374.465;22310246.780;22831163.350;20370630.945;22096158.998;24095378.938;24344975.061;
2134;518628;24296390.387;20740873.574;20743650.614;22309814.422;22830663.767;20370775.880;22095709.826;24095931.073;24345639.449;
2134;518629;24295757.606;20740595.197;20743928.232;22309382.254;22830165.989;20370918.981;22095264.966;24096481.015;24346302.448;
2134;518630;24295117.578;20740316.272;20744203.825;22308952.694;22829665.018;20371065.678;22094816.832;24097031.357;24346963.622;
2134;518631;24294483.448;20740037.678;20744481.694;22308521.006;22829170.361;20371209.693;22094372.202;24097583.979;24347626.112;
2134;518632;24293849.297;20739761.091;20744756.417;22308094.016;22828672.222;20371354.868;22093922.413;24098133.157;24348289.040;
2134;518633;24293212.158;20739484.039;20745034.186;22307660.461;22828173.708;20371500.309;22093479.089;24098684.741;24348952.801;
2134;518634;24292576.095;20739204.093;20745312.348;22307229.548;22827675.803;20371643.954;22093031.331;24099236.719;24349614.978;
2134;518635;24291940.655;20738927.591;20745589.827;22306798.296;22827178.818;20371792.196;22092585.916;24099787.118;24350278.742;
2134;518636;24291304.666;20738649.248;20745864.876;22306368.966;22826681.470;20371936.413;22092139.140;24100337.919;24350938.309;
2134;518637;24290670.228;20738371.098;20746144.148;22305938.754;22826184.688;20372084.570;22091691.634;24100889.430;24351602.280;
2134;518638;24290035.814;20738093.306;20746421.354;22305506.810;22825686.307;20372228.137;22091247.948;24101440.199;24352266.345;
2134;518639;24289397.815;20737815.895;20746698.941;22305076.541;22825190.702;20372374.040;22090798.680;24101990.673;24352927.189;
2134;518640;24288763.700;20737540.140;20746978.627;22304644.263;22824691.064;20372520.628;22090353.650;24102542.347;24353591.108;
2134;518641;24288128.060;20737262.862;20747255.194;22304214.880;22824194.602;20372665.899;22089909.138;24103093.448;24354252.039;
2134;518642;24287492.606;20736987.253;20747533.252;22303785.670;22823696.962;20372813.422;22089463.849;24103643.937;24354917.872;
2134;518643;24286855.959;20736706.035;20747810.371;22303357.455;22823199.836;20372959.008;22089016.340;24104194.638;24355580.219;
2134;518644;24286220.566;20736428.900;20748088.476;22302925.261;22822702.078;20373104.437;22088569.895;24104748.529;24356241.233;
2134;518645;24285585.208;20736154.002;20748364.058;22302496.088;22822204.151;20373252.185;22088125.529;24105297.664;24356904.334;
2134;518646;24284949.418;20735877.290;20748645.205;22302066.348;22821710.047;20373397.717;22087679.425;24105851.028;24357564.845;
2134;518647;24284315.007;20735601.842;20748923.382;22301638.292;22821214.548;20373545.498;22087232.891;24106400.670;24358229.463;
2134;518648;24283679.718;20735322.676;20749200.828;22301206.744;22820716.040;20373692.210;22086788.680;24106950.830;24358890.695;
2134;518649;24283041.753;20735046.679;20749479.898;22300778.930;22820219.893;20373839.196;22086341.308;24107504.277;24359553.534;
2134;518650;24282405.834;20734772.009;20749758.010;22300348.679;22819723.910;20373982.652;22085895.205;24108054.727;24360217.415;
2134;518651;24281769.782;20734494.960;20750036.159;22299918.155;22819225.238;20374133.945;22085450.437;24108604.886;24360878.665;
2134;518652;24281137.635;20734215.626;20750315.584;22299490.858;22818730.249;20374278.469;22085005.010;24109157.206;24361542.724;
2134;518653;24280499.130;20733940.057;20750593.332;22299058.360;22818234.465;20374425.557;22084560.061;24109708.414;24362206.826;
2134;518654;24279865.758;20733666.464;20750871.520;22298631.387;22817737.914;20374572.461;22084113.009;24110261.820;24362868.405;
2134;518655;24279229.097;20733389.622;20751152.128;22298203.037;22817240.355;20374720.881;22083668.200;24110812.740;24363529.700;
2134;518656;24278591.334;20733112.704;20751433.952;22297771.803;22816744.002;20374869.874;22083223.485;24111363.417;24364192.698;
2134;518657;24277956.986;20732839.601;20751712.716;22297344.049;22816249.764;20375015.528;22082777.581;24111915.824;24364857.696;
2134;518658;24277322.900;20732564.057;20751990.432;22296913.970;22815751.206;20375164.218;22082333.428;24112465.480;24365519.686;
2134;518659;24276687.284;20732285.901;20752269.402;22296486.345;22815257.883;20375312.095;22081888.641;24113016.732;24366182.205;
2134;518660;24276051.228;20732011.257;20752548.849;22296058.762;22814760.704;20375462.191;22081441.968;24113567.385;24366845.997;
2134;518661;24275415.656;20731736.172;20752831.224;22295629.952;22814266.679;20375609.248;22080999.062;24114118.770;24367509.947;
2134;518662;24274778.111;20731460.455;20753108.552;22295200.766;22813770.000;20375757.147;22080550.603;24114669.377;24368172.840;
2134;518663;24274144.076;20731184.413;20753389.021;22294773.457;22813274.605;20375905.279;22080107.084;24115223.261;24368833.380;
2134;518664;24273503.793;20730909.232;20753669.041;22294345.538;22812778.377;20376053.572;22079660.808;24115773.200;24369496.692;
2134;518665;24272870.213;20730632.875;20753949.303;22293914.175;22812283.576;20376202.564;22079215.940;24116323.620;24370159.359;
2134;518666;24272237.500;20730359.184;20754228.760;22293490.698;22811784.296;20376349.995;22078772.135;24116875.624;24370823.009;
2134;518667;24271601.811;20730083.481;20754509.983;22293061.358;22811291.824;20376499.093;22078325.024;24117427.789;24371485.085;
2134;518668;24270966.993;20729809.173;20754790.736;22292632.785;22810795.818;20376646.727;22077883.376;24117979.941;24372147.219;
2134;518669;24270331.225;20729534.156;20755071.738;22292202.945;22810303.448;20376796.250;22077437.404;24118530.628;24372808.519;
2134;518670;24269695.616;20729260.177;20755352.963;22291775.736;22809806.925;20376946.315;22076991.998;24119082.067;24373472.590;
2134;518671;24269058.811;20728986.055;20755630.653;22291349.345;22809312.077;20377094.738;22076547.538;24119633.064;24374138.154;
2134;518672;24268422.675;20728710.244;20755912.066;22290922.012;22808814.331;20377244.964;22076103.681;24120184.744;24374798.585;
2134;518673;24267786.702;20728436.698;20756192.362;22290495.496;22808321.573;20377394.411;22075658.966;24120737.903;24375462.824;
2134;518674;24267151.021;20728163.029;20756473.557;22290066.004;22807827.321;20377544.767;22075215.367;24121288.981;24376124.165;
2134;518675;24266515.573;20727890.343;20756753.871;22289639.152;22807330.378;20377691.730;22074768.553;24121838.322;24376787.686;
2134;518676;24265882.065;20727616.257;20757037.679;22289210.086;22806837.697;20377843.014;22074325.699;24122392.121;24377451.248;
2134;518677;24265247.387;20727340.018;20757316.834;22288784.887;22806342.160;20377991.823;22073880.800;24122942.823;24378113.119;
2134;518678;24264609.268;20727064.967;20757599.273;22288357.866;22805848.760;20378142.202;22073434.882;24123497.566;24378776.492;
2134;518679;24263974.287;20726792.564;20757881.138;22287932.279;22805354.100;20378294.373;22072990.457;24124047.747;24379437.784;
2134;518680;24263341.450;20726520.081;20758162.079;22287504.765;22804859.022;20378443.552;22072546.608;24124597.443;24380103.181;
2134;518681;24262706.819;20726243.098;20758443.714;22287076.900;22804364.451;20378593.547;22072102.209;24125147.885;24380765.160;
2134;518682;24262069.837;20725972.992;20758725.313;22286651.534;22803867.398;20378740.536;22071659.133;24125701.852;24381428.819;
2134;518683;24261436.148;20725697.728;20759007.811;22286226.327;22803373.693;20378893.211;22071215.828;24126251.977;24382090.431;
2134;518684;24260799.567;20725424.390;20759290.435;22285798.144;22802882.027;20379044.591;22070771.190;24126803.626;24382753.834;
2134;518685;24260167.047;20725149.845;20759571.367;22285373.483;22802386.857;20379195.795;22070326.817;24127354.619;24383416.143;
2134;518686;24259530.074;20724876.933;20759852.989;22284945.940;22801890.859;20379344.972;22069881.832;24127907.143;24384079.357;
2134;518687;24258892.928;20724604.867;20760136.524;22284520.828;22801399.470;20379497.703;22069436.840;24128459.167;24384741.424;
2134;518688;24258260.936;20724333.262;20760421.596;22284094.278;22800906.526;20379647.465;22068994.506;24129011.080;24385406.493;
2134;518689;24257622.025;20724057.741;20760700.981;22283668.941;22800413.113;20379798.168;22068549.956;24129562.389;24386067.701;
2134;518690;24256987.638;20723786.194;20760985.434;22283241.129;22799920.051;20379949.020;22068104.799;24130114.469;24386729.918;
2134;518691;24256353.688;20723514.150;20761267.858;22282815.027;22799425.456;20380101.042;22067663.320;24130666.580;24387394.239;
2134;518692;24255717.077;20723241.268;20761550.723;22282390.899;22798930.200;20380251.429;22067220.327;24131217.309;24388055.588;
2134;518693;24255084.359;20722968.342;20761834.370;22281965.070;22798437.066;20380404.499;22066775.639;24131769.025;24388720.634;
2134;518694;24254448.024;20722696.897;20762114.317;22281538.011;22797943.392;20380555.056;22066331.031;24132320.113;24389381.469;
2134;518695;24253812.758;20722425.348;20762397.267;22281113.885;22797452.936;20380707.150;22065885.353;24132873.529;24390047.168;
2134;518696;24253176.931;20722149.489;20762681.609;22280687.889;22796958.431;20380858.138;22065444.122;24133426.974;24390708.591;
2134;518697;24252542.616;20721876.920;20762966.089;22280262.748;22796465.290;20381009.225;22065001.677;24133977.696;24391372.563;
2134;518698;24251906.814;20721607.254;20763248.605;22279836.818;22795973.287;20381162.494;22064558.075;24134529.236;24392034.334;
2134;518699;24251273.419;20721333.730;20763532.481;22279412.313;22795478.795;20381313.635;22064112.940;24135080.184;24392699.081;
2134;518700;24250637.561;20721061.338;20763815.959;22278987.657;22794986.626;20381466.282;22063669.769;24135634.075;24393361.278;
2134;518701;24250001.822;20720789.915;20764098.783;22278558.712;22794491.465;20381619.272;22063228.104;24136184.554;24394023.093;
2134;518702;24249367.746;20720519.603;20764384.081;22278135.930;22794000.273;20381770.840;22062783.615;24136735.539;24394686.292;
2134;518703;24248731.462;20720246.747;20764666.063;22277711.139;22793506.854;20381923.865;22062339.831;24137287.441;24395348.795;
2134;518704;24248096.491;20719974.008;20764950.789;22277286.726;22793013.798;20382075.111;22061894.956;24137839.773;24396012.977;
2134;518705;24247460.046;20719704.840;20765234.955;22276862.531;22792521.111;20382228.831;22061453.257;24138390.620;24396676.800;
2134;518706;24246826.405;20719433.159;20765517.357;22276436.949;22792029.395;20382382.253;22061010.704;24138942.030;24397338.734;
2134;518707;24246190.828;20719162.240;20765803.409;22276012.106;22791537.856;20382534.826;22060568.197;24139497.155;24398002.685;
2134;518708;24245555.473;20718890.406;20766088.671;22275589.333;22791044.398;20382686.725;22060122.929;24140049.419;24398664.285;
2134;518709;24244920.350;20718617.945;20766371.162;22275161.275;22790553.364;20382842.071;22059680.815;24140598.991;24399327.890;
2134;518710;24244285.676;20718349.556;20766657.429;22274738.246;22790059.911;20382993.566;22059237.992;24141150.714;24399989.632;
2134;518711;24243651.908;20718078.875;20766940.960;22274312.107;22789567.937;20383148.766;22058793.872;24141702.412;24400652.283;
2134;518712;24243015.577;20717807.261;20767227.312;22273888.989;22789075.953;20383299.437;22058351.458;24142255.853;24401317.323;
2134;518713;24242379.663;20717534.624;20767513.255;22273464.020;22788583.416;20383455.730;22057907.884;24142806.815;24401979.064;
2134;518714;24241746.450;20717262.685;20767796.955;22273039.978;22788090.757;20383610.439;22057466.204;24143358.272;24402643.539;
2134;518715;24241108.102;20716995.234;20768082.170;22272617.707;22787599.212;20383760.197;22057023.325;24143910.944;24403306.030;
2134;518716;24240473.908;20716723.054;20768364.654;22272192.542;22787106.891;20383916.339;22056580.812;24144463.366;24403966.545;
2134;518717;24239837.756;20716454.119;20768652.775;22271769.616;22786617.864;20384068.828;22056138.440;24145015.314;24404633.513;
2134;518718;24239202.133;20716182.738;20768937.710;22271344.156;22786123.851;20384222.601;22055693.851;24145566.941;24405295.489;
2134;518719;24238570.557;20715911.964;20769221.385;22270920.667;22785633.498;20384377.780;22055251.220;24146119.520;24405956.329;
2134;518720;24237934.662;20715642.969;20769507.787;22270497.893;22785141.453;20384530.191;22054808.170;24146671.568;24406623.434;
2134;518721;24237300.483;20715371.952;20769793.534;22270074.023;22784649.010;20384686.202;22054366.507;24147222.784;24407284.982;
2134;518722;24236664.527;20715101.534;20770080.161;22269650.942;22784157.783;20384841.254;22053923.512;24147774.005;24407946.990;
2134;518723;24236030.421;20714832.550;20770365.468;22269227.089;22783668.167;20384995.375;22053480.692;24148327.438;24408611.363;
2134;518724;24235395.257;20714563.708;20770649.171;22268804.615;22783177.692;20385148.089;22053038.758;24148880.519;24409273.141;
2134;518725;24234760.367;20714293.709;20770936.807;22268379.895;22782683.798;20385302.984;22052595.887;24149432.717;24409937.208;
2134;518726;24234125.853;20714023.373;20771225.694;22267957.048;22782193.811;20385460.757;22052155.924;24149984.234;24410600.488;
2134;518727;24233490.804;20713754.429;20771508.948;22267534.425;22781701.371;20385614.326;22051712.978;24150535.808;24411261.620;
2134;518728;24232854.416;20713485.523;20771795.558;22267110.848;22781211.621;20385769.562;22051269.151;24151087.867;24411924.212;
2134;518729;24232220.037;20713215.521;20772083.771;22266689.853;22780722.251;20385926.409;22050827.820;24151638.326;24412589.408;
2134;518730;24231585.378;20712946.215;20772371.711;22266266.629;22780228.575;20386079.647;22050385.703;24152192.161;24413252.182;
2134;518731;24230949.472;20712677.676;20772656.030;22265843.400;22779740.011;20386237.886;22049944.611;24152744.796;24413915.979;
2134;518732;24230315.945;20712407.751;20772943.488;22265421.804;22779250.846;20386391.725;22049500.405;24153297.302;24414578.033;
2134;518733;24229680.828;20712139.406;20773227.847;22264999.094;22778756.569;20386546.491;22049059.224;24153849.510;24415239.582;
2134;518734;24229046.507;20711870.061;20773517.990;22264576.025;22778268.600;20386702.885;22048619.734;24154400.100;24415904.829;
2134;518735;24228410.651;20711603.449;20773803.293;22264152.581;22777777.519;20386858.868;22048173.937;24154953.192;24416569.477;
2134;518736;24227776.579;20711332.065;20774091.528;22263730.767;22777286.730;20387016.516;22047732.590;24155506.775;24417230.623;
2134;518737;24227142.924;20711064.182;20774378.067;22263308.457;22776797.206;20387168.650;22047293.636;24156057.526;24417892.494;
2134;518738;24226507.493;20710795.092;20774665.940;22262886.159;22776306.151;20387328.515;22046848.619;24156610.156;24418558.068;
2134;518739;24225873.695;20710527.099;20774953.793;22262466.101;22775816.108;20387485.229;22046407.549;24157160.787;24419220.594;
2134;518740;24225239.594;20710260.096;20775241.526;22262042.851;22775327.471;20387639.623;22045965.647;24157715.480;24419883.325;
2134;518741;24224604.221;20709991.540;20775527.912;22261621.875;22774836.097;20387795.532;22045525.300;24158265.343;24420547.254;
2134;518742;24223969.288;20709723.978;20775814.660;22261200.943;22774345.857;20387952.738;22045082.607;24158818.489;24421209.835;
2134;518743;24223335.427;20709453.429;20776103.312;22260777.914;22773856.229;20388109.374;22044641.780;24159369.287;24421874.982;
2134;518744;24222700.926;20709187.008;20776390.338;22260357.821;22773367.545;20388264.997;22044199.166;24159922.219;24422534.557;
2134;518745;24222065.443;20708918.635;20776679.736;22259936.721;22772877.644;20388423.466;22043757.254;24160474.614;24423199.541;
2134;518746;24221431.905;20708651.393;20776966.692;22259513.312;22772385.454;20388580.070;22043316.709;24161028.157;24423863.879;
2134;518747;24220796.294;20708384.593;20777255.275;22259093.058;22771896.829;20388736.956;22042875.112;24161579.558;24424526.715;
2134;518748;24220162.254;20708115.938;20777544.144;22258673.333;22771407.113;20388893.418;22042433.453;24162132.393;24425187.921;
2134;518749;24219528.622;20707849.103;20777830.663;22258252.426;22770918.578;20389051.303;22041991.551;24162683.951;24425850.710;
2134;518750;24218892.863;20707581.111;20778118.817;22257830.350;22770428.961;20389209.901;22041551.157;24163237.649;24426513.316;
2134;518751;24218259.380;20707313.883;20778409.755;22257407.799;22769938.862;20389366.509;22041109.040;24163788.915;24427177.181;
2134;518752;24217624.606;20707045.780;20778698.479;22256988.389;22769451.958;20389523.996;22040669.385;24164343.586;24427842.579;
2134;518753;24216990.631;20706778.694;20778987.036;22256568.915;22768962.998;20389681.620;22040228.673;24164895.541;24428504.019;
2134;518754;24216357.434;20706511.730;20779275.984;22256147.016;22768473.817;20389841.089;22039785.895;24165448.336;24429169.538;
2134;518755;24215718.593;20706246.029;20779564.626;22255726.977;22767985.599;20389996.760;22039344.394;24165998.709;24429831.425;
2134;518756;24215086.472;20705978.708;20779856.287;22255305.722;22767494.245;20390155.553;22038905.467;24166552.972;24430492.869;
2134;518757;24214450.226;20705711.068;20780144.450;22254886.669;22767006.455;20390312.456;22038461.940;24167105.470;24431157.059;
2134;518758;24213817.090;20705445.335;20780432.501;22254465.980;22766517.806;20390471.234;22038022.030;24167655.883;24431820.412;
2134;518759;24213181.608;20705179.295;20780721.224;22254045.592;22766027.907;20390629.197;22037580.368;24168210.485;24432484.486;
2134;518760;24212547.597;20704913.011;20781013.429;22253624.929;22765542.074;20390789.562;22037140.080;24168762.223;24433146.604;
2134;518761;24211912.035;20704646.910;20781302.338;22253204.177;22765050.357;20390947.758;22036699.565;24169314.999;24433809.738;
2134;518762;24211277.229;20704380.650;20781591.170;22252784.762;22764563.125;20391105.951;22036258.599;24169865.337;24434471.922;
2134;518763;24210643.943;20704113.066;20781881.978;22252365.369;22764074.671;20391265.740;22035816.579;24170417.667;24435136.634;
2134;518764;24210008.338;20703846.304;20782171.382;22251947.753;22763588.153;20391422.780;22035375.905;24170971.733;24435799.949;
2134;518765;24209375.673;20703582.074;20782460.793;22251525.171;22763096.669;20391580.780;22034936.804;24171522.138;24436463.048;
2134;518766;24208740.943;20703313.624;20782750.724;22251107.538;22762609.547;20391739.687;22034495.023;24172075.772;24437125.619;
2134;518767;24208106.157;20703050.692;20783041.159;22250686.000;22762120.938;20391899.853;22034053.347;24172629.458;24437790.124;
2134;518768;24207471.870;20702782.162;20783331.609;22250266.498;22761635.572;20392057.479;22033614.542;24173181.349;24438452.510;
2134;518769;24206834.643;20702516.980;20783620.130;22249847.517;22761145.607;20392217.769;22033175.092;24173732.760;24439116.622;
2134;518770;24206202.783;20702252.909;20783913.447;22249428.874;22760659.260;20392378.442;22032734.612;24174287.243;24439778.976;
2134;518771;24205568.049;20701986.759;20784201.754;22249008.902;22760170.494;20392538.532;22032292.558;24174839.277;24440442.825;
2134;518772;24204934.053;20701721.886;20784494.058;22248589.181;22759681.754;20392698.914;22031853.460;24175391.829;24441107.317;
2134;518773;24204299.860;20701456.220;20784785.551;22248171.350;22759194.155;20392859.157;22031410.604;24175943.411;24441768.903;
2134;518774;24203664.453;20701192.190;20785074.430;22247750.245;22758710.195;20393019.574;22030971.954;24176496.287;24442431.237;
2134;518775;24203028.508;20700927.639;20785365.923;22247331.846;22758220.959;20393178.072;22030532.905;24177052.223;24443098.088;
2134;518776;24202395.274;20700660.891;20785657.051;22246914.075;22757731.392;20393337.580;22030092.494;24177602.502;24443760.594;
2134;518777;24201760.049;20700396.575;20785949.787;22246497.377;22757245.225;20393499.205;22029651.653;24178156.180;24444422.430;
2134;518778;24201125.732;20700132.434;20786241.409;22246075.409;22756759.439;20393658.561;22029211.610;24178708.487;24445085.445;
2134;518779;24200492.963;20699867.510;20786531.835;22245656.945;22756270.509;20393817.894;22028770.794;24179259.258;24445748.593;
2134;518780;24199858.790;20699601.529;20786821.731;22245238.477;22755782.930;20393980.871;22028329.988;24179812.876;24446413.754;
2134;518781;24199224.137;20699337.991;20787113.386;22244820.442;22755298.049;20394141.017;22027892.240;24180366.238;24447076.200;
2134;518782;24198589.844;20699073.583;20787405.833;22244402.211;22754808.189;20394301.107;22027450.163;24180917.423;24447737.662;
2134;518783;24197957.558;20698808.343;20787698.354;22243984.693;22754323.667;20394462.950;22027012.120;24181471.867;24448400.910;
2134;518784;24197321.375;20698544.967;20787988.701;22243567.163;22753835.931;20394622.959;22026571.129;24182025.516;24449065.474;
2134;518785;24196688.634;20698280.734;20788281.338;22243148.017;22753348.601;20394784.334;22026131.339;24182577.606;24449730.199;
2134;518786;24196053.585;20698016.660;20788574.590;22242729.259;22752864.422;20394946.632;22025691.164;24183131.397;24450392.499;
2134;518787;24195420.395;20697753.626;20788866.305;22242311.407;22752375.967;20395106.197;22025252.561;24183681.977;24451055.667;
2134;518788;24194784.751;20697488.267;20789159.612;22241893.113;22751890.370;20395267.892;22024811.540;24184236.684;24451718.785;
2134;518789;24194151.250;20697224.170;20789450.687;22241474.027;22751403.605;20395430.973;22024372.135;24184787.262;24452384.160;
2134;518790;24193518.634;20696962.018;20789742.227;22241056.555;22750917.613;20395590.506;22023932.817;24185339.844;24453045.872;
2134;518791;24192884.039;20696698.599;20790035.986;22240638.755;22750429.985;20395753.311;22023494.907;24185892.145;24453708.958;
2134;518792;24192251.371;20696435.121;20790330.136;22240222.120;22749944.280;20395914.974;22023053.400;24186446.300;24454371.466;
2134;518793;24191618.024;20696170.685;20790621.057;22239803.396;22749458.393;20396077.731;22022615.522;24186998.824;24455035.364;
2134;518794;24190982.313;20695909.518;20790913.730;22239388.336;22748972.125;20396241.056;22022173.781;24187552.943;24455698.188;
2134;518795;24190347.087;20695644.178;20791207.061;22238970.705;22748485.629;20396400.639;22021737.920;24188104.814;24456360.220;
2134;518796;24189713.440;20695381.874;20791498.367;22238552.643;22748001.619;20396562.340;22021297.558;24188658.284;24457025.784;
2134;518797;24189079.002;20695116.765;20791792.981;22238135.930;22747515.898;20396725.771;22020857.680;24189210.466;24457689.528;
2134;518798;24188444.561;20694852.338;20792084.498;22237718.715;22747026.966;20396888.564;22020419.037;24189763.103;24458352.525;
2134;518799;24187811.642;20694592.387;20792378.180;22237301.114;22746540.828;20397049.554;22019979.611;24190316.773;24459014.130;
2134;518800;24187178.390;20694329.116;20792673.597;22236884.385;22746057.298;20397214.080;22019541.450;24190868.948;24459678.146;
2134;518801;24186543.588;20694067.229;20792966.035;22236467.486;22745571.741;20397375.862;22019099.836;24191422.416;24460342.944;
2134;518802;24185909.437;20693806.735;20793261.069;22236050.601;22745085.140;20397538.257;22018660.957;24191975.955;24461003.996;
2134;518803;24185275.285;20693542.850;20793554.413;22235632.389;22744599.857;20397701.374;22018224.134;24192527.250;24461668.319;
2134;518804;24184640.104;20693279.198;20793849.354;22235217.494;22744115.614;20397865.036;22017785.034;24193081.125;24462333.018;
2134;518805;24184009.064;20693016.681;20794142.150;22234801.567;22743629.705;20398028.429;22017344.778;24193632.741;24462996.395;
2134;518806;24183374.206;20692756.689;20794436.769;22234385.676;22743145.259;20398191.153;22016905.536;24194187.026;24463660.391;
2134;518807;24182739.717;20692490.649;20794731.786;22233968.544;22742659.301;20398354.507;22016468.166;24194738.234;24464322.522;
2134;518808;24182105.991;20692230.986;20795025.113;22233553.489;22742176.662;20398520.381;22016031.399;24195292.652;24464985.725;
2134;518809;24181471.728;20691968.437;20795319.992;22233137.941;22741691.356;20398682.922;22015588.989;24195845.747;24465648.620;
2134;518810;24180837.277;20691708.186;20795611.830;22232721.102;22741204.453;20398845.434;22015149.659;24196398.952;24466311.176;
2134;518811;24180202.262;20691445.264;20795909.851;22232305.968;22740720.258;20399010.200;22014712.132;24196952.763;24466975.650;
2134;518812;24179568.530;20691182.709;20796202.417;22231890.237;22740236.246;20399171.431;22014272.801;24197504.478;24467638.680;
2134;518813;24178936.850;20690923.897;20796495.671;22231475.945;22739750.595;20399337.284;22013835.689;24198058.288;24468303.318;
2134;518814;24178299.881;20690659.907;20796792.722;22231057.926;22739266.643;20399503.074;22013396.943;24198612.196;24468967.513;
2134;518815;24177666.282;20690400.668;20797086.859;22230644.536;22738781.803;20399666.288;22012958.058;24199164.686;24469630.999;
2134;518816;24177034.250;20690139.118;20797380.424;22230228.209;22738296.724;20399831.919;22012517.859;24199716.689;24470293.146;
2134;518817;24176399.568;20689876.871;20797675.502;22229813.063;22737813.771;20399996.392;22012081.552;24200270.628;24470957.184;
2134;518818;24175765.668;20689616.713;20797971.070;22229397.838;22737328.628;20400161.036;22011642.029;24200824.277;24471618.764;
2134;518819;24175131.307;20689353.616;20798266.809;22228981.216;22736844.629;20400324.452;22011205.312;24201375.244;24472284.209;
2134;518820;24174497.981;20689093.488;20798563.134;22228567.409;22736357.791;20400487.941;22010765.387;24201929.682;24472947.071;
2134;518821;24173863.688;20688832.248;20798857.150;22228152.879;22735877.377;20400652.762;22010327.717;24202482.257;24473609.873;
2134;518822;24173230.158;20688572.424;20799153.068;22227736.989;22735391.921;20400819.062;22009889.539;24203035.675;24474273.470;
2134;518823;24172594.915;20688310.639;20799448.538;22227323.489;22734908.652;20400984.440;22009451.902;24203590.931;24474936.278;
2134;518824;24171963.214;20688051.227;20799745.217;22226906.584;22734425.309;20401147.182;22009013.629;24204141.275;24475601.103;
2134;518825;24171328.713;20687789.828;20800039.159;22226493.293;22733940.552;20401315.031;22008576.004;24204694.897;24476264.602;
2134;518826;24170697.140;20687530.862;20800337.496;22226078.694;22733457.717;20401478.235;22008136.302;24205248.637;24476927.562;
2134;518827;24170061.792;20687269.372;20800632.890;22225664.986;22732972.377;20401644.954;22007701.520;24205801.291;24477589.827;
2134;518828;24169429.036;20687009.905;20800929.019;22225251.138;22732489.967;20401811.388;22007261.373;24206354.490;24478254.435;
2134;518829;24168794.461;20686749.233;20801225.186;22224837.015;22732006.390;20401975.757;22006822.022;24206906.922;24478917.563;
2134;518830;24168160.874;20686490.582;20801522.555;22224421.153;22731522.066;20402141.291;22006386.454;24207460.488;24479580.347;
2134;518831;24167527.319;20686230.521;20801818.207;22224007.603;22731039.179;20402306.329;22005948.525;24208016.392;24480243.277;
2134;518832;24166891.991;20685969.506;20802114.802;22223593.832;22730556.239;20402473.538;22005508.734;24208568.640;24480907.390;
2134;518833;24166261.278;20685709.345;20802413.142;22223178.611;22730073.788;20402639.480;22005071.509;24209121.242;24481572.200;
2134;518834;24165626.727;20685449.949;20802707.584;22222765.815;22729591.606;20402806.151;22004634.843;24209676.332;24482234.788;
2134;518835;24164992.490;20685190.456;20803006.434;22222352.227;22729107.479;20402973.016;22004196.634;24210226.678;24482895.897;
2134;518836;24164359.431;20684931.720;20803301.889;22221939.827;22728623.197;20403139.365;22003758.082;24210780.470;24483561.006;
2134;518837;24163727.029;20684672.200;20803597.797;22221524.136;22728142.065;20403305.581;22003322.641;24211334.443;24484226.725;
2134;518838;24163094.034;20684413.635;20803896.695;22221111.332;22727659.502;20403472.215;22002884.216;24211890.435;24484888.039;
2134;518839;24162459.868;20684155.155;20804193.549;22220698.182;22727176.060;20403639.127;22002447.983;24212442.175;24485552.853;
2134;518840;24161825.814;20683893.941;20804490.334;22220283.428;22726693.685;20403804.555;22002008.367;24212994.905;24486214.590;
2134;518841;24161191.923;20683635.073;20804787.822;22219870.613;22726211.512;20403974.825;22001571.966;24213547.005;24486876.423;
2134;518842;24160560.222;20683376.059;20805084.438;22219457.361;22725729.661;20404140.599;22001135.146;24214101.484;24487540.989;
2134;518843;24159927.139;20683117.871;20805382.767;22219044.647;22725245.905;20404305.981;22000697.039;24214652.432;24488203.634;
2134;518844;24159293.993;20682858.780;20805680.846;22218631.875;22724764.060;20404475.132;22000262.613;24215208.711;24488869.692;
2134;518845;24158660.393;20682599.503;20805978.084;22218218.331;22724282.065;20404640.573;21999823.689;24215761.272;24489532.406;
2134;518846;24158027.193;20682342.766;20806277.243;22217804.906;22723800.266;20404808.591;21999384.147;24216312.826;24490195.609;
2134;518847;24157393.979;20682084.608;20806574.788;22217391.638;22723317.496;20404976.753;21998949.786;24216867.843;24490859.259;
2134;518848;24156758.885;20681825.772;20806871.039;22216980.822;22722835.103;20405145.326;21998514.316;24217420.244;24491522.442;
2134;518849;24156125.145;20681568.328;20807170.053;22216567.662;22722352.870;20405312.141;21998075.696;24217975.198;24492185.676;
2134;518850;24155492.191;20681308.696;20807469.629;22216155.885;22721869.530;20405480.431;21997638.464;24218528.553;24492850.996;
2134;518851;24154858.760;20681051.775;20807769.634;22215743.877;22721388.632;20405648.886;21997201.149;24219082.772;24493513.581;
2134;518852;24154226.511;20680793.860;20808067.502;22215330.543;22720906.055;20405817.362;21996763.024;24219636.362;24494177.512;
2134;518853;24153594.737;20680534.562;20808365.792;22214916.967;22720426.950;20405984.952;21996326.084;24220188.123;24494839.378;
2134;518854;24152961.770;20680278.052;20808663.471;22214503.982;22719942.625;20406153.501;21995891.611;24220743.803;24495501.699;
2134;518855;24152327.675;20680019.353;20808963.452;22214092.763;22719460.748;20406320.606;21995454.140;24221296.202;24496168.626;
2134;518856;24151692.633;20679762.664;20809262.245;22213681.472;22718982.300;20406490.652;21995017.235;24221850.917;24496830.008;
2134;518857;24151056.764;20679503.473;20809559.277;22213268.822;22718499.078;20406658.315;21994579.415;24222401.222;24497494.314;
2134;518858;24150426.270;20679246.735;20809860.627;22212857.102;22718018.855;20406829.333;21994143.346;24222956.754;24498157.784;
2134;518859;24149792.599;20678991.758;20810158.146;22212444.978;22717536.063;20406995.193;21993708.307;24223510.837;24498819.495;
2134;518860;24149160.206;20678731.893;20810455.718;22212034.807;22717057.820;20407165.260;21993270.181;24224063.931;24499484.629;
2134;518861;24148525.481;20678477.557;20810757.281;22211620.827;22716576.039;20407332.740;21992833.654;24224617.759;24500145.172;
2134;518862;24147892.944;20678220.597;20811056.159;22211208.999;22716095.162;20407503.594;21992396.487;24225170.613;24500809.348;
2134;518863;24147259.504;20677962.798;20811356.794;22210797.796;22715611.691;20407671.318;21991963.453;24225723.701;24501474.481;
2134;518864;24146626.645;20677706.949;20811654.655;22210388.121;22715133.800;20407842.836;21991525.632;24226276.884;24502139.251;
2134;518865;24145993.449;20677447.891;20811954.209;22209976.775;22714651.551;20408012.274;21991087.986;24226831.210;24502799.022;
2134;518866;24145357.384;20677192.130;20812254.151;22209563.471;22714172.604;20408181.179;21990652.004;24227384.695;24503464.935;
2134;518867;24144724.164;20676935.194;20812554.190;22209153.027;22713690.862;20408351.635;21990215.032;24227937.202;24504129.451;
2134;518868;24144092.190;20676679.054;20812858.406;22208741.670;22713210.043;20408517.815;21989781.534;24228492.798;24504793.127;
2134;518869;24143458.556;20676423.541;20813156.016;22208329.898;22712729.391;20408690.748;21989344.626;24229044.062;24505456.086;
2134;518870;24142828.385;20676166.227;20813455.389;22207920.387;22712249.020;20408859.979;21988906.980;24229597.558;24506117.799;
2134;518871;24142193.365;20675911.078;20813756.551;22207510.254;22711770.740;20409029.493;21988471.868;24230153.184;24506782.736;
2134;518872;24141558.801;20675654.145;20814057.144;22207097.889;22711291.061;20409201.218;21988036.207;24230707.140;24507445.010;
2134;518873;24140926.479;20675397.920;20814356.890;22206688.698;22710809.016;20409370.647;21987600.494;24231259.977;24508108.598;
2134;518874;24140292.713;20675141.717;20814658.021;22206277.527;22710328.049;20409542.615;21987162.950;24231814.308;24508772.579;
2134;518875;24139660.837;20674886.954;20814959.455;22205867.446;22709849.767;20409710.203;21986727.496;24232365.618;24509434.788;
2134;518876;24139027.560;20674629.472;20815259.121;22205459.061;22709369.095;20409882.596;21986292.495;24232922.008;24510100.070;
2134;518877;24138394.080;20674374.990;20815561.084;22205045.426;22708890.903;20410052.256;21985857.076;24233474.250;24510763.555;
2134;518878;24137762.797;20674119.376;20815860.980;22204636.482;22708410.209;20410222.275;21985422.348;24234027.824;24511426.600;
2134;518879;24137127.291;20673864.481;20816163.250;22204225.659;22707930.070;20410394.572;21984984.830;24234583.498;24512090.251;
2134;518880;24136497.107;20673608.543;20816464.137;22203817.859;22707450.277;20410564.794;21984547.770;24235136.444;24512753.383;
2134;518881;24135863.600;20673353.561;20816764.954;22203407.391;22706970.936;20410736.563;21984114.308;24235688.415;24513418.768;
2134;518882;24135228.627;20673097.531;20817067.632;22202997.857;22706491.337;20410907.748;21983676.916;24236244.197;24514079.253;
2134;518883;24134595.100;20672842.326;20817369.835;22202588.812;22706011.899;20411078.332;21983242.292;24236797.864;24514744.103;
2134;518884;24133964.662;20672588.150;20817670.003;22202177.714;22705534.196;20411250.514;21982806.161;24237351.257;24515409.222;
2134;518885;24133331.053;20672333.570;20817972.369;22201769.935;22705052.737;20411423.202;21982373.115;24237906.239;24516071.051;
2134;518886;24132698.581;20672078.491;20818273.976;22201359.714;22704574.679;20411593.257;21981935.287;24238461.522;24516734.077;
2134;518887;24132065.789;20671822.481;20818575.682;22200948.627;22704094.892;20411765.884;21981502.451;24239011.599;24517399.258;
2134;518888;24131433.023;20671569.753;20818877.355;22200541.931;22703617.638;20411935.280;21981065.725;24239566.946;24518061.216;
2134;518889;24130799.837;20671314.666;20819178.794;22200133.445;22703138.953;20412109.739;21980629.465;24240121.177;24518726.670;
2134;518890;24130170.323;20671060.760;20819481.465;22199722.760;22702658.337;20412282.669;21980195.416;24240674.878;24519386.703;
2134;518891;24129533.658;20670804.716;20819782.900;22199314.121;22702179.764;20412453.165;21979760.243;24241228.405;24520053.691;
2134;518892;24128902.997;20670553.035;20820087.471;22198905.905;22701702.049;20412626.645;21979323.627;24241784.174;24520715.542;
2134;518893;24128270.009;20670297.355;20820386.706;22198497.094;22701222.675;20412799.767;21978890.353;24242334.482;24521379.829;
2134;518894;24127636.341;20670041.484;20820690.488;22198089.112;22700743.112;20412969.582;21978453.433;24242889.460;24522041.637;
2134;518895;24127005.083;20669789.432;20820994.079;22197679.618;22700265.493;20413143.271;21978020.776;24243442.168;24522706.825;
2134;518896;24126372.352;20669536.154;20821296.930;22197272.463;22699785.816;20413314.471;21977583.485;24243998.599;24523368.915;
2134;518897;24125738.379;20669280.238;20821599.507;22196862.501;22699308.345;20413489.209;21977148.341;24244551.938;24524032.658;
2134;518898;24125108.077;20669027.542;20821903.484;22196456.961;22698831.609;20413661.379;21976714.898;24245105.484;24524696.227;
2134;518899;24124473.821;20668775.213;20822205.870;22196046.387;22698353.377;20413834.157;21976279.758;24245659.880;24525359.975;
2134;518900;24123841.327;20668521.100;20822508.648;22195640.429;22697874.260;20414006.880;21975846.902;24246213.690;24526024.505;
2134;518901;24123208.614;20668267.115;20822811.818;22195227.968;22697395.990;20414182.457;21975409.722;24246767.851;24526686.725;
2134;518902;24122575.453;20668014.673;20823113.972;22194821.077;22696918.336;20414353.589;21974975.444;24247320.710;24527351.106;
2134;518903;24121943.607;20667761.680;20823419.949;22194414.620;22696440.889;20414527.730;21974539.865;24247874.708;24528012.863;
2134;518904;24121311.321;20667506.921;20823721.807;22194005.792;22695963.606;20414701.641;21974107.507;24248428.078;24528679.350;
2134;518905;24120678.927;20667254.760;20824026.764;22193597.861;22695485.104;20414875.137;21973671.410;24248984.454;24529341.275;
2134;518906;24120044.575;20667002.212;20824328.857;22193192.255;22695007.357;20415048.335;21973237.093;24249539.880;24530006.382;
2134;518907;24119411.783;20666748.473;20824631.972;22192782.274;22694529.612;20415222.627;21972801.866;24250091.519;24530668.645;
2134;518908;24118780.303;20666497.380;20824936.341;22192375.918;22694052.213;20415396.611;21972370.112;24250645.308;24531329.854;
2134;518909;24118145.534;20666244.018;20825240.792;22191968.822;22693574.458;20415569.162;21971934.385;24251197.996;24531995.864;
2134;518910;24117513.391;20665993.167;20825546.397;22191561.622;22693099.265;20415744.231;21971500.217;24251753.651;24532658.490;
2134;518911;24116880.283;20665738.556;20825849.639;22191153.450;22692620.993;20415918.183;21971065.461;24252307.269;24533323.424;
2134;518912;24116249.092;20665487.704;20826154.427;22190748.060;22692140.765;20416091.575;21970630.696;24252862.273;24533988.739;
2134;518913;24115616.210;20665234.697;20826457.022;22190339.198;22691665.518;20416266.097;21970196.710;24253413.582;24534647.398;
2134;518914;24114985.263;20664983.941;20826763.550;22189931.663;22691188.598;20416442.041;21969761.653;24253969.024;24535313.648;
2134;518915;24114352.706;20664730.655;20827064.989;22189527.432;22690711.989;20416615.562;21969329.596;24254525.082;24535977.872;
2134;518916;24113721.417;20664478.719;20827370.753;22189118.054;22690236.183;20416792.360;21968893.309;24255078.949;24536639.948;
2134;518917;24113084.787;20664226.064;20827677.703;22188710.802;22689758.278;20416966.233;21968462.786;24255632.675;24537304.379;
2134;518918;24112453.818;20663974.811;20827981.122;22188307.697;22689282.812;20417142.855;21968027.284;24256185.655;24537967.514;
2134;518919;24111819.671;20663722.250;20828286.567;22187898.455;22688803.301;20417317.388;21967591.805;24256739.622;24538629.482;
2134;518920;24111188.946;20663472.271;20828588.944;22187491.979;22688330.229;20417492.754;21967160.936;24257295.406;24539294.448;
2134;518921;24110553.951;20663219.665;20828896.450;22187085.315;22687852.128;20417668.740;21966725.578;24257848.550;24539956.375;
2134;518922;24109922.856;20662967.959;20829201.968;22186678.944;22687376.155;20417841.815;21966291.582;24258402.952;24540620.429;
2134;518923;24109292.224;20662717.567;20829507.278;22186271.608;22686900.575;20418019.400;21965857.452;24258958.074;24541284.948;
2134;518924;24108658.360;20662466.689;20829813.552;22185867.113;22686424.087;20418193.487;21965423.487;24259512.541;24541946.658;
2134;518925;24108026.634;20662215.764;20830117.749;22185460.385;22685947.310;20418372.046;21964990.472;24260065.175;24542613.875;
2134;518926;24107395.071;20661964.603;20830425.038;22185054.381;22685470.553;20418545.235;21964557.544;24260620.985;24543275.523;
2134;518927;24106761.591;20661712.475;20830731.322;22184648.286;22684996.156;20418720.520;21964122.772;24261173.974;24543939.255;
2134;518928;24106128.748;20661460.488;20831036.314;22184242.842;22684519.737;20418897.102;21963690.431;24261726.709;24544601.525;
2134;518929;24105496.911;20661210.759;20831343.230;22183837.121;22684044.189;20419073.744;21963255.470;24262283.834;24545264.722;
2134;518930;24104864.558;20660960.688;20831647.592;22183432.788;22683567.633;20419249.519;21962822.922;24262837.997;24545928.781;
2134;518931;24104231.947;20660709.170;20831955.696;22183024.293;22683092.586;20419427.043;21962387.587;24263390.914;24546592.754;
2134;518932;24103601.477;20660458.731;20832261.214;22182620.024;22682618.542;20419602.900;21961957.444;24263943.796;24547257.523;
2134;518933;24102967.542;20660209.664;20832569.235;22182214.664;22682141.037;20419779.728;21961521.292;24264499.940;24547919.402;
2134;518934;24102336.619;20659958.769;20832872.363;22181808.071;22681665.768;20419954.062;21961087.824;24265054.251;24548583.619;
2134;518935;24101703.635;20659706.691;20833178.878;22181403.002;22681190.640;20420132.550;21960656.592;24265608.474;24549246.919;
2134;518936;24101071.959;20659458.319;20833485.167;22180998.925;22680714.656;20420308.888;21960221.018;24266161.427;24549911.182;
2134;518937;24100439.517;20659207.219;20833792.948;22180595.062;22680239.957;20420485.744;21959789.359;24266715.107;24550574.043;
2134;518938;24099808.308;20658958.070;20834099.127;22180189.730;22679767.707;20420664.008;21959356.320;24267271.430;24551237.622;
2134;518939;24099175.360;20658708.005;20834407.311;22179783.165;22679287.902;20420841.228;21958923.168;24267825.164;24551901.148;
2134;518940;24098547.199;20658459.303;20834711.183;22179379.898;22678814.570;20421018.687;21958490.297;24268379.858;24552563.599;
2134;518941;24097911.035;20658210.363;20835020.610;22178973.974;22678340.089;20421196.776;21958058.328;24268934.770;24553227.060;
2134;518942;24097281.113;20657959.322;20835326.342;22178570.462;22677865.463;20421373.510;21957624.542;24269489.440;24553891.082;
2134;518943;24096647.601;20657708.809;20835636.783;22178165.630;22677390.373;20421550.302;21957190.940;24270044.450;24554554.078;
2134;518944;24096017.298;20657462.912;20835942.933;22177760.374;22676915.875;20421728.511;21956758.655;24270597.987;24555216.620;
2134;518945;24095384.638;20657210.196;20836250.600;22177357.039;22676440.822;20421907.173;21956327.429;24271152.000;24555880.546;
2134;518946;24094753.668;20656961.249;20836557.459;22176953.472;22675966.856;20422085.029;21955893.338;24271706.131;24556545.659;
2134;518947;24094120.876;20656713.205;20836865.596;22176547.819;22675492.461;20422261.443;21955461.147;24272261.417;24557209.431;
2134;518948;24093488.355;20656464.422;20837173.443;22176144.830;22675016.707;20422441.816;21955027.702;24272816.248;24557870.509;
2134;518949;24092857.486;20656218.256;20837481.961;22175740.893;22674542.590;20422619.588;21954595.661;24273368.812;24558535.554;
2134;518950;24092224.442;20655966.538;20837787.962;22175336.453;22674068.819;20422796.762;21954162.542;24273925.011;24559200.421;
2134;518951;24091590.543;20655716.214;20838096.616;22174933.553;22673593.914;20422977.121;21953729.378;24274478.625;24559864.587;
2134;518952;24090961.868;20655470.615;20838404.337;22174530.243;22673120.719;20423153.840;21953295.733;24275032.857;24560526.176;
2134;518953;24090329.519;20655219.650;20838714.579;22174126.642;22672646.350;20423334.429;21952862.606;24275587.069;24561188.140;
2134;518954;24089695.041;20654972.995;20839022.355;22173723.714;22672172.909;20423511.629;21952432.505;24276141.794;24561852.986;
2134;518955;24089064.557;20654723.472;20839331.023;22173320.256;22671699.345;20423691.549;21952000.661;24276696.645;24562517.137;
2134;518956;24088431.963;20654475.463;20839638.220;22172916.381;22671227.164;20423870.513;21951567.018;24277251.540;24563178.922;
2134;518957;24087801.931;20654225.761;20839946.346;22172511.210;22670752.056;20424050.533;21951135.245;24277804.532;24563844.111;
2134;518958;24087168.083;20653978.437;20840255.706;22172110.326;22670275.919;20424228.664;21950701.458;24278360.630;24564506.963;
2134;518959;24086537.249;20653731.009;20840566.949;22171706.437;22669802.528;20424407.617;21950271.193;24278915.736;24565170.562;
2134;518960;24085904.560;20653484.615;20840874.178;22171304.565;22669333.315;20424589.261;21949839.063;24279467.881;24565835.127;
2134;518961;24085273.868;20653234.739;20841183.154;22170901.154;22668859.225;20424766.036;21949408.097;24280022.615;24566498.910;
2134;518962;24084641.856;20652988.840;20841491.237;22170498.514;22668386.024;20424947.097;21948976.250;24280575.934;24567162.678;
2134;518963;24084010.886;20652740.992;20841800.353;22170095.482;22667910.732;20425125.060;21948542.227;24281132.810;24567824.228;
2134;518964;24083379.178;20652493.307;20842107.942;22169693.430;22667437.267;20425304.107;21948111.686;24281688.544;24568488.242;
2134;518965;24082746.613;20652244.456;20842418.928;22169290.515;22666965.277;20425484.700;21947678.896;24282242.335;24569153.509;
2134;518966;24082113.576;20651999.358;20842728.305;22168889.122;22666490.720;20425666.400;21947245.691;24282798.460;24569816.425;
2134;518967;24081482.327;20651751.804;20843039.275;22168486.520;22666019.978;20425845.658;21946813.680;24283352.032;24570479.024;
2134;518968;24080851.781;20651503.066;20843348.279;22168083.716;22665546.901;20426027.023;21946383.110;24283905.689;24571143.771;
2134;518969;24080218.152;20651257.307;20843657.150;22167682.286;22665074.964;20426207.043;21945952.145;24284462.087;24571806.409;
2134;518970;24079587.525;20651010.493;20843967.123;22167279.861;22664601.997;20426386.413;21945517.994;24285013.758;24572469.698;
2134;518971;24078954.111;20650762.866;20844276.627;22166878.218;22664129.849;20426567.871;21945088.659;24285571.646;24573135.350;
2134;518972;24078324.944;20650516.742;20844588.435;22166474.681;22663656.081;20426747.234;21944655.950;24286122.160;24573796.926;
2134;518973;24077691.131;20650270.414;20844898.728;22166074.207;22663183.245;20426927.170;21944225.988;24286680.045;24574458.845;
2134;518974;24077060.896;20650023.264;20845208.071;22165672.862;22662710.561;20427109.170;21943792.926;24287234.016;24575124.352;
2134;518975;24076428.534;20649776.544;20845518.474;22165271.814;22662239.484;20427290.770;21943361.576;24287789.892;24575786.856;
2134;518976;24075796.765;20649530.995;20845829.213;22164869.329;22661765.628;20427471.781;21942931.961;24288342.831;24576451.591;
2134;518977;24075166.062;20649284.888;20846138.131;22164468.686;22661295.386;20427652.894;21942500.205;24288896.879;24577114.627;
2134;518978;24074534.240;20649039.707;20846450.448;22164067.154;22660821.424;20427833.911;21942067.494;24289452.700;24577777.076;
2134;518979;24073902.253;20648793.724;20846760.179;22163665.806;22660349.983;20428016.020;21941636.493;24290010.279;24578441.262;
2134;518980;24073269.459;20648546.585;20847070.908;22163264.941;22659877.162;20428197.261;21941204.177;24290561.184;24579103.333;
2134;518981;24072641.350;20648300.617;20847382.262;22162861.513;22659406.934;20428379.038;21940775.697;24291117.108;24579768.028;
2134;518982;24072008.472;20648053.203;20847693.006;22162461.756;22658936.155;20428559.131;21940342.683;24291670.693;24580431.561;
2134;518983;24071376.161;20647810.244;20848005.132;22162061.532;22658462.323;20428742.358;21939913.413;24292226.388;24581093.947;
2134;518984;24070746.085;20647564.120;20848316.146;22161659.601;22657991.385;20428922.283;21939481.089;24292779.688;24581758.428;
2134;518985;24070114.332;20647317.976;20848625.208;22161259.376;22657519.457;20429105.086;21939049.345;24293336.755;24582421.990;
2134;518986;24069483.434;20647074.465;20848937.456;22160859.373;22657050.565;20429288.486;21938617.787;24293890.690;24583084.127;
2134;518987;24068850.711;20646826.754;20849249.255;22160458.089;22656578.168;20429471.222;21938186.635;24294446.412;24583748.899;
2134;518988;24068221.901;20646581.163;20849562.450;22160059.844;22656105.922;20429653.471;21937757.241;24295000.541;24584412.714;
2134;518989;24067590.542;20646336.285;20849873.554;22159658.736;22655635.499;20429834.504;21937324.898;24295555.220;24585076.511;
2134;518990;24066959.876;20646091.337;20850185.068;22159256.589;22655165.527;20430018.914;21936895.997;24296109.491;24585739.727;
2134;518991;24066323.861;20645847.664;20850496.426;22158856.959;22654693.432;20430200.361;21936464.071;24296665.654;24586404.157;
2134;518992;24065696.630;20645602.525;20850809.226;22158456.488;22654223.505;20430383.017;21936034.775;24297218.757;24587066.338;
2134;518993;24065066.458;20645356.438;20851121.269;22158056.697;22653750.655;20430565.908;21935601.311;24297773.668;24587730.836;
2134;518994;24064432.846;20645111.483;20851432.254;22157655.903;22653279.155;20430748.481;21935171.836;24298327.986;24588392.682;
2134;518995;24063800.893;20644867.435;20851744.576;22157255.663;22652809.635;20430932.829;21934740.353;24298885.535;24589059.194;
2134;518996;24063171.234;20644622.010;20852058.562;22156855.488;22652339.630;20431113.915;21934311.479;24299439.321;24589720.610;
2134;518997;24062540.437;20644377.317;20852370.344;22156456.290;22651867.996;20431299.147;21933878.610;24299995.574;24590385.069;
2134;518998;24061908.663;20644132.562;20852683.734;22156056.295;22651399.548;20431481.566;21933450.763;24300549.050;24591047.942;
2134;518999;24061276.617;20643889.310;20852995.488;22155659.243;22650927.758;20431666.527;21933019.631;24301105.367;24591710.423;
2134;519000;24060644.937;20643645.841;20853308.143;22155259.780;22650458.986;20431850.761;21932590.423;24301660.065;24592374.287;
2134;519001;24060016.234;20643402.072;20853621.660;22154858.355;22649989.130;20432032.001;21932156.799;24302214.994;24593039.708;
2134;519002;24059385.484;20643159.819;20853933.874;22154459.938;22649516.820;20432218.870;21931730.499;24302769.762;24593700.937;
2134;519003;24058753.364;20642915.763;20854247.201;22154059.121;22649045.131;20432399.628;21931298.403;24303324.903;24594363.365;
2134;519004;24058122.178;20642668.555;20854561.459;22153658.103;22648578.332;20432582.543;21930868.953;24303879.962;24595027.136;
2134;519005;24057491.682;20642428.260;20854872.238;22153260.503;22648105.740;20432769.527;21930438.726;24304433.965;24595692.834;
2134;519006;24056861.419;20642183.116;20855187.417;22152863.072;22647635.003;20432951.866;21930008.472;24304988.221;24596353.404;
2134;519007;24056228.315;20641940.831;20855500.045;22152462.516;22647168.721;20433137.421;21929575.747;24305545.964;24597019.444;
2134;519008;24055597.381;20641697.744;20855811.130;22152064.191;22646697.444;20433320.889;21929148.877;24306099.755;24597683.211;
2134;519009;24054967.162;20641453.262;20856125.619;22151666.142;22646228.520;20433506.051;21928717.644;24306655.735;24598347.729;
2134;519010;24054335.762;20641209.866;20856439.157;22151266.586;22645758.853;20433690.470;21928287.728;24307209.538;24599009.606;
2134;519011;24053703.922;20640967.843;20856752.610;22150867.813;22645287.349;20433875.714;21927857.385;24307765.483;24599674.118;
2134;519012;24053070.990;20640722.895;20857067.938;22150469.424;22644821.705;20434060.440;21927428.271;24308320.701;24600336.316;
2134;519013;24052440.684;20640482.039;20857381.593;22150072.590;22644349.989;20434244.565;21926998.799;24308875.920;24601001.332;
2134;519014;24051811.664;20640237.103;20857694.842;22149674.332;22643881.304;20434431.164;21926568.350;24309429.807;24601664.754;
2134;519015;24051179.695;20639996.583;20858009.620;22149277.525;22643412.349;20434615.786;21926137.599;24309985.890;24602325.637;
2134;519016;24050548.818;20639754.013;20858324.295;22148877.208;22642942.879;20434801.555;21925709.485;24310540.034;24602989.553;
2134;519017;24049918.929;20639511.231;20858638.426;22148477.086;22642473.853;20434984.547;21925280.057;24311096.109;24603653.030;
2134;519018;24049285.485;20639267.706;20858953.829;22148082.225;22642005.878;20435172.971;21924847.708;24311652.243;24604318.030;
2134;519019;24048654.864;20639024.990;20859265.564;22147684.052;22641536.587;20435357.658;21924422.725;24312205.787;24604981.782;
2134;519020;24048024.402;20638783.229;20859582.518;22147284.791;22641067.558;20435542.703;21923992.387;24312763.087;24605644.240;
2134;519021;24047395.077;20638540.981;20859898.293;22146887.612;22640600.066;20435729.472;21923561.805;24313315.483;24606307.052;
2134;519022;24046763.772;20638300.249;20860211.977;22146492.075;22640131.725;20435914.968;21923132.989;24313871.138;24606971.834;
2134;519023;24046132.731;20638057.051;20860528.557;22146093.507;22639659.089;20436099.567;21922701.769;24314426.736;24607633.585;
2134;519024;24045502.047;20637817.363;20860842.194;22145697.495;22639191.837;20436285.530;21922274.558;24314982.454;24608297.219;
2134;519025;24044871.085;20637574.211;20861155.660;22145300.533;22638725.244;20436472.560;21921843.272;24315535.245;24608961.723;
2134;519026;24044240.514;20637333.383;20861473.362;22144903.269;22638258.076;20436657.094;21921415.625;24316091.686;24609625.562;
2134;519027;24043609.925;20637090.953;20861788.356;22144505.153;22637789.007;20436845.018;21920985.202;24316649.321;24610289.307;
2134;519028;24042978.668;20636849.188;20862102.047;22144108.821;22637321.506;20437032.047;21920557.173;24317202.243;24610952.446;
2134;519029;24042347.924;20636607.660;20862417.734;22143712.030;22636853.430;20437218.383;21920127.511;24317758.073;24611615.362;
2134;519030;24041717.336;20636365.672;20862734.025;22143313.304;22636384.630;20437403.683;21919698.080;24318311.855;24612278.819;
2134;519031;24041087.659;20636125.343;20863048.731;22142917.972;22635916.308;20437590.866;21919269.061;24318869.889;24612942.473;
2134;519032;24040457.499;20635882.919;20863365.444;22142523.795;22635448.578;20437778.988;21918841.003;24319423.679;24613606.967;
2134;519033;24039825.741;20635643.800;20863681.384;22142124.651;22634981.365;20437965.567;21918412.672;24319979.533;24614267.792;
2134;519034;24039194.310;20635401.912;20863996.045;22141729.846;22634514.628;20438153.613;21917982.811;24320533.531;24614932.255;
2134;519035;24038563.758;20635161.162;20864313.732;22141332.942;22634047.182;20438338.492;21917553.500;24321090.093;24615596.200;
2134;519036;24037934.540;20634920.274;20864628.913;22140936.671;22633579.994;20438527.719;21917122.021;24321643.980;24616258.798;
2134;519037;24037303.404;20634679.803;20864944.793;22140542.374;22633112.450;20438715.222;21916697.038;24322197.469;24616923.727;
2134;519038;24036674.245;20634440.308;20865262.610;22140147.174;22632643.741;20438901.534;21916266.566;24322755.280;24617586.773;
2134;519039;24036042.057;20634200.956;20865578.386;22139750.066;22632175.648;20439089.592;21915839.379;24323311.608;24618248.868;
2134;519040;24035412.153;20633958.020;20865893.651;22139354.795;22631709.102;20439277.914;21915411.478;24323865.210;24618913.492;
2134;519041;24034781.995;20633719.387;20866211.927;22138956.674;22631243.144;20439463.908;21914981.638;24324421.984;24619577.385;
2134;519042;24034151.088;20633479.155;20866528.895;22138562.515;22630775.736;20439653.408;21914553.732;24324976.473;24620238.827;
2134;519043;24033521.068;20633238.972;20866844.519;22138167.080;22630309.648;20439841.402;21914124.660;24325530.909;24620902.534;
2134;519044;24032892.123;20632997.675;20867162.305;22137774.272;22629841.921;20440031.062;21913695.854;24326087.693;24621566.998;
2134;519045;24032262.033;20632758.620;20867478.900;22137376.645;22629376.254;20440217.456;21913267.879;24326640.853;24622230.955;
2134;519046;24031632.389;20632518.189;20867795.499;22136979.782;22628908.481;20440405.289;21912838.202;24327198.246;24622895.493;
2134;519047;24031001.835;20632277.059;20868114.352;22136586.468;22628442.638;20440594.905;21912412.154;24327754.283;24623557.094;
2134;519048;24030368.928;20632040.313;20868429.767;22136189.615;22627975.417;20440782.594;21911984.780;24328308.335;24624219.779;
2134;519049;24029739.743;20631800.466;20868746.847;22135794.973;22627510.380;20440969.811;21911555.796;24328863.923;24624883.241;
2134;519050;24029109.524;20631561.512;20869066.915;22135400.230;22627043.322;20441159.379;21911128.857;24329421.600;24625547.082;
2134;519051;24028479.626;20631322.069;20869383.776;22135007.423;22626577.117;20441348.719;21910697.257;24329974.585;24626210.478;
2134;519052;24027847.511;20631081.602;20869700.831;22134610.384;22626110.821;20441540.520;21910271.380;24330531.348;24626873.473;
2134;519053;24027218.640;20630843.248;20870017.650;22134216.902;22625644.260;20441727.745;21909843.485;24331085.254;24627539.673;
2134;519054;24026585.995;20630605.731;20870335.321;22133819.335;22625178.658;20441917.328;21909413.918;24331640.950;24628200.037;
2134;519055;24025958.247;20630365.108;20870653.866;22133427.169;22624711.643;20442106.282;21908987.485;24332197.875;24628867.072;
2134;519056;24025329.125;20630126.727;20870971.099;22133031.822;22624245.935;20442298.155;21908559.099;24332753.124;24629528.972;
2134;519057;24024698.067;20629888.563;20871288.496;22132638.338;22623780.489;20442484.495;21908130.320;24333308.438;24630191.956;
2134;519058;24024066.021;20629649.025;20871607.813;22132242.997;22623314.967;20442675.136;21907703.656;24333865.871;24630855.740;
2134;519059;24023437.298;20629410.113;20871927.665;22131849.779;22622851.470;20442864.717;21907273.664;24334418.168;24631520.195;
2134;519060;24022805.812;20629171.869;20872243.357;22131455.145;22622383.231;20443054.091;21906845.611;24334975.851;24632181.540;
2134;519061;24022175.634;20628933.448;20872562.963;22131060.217;22621918.340;20443245.493;21906420.402;24335530.539;24632843.895;
2134;519062;24021546.652;20628694.640;20872881.228;22130668.242;22621454.362;20443432.288;21905992.421;24336085.460;24633507.041;
2134;519063;24020915.141;20628457.628;20873200.515;22130273.561;22620988.284;20443624.164;21905567.417;24336641.148;24634172.147;
2134;519064;24020285.445;20628218.159;20873519.530;22129879.100;22620522.122;20443815.695;21905138.259;24337196.667;24634835.880;
2134;519065;24019655.927;20627980.140;20873838.388;22129484.740;22620057.522;20444006.670;21904709.390;24337753.715;24635499.244;
2134;519066;24019026.427;20627742.229;20874156.632;22129092.431;22619590.451;20444195.779;21904283.228;24338310.040;24636161.951;
2134;519067;24018394.395;20627504.847;20874476.316;22128698.547;22619125.673;20444386.592;21903854.072;24338864.972;24636824.856;
2134;519068;24017764.490;20627265.663;20874798.321;22128303.066;22618660.588;20444576.849;21903427.574;24339418.995;24637488.909;
2134;519069;24017134.454;20627030.949;20875116.355;22127909.854;22618195.897;20444768.350;21903001.144;24339973.617;24638151.064;
2134;519070;24016505.249;20626791.860;20875433.410;22127519.085;22617732.952;20444959.525;21902572.493;24340530.415;24638815.470;
2134;519071;24015876.761;20626556.539;20875753.754;22127122.786;22617269.596;20445149.408;21902145.858;24341084.644;24639477.758;
2134;519072;24015245.423;20626316.189;20876072.597;22126731.759;22616805.599;20445339.308;21901719.040;24341642.953;24640142.132;
2134;519073;24014615.779;20626080.951;20876393.377;22126338.565;22616341.720;20445530.765;21901289.606;24342198.775;24640804.203;
2134;519074;24013984.677;20625844.292;20876711.921;22125947.033;22615874.877;20445724.938;21900863.213;24342754.777;24641470.071;
2134;519075;24013355.114;20625606.755;20877033.473;22125554.294;22615410.139;20445913.921;21900434.921;24343310.654;24642132.211;
2134;519076;24012724.973;20625369.148;20877351.263;22125160.072;22614946.415;20446107.788;21900008.978;24343864.640;24642796.118;
2134;519077;24012096.817;20625132.057;20877671.544;22124766.807;22614481.112;20446298.020;21899580.782;24344419.764;24643458.130;
2134;519078;24011467.105;20624893.814;20877991.639;22124376.766;22614017.970;20446489.502;21899154.392;24344976.213;24644122.400;
2134;519079;24010834.651;20624661.023;20878309.416;22123982.327;22613553.278;20446680.490;21898728.243;24345532.756;24644787.306;
2134;519080;24010206.519;20624421.823;20878631.933;22123591.493;22613088.788;20446874.858;21898302.879;24346089.267;24645448.486;
2134;519081;24009576.582;20624186.115;20878952.167;22123198.129;22612626.269;20447066.388;21897875.343;24346643.553;24646112.673;
2134;519082;24008947.347;20623951.291;20879271.907;22122807.040;22612163.865;20447256.927;21897447.442;24347200.290;24646776.850;
2134;519083;24008316.805;20623712.000;20879594.167;22122413.438;22611698.745;20447451.160;21897022.027;24347754.366;24647441.217;
2134;519084;24007687.511;20623478.082;20879914.816;22122021.481;22611235.258;20447641.960;21896594.544;24348312.098;24648104.398;
2134;519085;24007060.320;20623241.468;20880233.823;22121630.040;22610772.285;20447835.263;21896168.038;24348867.819;24648764.281;
2134;519086;24006427.060;20623004.916;20880555.897;22121238.562;22610308.149;20448025.376;21895741.220;24349422.507;24649429.148;
2134;519087;24005801.335;20622770.059;20880878.074;22120846.148;22609845.129;20448219.284;21895315.511;24349977.682;24650092.156;
2134;519088;24005168.963;20622533.874;20881198.135;22120456.670;22609380.150;20448414.557;21894890.963;24350534.894;24650756.352;
2134;519089;24004539.701;20622298.525;20881520.427;22120064.195;22608917.354;20448606.662;21894463.425;24351089.722;24651421.769;
2134;519090;24003911.059;20622061.343;20881838.846;22119670.939;22608453.920;20448800.514;21894037.027;24351646.632;24652084.520;
2134;519091;24003282.083;20621828.602;20882162.119;22119282.103;22607990.518;20448991.140;21893611.055;24352201.751;24652746.169;
2134;519092;24002651.415;20621590.472;20882483.213;22118889.184;22607529.089;20449184.759;21893182.141;24352757.757;24653408.478;
2134;519093;24002020.630;20621356.128;20882804.750;22118500.937;22607065.460;20449379.427;21892757.868;24353313.579;24654071.435;
2134;519094;24001393.392;20621120.673;20883126.583;22118106.534;22606603.264;20449571.732;21892330.130;24353869.156;24654735.286;
2134;519095;24000762.884;20620887.165;20883448.378;22117719.752;22606141.553;20449766.766;21891903.489;24354426.604;24655399.173;
2134;519096;24000133.493;20620652.448;20883769.367;22117326.929;22605677.472;20449959.146;21891480.668;24354981.016;24656061.772;
2134;519097;23999502.293;20620413.689;20884090.409;22116935.503;22605214.820;20450152.027;21891054.580;24355538.168;24656725.836;
2134;519098;23998875.537;20620181.685;20884413.753;22116543.579;22604752.943;20450346.037;21890627.459;24356091.542;24657387.329;
2134;519099;23998244.821;20619946.921;20884737.464;22116153.384;22604291.898;20450540.041;21890200.237;24356647.573;24658052.432;
2134;519100;23997617.740;20619711.023;20885058.166;22115764.623;22603826.140;20450735.138;21889775.146;24357205.930;24658715.851;
2134;519101;23996987.460;20619479.622;20885379.317;22115374.181;22603366.379;20450927.457;21889350.819;24357760.680;24659380.267;
2134;519102;23996356.051;20619242.761;20885701.191;22114981.556;22602904.310;20451122.772;21888924.629;24358316.232;24660041.801;
2134;519103;23995728.683;20619006.762;20886023.392;22114593.108;22602443.414;20451318.608;21888497.310;24358872.655;24660705.686;
2134;519104;23995096.601;20618774.959;20886347.360;22114205.715;22601980.261;20451511.469;21888072.023;24359429.050;24661368.336;
2134;519105;23994471.567;20618539.532;20886670.352;22113813.882;22601518.668;20451707.307;21887644.786;24359985.409;24662031.675;
2134;519106;23993840.723;20618305.287;20886992.387;22113424.123;22601054.637;20451901.677;21887219.130;24360539.252;24662696.295;
2134;519107;23993209.162;20618072.975;20887315.640;22113033.078;22600592.774;20452094.378;21886794.553;24361095.933;24663358.752;
2134;519108;23992581.454;20617839.071;20887639.550;22112645.684;22600132.759;20452291.818;21886368.870;24361653.460;24664023.383;
2134;519109;23991951.188;20617605.365;20887958.405;22112253.678;22599670.184;20452484.019;21885943.009;24362209.669;24664684.900;
2134;519110;23991322.387;20617371.542;20888283.521;22111865.335;22599210.662;20452680.340;21885518.021;24362763.058;24665347.699;
2134;519111;23990693.423;20617138.593;20888607.821;22111475.614;22598744.915;20452875.210;21885091.837;24363319.974;24666013.261;
2134;519112;23990064.799;20616903.798;20888929.882;22111087.774;22598286.427;20453071.847;21884667.690;24363875.183;24666674.842;
2134;519113;23989436.048;20616668.408;20889255.037;22110697.185;22597823.217;20453265.060;21884241.541;24364431.496;24667338.795;
2134;519114;23988805.890;20616435.934;20889578.456;22110310.644;22597362.054;20453462.802;21883814.502;24364987.635;24667999.605;
2134;519115;23988176.253;20616202.391;20889901.179;22109921.123;22596901.664;20453657.634;21883390.338;24365543.208;24668665.040;
2134;519116;23987545.939;20615971.016;20890224.022;22109530.634;22596441.498;20453853.445;21882967.334;24366101.889;24669327.518;
2134;519117;23986917.889;20615738.024;20890548.874;22109140.277;22595981.388;20454049.012;21882541.548;24366656.450;24669992.298;
2134;519118;23986286.944;20615506.605;20890872.977;22108751.522;22595520.240;20454245.356;21882114.909;24367213.184;24670654.324;
2134;519119;23985656.548;20615272.789;20891195.484;22108364.210;22595057.423;20454441.709;21881688.585;24367769.712;24671317.875;
2134;519120;23985029.561;20615039.405;20891519.077;22107976.479;22594596.699;20454637.166;21881263.792;24368325.609;24671982.406;
2134;519121;23984401.434;20614808.087;20891842.156;22107587.281;22594138.663;20454834.150;21880841.040;24368882.471;24672643.257;
2134;519122;23983772.988;20614573.263;20892168.326;22107199.141;22593675.653;20455027.984;21880416.983;24369435.699;24673305.421;
2134;519123;23983140.855;20614344.840;20892491.255;22106808.489;22593215.717;20455226.523;21879989.611;24369994.635;24673970.019;
2134;519124;23982512.288;20614110.828;20892818.386;22106421.145;22592754.682;20455422.962;21879565.578;24370550.380;24674633.014;
2134;519125;23981884.721;20613878.703;20893141.274;22106032.752;22592294.618;20455619.675;21879141.227;24371106.714;24675299.405;
2134;519126;23981256.751;20613644.429;20893466.417;22105642.986;22591835.383;20455817.290;21878717.991;24371662.040;24675960.192;
2134;519127;23980627.236;20613412.631;20893790.684;22105257.493;22591374.769;20456011.755;21878292.130;24372218.639;24676624.197;
2134;519128;23979997.656;20613182.072;20894114.818;22104866.302;22590914.488;20456210.631;21877866.561;24372774.844;24677288.880;
2134;519129;23979370.346;20612949.398;20894440.818;22104480.700;22590455.646;20456407.766;21877443.265;24373330.346;24677950.021;
2134;519130;23978739.689;20612717.013;20894766.252;22104092.950;22589993.899;20456603.831;21877017.308;24373885.489;24678612.114;
2134;519131;23978111.978;20612485.498;20895088.161;22103704.176;22589535.272;20456800.770;21876592.608;24374443.338;24679275.500;
2134;519132;23977483.699;20612254.314;20895414.820;22103317.881;22589074.609;20456998.616;21876169.210;24374997.181;24679940.773;
2134;519133;23976853.623;20612022.159;20895740.299;22102930.356;22588616.463;20457196.183;21875744.724;24375553.251;24680603.642;
2134;519134;23976224.958;20611791.427;20896064.387;22102541.270;22588155.958;20457395.519;21875319.120;24376111.898;24681266.138;
2134;519135;23975597.347;20611560.859;20896390.335;22102154.267;22587697.617;20457592.799;21874894.621;24376668.430;24681929.043;
2134;519136;23974968.609;20611329.636;20896717.711;22101767.861;22587236.336;20457788.280;21874472.964;24377224.747;24682592.462;
2134;519137;23974338.598;20611098.917;20897043.552;22101379.942;22586778.862;20457987.907;21874047.013;24377780.946;24683256.342;
2134;519138;23973712.162;20610866.661;20897367.131;22100994.967;22586318.514;20458185.841;21873621.172;24378338.498;24683918.001;
2134;519139;23973082.342;20610635.415;20897693.687;22100605.999;22585858.572;20458383.912;21873198.968;24378892.973;24684583.933;
2134;519140;23972454.683;20610406.069;20898021.764;22100218.180;22585402.178;20458582.957;21872774.101;24379448.789;24685245.798;
2134;519141;23971825.117;20610175.088;20898345.271;22099831.869;22584940.398;20458780.094;21872349.400;24380005.915;24685908.034;
2134;519142;23971196.875;20609944.583;20898673.235;22099443.604;22584484.722;20458978.620;21871927.225;24380561.775;24686570.239;
2134;519143;23970566.013;20609714.028;20898997.068;22099058.000;22584023.358;20459178.023;21871503.531;24381117.229;24687233.061;
2134;519144;23969940.068;20609484.310;20899325.528;22098671.871;22583564.821;20459377.791;21871077.812;24381672.376;24687898.346;
2134;519145;23969311.204;20609251.919;20899650.589;22098284.606;22583106.759;20459574.442;21870654.590;24382230.713;24688559.490;
2134;519146;23968681.016;20609022.217;20899979.566;22097899.506;22582646.380;20459773.524;21870229.155;24382787.981;24689224.428;
2134;519147;23968054.417;20608791.937;20900303.840;22097513.151;22582188.907;20459971.261;21869807.421;24383343.351;24689888.347;
2134;519148;23967426.747;20608562.505;20900630.566;22097127.638;22581729.539;20460172.080;21869381.835;24383900.875;24690550.919;
2134;519149;23966796.993;20608331.964;20900958.129;22096741.005;22581271.185;20460371.033;21868958.047;24384456.067;24691213.093;
2134;519150;23966170.474;20608103.148;20901283.174;22096354.248;22580814.776;20460568.774;21868532.836;24385012.708;24691874.740;
2134;519151;23965539.489;20607872.982;20901611.617;22095968.412;22580356.336;20460768.284;21868111.437;24385569.704;24692538.389;
2134;519152;23964909.022;20607642.214;20901939.719;22095581.895;22579896.529;20460968.536;21867687.386;24386123.810;24693201.904;
2134;519153;23964283.280;20607414.750;20902265.667;22095198.533;22579437.754;20461168.556;21867263.019;24386682.685;24693864.234;
2134;519154;23963654.577;20607183.614;20902591.107;22094811.388;22578981.777;20461366.820;21866840.084;24387237.986;24694528.240;
2134;519155;23963024.313;20606954.954;20902920.696;22094428.724;22578523.290;20461567.698;21866418.967;24387795.313;24695189.662;
2134;519156;23962398.335;20606727.102;20903246.386;22094038.039;22578065.396;20461765.989;21865994.041;24388349.295;24695853.946;
2134;519157;23961771.394;20606497.085;20903575.519;22093655.630;22577609.196;20461966.757;21865569.604;24388908.750;24696518.547;
2134;519158;23961142.758;20606267.971;20903901.565;22093272.048;22577151.300;20462164.999;21865146.129;24389464.521;24697182.154;
2134;519159;23960512.345;20606037.092;20904228.663;22092883.695;22576692.401;20462368.589;21864723.738;24390019.830;24697843.945;
2134;519160;23959884.275;20605810.572;20904557.032;22092501.642;22576232.609;20462567.665;21864300.378;24390577.317;24698508.302;
2134;519161;23959253.492;20605581.226;20904886.568;22092115.625;22575778.580;20462768.467;21863876.339;24391133.917;24699168.143;
2134;519162;23958626.703;20605350.914;20905214.766;22091728.577;22575320.669;20462968.410;21863453.979;24391688.449;24699832.177;
2134;519163;23957998.630;20605124.051;20905539.772;22091344.866;22574863.756;20463169.460;21863031.840;24392247.800;24700496.222;
2134;519164;23957371.266;20604896.416;20905868.936;22090959.389;22574405.246;20463369.755;21862609.717;24392801.473;24701156.214;
2134;519165;23956741.556;20604666.654;20906199.517;22090578.727;22573949.952;20463571.298;21862185.017;24393361.050;24701822.593;
2134;519166;23956113.905;20604437.301;20906525.520;22090194.448;22573493.730;20463771.476;21861763.153;24393916.561;24702486.562;
2134;519167;23955484.871;20604210.273;20906852.308;22089809.299;22573034.260;20463970.442;21861337.120;24394474.121;24703149.137;
2134;519168;23954856.179;20603982.464;20907183.266;22089421.805;22572577.921;20464175.933;21860916.431;24395031.126;24703811.793;
2134;519169;23954230.806;20603752.637;20907510.799;22089038.333;22572121.591;20464374.675;21860492.319;24395587.675;24704474.561;
2134;519170;23953602.048;20603525.394;20907840.040;22088657.141;22571664.662;20464576.813;21860069.285;24396143.732;24705137.279;
2134;519171;23952972.693;20603297.214;20908168.122;22088272.771;22571208.666;20464775.976;21859649.225;24396701.458;24705800.513;
2134;519172;23952344.189;20603070.440;20908496.519;22087888.049;22570754.714;20464979.032;21859226.818;24397256.461;24706462.487;
2134;519173;23951716.784;20602843.208;20908825.031;22087503.373;22570295.668;20465182.353;21858802.474;24397812.850;24707125.838;
2134;519174;23951088.965;20602615.682;20909156.457;22087122.450;22569839.107;20465383.667;21858380.904;24398368.878;24707789.324;
2134;519175;23950460.225;20602387.991;20909484.211;22086737.401;22569382.196;20465584.546;21857959.059;24398927.478;24708453.752;
2134;519176;23949830.812;20602159.778;20909812.316;22086353.025;22568925.910;20465786.209;21857533.750;24399483.854;24709114.880;
2134;519177;23949203.264;20601932.758;20910142.038;22085970.755;22568470.963;20465989.092;21857113.170;24400040.105;24709778.378;
2134;519178;23948575.689;20601705.351;20910471.851;22085587.366;22568015.448;20466190.593;21856689.310;24400596.213;24710440.403;
2134;519179;23947948.667;20601479.413;20910799.625;22085203.888;22567559.441;20466393.137;21856267.003;24401153.491;24711103.468;
2134;519180;23947319.986;20601252.263;20911131.066;22084821.408;22567104.118;20466596.311;21855844.212;24401709.717;24711765.756;
2134;519181;23946693.272;20601025.932;20911461.740;22084438.181;22566648.281;20466796.342;21855422.944;24402267.343;24712430.229;
2134;519182;23946065.702;20600797.064;20911790.179;22084054.314;22566192.539;20467001.443;21854999.752;24402824.130;24713092.346;
2134;519183;23945438.307;20600570.750;20912119.341;22083672.669;22565737.499;20467201.731;21854577.619;24403379.034;24713756.661;
2134;519184;23944812.082;20600345.804;20912451.887;22083288.399;22565281.707;20467405.611;21854156.103;24403937.608;24714418.776;
2134;519185;23944180.098;20600118.859;20912780.515;22082906.936;22564826.627;20467608.497;21853732.698;24404493.255;24715081.360;
2134;519186;23943555.771;20599890.574;20913111.752;22082523.729;22564368.844;20467812.196;21853310.925;24405050.099;24715745.600;
2134;519187;23942926.505;20599665.020;20913440.954;22082140.669;22563915.678;20468015.162;21852888.936;24405605.908;24716407.119;
2134;519188;23942299.016;20599441.216;20913772.598;22081757.543;22563458.287;20468218.904;21852467.703;24406163.506;24717071.318;
2134;519189;23941674.979;20599214.791;20914101.092;22081375.299;22563004.981;20468421.631;21852044.426;24406717.762;24717732.756;
2134;519190;23941043.127;20598988.078;20914432.394;22080995.256;22562550.083;20468623.199;21851621.973;24407276.305;24718400.158;
2134;519191;23940416.800;20598762.223;20914763.597;22080611.374;22562094.295;20468827.437;21851203.515;24407833.662;24719059.253;
2134;519192;23939791.908;20598537.002;20915095.158;22080229.448;22561640.307;20469032.835;21850779.541;24408392.197;24719722.965;
2134;519193;23939161.211;20598312.068;20915425.572;22079847.503;22561184.048;20469235.796;21850359.531;24408945.970;24720385.629;
2134;519194;23938534.182;20598085.578;20915757.338;22079466.326;22560733.063;20469439.595;21849937.609;24409503.896;24721049.265;
2134;519195;23937907.394;20597858.203;20916088.848;22079083.033;22560276.232;20469643.150;21849515.307;24410062.063;24721711.633;
2134;519196;23937279.049;20597634.264;20916418.391;22078702.014;22559821.237;20469847.984;21849094.032;24410617.606;24722374.320;
2134;519197;23936651.835;20597409.987;20916749.456;22078319.674;22559367.946;20470051.474;21848672.381;24411174.064;24723036.936;
2134;519198;23936024.436;20597182.435;20917079.787;22077938.658;22558912.463;20470254.043;21848249.950;24411731.665;24723700.375;
2134;519199;23935396.707;20596958.342;20917410.526;22077554.814;22558459.622;20470458.961;21847827.770;24412288.231;24724361.601;
2134;519200;23934769.408;20596733.557;20917741.586;22077175.182;22558004.477;20470665.080;21847407.462;24412843.824;24725025.931;
2134;519201;23934141.661;20596508.038;20918074.897;22076793.349;22557550.957;20470867.662;21846985.962;24413400.835;24725688.941;
2134;519202;23933512.101;20596285.463;20918405.550;22076414.497;22557096.403;20471073.796;21846564.627;24413959.073;24726353.097;
2134;519203;23932888.158;20596056.365;20918737.339;22076031.422;22556642.021;20471277.567;21846141.474;24414517.782;24727013.316;
2134;519204;23932261.477;20595833.416;20919070.723;22075650.272;22556189.208;20471481.798;21845721.150;24415071.560;24727675.900;
2134;519205;23931631.451;20595608.301;20919402.393;22075270.030;22555736.012;20471686.626;21845300.135;24415629.440;24728340.934;
2134;519206;23931003.927;20595386.132;20919732.213;22074889.008;22555280.926;20471894.617;21844879.313;24416188.202;24729002.197;
2134;519207;23930377.830;20595160.098;20920066.234;22074505.949;22554827.757;20472098.449;21844457.695;24416745.634;24729667.155;
2134;519208;23929748.552;20594938.061;20920396.770;22074128.438;22554373.907;20472303.497;21844037.367;24417302.682;24730329.583;
2134;519209;23929122.962;20594712.585;20920730.045;22073749.857;22553920.818;20472508.967;21843616.436;24417857.521;24730990.777;
2134;519210;23928494.639;20594489.539;20921062.791;22073366.770;22553466.772;20472715.014;21843195.117;24418412.920;24731654.900;
2134;519211;23927867.842;20594265.176;20921393.618;22072985.144;22553014.540;20472920.055;21842773.944;24418971.196;24732318.282;
2134;519212;23927240.283;20594041.719;20921727.789;22072607.519;22552561.941;20473126.032;21842351.337;24419528.688;24732982.322;
2134;519213;23926611.993;20593817.370;20922060.070;22072226.276;22552106.914;20473331.783;21841934.109;24420085.022;24733643.375;
2134;519214;23925986.106;20593593.855;20922391.109;22071844.771;22551655.246;20473536.215;21841510.750;24420642.507;24734304.972;
2134;519215;23925359.905;20593371.676;20922726.468;22071463.754;22551201.755;20473742.302;21841090.694;24421199.751;24734966.425;
2134;519216;23924730.253;20593149.115;20923058.180;22071084.145;22550748.905;20473949.103;21840668.903;24421755.665;24735630.361;
2134;519217;23924104.677;20592922.663;20923391.289;22070703.297;22550295.260;20474157.225;21840248.668;24422313.522;24736293.491;
2134;519218;23923475.530;20592701.331;20923725.792;22070326.713;22549843.304;20474359.234;21839828.462;24422869.501;24736957.772;
2134;519219;23922848.897;20592476.517;20924058.008;22069947.485;22549388.970;20474569.925;21839408.267;24423429.793;24737620.157;
2134;519220;23922221.979;20592254.927;20924391.404;22069565.128;22548937.416;20474774.021;21838986.868;24423985.736;24738282.861;
2134;519221;23921596.495;20592030.906;20924724.945;22069185.503;22548487.617;20474982.978;21838566.625;24424543.184;24738945.836;
2134;519222;23920966.810;20591807.806;20925058.983;22068806.368;22548032.673;20475189.216;21838145.812;24425099.906;24739608.750;
2134;519223;23920340.014;20591585.817;20925392.039;22068427.819;22547580.744;20475394.746;21837726.203;24425654.948;24740269.860;
2134;519224;23919714.389;20591362.895;20925723.460;22068049.586;22547127.652;20475602.764;21837307.737;24426212.402;24740934.161;
2134;519225;23919087.058;20591140.303;20926058.516;22067668.984;22546678.335;20475810.279;21836885.826;24426768.118;24741595.059;
2134;519226;23918460.202;20590918.327;20926392.563;22067291.623;22546227.570;20476016.946;21836463.481;24427327.284;24742259.928;
2134;519227;23917830.822;20590695.966;20926725.405;22066911.564;22545773.106;20476224.008;21836042.653;24427884.392;24742923.308;
2134;519228;23917205.814;20590475.079;20927059.830;22066531.712;22545320.242;20476430.186;21835625.377;24428440.980;24743584.549;
2134;519229;23916576.156;20590254.329;20927394.629;22066156.090;22544869.492;20476638.898;21835204.275;24428998.943;24744245.664;
2134;519230;23915950.507;20590028.177;20927729.197;22065775.218;22544418.503;20476846.616;21834782.947;24429556.482;24744911.047;
2134;519231;23915325.341;20589806.676;20928061.355;22065396.575;22543965.497;20477055.951;21834363.651;24430113.622;24745572.647;
2134;519232;23914697.440;20589584.390;20928398.451;22065019.352;22543513.851;20477262.701;21833944.306;24430670.022;24746237.621;
2134;519233;23914072.974;20589363.783;20928731.310;22064639.244;22543063.905;20477470.857;21833523.217;24431227.974;24746899.499;
2134;519234;23913444.826;20589140.167;20929064.840;22064262.563;22542612.653;20477677.886;21833105.075;24431783.060;24747561.838;
2134;519235;23912819.159;20588920.513;20929402.819;22063884.709;22542160.016;20477886.885;21832683.652;24432342.914;24748224.125;
2134;519236;23912192.938;20588696.745;20929735.923;22063504.742;22541709.152;20478096.017;21832263.146;24432898.887;24748886.335;
2134;519237;23911565.196;20588477.981;20930071.123;22063128.513;22541258.672;20478300.419;21831846.474;24433457.691;24749548.243;
2134;519238;23910938.340;20588255.924;20930405.738;22062750.182;22540807.358;20478511.413;21831426.016;24434015.200;24750213.834;
2134;519239;23910313.702;20588034.873;20930741.069;22062372.114;22540354.501;20478721.090;21831005.651;24434570.777;24750874.483;
2134;519240;23909685.497;20587812.730;20931075.853;22061994.482;22539905.700;20478925.722;21830584.942;24435129.658;24751538.611;
2134;519241;23909059.468;20587593.745;20931410.565;22061616.944;22539453.739;20479134.614;21830166.014;24435685.415;24752201.518;
2134;519242;23908433.255;20587370.422;20931745.829;22061239.450;22539003.979;20479344.633;21829746.763;24436241.990;24752862.449;
2134;519243;23907805.647;20587150.617;20932082.976;22060862.921;22538553.085;20479555.961;21829326.926;24436798.781;24753526.794;
2134;519244;23907179.645;20586930.450;20932418.978;22060487.942;22538102.142;20479762.664;21828907.336;24437356.486;24754187.827;
2134;519245;23906553.537;20586709.452;20932753.708;22060110.532;22537653.090;20479972.765;21828489.008;24437913.029;24754850.836;
2134;519246;23905928.449;20586488.814;20933086.002;22059731.506;22537201.791;20480182.423;21828068.499;24438471.269;24755513.479;
2134;519247;23905299.815;20586269.831;20933423.489;22059352.518;22536751.326;20480391.031;21827648.866;24439029.005;24756177.932;
2134;519248;23904674.473;20586046.660;20933759.143;22058978.000;22536302.024;20480601.707;21827231.393;24439585.995;24756838.823;
2134;519249;23904045.415;20585827.920;20934094.558;22058601.703;22535853.140;20480811.935;21826810.755;24440142.872;24757500.853;
2134;519250;23903421.248;20585606.579;20934431.876;22058223.987;22535401.782;20481021.499;21826390.580;24440701.381;24758163.696;
2134;519251;23902795.393;20585388.276;20934765.554;22057850.814;22534952.392;20481229.942;21825972.758;24441257.818;24758826.544;
2134;519252;23902167.901;20585167.733;20935104.025;22057471.579;22534501.473;20481439.469;21825552.424;24441816.316;24759488.808;
2134;519253;23901542.673;20584950.374;20935440.769;22057095.581;22534052.322;20481650.121;21825133.215;24442372.419;24760151.693;
2134;519254;23900916.510;20584728.071;20935776.609;22056717.270;22533601.418;20481859.828;21824714.420;24442930.379;24760816.242;
2134;519255;23900290.246;20584507.084;20936112.813;22056340.968;22533151.674;20482070.872;21824296.583;24443488.966;24761477.340;
2134;519256;23899663.928;20584290.089;20936448.607;22055967.256;22532704.434;20482280.184;21823877.802;24444044.460;24762139.339;
2134;519257;23899036.240;20584070.565;20936786.501;22055592.222;22532253.885;20482489.260;21823457.945;24444603.790;24762803.884;
2134;519258;23898409.960;20583850.444;20937122.469;22055215.526;22531804.378;20482700.794;21823037.598;24445161.789;24763465.207;
2134;519259;23897782.824;20583630.937;20937460.617;22054836.525;22531354.170;20482909.503;21822620.005;24445718.321;24764126.776;
2134;519260;23897157.342;20583414.910;20937796.003;22054463.033;22530906.845;20483121.313;21822201.958;24446275.459;24764790.401;
2134;519261;23896528.797;20583194.095;20938134.916;22054086.255;22530456.468;20483334.049;21821781.792;24446832.215;24765453.346;
2134;519262;23895905.359;20582974.261;20938472.931;22053711.490;22530007.707;20483543.311;21821364.614;24447390.834;24766117.303;
2134;519263;23895278.028;20582753.900;20938808.474;22053336.313;22529559.450;20483755.364;21820946.260;24447948.687;24766779.208;
2134;519264;23894651.390;20582537.678;20939146.624;22052960.399;22529110.578;20483966.346;21820525.765;24448503.005;24767440.132;
2134;519265;23894024.644;20582316.401;20939484.766;22052585.824;22528661.813;20484176.317;21820108.937;24449062.873;24768102.837;
2134;519266;23893398.541;20582100.308;20939820.981;22052209.115;22528213.298;20484388.565;21819688.948;24449619.851;24768765.006;
2134;519267;23892773.200;20581880.849;20940159.729;22051834.488;22527762.780;20484600.859;21819272.384;24450178.009;24769429.365;
2134;519268;23892148.319;20581661.899;20940496.143;22051458.748;22527316.861;20484811.075;21818854.703;24450737.099;24770092.655;
2134;519269;23891521.381;20581444.140;20940834.016;22051082.828;22526866.795;20485022.609;21818434.578;24451291.709;24770754.801;
2134;519270;23890894.638;20581225.329;20941171.772;22050707.888;22526420.111;20485234.158;21818017.566;24451852.314;24771413.790;
2134;519271;23890268.038;20581007.877;20941509.892;22050335.819;22525970.445;20485446.528;21817598.197;24452407.362;24772079.647;
2134;519272;23889644.143;20580790.887;20941847.318;22049957.690;22525521.984;20485658.389;21817180.494;24452965.516;24772742.295;
2134;519273;23889014.749;20580571.012;20942186.259;22049585.586;22525074.767;20485870.433;21816763.688;24453524.156;24773404.833;
2134;519274;23888390.363;20580355.118;20942522.792;22049210.445;22524626.019;20486084.173;21816343.095;24454079.387;24774066.089;
2134;519275;23887764.768;20580138.298;20942859.786;22048836.339;22524179.105;20486296.962;21815927.500;24454635.586;24774728.379;
2134;519276;23887139.539;20579919.593;20943200.079;22048460.273;22523729.499;20486508.625;21815508.044;24455195.794;24775390.800;
2134;519277;23886512.630;20579701.944;20943537.433;22048087.029;22523281.049;20486720.234;21815090.354;24455752.282;24776052.767;
2134;519278;23885886.349;20579483.627;20943876.989;22047711.788;22522833.492;20486932.816;21814671.764;24456309.795;24776716.352;
2134;519279;23885262.058;20579267.425;20944215.693;22047339.440;22522385.665;20487146.014;21814254.031;24456867.349;24777378.749;
2134;519280;23884635.576;20579049.303;20944553.734;22046965.462;22521939.747;20487357.481;21813835.133;24457425.046;24778040.913;
2134;519281;23884009.574;20578832.660;20944892.688;22046590.297;22521493.099;20487572.131;21813416.889;24457984.352;24778703.063;
2134;519282;23883383.308;20578615.392;20945232.579;22046216.299;22521045.024;20487785.242;21813001.075;24458540.635;24779365.907;
2134;519283;23882759.603;20578400.749;20945572.599;22045842.810;22520596.943;20487999.010;21812582.610;24459099.220;24780028.080;
2134;519284;23882132.930;20578181.775;20945911.487;22045468.319;22520152.467;20488209.996;21812165.704;24459656.562;24780691.161;
2134;519285;23881506.186;20577965.653;20946251.900;22045095.382;22519704.913;20488426.126;21811747.671;24460214.365;24781352.194;
2134;519286;23880880.736;20577750.275;20946591.352;22044723.810;22519256.262;20488637.215;21811330.722;24460772.065;24782016.605;
2134;519287;23880256.001;20577533.068;20946928.286;22044348.502;22518810.785;20488852.672;21810911.756;24461329.831;24782677.610;
2134;519288;23879630.295;20577315.471;20947269.386;22043975.223;22518364.021;20489064.435;21810493.653;24461887.735;24783340.315;
2134;519289;23879004.789;20577099.945;20947608.904;22043601.545;22517914.655;20489278.196;21810076.515;24462443.561;24784002.806;
2134;519290;23878379.401;20576882.741;20947948.746;22043229.149;22517469.745;20489492.886;21809658.359;24463001.178;24784666.050;
2134;519291;23877754.715;20576668.907;20948287.750;22042856.756;22517024.261;20489706.941;21809242.660;24463559.265;24785327.829;
2134;519292;23877130.209;20576450.221;20948625.772;22042483.851;22516576.699;20489919.946;21808824.782;24464118.849;24785988.505;
2134;519293;23876503.462;20576235.952;20948967.714;22042111.126;22516129.002;20490134.127;21808406.444;24464675.902;24786652.154;
2134;519294;23875880.487;20576019.561;20949306.905;22041739.498;22515684.522;20490349.073;21807992.278;24465232.239;24787316.119;
2134;519295;23875253.618;20575802.904;20949647.088;22041365.164;22515237.369;20490562.791;21807574.312;24465790.760;24787978.889;
2134;519296;23874628.090;20575587.713;20949988.143;22040994.734;22514791.137;20490778.046;21807156.803;24466348.652;24788639.031;
2134;519297;23874001.344;20575373.820;20950328.772;22040620.890;22514344.662;20490992.706;21806739.388;24466907.723;24789302.306;
2134;519298;23873379.119;20575155.397;20950667.488;22040250.142;22513898.968;20491206.257;21806321.290;24467465.357;24789963.824;
2134;519299;23872751.229;20574941.490;20951008.397;22039875.730;22513454.302;20491422.799;21805905.737;24468021.340;24790627.887;
2134;519300;23872126.869;20574728.227;20951348.341;22039504.648;22513008.838;20491635.076;21805487.900;24468580.924;24791289.635;
2134;519301;23871502.002;20574509.907;20951690.485;22039132.673;22512562.558;20491852.063;21805071.249;24469135.580;24791950.947;
2134;519302;23870876.719;20574296.590;20952029.226;22038760.738;22512117.194;20492066.846;21804654.343;24469696.158;24792614.444;
2134;519303;23870249.946;20574083.449;20952371.681;22038388.923;22511671.960;20492283.569;21804237.753;24470252.688;24793276.079;
2134;519304;23869624.537;20573867.427;20952712.346;22038017.589;22511225.293;20492498.459;21803820.036;24470811.380;24793938.950;
2134;519305;23869000.648;20573653.141;20953052.183;22037645.007;22510780.073;20492712.271;21803402.772;24471368.824;24794600.910;
2134;519306;23868375.456;20573436.092;20953396.589;22037274.601;22510335.281;20492927.016;21802988.230;24471925.090;24795264.972;
2134;519307;23867747.510;20573224.726;20953735.030;22036902.978;22509888.922;20493143.551;21802568.654;24472485.373;24795925.004;
2134;519308;23867125.816;20573008.626;20954076.821;22036531.365;22509444.674;20493358.550;21802155.313;24473042.588;24796587.591;
2134;519309;23866498.428;20572796.533;20954415.949;22036159.926;22508999.033;20493576.193;21801737.665;24473601.755;24797249.334;
2134;519310;23865874.369;20572581.132;20954758.191;22035790.367;22508554.915;20493790.258;21801322.088;24474156.903;24797912.259;
2134;519311;23865248.026;20572366.615;20955102.266;22035419.323;22508107.862;20494007.864;21800904.577;24474715.652;24798574.284;
2134;519312;23864622.371;20572151.594;20955445.569;22035047.581;22507664.961;20494223.873;21800487.365;24475274.086;24799236.697;
2134;519313;23863998.913;20571936.533;20955785.468;22034677.866;22507219.619;20494439.036;21800072.513;24475831.532;24799899.147;
2134;519314;23863374.209;20571723.118;20956125.323;22034307.943;22506775.440;20494656.050;21799654.830;24476389.892;24800562.209;
2134;519315;23862748.784;20571511.875;20956468.489;22033935.012;22506331.713;20494873.313;21799238.418;24476946.819;24801222.737;
2134;519316;23862124.740;20571297.188;20956808.965;22033564.016;22505887.292;20495088.517;21798824.448;24477505.039;24801886.737;
2134;519317;23861498.744;20571081.710;20957152.144;22033194.885;22505443.893;20495306.151;21798407.974;24478063.997;24802548.132;
2134;519318;23860872.836;20570869.643;20957495.004;22032823.743;22504999.659;20495520.089;21797991.719;24478621.424;24803211.916;
2134;519319;23860247.228;20570655.774;20957838.804;22032451.643;22504553.847;20495738.485;21797574.733;24479179.689;24803872.680;
2134;519320;23859622.695;20570442.103;20958180.036;22032086.056;22504109.116;20495954.758;21797159.818;24479738.989;24804532.871;
2134;519321;23858997.175;20570230.077;20958522.173;22031713.484;22503666.438;20496170.626;21796743.174;24480296.376;24805197.555;
2134;519322;23858371.693;20570015.068;20958863.871;22031345.985;22503222.637;20496390.293;21796328.158;24480855.429;24805860.012;
2134;519323;23857747.239;20569803.737;20959204.874;22030974.271;22502776.200;20496607.711;21795911.009;24481412.265;24806521.740;
2134;519324;23857123.293;20569592.765;20959549.327;22030604.181;22502332.994;20496826.037;21795495.395;24481968.072;24807183.623;
2134;519325;23856497.288;20569377.031;20959892.803;22030233.611;22501890.432;20497040.971;21795079.138;24482527.706;24807845.511;
2134;519326;23855874.063;20569163.847;20960236.611;22029865.771;22501446.336;20497259.397;21794664.183;24483084.113;24808508.499;
2134;519327;23855249.711;20568951.528;20960577.678;22029495.871;22501001.762;20497476.716;21794248.493;24483645.587;24809168.958;
2134;519328;23854623.325;20568739.303;20960922.613;22029126.637;22500562.828;20497694.367;21793833.449;24484201.142;24809831.060;
2134;519329;23854000.378;20568526.022;20961264.627;22028756.700;22500117.306;20497911.772;21793417.777;24484759.201;24810492.790;
2134;519330;23853372.774;20568315.833;20961608.905;22028387.046;22499674.111;20498130.415;21793002.240;24485319.320;24811155.569;
2134;519331;23852750.782;20568102.768;20961952.188;22028016.490;22499231.192;20498348.727;21792585.321;24485875.219;24811817.782;
2134;519332;23852125.873;20567890.864;20962295.123;22027649.482;22498787.347;20498564.859;21792169.541;24486432.652;24812480.779;
2134;519333;23851500.460;20567679.325;20962638.528;22027279.606;22498343.585;20498784.101;21791756.507;24486991.124;24813143.606;
2134;519334;23850877.435;20567467.355;20962982.353;22026911.678;22497901.467;20499002.505;21791340.172;24487551.338;24813804.680;
2134;519335;23850253.590;20567256.172;20963326.519;22026541.423;22497459.536;20499222.352;21790924.306;24488106.752;24814465.890;
2134;519336;23849628.199;20567043.998;20963670.447;22026173.513;22497015.681;20499440.486;21790509.311;24488666.599;24815129.091;
2134;519337;23849004.495;20566831.211;20964015.733;22025805.619;22496573.334;20499658.736;21790094.403;24489223.622;24815790.407;
2134;519338;23848377.435;20566619.163;20964359.784;22025437.014;22496130.953;20499876.771;21789677.806;24489782.064;24816452.954;
2134;519339;23847753.705;20566411.012;20964703.244;22025070.666;22495689.160;20500099.166;21789263.165;24490341.022;24817113.140;
2134;519340;23847132.305;20566199.164;20965046.762;22024699.545;22495247.456;20500314.885;21788847.838;24490899.950;24817776.598;
2134;519341;23846508.077;20565987.227;20965389.466;22024331.469;22494803.203;20500535.441;21788433.989;24491457.465;24818439.131;
2134;519342;23845882.444;20565776.262;20965735.432;22023963.695;22494362.678;20500751.656;21788016.612;24492014.431;24819101.424;
2134;519343;23845257.929;20565564.141;20966080.021;22023594.590;22493918.484;20500973.168;21787601.318;24492573.837;24819761.387;
2134;519344;23844634.493;20565355.895;20966425.325;22023226.578;22493477.354;20501191.191;21787186.578;24493132.621;24820423.595;
2134;519345;23844009.884;20565143.401;20966768.025;22022858.884;22493033.601;20501413.450;21786772.482;24493691.928;24821086.094;
2134;519346;23843385.223;20564932.289;20967111.668;22022490.090;22492592.745;20501632.563;21786358.387;24494247.438;24821747.783;
2134;519347;23842760.084;20564721.129;20967456.881;22022122.370;22492151.334;20501853.790;21785941.975;24494805.992;24822410.830;
2134;519348;23842136.397;20564510.567;20967803.032;22021755.495;22491709.267;20502073.651;21785527.703;24495365.695;24823071.387;
2134;519349;23841512.505;20564300.508;20968149.122;22021387.357;22491267.693;20502292.029;21785114.773;24495921.215;24823734.897;
2134;519350;23840887.782;20564091.072;20968493.171;22021021.604;22490826.572;20502510.902;21784699.044;24496480.878;24824396.581;
2134;519351;23840263.991;20563878.787;20968838.173;22020653.817;22490386.466;20502731.476;21784285.602;24497041.391;24825058.410;
2134;519352;23839640.373;20563671.599;20969185.209;22020286.439;22489944.036;20502951.660;21783869.243;24497598.560;24825722.781;
2134;519353;23839016.336;20563461.658;20969531.510;22019917.842;22489501.528;20503171.837;21783455.642;24498154.666;24826383.036;
2134;519354;23838391.776;20563251.556;20969874.385;22019550.402;22489060.285;20503394.147;21783042.570;24498713.262;24827046.562;
2134;519355;23837766.079;20563041.622;20970221.239;22019184.293;22488621.324;20503613.207;21782628.397;24499270.856;24827707.103;
2134;519356;23837143.814;20562829.080;20970566.909;22018817.213;22488177.807;20503834.891;21782211.758;24499832.034;24828368.480;
2134;519357;23836521.536;20562620.252;20970911.089;22018450.375;22487738.552;20504054.670;21781797.440;24500389.463;24829029.003;
2134;519358;23835894.445;20562411.961;20971258.352;22018086.338;22487297.708;20504277.423;21781385.060;24500948.531;24829692.659;
2134;519359;23835273.095;20562202.195;20971602.806;22017718.867;22486856.382;20504496.099;21780970.568;24501506.154;24830354.933;
2134;519360;23834645.418;20561993.761;20971952.021;22017351.018;22486414.259;20504717.373;21780555.604;24502063.493;24831016.244;
2134;519361;23834023.414;20561783.337;20972296.152;22016986.769;22485975.279;20504939.049;21780140.660;24502619.764;24831677.681;
2134;519362;23833397.478;20561574.615;20972642.382;22016617.841;22485532.845;20505161.825;21779727.123;24503181.889;24832339.365;
2134;519363;23832773.760;20561365.825;20972988.221;22016251.482;22485094.332;20505382.505;21779314.119;24503738.081;24833002.571;
2134;519364;23832150.197;20561156.607;20973333.381;22015885.208;22484654.524;20505603.067;21778899.740;24504295.455;24833662.909;
2134;519365;23831528.118;20560946.720;20973679.395;22015520.425;22484214.028;20505824.392;21778484.180;24504854.159;24834324.956;
2134;519366;23830902.838;20560737.160;20974026.560;22015156.511;22483772.390;20506047.236;21778072.656;24505414.614;24834986.493;
2134;519367;23830279.213;20560529.657;20974374.837;22014790.328;22483333.420;20506267.566;21777656.540;24505973.153;24835650.580;
2134;519368;23829655.902;20560320.478;20974719.860;22014423.872;22482893.702;20506490.126;21777242.511;24506534.240;24836309.872;
2134;519369;23829030.996;20560113.575;20975066.978;22014057.065;22482452.853;20506712.121;21776828.719;24507088.198;24836972.139;
2134;519370;23828408.314;20559904.107;20975413.241;22013692.311;22482010.893;20506933.709;21776414.142;24507647.366;24837633.688;
2134;519371;23827783.355;20559694.565;20975760.636;22013327.296;22481573.649;20507157.237;21776000.728;24508206.154;24838295.317;
2134;519372;23827159.706;20559489.257;20976105.524;22012961.129;22481133.380;20507378.053;21775587.009;24508763.928;24838957.587;
2134;519373;23826536.097;20559281.943;20976454.671;22012598.101;22480694.544;20507600.809;21775175.068;24509324.399;24839618.161;
2134;519374;23825912.047;20559073.716;20976803.302;22012231.434;22480255.244;20507822.586;21774759.850;24509882.129;24840282.831;
2134;519375;23825288.997;20558864.041;20977148.896;22011866.345;22479816.825;20508047.595;21774347.727;24510440.270;24840944.104;
2134;519376;23824667.568;20558657.062;20977495.083;22011501.810;22479375.983;20508269.065;21773935.334;24510997.252;24841606.208;
2134;519377;23824042.387;20558449.539;20977844.181;22011137.732;22478939.506;20508492.119;21773517.854;24511557.760;24842267.295;
2134;519378;23823417.899;20558240.669;20978190.714;22010771.556;22478499.584;20508716.438;21773106.755;24512118.312;24842930.509;
2134;519379;23822795.676;20558035.249;20978541.784;22010406.919;22478058.553;20508939.361;21772691.962;24512673.526;24843590.082;
2134;519380;23822172.019;20557825.464;20978887.792;22010044.008;22477621.853;20509160.981;21772280.341;24513233.118;24844253.546;
2134;519381;23821548.161;20557619.169;20979235.301;22009679.263;22477179.641;20509383.437;21771867.934;24513789.976;24844914.153;
2134;519382;23820924.633;20557412.187;20979585.540;22009314.482;22476741.499;20509607.785;21771453.911;24514348.261;24845575.024;
2134;519383;23820300.441;20557205.370;20979931.937;22008949.114;22476303.532;20509831.515;21771039.699;24514908.640;24846238.702;
2134;519384;23819678.417;20556997.158;20980281.055;22008586.685;22475865.129;20510056.587;21770628.853;24515468.333;24846898.841;
2134;519385;23819056.097;20556791.190;20980630.407;22008223.202;22475426.737;20510279.264;21770213.879;24516025.763;24847562.538;
2134;519386;23818433.146;20556582.267;20980977.918;22007858.404;22474987.096;20510501.662;21769800.500;24516584.147;24848223.327;
2134;519387;23817808.425;20556377.469;20981325.124;22007495.881;22474549.052;20510727.036;21769388.029;24517142.534;24848885.076;
2134;519388;23817185.521;20556172.164;20981675.089;22007130.084;22474111.377;20510951.286;21768974.670;24517702.533;24849548.401;
2134;519389;23816560.201;20555964.528;20982022.315;22006766.533;22473675.135;20511174.674;21768562.307;24518258.181;24850208.595;
2134;519390;23815938.373;20555757.085;20982372.079;22006405.400;22473234.768;20511400.370;21768149.366;24518818.288;24850870.226;
2134;519391;23815315.440;20555554.111;20982719.134;22006042.103;22472796.051;20511621.975;21767736.990;24519374.770;24851530.403;
2134;519392;23814692.505;20555346.474;20983067.272;22005677.173;22472357.911;20511848.444;21767322.957;24519936.747;24852193.123;
2134;519393;23814070.276;20555139.509;20983417.077;22005314.540;22471922.794;20512073.266;21766911.677;24520495.451;24852854.425;
2134;519394;23813447.448;20554933.411;20983766.905;22004950.737;22471483.351;20512297.607;21766499.263;24521052.695;24853515.232;
2134;519395;23812823.971;20554729.854;20984115.138;22004586.958;22471044.965;20512520.467;21766085.045;24521613.337;24854178.197;
2134;519396;23812199.945;20554521.517;20984464.601;22004225.324;22470608.757;20512748.277;21765673.869;24522169.287;24854841.627;
2134;519397;23811578.022;20554317.595;20984812.845;22003863.095;22470170.441;20512972.814;21765260.707;24522727.108;24855500.168;
2134;519398;23810952.983;20554111.344;20985162.574;22003500.046;22469734.329;20513195.324;21764848.470;24523288.890;24856162.779;
2134;519399;23810330.775;20553904.117;20985512.290;22003137.209;22469294.274;20513422.588;21764436.227;24523845.722;24856822.861;
2134;519400;23809708.986;20553701.881;20985861.604;22002771.438;22468859.804;20513649.560;21764023.985;24524404.310;24857486.504;
2134;519401;23809083.553;20553493.984;20986209.871;22002410.434;22468422.734;20513872.569;21763610.535;24524962.393;24858146.289;
2134;519402;23808462.687;20553288.770;20986562.109;22002049.935;22467985.341;20514098.206;21763198.268;24525522.772;24858808.750;
2134;519403;23807837.879;20553084.853;20986912.940;22001684.833;22467548.155;20514323.973;21762785.839;24526081.890;24859470.848;
2134;519404;23807216.122;20552877.955;20987260.229;22001322.883;22467110.637;20514549.935;21762374.979;24526639.090;24860132.539;
2134;519405;23806592.878;20552675.052;20987611.329;22000962.505;22466670.800;20514774.209;21761961.462;24527200.613;24860791.737;
2134;519406;23805970.401;20552468.965;20987961.005;22000599.353;22466239.088;20515000.973;21761551.574;24527756.228;24861455.664;
2134;519407;23805349.093;20552264.931;20988312.177;22000238.087;22465799.446;20515228.023;21761137.959;24528317.496;24862115.369;
2134;519408;23804726.455;20552060.040;20988661.501;21999877.612;22465364.606;20515452.993;21760727.035;24528875.071;24862776.730;
2134;519409;23804102.389;20551853.918;20989012.709;21999511.432;22464928.027;20515683.064;21760314.583;24529433.775;24863439.449;
2134;519410;23803480.768;20551650.218;20989363.350;21999151.638;22464492.633;20515905.183;21759904.069;24529992.022;24864100.267;
2134;519411;23802857.363;20551447.296;20989713.533;21998790.430;22464054.455;20516132.022;21759489.107;24530549.775;24864760.220;
2134;519412;23802233.552;20551243.193;20990064.615;21998427.703;22463617.628;20516359.667;21759076.473;24531109.371;24865425.775;
2134;519413;23801610.103;20551040.569;20990414.420;21998067.876;22463180.236;20516585.006;21758667.081;24531668.450;24866085.047;
2134;519414;23800989.730;20550834.675;20990767.602;21997705.977;22462746.081;20516811.918;21758255.339;24532227.503;24866746.151;
2134;519415;23800363.713;20550630.758;20991116.744;21997344.110;22462310.881;20517038.472;21757843.452;24532786.436;24867407.452;
2134;519416;23799743.091;20550426.174;20991465.960;21996983.175;22461872.969;20517263.493;21757429.990;24533343.106;24868068.890;
2134;519417;23799118.255;20550224.206;20991819.556;21996621.457;22461437.754;20517492.382;21757019.134;24533903.826;24868731.812;
2134;519418;23798498.620;20550019.731;20992167.874;21996261.019;22461002.004;20517719.843;21756608.253;24534462.627;24869393.208;
2134;519419;23797875.383;20549816.417;20992519.280;21995899.341;22460566.704;20517947.176;21756197.140;24535022.899;24870054.616;
2134;519420;23797253.444;20549612.092;20992872.069;21995538.990;22460132.069;20518173.404;21755784.819;24535579.313;24870714.457;
2134;519421;23796630.976;20549411.211;20993222.277;21995178.056;22459698.529;20518403.263;21755375.733;24536139.082;24871376.813;
2134;519422;23796009.706;20549205.146;20993574.804;21994818.915;22459261.400;20518627.431;21754963.216;24536696.308;24872038.910;
2134;519423;23795382.808;20549004.042;20993924.398;21994457.464;22458825.198;20518855.798;21754550.539;24537255.693;24872699.132;
2134;519424;23794763.475;20548800.819;20994277.913;21994099.052;22458387.920;20519083.805;21754141.128;24537813.332;24873359.506;
2134;519425;23794140.022;20548596.282;20994630.520;21993737.748;22457955.580;20519313.324;21753729.068;24538373.390;24874023.665;
2134;519426;23793517.925;20548393.920;20994981.239;21993374.678;22457522.477;20519540.144;21753316.335;24538933.835;24874684.935;
2134;519427;23792893.965;20548191.666;20995335.419;21993015.237;22457087.603;20519768.045;21752905.915;24539491.837;24875343.731;
2134;519428;23792272.725;20547990.241;20995685.906;21992658.282;22456651.448;20519996.696;21752495.835;24540049.675;24876004.858;
2134;519429;23791650.329;20547786.527;20996038.173;21992297.453;22456217.813;20520225.497;21752084.396;24540611.052;24876667.716;
2134;519430;23791028.688;20547585.549;20996393.035;21991934.910;22455781.065;20520453.785;21751672.875;24541168.390;24877328.130;
2134;519431;23790406.693;20547381.562;20996743.689;21991578.333;22455346.848;20520680.956;21751262.423;24541729.674;24877990.186;
2134;519432;23789784.086;20547180.741;20997096.377;21991214.936;22454910.975;20520909.531;21750851.105;24542287.254;24878650.756;
2134;519433;23789162.339;20546979.215;20997448.180;21990858.037;22454479.118;20521138.152;21750440.232;24542847.646;24879310.846;
2134;519434;23788539.367;20546775.152;20997799.677;21990497.877;22454044.929;20521368.011;21750030.967;24543404.724;24879973.575;
2134;519435;23787917.891;20546574.431;20998152.112;21990138.701;22453610.113;20521596.770;21749617.269;24543964.507;24880633.044;
2134;519436;23787296.160;20546372.763;20998506.632;21989780.098;22453176.154;20521825.348;21749206.955;24544523.691;24881296.093;
2134;519437;23786675.471;20546170.354;20998858.092;21989421.727;22452741.253;20522056.234;21748798.588;24545082.588;24881957.649;
2134;519438;23786053.116;20545967.098;20999211.780;21989062.751;22452308.933;20522285.184;21748388.161;24545641.048;24882619.018;
2134;519439;23785429.594;20545767.569;20999565.151;21988702.947;22451873.795;20522514.858;21747976.328;24546201.079;24883281.046;
2134;519440;23784809.204;20545565.445;20999918.412;21988344.152;22451439.364;20522742.133;21747565.546;24546759.168;24883940.133;
2134;519441;23784187.968;20545364.545;21000269.689;21987987.479;22451006.096;20522971.631;21747153.707;24547317.893;24884603.494;
2134;519442;23783564.846;20545163.337;21000624.546;21987629.153;22450573.792;20523200.591;21746745.232;24547877.394;24885263.898;
2134;519443;23782945.305;20544963.692;21000976.488;21987266.611;22450140.561;20523432.827;21746335.429;24548435.301;24885923.608;
2134;519444;23782320.816;20544761.658;21001332.077;21986909.602;22449706.722;20523661.585;21745924.712;24548996.744;24886586.005;
2134;519445;23781698.978;20544562.718;21001683.420;21986549.701;22449274.014;20523891.759;21745513.101;24549554.115;24887246.443;
2134;519446;23781077.780;20544358.570;21002037.751;21986192.597;22448840.179;20524120.845;21745103.706;24550113.657;24887907.474;
2134;519447;23780457.545;20544156.416;21002391.714;21985836.291;22448406.719;20524351.226;21744692.815;24550673.255;24888570.886;
2134;519448;23779835.058;20543957.574;21002743.727;21985478.771;22447974.048;20524580.637;21744283.379;24551233.390;24889228.927;
2134;519449;23779214.248;20543756.739;21003099.462;21985119.075;22447541.459;20524812.846;21743874.760;24551790.670;24889890.936;
2134;519450;23778590.761;20543556.751;21003454.929;21984761.780;22447106.783;20525041.988;21743462.476;24552349.251;24890550.617;
2134;519451;23777970.187;20543355.905;21003807.218;21984403.562;22446673.115;20525272.765;21743051.517;24552908.635;24891213.032;
2134;519452;23777346.360;20543157.062;21004162.987;21984047.698;22446242.040;20525501.904;21742641.686;24553468.605;24891875.474;
2134;519453;23776724.469;20542956.981;21004516.328;21983689.404;22445810.255;20525734.471;21742232.224;24554029.328;24892537.119;
2134;519454;23776104.894;20542757.554;21004871.075;21983332.443;22445377.436;20525966.984;21741823.628;24554587.470;24893196.848;
2134;519455;23775484.599;20542557.807;21005224.170;21982974.662;22444945.951;20526196.217;21741415.015;24555147.432;24893857.552;
2134;519456;23774861.672;20542356.001;21005580.267;21982617.444;22444511.885;20526428.185;21741003.534;24555703.462;24894519.398;
2134;519457;23774237.129;20542154.966;21005936.512;21982260.821;22444079.467;20526657.666;21740591.983;24556265.022;24895181.450;
2134;519458;23773617.915;20541956.438;21006289.829;21981903.083;22443648.209;20526891.597;21740183.894;24556822.404;24895841.015;
2134;519459;23772995.979;20541758.067;21006641.996;21981546.137;22443216.724;20527118.664;21739774.172;24557380.376;24896499.576;
2134;519460;23772374.461;20541555.561;21006997.145;21981191.091;22442784.095;20527350.466;21739363.447;24557941.569;24897165.691;
2134;519461;23771753.014;20541356.505;21007353.751;21980834.870;22442351.049;20527583.693;21738954.792;24558499.024;24897825.223;
2134;519462;23771129.206;20541160.979;21007709.018;21980476.872;22441920.205;20527814.311;21738543.876;24559060.629;24898484.433;
2134;519463;23770508.332;20540959.760;21008063.414;21980119.563;22441487.850;20528046.450;21738134.616;24559619.939;24899147.151;
2134;519464;23769889.860;20540761.176;21008419.758;21979763.570;22441055.659;20528279.945;21737726.345;24560177.547;24899807.180;
2134;519465;23769268.219;20540562.024;21008773.767;21979406.555;22440622.363;20528509.995;21737317.270;24560739.974;24900469.069;
2134;519466;23768643.486;20540363.504;21009129.761;21979052.079;22440194.541;20528744.908;21736906.919;24561295.999;24901131.014;
2134;519467;23768022.687;20540164.017;21009485.298;21978695.331;22439763.219;20528974.727;21736497.721;24561858.390;24901791.225;
2134;519468;23767402.671;20539965.612;21009839.266;21978340.689;22439331.217;20529207.970;21736088.383;24562414.353;24902451.200;
2134;519469;23766780.316;20539767.595;21010194.926;21977982.181;22438898.674;20529440.087;21735678.830;24562974.687;24903112.622;
2134;519470;23766159.810;20539567.943;21010551.735;21977628.091;22438469.059;20529673.476;21735270.285;24563533.833;24903773.269;
2134;519471;23765538.473;20539369.801;21010908.591;21977271.981;22438036.501;20529904.727;21734862.449;24564095.416;24904433.359;
2134;519472;23764918.408;20539172.322;21011262.479;21976915.375;22437606.273;20530136.537;21734452.705;24564653.815;24905094.636;
2134;519473;23764294.830;20538973.651;21011618.963;21976559.664;22437174.370;20530368.564;21734044.190;24565211.657;24905757.017;
2134;519474;23763674.761;20538777.252;21011976.704;21976203.663;22436744.620;20530604.294;21733634.213;24565770.384;24906417.548;
2134;519475;23763054.027;20538577.773;21012332.739;21975847.792;22436314.845;20530834.890;21733226.996;24566330.324;24907077.763;
2134;519476;23762432.978;20538379.877;21012688.409;21975492.763;22435884.844;20531070.521;21732815.984;24566889.163;24907737.976;
2134;519477;23761812.092;20538183.396;21013045.569;21975137.830;22435452.952;20531303.474;21732407.566;24567450.804;24908398.615;
2134;519478;23761189.670;20537983.895;21013401.140;21974781.472;22435024.541;20531535.247;21731996.858;24568009.781;24909060.122;
2134;519479;23760569.398;20537787.283;21013760.442;21974428.203;22434593.490;20531770.420;21731589.383;24568569.656;24909722.809;
2134;519480;23759949.254;20537588.703;21014114.103;21974073.001;22434161.570;20532005.248;21731180.906;24569127.345;24910382.902;
2134;519481;23759327.775;20537390.492;21014472.296;21973716.293;22433731.542;20532237.378;21730772.301;24569687.270;24911043.935;
2134;519482;23758708.379;20537196.095;21014828.487;21973363.558;22433301.292;20532471.169;21730363.208;24570244.501;24911705.611;
2134;519483;23758084.163;20536997.410;21015184.737;21973007.302;22432873.416;20532704.610;21729955.032;24570804.679;24912365.088;
2134;519484;23757465.131;20536800.068;21015540.684;21972652.401;22432442.595;20532937.300;21729547.651;24571363.890;24913026.828;
2134;519485;23756845.665;20536604.957;21015899.322;21972300.189;22432010.773;20533172.402;21729138.843;24571925.018;24913688.307;
2134;519486;23756224.056;20536407.737;21016258.690;21971945.535;22431580.699;20533406.948;21728730.181;24572483.763;24914347.568;
2134;519487;23755604.639;20536210.902;21016615.651;21971588.535;22431152.433;20533640.799;21728320.212;24573043.061;24915008.934;
2134;519488;23754981.989;20536013.437;21016970.852;21971236.139;22430724.355;20533875.952;21727913.299;24573603.248;24915667.394;
2134;519489;23754362.584;20535817.432;21017327.914;21970880.551;22430294.822;20534108.738;21727504.079;24574161.705;24916328.543;
2134;519490;23753741.378;20535620.037;21017686.730;21970526.094;22429865.141;20534343.684;21727096.949;24574723.714;24916992.483;
2134;519491;23753121.192;20535425.409;21018042.406;21970173.384;22429437.206;20534579.037;21726688.311;24575280.039;24917649.835;
2134;519492;23752500.549;20535227.006;21018400.379;21969818.653;22429005.648;20534813.437;21726280.109;24575840.437;24918311.463;
2134;519493;23751878.172;20535031.687;21018757.173;21969464.990;22428578.054;20535048.853;21725871.008;24576399.812;24918971.649;
2134;519494;23751259.926;20534835.410;21019116.509;21969111.208;22428147.849;20535283.823;21725461.665;24576961.645;24919632.187;
2134;519495;23750638.407;20534639.050;21019474.681;21968758.660;22427720.007;20535518.148;21725054.279;24577519.679;24920293.304;
2134;519496;23750018.304;20534443.928;21019834.092;21968403.413;22427290.625;20535754.104;21724647.323;24578077.989;24920954.227;
2134;519497;23749398.783;20534247.103;21020190.030;21968053.124;22426862.248;20535987.251;21724237.937;24578640.666;24921612.675;
2134;519498;23748777.587;20534052.523;21020549.800;21967698.918;22426434.275;20536225.485;21723831.939;24579197.517;24922274.381;
2134;519499;23748156.609;20533857.263;21020907.216;21967344.127;22426004.024;20536461.052;21723426.312;24579755.920;24922936.970;
2134;519500;23747536.093;20533661.430;21021265.491;21966993.123;22425574.400;20536695.774;21723017.931;24580317.440;24923598.478;
2134;519501;23746914.900;20533465.957;21021627.269;21966637.722;22425147.422;20536931.421;21722607.768;24580875.990;24924258.253;
2134;519502;23746295.031;20533270.012;21021982.840;21966283.265;22424718.294;20537167.053;21722200.226;24581435.588;24924916.945;
2134;519503;23745675.576;20533075.734;21022341.637;21965933.039;22424291.486;20537401.337;21721792.078;24581996.069;24925578.545;
2134;519504;23745054.961;20532879.834;21022700.771;21965579.714;22423862.153;20537639.138;21721384.972;24582555.588;24926239.963;
2134;519505;23744436.110;20532684.640;21023059.674;21965228.392;22423435.393;20537874.561;21720977.023;24583116.263;24926899.870;
2134;519506;23743815.191;20532492.349;21023418.950;21964875.298;22423008.374;20538113.647;21720569.836;24583674.932;24927562.413;
2134;519507;23743194.769;20532296.400;21023776.620;21964523.062;22422578.063;20538348.656;21720162.017;24584233.690;24928221.455;
2134;519508;23742572.700;20532101.986;21024135.844;21964171.372;22422151.634;20538582.219;21719756.247;24584793.258;24928881.307;
2134;519509;23741953.502;20531905.113;21024497.064;21963819.502;22421722.374;20538817.295;21719347.675;24585352.429;24929542.010;
2134;519510;23741332.988;20531713.723;21024854.670;21963466.889;22421295.683;20539055.244;21718941.359;24585912.446;24930202.898;
2134;519511;23740714.105;20531517.833;21025213.295;21963115.978;22420869.185;20539295.235;21718532.932;24586473.285;24930863.786;
2134;519512;23740093.724;20531324.221;21025575.223;21962762.979;22420440.438;20539530.932;21718126.153;24587030.551;24931523.177;
2134;519513;23739472.227;20531129.835;21025932.668;21962411.667;22420014.149;20539767.499;21717719.131;24587591.930;24932185.600;
2134;519514;23738853.498;20530934.764;21026291.387;21962059.493;22419585.592;20540004.688;21717310.866;24588150.679;24932845.702;
2134;519515;23738231.278;20530742.433;21026653.796;21961708.628;22419161.093;20540243.149;21716904.496;24588711.715;24933504.008;
2134;519516;23737612.438;20530547.228;21027012.528;21961357.988;22418731.487;20540480.284;21716497.859;24589270.240;24934165.101;
2134;519517;23736991.129;20530353.344;21027369.691;21961005.574;22418303.826;20540715.409;21716089.788;24589829.319;24934825.686;
2134;519518;23736371.834;20530159.456;21027731.999;21960652.710;22417878.365;20540952.743;21715683.279;24590389.218;24935486.237;
2134;519519;23735753.103;20529964.283;21028092.223;21960303.267;22417451.151;20541192.788;21715277.455;24590949.737;24936146.970;
2134;519520;23735131.288;20529773.348;21028451.869;21959952.005;22417024.808;20541429.243;21714871.280;24591508.048;24936804.680;
2134;519521;23734510.006;20529579.399;21028812.548;21959602.237;22416599.003;20541668.290;21714462.527;24592068.197;24937468.974;
2134;519522;23733891.030;20529385.987;21029171.770;21959249.759;22416171.745;20541906.322;21714056.010;24592629.514;24938129.654;
2134;519523;23733273.066;20529193.327;21029535.218;21958900.548;22415746.410;20542141.521;21713651.306;24593188.800;24938788.806;
2134;519524;23732653.377;20529000.756;21029894.515;21958548.749;22415318.481;20542380.247;21713243.450;24593751.616;24939448.926;
2134;519525;23732031.767;20528807.612;21030255.120;21958197.176;22414893.218;20542618.481;21712836.280;24594307.366;24940109.604;
2134;519526;23731411.518;20528613.965;21030616.804;21957848.979;22414466.617;20542855.527;21712427.427;24594867.426;24940770.503;
2134;519527;23730791.595;20528421.589;21030976.081;21957497.217;22414039.790;20543095.012;21712023.254;24595429.301;24941431.089;
2134;519528;23730173.259;20528230.346;21031339.835;21957147.494;22413614.616;20543335.001;21711614.976;24595988.406;24942090.941;
2134;519529;23729553.631;20528037.620;21031699.355;21956798.679;22413188.395;20543572.603;21711209.210;24596546.809;24942750.540;
2134;519530;23728933.719;20527844.261;21032059.170;21956447.467;22412762.364;20543810.786;21710803.529;24597106.539;24943411.899;
2134;519531;23728312.738;20527651.856;21032420.498;21956097.438;22412334.764;20544052.205;21710397.056;24597665.993;24944069.759;
2134;519532;23727694.994;20527457.629;21032782.396;21955749.114;22411911.131;20544290.680;21709991.707;24598228.273;24944732.979;
2134;519533;23727076.577;20527265.932;21033142.837;21955398.095;22411485.702;20544528.595;21709584.915;24598787.326;24945390.395;
2134;519534;23726456.765;20527075.495;21033504.983;21955047.031;22411061.639;20544766.574;21709178.518;24599346.569;24946053.783;
2134;519535;23725837.467;20526884.138;21033866.267;21954700.015;22410634.811;20545005.266;21708771.842;24599906.278;24946712.479;
2134;519536;23725215.801;20526690.507;21034226.135;21954348.172;22410210.783;20545247.230;21708366.782;24600464.732;24947373.452;
2134;519537;23724599.194;20526499.280;21034588.372;21953998.145;22409784.648;20545485.831;21707961.013;24601026.839;24948035.010;
2134;519538;23723977.873;20526305.880;21034950.048;21953649.587;22409358.185;20545724.694;21707554.354;24601585.725;24948693.474;
2134;519539;23723360.042;20526117.097;21035310.134;21953301.441;22408934.152;20545963.024;21707147.512;24602144.785;24949355.002;
2134;519540;23722740.141;20525922.776;21035672.572;21952954.054;22408507.305;20546203.612;21706740.516;24602704.922;24950015.092;
2134;519541;23722120.942;20525732.499;21036033.058;21952603.325;22408083.751;20546444.173;21706335.060;24603264.939;24950674.660;
2134;519542;23721502.691;20525541.378;21036396.633;21952255.216;22407660.357;20546685.229;21705929.849;24603825.296;24951336.974;
2134;519543;23720882.159;20525351.702;21036759.553;21951904.596;22407236.820;20546925.462;21705524.824;24604384.772;24951996.191;
2134;519544;23720262.925;20525161.352;21037122.002;21951557.284;22406810.412;20547165.482;21705119.996;24604945.235;24952656.478;
2134;519545;23719644.588;20524969.752;21037483.694;21951208.147;22406385.412;20547405.456;21704712.404;24605505.407;24953316.532;
2134;519546;23719023.897;20524778.483;21037845.069;21950857.977;22405962.067;20547644.930;21704306.263;24606066.441;24953975.445;
2134;519547;23718404.954;20524588.217;21038209.399;21950511.434;22405535.569;20547885.301;21703900.803;24606625.182;24954635.455;
2134;519548;23717787.086;20524395.483;21038573.236;21950163.274;22405113.850;20548126.360;21703497.442;24607184.690;24955295.627;
2134;519549;23717168.389;20524204.140;21038934.678;21949813.888;22404688.512;20548365.774;21703092.433;24607744.940;24955956.238;
2134;519550;23716549.086;20524015.485;21039297.268;21949464.923;22404264.970;20548606.107;21702683.185;24608304.063;24956616.020;
2134;519551;23715928.653;20523826.175;21039660.761;21949117.239;22403841.508;20548848.527;21702280.051;24608864.273;24957277.007;
2134;519552;23715310.855;20523633.942;21040024.665;21948770.881;22403416.650;20549089.801;21701873.309;24609424.915;24957937.299;
2134;519553;23714692.609;20523444.817;21040384.879;21948421.550;22402995.058;20549330.803;21701468.882;24609984.591;24958594.874;
2134;519554;23714072.302;20523254.365;21040750.200;21948074.395;22402569.801;20549572.455;21701063.592;24610544.822;24959257.819;
2134;519555;23713453.204;20523064.561;21041112.639;21947725.687;22402146.226;20549812.178;21700656.679;24611105.119;24959916.425;
2134;519556;23712834.202;20522876.322;21041475.761;21947378.919;22401723.085;20550054.404;21700254.476;24611663.325;24960575.295;
2134;519557;23712214.576;20522687.170;21041841.439;21947031.289;22401299.550;20550298.032;21699848.370;24612224.482;24961235.037;
2134;519558;23711597.821;20522495.338;21042203.539;21946681.818;22400875.968;20550539.833;21699443.210;24612783.661;24961897.710;
2134;519559;23710978.102;20522305.950;21042566.166;21946334.959;22400452.942;20550778.390;21699038.198;24613344.921;24962555.552;
2134;519560;23710358.561;20522115.093;21042931.039;21945988.609;22400030.007;20551021.280;21698632.558;24613905.773;24963217.216;
2134;519561;23709739.428;20521926.192;21043293.818;21945639.458;22399606.467;20551262.835;21698230.088;24614463.221;24963877.142;
2134;519562;23709121.000;20521737.544;21043656.902;21945294.443;22399183.622;20551503.921;21697823.290;24615023.784;24964534.940;
2134;519563;23708502.572;20521544.841;21044021.463;21944946.736;22398761.847;20551746.492;21697417.913;24615583.511;24965197.529;
2134;519564;23707882.786;20521359.337;21044386.193;21944601.866;22398339.470;20551989.322;21697011.692;24616146.730;24965858.226;
2134;519565;23707264.143;20521170.470;21044749.050;21944253.719;22397916.392;20552232.559;21696606.830;24616705.817;24966517.718;
2134;519566;23706646.066;20520982.613;21045112.454;21943906.791;22397492.831;20552472.636;21696202.722;24617267.008;24967178.165;
2134;519567;23706028.390;20520793.656;21045478.623;21943558.817;22397070.328;20552715.850;21695799.723;24617825.853;24967836.609;
2134;519568;23705407.137;20520602.942;21045840.983;21943212.758;22396647.971;20552961.936;21695394.864;24618384.009;24968497.434;
2134;519569;23704790.942;20520414.173;21046207.653;21942867.842;22396225.086;20553202.721;21694990.881;24618945.865;24969157.243;
2134;519570;23704170.892;20520229.799;21046570.789;21942522.538;22395802.106;20553444.315;21694583.193;24619504.075;24969815.853;
2134;519571;23703550.956;20520038.539;21046936.751;21942174.406;22395381.543;20553687.088;21694180.221;24620064.827;24970476.398;
2134;519572;23702933.937;20519850.836;21047299.554;21941828.071;22394960.128;20553931.581;21693776.211;24620626.735;24971135.669;
2134;519573;23702315.622;20519663.512;21047665.547;21941484.295;22394536.467;20554173.329;21693370.061;24621185.904;24971795.591;
2134;519574;23701696.772;20519475.074;21048029.232;21941137.366;22394114.653;20554415.596;21692967.491;24621744.738;24972456.328;
2134;519575;23701078.185;20519286.990;21048397.104;21940790.092;22393693.509;20554661.173;21692565.387;24622307.293;24973117.174;
2134;519576;23700459.993;20519097.881;21048760.020;21940447.975;22393273.471;20554904.906;21692158.034;24622866.302;24973776.839;
2134;519577;23699841.282;20518910.258;21049125.521;21940101.036;22392849.735;20555149.206;21691755.894;24623424.396;24974434.877;
2134;519578;23699224.067;20518723.671;21049492.074;21939754.012;22392430.435;20555392.030;21691349.756;24623987.323;24975095.791;
2134;519579;23698606.642;20518536.236;21049856.898;21939408.601;22392008.024;20555635.480;21690945.945;24624547.453;24975755.985;
2134;519580;23697988.180;20518348.051;21050222.024;21939064.175;22391586.748;20555879.288;21690541.953;24625106.583;24976415.992;
2134;519581;23697370.268;20518161.937;21050586.420;21938719.430;22391164.204;20556122.695;21690135.399;24625665.951;24977075.447;
2134;519582;23696750.868;20517973.445;21050952.513;21938374.966;22390743.581;20556365.974;21689734.991;24626225.587;24977734.299;
2134;519583;23696133.440;20517784.847;21051318.357;21938031.341;22390322.063;20556611.216;21689330.548;24626788.340;24978394.343;
2134;519584;23695515.613;20517598.818;21051683.337;21937684.263;22389900.967;20556855.982;21688929.339;24627348.566;24979053.577;
2134;519585;23694897.322;20517413.249;21052048.364;21937340.008;22389480.849;20557100.637;21688521.642;24627908.081;24979711.622;
2134;519586;23694277.949;20517226.219;21052414.072;21936994.417;22389060.761;20557344.122;21688118.441;24628467.003;24980373.110;
2134;519587;23693661.664;20517040.068;21052780.186;21936651.399;22388637.916;20557589.018;21687717.227;24629028.890;24981032.000;
2134;519588;23693043.007;20516853.529;21053148.907;21936308.996;22388217.198;20557833.987;21687311.975;24629587.884;24981692.002;
2134;519589;23692427.706;20516666.587;21053513.503;21935962.983;22387799.156;20558078.537;21686906.995;24630150.604;24982352.551;
2134;519590;23691809.092;20516479.437;21053878.592;21935617.796;22387378.507;20558323.348;21686501.546;24630709.160;24983011.769;
2134;519591;23691191.127;20516292.851;21054246.083;21935274.401;22386956.136;20558567.260;21686100.259;24631269.906;24983672.839;
2134;519592;23690573.302;20516106.093;21054610.636;21934931.367;22386536.344;20558812.611;21685697.425;24631831.346;24984330.611;
2134;519593;23689955.896;20515919.780;21054977.913;21934586.296;22386116.640;20559057.823;21685292.800;24632389.300;24984992.200;
2134;519594;23689338.275;20515736.114;21055345.385;21934243.411;22385696.066;20559305.014;21684888.573;24632950.731;24985652.072;
2134;519595;23688720.126;20515547.382;21055712.863;21933898.922;22385273.984;20559550.308;21684484.633;24633511.833;24986310.544;
2134;519596;23688102.195;20515363.315;21056079.706;21933556.819;22384855.630;20559794.245;21684081.241;24634070.048;24986968.879;
2134;519597;23687483.899;20515176.817;21056447.064;21933211.507;22384437.317;20560040.400;21683679.239;24634631.860;24987626.905;
2134;519598;23686866.850;20514991.154;21056812.891;21932869.210;22384017.832;20560286.329;21683276.015;24635189.891;24988289.027;
2134;519599;23686248.390;20514806.072;21057180.141;21932527.377;22383597.806;20560532.694;21682871.908;24635752.110;24988947.220;
2134;519600;23685630.568;20514622.798;21057546.634;21932183.279;22383179.722;20560778.655;21682469.931;24636312.887;24989606.676;
2134;519601;23685012.266;20514435.633;21057915.880;21931841.001;22382759.187;20561024.977;21682067.650;24636873.823;24990268.425;
2134;519602;23684395.140;20514251.534;21058279.087;21931496.977;22382339.266;20561271.014;21681662.949;24637432.175;24990925.642;
2134;519603;23683778.832;20514066.674;21058649.437;21931154.745;22381921.663;20561515.695;21681262.342;24637994.600;24991587.563;
2134;519604;23683159.393;20513881.566;21059016.756;21930809.972;22381498.990;20561763.867;21680858.660;24638552.137;24992247.802;
2134;519605;23682542.506;20513694.160;21059385.137;21930469.373;22381083.508;20562007.709;21680453.136;24639114.330;24992904.379;
2134;519606;23681925.071;20513512.138;21059751.664;21930125.174;22380661.819;20562256.004;21680052.670;24639675.336;24993565.158;
2134;519607;23681307.735;20513326.436;21060119.009;21929780.928;22380246.126;20562502.027;21679648.514;24640236.061;24994223.753;
2134;519608;23680689.422;20513142.088;21060484.838;21929440.690;22379825.348;20562748.307;21679244.350;24640795.619;24994881.666;
2134;519609;23680072.806;20512956.744;21060854.113;21929098.251;22379405.315;20562995.410;21678845.249;24641356.889;24995542.726;
2134;519610;23679454.228;20512772.093;21061221.513;21928756.015;22378988.158;20563243.902;21678441.932;24641917.393;24996202.435;
2134;519611;23678836.995;20512588.824;21061588.434;21928413.645;22378569.860;20563489.820;21678038.467;24642478.435;24996862.738;
2134;519612;23678219.264;20512404.513;21061957.064;21928072.261;22378152.242;20563737.863;21677635.224;24643039.057;24997519.035;
2134;519613;23677600.347;20512218.481;21062325.720;21927728.671;22377731.931;20563985.415;21677231.344;24643598.471;24998180.061;
2134;519614;23676985.967;20512036.307;21062695.616;21927387.108;22377315.213;20564230.732;21676830.922;24644158.283;24998840.662;
2134;519615;23676367.729;20511850.599;21063064.247;21927045.679;22376896.677;20564478.054;21676426.242;24644719.024;24999498.354;
2134;519616;23675749.816;20511667.555;21063432.699;21926705.244;22376478.820;20564726.271;21676025.174;24645281.042;25000158.522;
2134;519617;23675130.402;20511483.043;21063799.251;21926363.125;22376058.520;20564974.302;21675624.559;24645840.742;25000817.291;
2134;519618;23674516.517;20511301.867;21064169.619;21926021.023;22375641.810;20565221.448;21675221.645;24646399.795;25001477.800;
2134;519619;23673898.799;20511119.099;21064537.586;21925680.570;22375224.959;20565470.226;21674820.430;24646962.774;25002136.907;
2134;519620;23673282.098;20510933.563;21064907.989;21925338.653;22374807.632;20565717.667;21674415.001;24647524.252;25002794.941;
2134;519621;23672664.229;20510750.838;21065277.361;21924995.449;22374390.047;20565966.645;21674013.167;24648082.836;25003454.610;
2134;519622;23672048.250;20510568.393;21065643.819;21924655.153;22373971.816;20566213.764;21673610.177;24648641.464;25004113.325;
2134;519623;23671429.846;20510384.274;21066014.878;21924314.209;22373554.455;20566463.421;21673211.221;24649202.607;25004773.358;
2134;519624;23670811.129;20510200.991;21066383.342;21923975.122;22373135.115;20566712.251;21672808.433;24649762.747;25005432.057;
2134;519625;23670195.255;20510017.176;21066751.918;21923632.167;22372720.963;20566959.132;21672404.733;24650325.362;25006088.381;
2134;519626;23669577.677;20509835.723;21067120.787;21923293.372;22372302.420;20567208.594;21672004.640;24650884.732;25006751.160;
2134;519627;23668960.855;20509653.615;21067490.171;21922952.261;22371884.379;20567457.639;21671600.900;24651444.455;25007411.400;
2134;519628;23668345.659;20509471.326;21067861.228;21922611.501;22371468.333;20567706.406;21671197.095;24652007.253;25008069.760;
2134;519629;23667728.142;20509287.627;21068229.038;21922270.799;22371050.876;20567956.084;21670797.740;24652566.224;25008728.991;
2134;519630;23667111.702;20509105.693;21068599.205;21921929.142;22370633.137;20568204.351;21670395.317;24653128.044;25009387.564;
2134;519631;23666494.740;20508924.731;21068968.128;21921589.252;22370218.529;20568454.165;21669996.123;24653688.213;25010046.475;
2134;519632;23665879.735;20508742.511;21069338.629;21921248.871;22369799.125;20568701.599;21669593.022;24654248.299;25010705.451;
2134;519633;23665262.850;20508558.630;21069710.123;21920908.483;22369385.773;20568950.971;21669192.840;24654809.462;25011364.502;
2134;519634;23664646.050;20508377.539;21070078.767;21920569.547;22368968.965;20569199.464;21668790.736;24655369.525;25012023.806;
2134;519635;23664028.752;20508195.098;21070448.148;21920228.326;22368552.284;20569449.830;21668389.226;24655930.166;25012682.218;
2134;519636;23663413.674;20508013.953;21070818.806;21919887.193;22368134.593;20569699.308;21667987.380;24656491.740;25013341.970;
2134;519637;23662796.142;20507831.590;21071189.951;21919549.812;22367717.893;20569948.372;21667584.821;24657050.682;25014002.295;
2134;519638;23662178.979;20507650.547;21071559.594;21919210.981;22367304.090;20570196.573;21667183.467;24657611.286;25014661.424;
2134;519639;23661562.460;20507470.090;21071931.027;21918871.281;22366888.282;20570449.575;21666782.192;24658173.890;25015318.681;
2134;519640;23660946.300;20507289.041;21072300.822;21918531.807;22366470.597;20570699.863;21666379.930;24658732.877;25015978.472;
2134;519641;23660329.925;20507107.031;21072670.305;21918193.345;22366055.333;20570951.134;21665981.004;24659293.561;25016638.861;
2134;519642;23659712.945;20506924.130;21073042.660;21917852.900;22365641.220;20571199.458;21665579.442;24659856.321;25017295.534;
2134;519643;23659097.199;20506743.093;21073412.805;21917513.067;22365225.127;20571449.921;21665177.794;24660414.655;25017954.012;
2134;519644;23658480.456;20506562.475;21073781.517;21917173.718;22364811.019;20571700.111;21664776.062;24660975.364;25018613.608;
2134;519645;23657865.361;20506383.799;21074156.767;21916837.399;22364392.358;20571950.187;21664375.616;24661537.115;25019272.989;
2134;519646;23657250.433;20506203.109;21074526.121;21916499.110;22363979.058;20572200.675;21663973.900;24662098.049;25019931.744;
2134;519647;23656632.350;20506023.575;21074896.507;21916160.368;22363562.270;20572451.423;21663572.904;24662660.991;25020589.903;
2134;519648;23656016.868;20505842.545;21075269.418;21915819.581;22363148.509;20572703.048;21663172.480;24663217.966;25021250.417;
2134;519649;23655399.120;20505660.383;21075639.420;21915481.113;22362731.510;20572954.219;21662772.325;24663778.890;25021908.799;
2134;519650;23654784.319;20505481.145;21076011.990;21915142.515;22362318.404;20573205.687;21662371.975;24664339.722;25022568.495;
2134;519651;23654166.840;20505301.064;21076383.528;21914805.987;22361906.076;20573456.849;21661969.432;24664901.295;25023225.586;
2134;519652;23653550.942;20505120.275;21076752.576;21914466.896;22361488.257;20573707.428;21661570.347;24665463.638;25023885.675;
2134;519653;23652934.104;20504939.618;21077125.582;21914130.318;22361072.364;20573958.877;21661168.511;24666022.961;25024543.316;
2134;519654;23652319.232;20504758.971;21077498.388;21913792.107;22360658.249;20574209.497;21660768.728;24666584.809;25025202.848;
2134;519655;23651701.786;20504579.254;21077869.105;21913452.439;22360244.636;20574461.137;21660368.739;24667142.728;25025862.331;
2134;519656;23651088.341;20504401.878;21078242.988;21913116.131;22359831.509;20574713.644;21659968.059;24667705.177;25026520.502;
2134;519657;23650469.980;20504219.650;21078612.641;21912777.264;22359414.482;20574965.465;21659567.098;24668267.993;25027178.539;
2134;519658;23649855.086;20504043.145;21078983.946;21912439.626;22359002.256;20575216.993;21659166.288;24668826.038;25027837.573;
2134;519659;23649238.933;20503863.686;21079356.517;21912105.299;22358586.022;20575467.422;21658764.665;24669386.776;25028496.812;
2134;519660;23648622.482;20503682.063;21079728.683;21911765.666;22358172.577;20575721.144;21658365.505;24669948.689;25029155.783;
2134;519661;23648006.027;20503501.934;21080099.699;21911430.755;22357760.971;20575973.654;21657964.633;24670510.154;25029815.879;
2134;519662;23647391.886;20503325.867;21080475.096;21911093.746;22357343.774;20576225.038;21657563.993;24671071.603;25030475.379;
2134;519663;23646775.380;20503144.404;21080845.877;21910756.303;22356929.886;20576479.124;21657162.841;24671630.547;25031131.663;
2134;519664;23646158.878;20502967.123;21081219.494;21910418.670;22356516.337;20576732.192;21656765.640;24672192.144;25031790.691;
2134;519665;23645540.223;20502786.929;21081592.600;21910081.973;22356104.153;20576983.862;21656364.686;24672753.027;25032449.094;
2134;519666;23644928.610;20502608.027;21081963.679;21909746.699;22355690.216;20577235.826;21655963.863;24673313.712;25033108.942;
2134;519667;23644311.579;20502431.858;21082338.622;21909408.982;22355278.320;20577487.647;21655565.017;24673874.807;25033768.585;
2134;519668;23643695.888;20502251.317;21082709.768;21909071.424;22354864.226;20577740.497;21655163.420;24674435.315;25034425.349;
2134;519669;23643078.502;20502071.401;21083084.798;21908737.139;22354451.121;20577994.088;21654766.546;24674999.170;25035085.613;
2134;519670;23642464.036;20501895.908;21083454.731;21908399.978;22354037.625;20578246.306;21654364.503;24675557.045;25035743.245;
2134;519671;23641848.846;20501716.851;21083829.103;21908065.119;22353623.853;20578501.680;21653965.058;24676118.701;25036403.456;
2134;519672;23641232.251;20501539.125;21084202.652;21907728.606;22353210.342;20578755.803;21653564.674;24676680.732;25037059.806;
2134;519673;23640617.085;20501360.616;21084576.784;21907392.424;22352798.181;20579010.826;21653164.829;24677240.265;25037719.032;
2134;519674;23640002.141;20501183.314;21084950.705;21907055.703;22352384.663;20579260.716;21652765.725;24677800.072;25038377.233;
2134;519675;23639386.419;20501005.788;21085322.533;21906719.344;22351974.042;20579516.906;21652365.333;24678361.515;25039036.814;
2134;519676;23638769.902;20500829.075;21085698.895;21906384.507;22351560.903;20579769.918;21651964.756;24678923.489;25039695.583;
2134;519677;23638154.970;20500650.555;21086070.457;21906048.345;22351147.648;20580022.865;21651566.011;24679484.613;25040353.828;
2134;519678;23637539.824;20500472.723;21086443.758;21905711.547;22350735.300;20580277.182;21651166.372;24680043.497;25041010.987;
2134;519679;23636924.411;20500295.823;21086819.461;21905377.656;22350323.975;20580531.293;21650764.562;24680607.530;25041672.512;
2134;519680;23636308.214;20500118.750;21087192.592;21905042.716;22349907.975;20580785.012;21650366.951;24681168.124;25042330.233;
2134;519681;23635694.430;20499942.848;21087565.663;21904707.670;22349498.777;20581038.479;21649969.061;24681728.440;25042988.389;
2134;519682;23635079.168;20499765.605;21087940.111;21904370.725;22349086.920;20581292.838;21649572.055;24682288.957;25043644.530;
2134;519683;23634463.281;20499587.439;21088315.160;21904037.147;22348675.944;20581547.508;21649170.703;24682849.834;25044306.618;
2134;519684;23633848.798;20499410.750;21088687.626;21903701.736;22348261.831;20581802.683;21648772.422;24683411.220;25044965.640;
2134;519685;23633232.946;20499234.704;21089063.002;21903368.013;22347849.234;20582056.978;21648371.525;24683972.797;25045622.224;
2134;519686;23632618.179;20499056.363;21089436.668;21903032.883;22347440.065;20582312.267;21647970.919;24684534.652;25046281.115;
2134;519687;23632005.850;20498880.457;21089810.177;21902697.247;22347030.015;20582567.014;21647572.032;24685094.932;25046937.970;
2134;519688;23631387.982;20498702.896;21090186.461;21902362.508;22346617.128;20582821.912;21647174.450;24685654.868;25047596.733;
2134;519689;23630773.975;20498525.383;21090562.097;21902028.502;22346204.640;20583077.155;21646774.290;24686216.486;25048254.169;
2134;519690;23630161.137;20498348.336;21090936.703;21901694.937;22345793.488;20583331.165;21646377.447;24686778.621;25048914.825;
2134;519691;23629543.448;20498175.436;21091311.592;21901361.223;22345384.081;20583587.418;21645978.022;24687338.051;25049571.385;
2134;519692;23628928.848;20497998.947;21091686.047;21901025.156;22344971.360;20583842.230;21645579.430;24687899.639;25050230.715;
2134;519693;23628313.839;20497823.341;21092060.046;21900692.118;22344561.190;20584097.535;21645179.082;24688462.933;25050888.538;
2134;519694;23627698.785;20497647.201;21092437.598;21900358.452;22344148.088;20584354.335;21644778.421;24689020.683;25051545.298;
2134;519695;23627084.764;20497473.207;21092811.510;21900024.390;22343738.137;20584609.014;21644381.745;24689583.033;25052204.509;
2134;519696;23626469.871;20497297.278;21093187.195;21899688.751;22343326.719;20584865.221;21643983.015;24690142.064;25052863.957;
2134;519697;23625855.354;20497119.722;21093563.449;21899357.032;22342918.762;20585121.889;21643584.856;24690704.509;25053520.479;
2134;519698;23625243.896;20496945.207;21093937.657;21899023.005;22342507.492;20585377.377;21643186.563;24691266.473;25054180.817;
2134;519699;23624625.870;20496770.335;21094313.335;21898689.033;22342095.969;20585633.156;21642786.571;24691827.667;25054837.147;
2134;519700;23624011.942;20496593.699;21094688.598;21898355.825;22341683.518;20585890.444;21642388.330;24692390.029;25055496.831;
2134;519701;23623397.899;20496420.752;21095064.543;21898022.378;22341274.928;20586147.381;21641988.948;24692948.848;25056155.000;
2134;519702;23622780.894;20496244.478;21095439.305;21897691.574;22340865.396;20586402.481;21641592.611;24693512.075;25056813.460;
2134;519703;23622167.073;20496069.670;21095814.107;21897354.632;22340453.735;20586659.886;21641194.254;24694072.324;25057469.836;
2134;519704;23621552.285;20495895.766;21096190.545;21897022.822;22340045.059;20586915.995;21640795.132;24694632.301;25058131.930;
2134;519705;23620936.939;20495720.112;21096567.227;21896687.810;22339635.892;20587171.893;21640396.174;24695193.697;25058789.688;
2134;519706;23620323.213;20495545.913;21096944.629;21896355.559;22339225.448;20587429.996;21639997.106;24695757.061;25059445.202;
2134;519707;23619708.693;20495371.554;21097319.792;21896024.717;22338815.342;20587686.723;21639599.669;24696315.777;25060105.556;
2134;519708;23619095.702;20495195.230;21097698.458;21895692.637;22338405.923;20587943.921;21639201.852;24696876.859;25060760.672;
2134;519709;23618480.165;20495022.833;21098071.553;21895357.497;22337997.578;20588200.489;21638803.872;24697440.380;25061419.570;
2134;519710;23617864.462;20494850.858;21098449.477;21895025.881;22337585.956;20588459.575;21638404.987;24698000.478;25062077.573;
2134;519711;23617251.909;20494673.643;21098824.509;21894693.604;22337176.408;20588716.342;21638008.734;24698562.086;25062734.918;
2134;519712;23616636.914;20494501.247;21099203.634;21894360.844;22336767.514;20588973.371;21637610.243;24699122.947;25063394.774;
2134;519713;23616021.705;20494326.600;21099578.307;21894028.353;22336359.713;20589229.746;21637213.214;24699685.355;25064052.934;
2134;519714;23615407.692;20494153.928;21099955.279;21893698.398;22335950.943;20589488.932;21636814.678;24700245.216;25064709.661;
2134;519715;23614794.799;20493976.392;21100334.338;21893366.875;22335541.357;20589747.539;21636417.014;24700807.002;25065369.526;
2134;519716;23614179.706;20493804.907;21100709.766;21893032.714;22335133.336;20590004.254;21636018.440;24701368.526;25066026.453;
2134;519717;23613566.795;20493632.400;21101086.282;21892703.947;22334722.121;20590260.452;21635619.995;24701929.366;25066683.070;
2134;519718;23612950.473;20493459.127;21101465.199;21892371.675;22334314.911;20590519.523;21635225.423;24702491.402;25067342.520;
2134;519719;23612336.031;20493284.854;21101843.539;21892040.685;22333903.977;20590776.958;21634825.616;24703051.473;25068000.290;
2134;519720;23611722.874;20493111.381;21102220.124;21891707.361;22333496.222;20591034.303;21634428.381;24703613.187;25068657.618;
2134;519721;23611109.228;20492938.649;21102596.310;21891379.153;22333089.032;20591294.570;21634030.296;24704174.902;25069316.501;
2134;519722;23610494.281;20492765.787;21102976.567;21891048.137;22332681.765;20591554.707;21633632.754;24704734.977;25069974.456;
2134;519723;23609878.876;20492593.691;21103352.765;21890716.339;22332273.435;20591812.247;21633236.471;24705297.768;25070632.444;
2134;519724;23609264.863;20492420.002;21103729.918;21890383.062;22331863.247;20592070.218;21632840.875;24705860.775;25071289.113;
2134;519725;23608651.838;20492245.262;21104105.987;21890054.719;22331457.194;20592328.283;21632441.010;24706419.707;25071948.192;
2134;519726;23608038.661;20492075.251;21104484.903;21889722.331;22331046.755;20592586.116;21632043.448;24706981.118;25072607.122;
2134;519727;23607423.614;20491903.839;21104862.947;21889390.693;22330640.996;20592845.328;21631648.200;24707541.624;25073264.041;
2134;519728;23606809.130;20491731.962;21105241.500;21889061.057;22330231.358;20593104.426;21631250.778;24708106.555;25073920.681;
2134;519729;23606196.005;20491558.418;21105618.096;21888732.429;22329824.636;20593365.784;21630854.219;24708668.582;25074579.117;
2134;519730;23605582.840;20491386.309;21105994.512;21888400.868;22329417.722;20593623.979;21630456.411;24709227.154;25075237.195;
2134;519731;23604969.089;20491214.266;21106374.398;21888071.001;22329009.241;20593884.651;21630059.833;24709788.088;25075896.707;
2134;519732;23604355.399;20491043.240;21106752.642;21887741.846;22328601.488;20594142.725;21629661.012;24710349.375;25076552.018;
2134;519733;23603742.192;20490870.781;21107130.647;21887412.061;22328194.305;20594401.820;21629264.089;24710910.532;25077210.019;
2134;519734;23603129.399;20490697.454;21107509.837;21887081.129;22327787.347;20594663.459;21628868.612;24711473.605;25077867.643;
2134;519735;23602515.905;20490528.759;21107888.425;21886751.568;22327380.560;20594923.491;21628472.520;24712034.696;25078526.555;
2134;519736;23601900.569;20490355.509;21108267.433;21886423.655;22326974.514;20595184.977;21628074.372;24712596.009;25079183.309;
2134;519737;23601287.686;20490185.760;21108645.828;21886093.426;22326565.831;20595442.541;21627678.493;24713158.263;25079842.111;
2134;519738;23600674.942;20490014.434;21109023.390;21885762.702;22326159.233;20595701.779;21627280.089;24713719.539;25080501.036;
2134;519739;23600061.611;20489841.357;21109402.313;21885432.601;22325752.058;20595963.655;21626885.274;24714279.023;25081157.331;
2134;519740;23599448.620;20489671.511;21109785.208;21885104.348;22325345.632;20596222.843;21626485.443;24714839.463;25081815.302;
2134;519741;23598835.123;20489498.771;21110163.125;21884775.574;22324939.810;20596485.416;21626089.083;24715402.920;25082474.312;
2134;519742;23598222.164;20489329.713;21110541.644;21884447.316;22324534.623;20596743.202;21625694.580;24715964.494;25083129.221;
2134;519743;23597608.559;20489157.659;21110920.983;21884117.541;22324127.730;20597005.165;21625297.165;24716524.555;25083787.170;
2134;519744;23596995.119;20488987.330;21111300.020;21883788.680;22323722.286;20597264.648;21624902.242;24717087.310;25084444.681;
2134;519745;23596381.673;20488817.958;21111679.638;21883459.839;22323314.203;20597527.210;21624505.649;24717648.928;25085103.338;
2134;519746;23595766.790;20488644.782;21112058.589;21883129.542;22322909.941;20597786.939;21624107.794;24718208.330;25085760.196;
2134;519747;23595156.347;20488476.671;21112438.412;21882801.387;22322499.922;20598049.690;21623709.770;24718770.592;25086416.601;
2134;519748;23594543.294;20488304.770;21112817.504;21882474.214;22322094.405;20598308.094;21623316.103;24719332.338;25087075.910;
2134;519749;23593930.282;20488135.728;21113197.792;21882145.142;22321689.892;20598571.518;21622921.047;24719893.796;25087733.117;
2134;519750;23593316.687;20487965.147;21113576.881;21881817.565;22321284.878;20598832.244;21622522.184;24720456.551;25088391.298;
2134;519751;23592702.701;20487795.000;21113957.291;21881488.222;22320878.201;20599093.632;21622126.585;24721016.884;25089048.934;
2134;519752;23592089.725;20487624.530;21114337.654;21881159.292;22320474.470;20599356.019;21621732.500;24721577.822;25089703.604;
2134;519753;23591475.705;20487456.023;21114717.422;21880831.628;22320066.140;20599618.597;21621336.749;24722141.511;25090363.616;
2134;519754;23590863.011;20487287.611;21115097.905;21880504.476;22319662.137;20599876.489;21620940.362;24722701.419;25091022.142;
2134;519755;23590252.187;20487118.104;21115477.652;21880175.568;22319256.995;20600140.841;21620544.976;24723261.695;25091677.996;
2134;519756;23589636.244;20486948.183;21115855.968;21879849.355;22318850.304;20600403.151;21620147.537;24723824.315;25092336.918;
2134;519757;23589025.196;20486776.715;21116237.803;21879521.497;22318446.658;20600664.264;21619751.687;24724387.767;25092992.325;
2134;519758;23588411.302;20486608.797;21116618.077;21879192.489;22318041.658;20600926.354;21619355.795;24724949.297;25093650.453;
2134;519759;23587800.341;20486437.768;21116999.330;21878865.902;22317635.953;20601189.344;21618959.074;24725509.258;25094306.698;
2134;519760;23587187.619;20486268.779;21117380.067;21878539.322;22317231.584;20601450.353;21618564.347;24726070.851;25094964.769;
2134;519761;23586573.581;20486101.083;21117762.450;21878210.460;22316827.569;20601713.659;21618171.788;24726633.040;25095623.571;
2134;519762;23585960.222;20485932.054;21118142.693;21877884.207;22316423.326;20601975.725;21617774.388;24727195.248;25096279.194;
2134;519763;23585346.584;20485765.329;21118524.489;21877557.652;22316018.925;20602239.963;21617377.359;24727755.986;25096938.184;
2134;519764;23584736.685;20485594.667;21118903.674;21877230.861;22315611.824;20602504.743;21616981.805;24728318.870;25097595.787;
2134;519765;23584122.620;20485427.124;21119284.832;21876904.136;22315207.288;20602765.897;21616587.343;24728878.660;25098253.766;
2134;519766;23583509.420;20485258.384;21119667.568;21876577.007;22314806.633;20603029.148;21616192.092;24729440.625;25098908.748;
2134;519767;23582897.423;20485090.462;21120046.329;21876249.992;22314400.921;20603291.512;21615795.215;24730002.179;25099567.254;
2134;519768;23582283.660;20484921.318;21120429.145;21875924.545;22313997.963;20603553.537;21615400.971;24730566.286;25100223.428;
2134;519769;23581669.711;20484754.601;21120812.607;21875597.830;22313592.706;20603817.581;21615004.534;24731126.906;25100882.911;
2134;519770;23581057.810;20484586.101;21121194.664;21875270.871;22313187.685;20604082.355;21614611.165;24731688.374;25101539.724;
2134;519771;23580446.328;20484416.747;21121573.688;21874943.755;22312785.849;20604344.848;21614217.307;24732248.532;25102196.439;
2134;519772;23579833.363;20484252.227;21121957.141;21874618.707;22312383.145;20604608.386;21613820.262;24732811.119;25102853.553;
2134;519773;23579221.260;20484080.912;21122337.182;21874293.098;22311976.887;20604872.881;21613425.855;24733372.458;25103509.754;
2134;519774;23578608.295;20483914.477;21122718.014;21873966.541;22311575.380;20605135.558;21613031.013;24733933.949;25104166.535;
2134;519775;23577996.442;20483745.502;21123100.254;21873640.934;22311170.832;20605398.662;21612635.786;24734496.788;25104825.433;
2134;519776;23577384.611;20483579.540;21123482.700;21873315.840;22310768.794;20605663.827;21612240.315;24735058.428;25105482.797;
2134;519777;23576772.290;20483410.782;21123865.428;21872988.653;22310363.803;20605927.445;21611845.258;24735619.635;25106140.745;
2134;519778;23576159.992;20483245.252;21124245.861;21872662.486;22309962.008;20606191.371;21611451.216;24736181.460;25106794.638;
2134;519779;23575546.821;20483077.932;21124628.713;21872337.826;22309559.174;20606455.318;21611056.480;24736744.585;25107454.150;
2134;519780;23574935.374;20482911.805;21125012.311;21872013.589;22309155.015;20606721.168;21610662.028;24737304.306;25108110.318;
2134;519781;23574323.893;20482744.668;21125394.750;21871685.263;22308751.938;20606986.895;21610267.622;24737867.835;25108765.274;
2134;519782;23573710.265;20482577.920;21125776.372;21871362.664;22308349.493;20607249.310;21609871.430;24738428.356;25109425.461;
2134;519783;23573099.627;20482410.443;21126158.484;21871037.757;22307947.648;20607514.667;21609477.283;24738989.827;25110080.792;
2134;519784;23572487.212;20482244.164;21126542.087;21870711.312;22307544.477;20607778.555;21609081.653;24739551.095;25110740.626;
2134;519785;23571874.766;20482078.213;21126925.608;21870387.372;22307141.663;20608043.577;21608689.212;24740114.857;25111394.489;
2134;519786;23571263.329;20481911.855;21127306.933;21870060.908;22306740.871;20608310.458;21608294.679;24740676.563;25112052.422;
2134;519787;23570651.021;20481744.847;21127690.184;21869736.616;22306337.788;20608574.243;21607898.828;24741236.625;25112708.455;
2134;519788;23570038.910;20481577.709;21128074.570;21869412.914;22305936.160;20608841.059;21607505.648;24741799.956;25113365.926;
2134;519789;23569428.012;20481412.756;21128458.420;21869087.640;22305533.946;20609103.394;21607111.665;24742361.165;25114024.635;
2134;519790;23568815.363;20481246.739;21128839.962;21868763.563;22305130.051;20609368.209;21606714.646;24742923.544;25114679.529;
2134;519791;23568205.185;20481080.088;21129223.231;21868441.462;22304729.687;20609636.729;21606322.330;24743485.233;25115336.873;
2134;519792;23567593.137;20480914.023;21129606.503;21868115.192;22304327.380;20609901.216;21605929.299;24744048.662;25115994.794;
2134;519793;23566981.018;20480749.870;21129989.987;21867793.901;22303924.611;20610165.292;21605532.777;24744607.979;25116650.098;
2134;519794;23566370.102;20480584.674;21130372.908;21867467.426;22303523.048;20610432.497;21605140.491;24745171.101;25117309.965;
2134;519795;23565757.706;20480420.604;21130757.094;21867145.007;22303123.651;20610699.366;21604746.077;24745734.397;25117965.205;
2134;519796;23565147.687;20480253.933;21131141.067;21866820.081;22302720.866;20610964.246;21604350.872;24746293.956;25118621.613;
2134;519797;23564534.688;20480089.237;21131524.603;21866496.475;22302319.121;20611228.793;21603956.343;24746855.788;25119278.402;
2134;519798;23563923.586;20479922.335;21131907.678;21866174.753;22301919.976;20611497.719;21603563.678;24747419.538;25119936.315;
2134;519799;23563311.863;20479757.923;21132292.424;21865853.745;22301517.266;20611762.502;21603170.867;24747981.568;25120592.481;
2134;519800;23562700.799;20479594.378;21132674.699;21865529.661;22301116.506;20612031.137;21602776.625;24748541.998;25121248.659;
2134;519801;23562089.209;20479426.242;21133060.883;21865204.660;22300714.606;20612297.063;21602382.587;24749104.773;25121905.195;
2134;519802;23561476.018;20479261.890;21133443.159;21864883.387;22300314.835;20612562.808;21601989.785;24749665.798;25122561.454;
2134;519803;23560866.117;20479099.591;21133828.778;21864560.319;22299912.872;20612827.873;21601595.696;24750226.289;25123219.172;
2134;519804;23560253.027;20478932.744;21134213.103;21864236.279;22299513.412;20613095.891;21601202.697;24750789.487;25123876.016;
2134;519805;23559643.064;20478769.719;21134598.422;21863912.771;22299112.616;20613363.231;21600810.677;24751352.416;25124532.054;
2134;519806;23559031.357;20478604.552;21134984.190;21863591.598;22298710.579;20613631.811;21600414.182;24751914.786;25125190.376;
2134;519807;23558420.190;20478441.856;21135367.763;21863267.642;22298309.829;20613898.648;21600022.402;24752477.251;25125844.600;
2134;519808;23557809.211;20478278.274;21135751.558;21862945.723;22297911.196;20614166.027;21599626.827;24753038.918;25126502.174;
2134;519809;23557196.669;20478113.763;21136135.247;21862622.878;22297510.664;20614431.497;21599233.992;24753599.699;25127159.490;
2134;519810;23556585.397;20477949.944;21136521.371;21862301.666;22297110.705;20614701.605;21598842.540;24754161.809;25127816.037;
2134;519811;23555974.217;20477785.920;21136905.744;21861980.407;22296710.387;20614966.619;21598448.544;24754724.929;25128472.295;
2134;519812;23555364.572;20477621.543;21137291.949;21861658.763;22296311.064;20615234.728;21598055.174;24755286.822;25129128.779;
2134;519813;23554751.181;20477458.931;21137676.532;21861337.252;22295912.325;20615501.972;21597660.482;24755848.936;25129783.643;
2134;519814;23554140.704;20477293.583;21138062.492;21861013.072;22295510.765;20615769.799;21597267.973;24756408.918;25130441.780;
2134;519815;23553529.823;20477131.741;21138447.299;21860693.077;22295111.767;20616038.362;21596875.706;24756972.300;25131100.361;
2134;519816;23552920.351;20476967.578;21138834.208;21860369.799;22294711.592;20616305.574;21596482.991;24757534.184;25131754.896;
2134;519817;23552306.813;20476804.573;21139218.661;21860050.211;22294312.034;20616575.004;21596089.074;24758096.173;25132412.896;
2134;519818;23551697.056;20476641.063;21139604.638;21859728.845;22293913.269;20616843.159;21595695.074;24758657.891;25133067.835;
2134;519819;23551084.449;20476478.714;21139988.375;21859405.301;22293514.659;20617111.467;21595304.147;24759219.545;25133724.102;
2134;519820;23550474.622;20476316.025;21140374.100;21859084.910;22293114.253;20617377.702;21594911.490;24759782.325;25134382.940;
2134;519821;23549863.494;20476152.657;21140761.925;21858763.761;22292716.599;20617646.884;21594516.968;24760344.338;25135038.025;
2134;519822;23549253.681;20475990.199;21141146.752;21858443.182;22292315.415;20617918.886;21594126.249;24760905.421;25135694.906;
2134;519823;23548642.847;20475828.049;21141530.592;21858123.292;22291918.316;20618187.154;21593732.152;24761469.580;25136350.256;
2134;519824;23548031.719;20475665.687;21141916.681;21857801.754;22291520.381;20618455.817;21593339.670;24762031.318;25137007.525;
2134;519825;23547421.670;20475503.758;21142304.063;21857481.938;22291120.991;20618724.740;21592949.629;24762593.114;25137663.855;
2134;519826;23546809.886;20475342.078;21142690.771;21857158.663;22290720.002;20618993.653;21592555.085;24763154.740;25138318.979;
2134;519827;23546198.843;20475177.831;21143075.667;21856839.828;22290322.712;20619261.455;21592162.608;24763717.647;25138974.537;
2134;519828;23545590.588;20475016.141;21143461.965;21856518.376;22289927.278;20619532.367;21591770.934;24764279.936;25139633.037;
2134;519829;23544976.950;20474855.396;21143849.142;21856198.014;22289527.444;20619801.639;21591379.461;24764840.025;25140289.742;
2134;519830;23544369.500;20474694.622;21144234.609;21855877.231;22289128.266;20620072.095;21590984.912;24765404.506;25140945.429;
2134;519831;23543757.214;20474531.579;21144621.759;21855558.563;22288730.131;20620341.135;21590593.699;24765966.215;25141599.818;
2134;519832;23543146.692;20474370.324;21145009.331;21855238.552;22288330.286;20620610.260;21590199.570;24766527.136;25142257.078;
2134;519833;23542538.432;20474206.914;21145395.806;21854917.536;22287933.632;20620879.452;21589809.065;24767089.853;25142914.128;
2134;519834;23541924.538;20474044.899;21145781.394;21854598.737;22287536.416;20621149.669;21589418.212;24767651.330;25143568.884;
2134;519835;23541318.474;20473884.085;21146172.126;21854277.676;22287138.521;20621419.844;21589022.995;24768214.682;25144224.662;
2134;519836;23540704.888;20473723.601;21146557.296;21853958.253;22286741.042;20621688.911;21588631.913;24768775.687;25144883.383;
2134;519837;23540097.244;20473563.003;21146943.850;21853638.448;22286344.088;20621960.514;21588239.673;24769338.680;25145537.470;
2134;519838;23539485.527;20473401.700;21147332.173;21853319.639;22285944.870;20622231.321;21587849.839;24769900.851;25146195.783;
2134;519839;23538875.429;20473243.307;21147718.167;21853000.222;22285547.221;20622501.438;21587456.788;24770464.947;25146850.421;
2134;519840;23538265.785;20473079.829;21148104.986;21852680.815;22285151.750;20622770.367;21587065.110;24771025.910;25147508.039;
2134;519841;23537655.647;20472918.139;21148491.052;21852360.154;22284754.338;20623042.354;21586673.358;24771589.095;25148162.780;
2134;519842;23537045.223;20472759.693;21148879.401;21852042.971;22284357.041;20623312.892;21586279.436;24772148.993;25148819.391;
2134;519843;23536437.253;20472598.184;21149267.470;21851723.171;22283959.751;20623583.305;21585889.131;24772712.036;25149475.983;
2134;519844;23535825.199;20472438.200;21149657.767;21851404.090;22283562.579;20623854.374;21585494.959;24773273.389;25150130.103;
2134;519845;23535217.377;20472277.455;21150043.301;21851085.028;22283168.012;20624126.953;21585104.349;24773835.572;25150786.925;
2134;519846;23534607.635;20472118.010;21150430.966;21850768.183;22282771.121;20624398.354;21584713.588;24774397.546;25151444.119;
2134;519847;23533995.379;20471957.516;21150818.795;21850448.980;22282373.265;20624667.039;21584323.071;24774960.316;25152101.194;
2134;519848;23533386.696;20471798.407;21151205.805;21850129.554;22281976.923;20624941.782;21583930.053;24775524.763;25152753.823;
2134;519849;23532776.609;20471637.384;21151596.095;21849813.452;22281581.503;20625211.779;21583540.810;24776087.416;25153409.825;
2134;519850;23532166.218;20471477.276;21151983.220;21849492.645;22281183.480;20625481.782;21583148.038;24776649.644;25154068.830;
2134;519851;23531554.258;20471320.799;21152370.366;21849173.769;22280786.701;20625754.126;21582756.067;24777209.993;25154722.882;
2134;519852;23530947.233;20471158.925;21152760.446;21848859.205;22280390.120;20626024.828;21582366.190;24777771.807;25155378.306;
2134;519853;23530338.797;20470999.336;21153146.808;21848539.045;22279995.276;20626298.856;21581972.974;24778336.826;25156034.737;
2134;519854;23529726.940;20470840.648;21153534.267;21848221.041;22279599.803;20626568.641;21581582.412;24778897.310;25156691.173;
2134;519855;23529116.962;20470681.850;21153923.716;21847906.070;22279204.235;20626843.060;21581188.126;24779460.848;25157346.514;
2134;519856;23528506.878;20470521.536;21154312.729;21847587.020;22278807.046;20627115.627;21580798.838;24780020.821;25158001.748;
2134;519857;23527897.672;20470361.016;21154702.298;21847267.862;22278413.790;20627386.964;21580410.393;24780583.792;25158659.421;
2134;519858;23527290.096;20470201.681;21155090.573;21846952.014;22278015.603;20627659.299;21580017.894;24781146.941;25159315.081;
2134;519859;23526679.173;20470045.029;21155479.801;21846635.964;22277620.535;20627931.600;21579627.797;24781708.528;25159971.062;
2134;519860;23526068.167;20469885.519;21155869.157;21846315.992;22277225.092;20628206.851;21579236.579;24782269.395;25160626.798;
2134;519861;23525460.877;20469728.127;21156259.027;21845998.458;22276830.922;20628475.435;21578846.155;24782834.858;25161282.157;
2134;519862;23524848.535;20469570.847;21156649.056;21845682.367;22276435.807;20628750.136;21578454.008;24783397.110;25161939.523;
2134;519863;23524241.697;20469408.067;21157035.750;21845366.185;22276039.448;20629022.541;21578063.836;24783957.271;25162592.483;
2134;519864;23523630.846;20469253.353;21157424.487;21845048.706;22275645.767;20629295.304;21577673.800;24784518.703;25163250.272;
2134;519865;23523021.447;20469093.348;21157815.068;21844733.016;22275252.582;20629569.732;21577282.048;24785083.060;25163903.409;
2134;519866;23522411.290;20468935.710;21158205.565;21844416.804;22274856.265;20629842.092;21576892.376;24785644.217;25164559.933;
2134;519867;23521802.252;20468778.276;21158593.950;21844100.530;22274460.105;20630114.432;21576502.936;24786209.239;25165216.378;
2134;519868;23521192.580;20468619.820;21158982.571;21843785.201;22274067.431;20630390.181;21576112.161;24786770.558;25165871.975;
2134;519869;23520583.641;20468462.914;21159374.328;21843467.226;22273669.108;20630661.117;21575720.025;24787333.953;25166527.322;
2134;519870;23519975.051;20468302.253;21159763.583;21843151.535;22273278.840;20630936.197;21575329.208;24787895.967;25167183.311;
2134;519871;23519364.545;20468148.159;21160152.513;21842835.422;22272882.828;20631208.564;21574939.532;24788457.741;25167839.618;
2134;519872;23518756.630;20467986.728;21160543.523;21842519.997;22272488.780;20631483.678;21574548.238;24789019.493;25168495.203;
2134;519873;23518146.791;20467829.923;21160935.428;21842207.383;22272095.256;20631758.693;21574156.644;24789583.663;25169150.222;
2134;519874;23517536.498;20467674.798;21161322.349;21841889.270;22271699.318;20632032.722;21573768.403;24790144.095;25169805.640;
2134;519875;23516930.448;20467518.104;21161713.217;21841573.296;22271306.829;20632305.935;21573378.037;24790707.078;25170462.093;
2134;519876;23516320.066;20467360.311;21162102.734;21841257.138;22270912.189;20632579.612;21572987.042;24791272.159;25171117.591;
2134;519877;23515711.201;20467201.537;21162493.045;21840940.632;22270517.447;20632855.178;21572598.395;24791832.352;25171772.651;
2134;519878;23515101.127;20467045.928;21162884.758;21840627.794;22270123.912;20633128.449;21572207.847;24792395.480;25172427.492;
2134;519879;23514494.729;20466890.179;21163273.998;21840313.650;22269729.308;20633403.322;21571817.597;24792956.069;25173083.902;
2134;519880;23513884.174;20466733.085;21163665.010;21839998.645;22269337.740;20633676.758;21571427.553;24793520.784;25173740.241;
2134;519881;23513276.078;20466576.129;21164056.302;21839681.527;22268943.587;20633954.610;21571036.905;24794083.077;25174393.323;
2134;519882;23512666.705;20466419.130;21164446.125;21839369.908;22268549.354;20634227.215;21570647.992;24794644.180;25175049.232;
2134;519883;23512057.971;20466263.465;21164835.903;21839053.908;22268157.598;20634501.582;21570256.887;24795208.562;25175704.479;
2134;519884;23511451.313;20466107.379;21165228.932;21838739.191;22267766.208;20634778.373;21569867.206;24795771.087;25176362.826;
2134;519885;23510840.601;20465950.142;21165620.261;21838423.577;22267373.458;20635053.858;21569479.681;24796331.823;25177016.312;
2134;519886;23510234.765;20465795.221;21166013.659;21838110.793;22266980.052;20635329.016;21569088.711;24796895.339;25177671.025;
2134;519887;23509624.205;20465639.901;21166403.249;21837794.793;22266585.353;20635603.351;21568696.778;24797458.629;25178326.284;
2134;519888;23509016.538;20465483.931;21166793.241;21837480.265;22266193.350;20635881.598;21568310.782;24798022.562;25178980.249;
2134;519889;23508408.317;20465328.894;21167183.708;21837167.573;22265800.120;20636154.336;21567920.180;24798581.595;25179637.721;
2134;519890;23507796.710;20465170.832;21167574.803;21836852.439;22265408.708;20636428.576;21567532.789;24799144.663;25180291.994;
2134;519891;23507190.309;20465016.187;21167967.208;21836536.204;22265016.665;20636706.312;21567141.036;24799710.360;25180946.608;
2134;519892;23506581.395;20464863.066;21168359.195;21836225.744;22264622.090;20636981.898;21566752.487;24800269.730;25181603.625;
2134;519893;23505973.937;20464704.163;21168750.936;21835911.058;22264231.056;20637257.813;21566363.639;24800831.458;25182258.792;
2134;519894;23505367.289;20464551.879;21169143.364;21835598.205;22263839.622;20637533.469;21565972.480;24801397.831;25182911.265;
2134;519895;23504759.071;20464394.480;21169534.682;21835283.725;22263448.544;20637812.072;21565582.259;24801960.441;25183569.111;
2134;519896;23504149.633;20464240.554;21169926.833;21834972.677;22263055.831;20638086.399;21565195.064;24802521.839;25184225.443;
2134;519897;23503542.120;20464087.413;21170317.205;21834656.137;22262662.929;20638361.296;21564804.918;24803084.397;25184879.528;
2134;519898;23502935.215;20463928.540;21170709.063;21834343.651;22262272.775;20638638.943;21564416.340;24803646.782;25185534.332;
2134;519899;23502326.113;20463777.027;21171100.968;21834031.135;22261880.039;20638913.027;21564025.947;24804209.539;25186190.474;
2134;519900;23501716.234;20463621.141;21171493.874;21833716.498;22261490.439;20639192.738;21563637.968;24804772.438;25186844.259;
2134;519901;23501110.550;20463466.396;21171885.843;21833404.315;22261096.340;20639468.579;21563250.314;24805335.216;25187500.261;
2134;519902;23500502.306;20463312.995;21172277.676;21833089.771;22260706.456;20639744.755;21562859.293;24805896.770;25188155.067;
2134;519903;23499893.984;20463156.271;21172673.775;21832779.045;22260313.236;20640023.737;21562471.417;24806459.640;25188810.436;
2134;519904;23499284.242;20463003.255;21173066.308;21832465.800;22259925.260;20640298.733;21562081.705;24807023.119;25189463.649;
2134;519905;23498674.723;20462848.261;21173458.364;21832151.313;22259532.842;20640579.978;21561695.481;24807586.376;25190120.019;
2134;519906;23498067.926;20462697.604;21173849.891;21831838.730;22259141.986;20640855.617;21561304.603;24808148.066;25190774.495;
2134;519907;23497462.540;20462540.728;21174242.887;21831528.322;22258751.758;20641132.543;21560916.749;24808713.759;25191429.964;
2134;519908;23496853.438;20462388.565;21174637.789;21831214.240;22258358.801;20641407.498;21560526.804;24809275.529;25192084.028;
2134;519909;23496244.700;20462234.931;21175029.564;21830904.026;22257969.482;20641688.365;21560137.088;24809836.892;25192739.218;
2134;519910;23495637.568;20462081.169;21175423.176;21830590.617;22257579.746;20641964.406;21559751.734;24810401.034;25193396.190;
2134;519911;23495029.499;20461928.859;21175818.217;21830277.081;22257187.716;20642241.674;21559361.478;24810961.087;25194050.475;
2134;519912;23494422.839;20461773.481;21176208.665;21829966.569;22256796.572;20642519.238;21558973.779;24811525.825;25194705.984;
2134;519913;23493813.044;20461618.451;21176601.685;21829655.626;22256409.139;20642799.216;21558586.442;24812086.625;25195360.876;
2134;519914;23493206.106;20461467.804;21176994.831;21829344.280;22256017.090;20643075.947;21558195.682;24812649.132;25196014.075;
2134;519915;23492597.734;20461316.392;21177388.593;21829030.676;22255626.875;20643353.909;21557807.570;24813212.956;25196670.108;
2134;519916;23491989.842;20461160.899;21177780.478;21828720.902;22255235.684;20643630.862;21557419.004;24813775.721;25197326.712;
2134;519917;23491383.404;20461009.438;21178176.412;21828410.217;22254848.021;20643910.904;21557030.864;24814339.742;25197978.164;
2134;519918;23490774.083;20460854.204;21178569.881;21828097.355;22254456.556;20644190.638;21556641.924;24814898.703;25198633.205;
2134;519919;23490166.616;20460705.782;21178962.828;21827785.638;22254067.769;20644467.965;21556255.302;24815463.617;25199288.207;
2134;519920;23489558.163;20460551.012;21179355.006;21827475.877;22253676.945;20644744.918;21555869.157;24816025.471;25199943.929;
2134;519921;23488952.437;20460399.047;21179749.821;21827163.671;22253288.177;20645025.234;21555479.213;24816588.816;25200597.314;
2134;519922;23488345.554;20460245.770;21180143.520;21826855.140;22252900.170;20645303.793;21555092.167;24817154.865;25201254.258;
2134;519923;23487737.709;20460094.659;21180539.623;21826542.547;22252509.944;20645583.004;21554702.179;24817715.912;25201906.340;
2134;519924;23487130.949;20459942.707;21180930.848;21826231.305;22252122.165;20645862.559;21554315.416;24818276.016;25202562.191;
2134;519925;23486524.438;20459790.637;21181327.104;21825922.104;22251730.346;20646142.623;21553929.312;24818841.290;25203216.860;
2134;519926;23485915.331;20459636.486;21181720.945;21825611.004;22251342.454;20646421.884;21553540.107;24819404.066;25203872.112;
2134;519927;23485309.096;20459489.119;21182116.792;21825300.745;22250954.727;20646699.445;21553152.358;24819965.631;25204525.838;
2134;519928;23484702.703;20459335.292;21182511.438;21824989.551;22250566.108;20646979.005;21552763.652;24820529.640;25205180.637;
2134;519929;23484094.672;20459181.420;21182904.814;21824681.825;22250175.486;20647259.778;21552376.445;24821091.274;25205835.533;
2134;519930;23483486.820;20459032.105;21183299.407;21824372.558;22249787.875;20647537.813;21551989.974;24821655.113;25206489.173;
2134;519931;23482881.417;20458879.913;21183696.011;21824061.559;22249400.132;20647819.468;21551600.341;24822220.326;25207145.237;
2134;519932;23482275.241;20458727.625;21184089.300;21823750.407;22249009.895;20648100.395;21551214.347;24822782.142;25207797.697;
2134;519933;23481667.699;20458578.991;21184484.323;21823441.336;22248620.633;20648378.124;21550827.109;24823342.893;25208455.532;
2134;519934;23481062.237;20458427.518;21184879.799;21823132.610;22248231.917;20648658.913;21550439.466;24823907.511;25209108.553;
2134;519935;23480452.868;20458273.664;21185275.164;21822823.164;22247844.186;20648938.391;21550053.065;24824470.219;25209763.557;
2134;519936;23479845.574;20458125.029;21185671.321;21822514.336;22247456.036;20649219.099;21549665.894;24825032.647;25210416.361;
2134;519937;23479239.594;20457974.039;21186066.744;21822204.058;22247069.168;20649500.158;21549277.271;24825597.070;25211074.361;
2134;519938;23478633.323;20457823.839;21186461.081;21821896.085;22246682.775;20649780.497;21548891.399;24826159.429;25211726.849;
2134;519939;23478026.396;20457674.483;21186856.618;21821585.834;22246294.327;20650060.267;21548503.404;24826723.082;25212380.208;
2134;519940;23477421.105;20457522.927;21187251.326;21821277.103;22245905.865;20650340.963;21548114.045;24827285.048;25213035.333;
2134;519941;23476813.442;20457372.385;21187648.246;21820968.472;22245516.939;20650621.312;21547729.023;24827846.460;25213689.720;
2134;519942;23476206.557;20457221.452;21188041.596;21820662.505;22245130.554;20650902.555;21547342.796;24828410.328;25214344.698;
2134;519943;23475600.258;20457073.182;21188439.225;21820350.025;22244744.097;20651185.070;21546955.841;24828974.103;25214996.218;
2134;519944;23474993.571;20456921.338;21188833.456;21820043.142;22244355.453;20651465.073;21546565.832;24829537.609;25215653.040;
2134;519945;23474387.252;20456769.756;21189231.735;21819736.357;22243968.554;20651747.082;21546181.148;24830101.246;25216307.051;
2134;519946;23473780.116;20456621.266;21189625.666;21819426.618;22243582.135;20652028.684;21545793.694;24830665.216;25216962.479;
2134;519947;23473174.678;20456473.949;21190022.629;21819119.688;22243194.999;20652309.469;21545406.642;24831227.141;25217615.861;
2134;519948;23472568.749;20456321.618;21190417.033;21818809.699;22242806.127;20652590.519;21545019.444;24831790.284;25218269.351;
2134;519949;23471960.326;20456172.148;21190814.269;21818502.820;22242420.123;20652873.803;21544633.760;24832350.613;25218924.774;
2134;519950;23471355.283;20456022.419;21191211.276;21818195.426;22242034.136;20653153.984;21544247.111;24832914.498;25219578.993;
2134;519951;23470750.804;20455874.878;21191607.266;21817887.440;22241647.320;20653437.166;21543860.647;24833475.899;25220234.180;
2134;519952;23470144.114;20455724.046;21192004.102;21817578.563;22241260.210;20653715.559;21543472.650;24834041.181;25220887.608;
2134;519953;23469536.545;20455576.209;21192399.446;21817272.528;22240873.687;20653999.115;21543087.880;24834603.858;25221542.830;
2134;519954;23468929.343;20455425.811;21192796.567;21816964.014;22240486.711;20654283.642;21542700.459;24835166.875;25222196.170;
2134;519955;23468323.632;20455277.889;21193193.209;21816658.592;22240100.799;20654565.172;21542315.256;24835731.923;25222850.015;
2134;519956;23467718.383;20455131.050;21193589.743;21816349.683;22239716.345;20654845.439;21541927.385;24836292.173;25223504.813;
2134;519957;23467112.231;20454980.134;21193987.150;21816043.019;22239328.876;20655128.336;21541542.499;24836857.249;25224159.007;
2134;519958;23466506.465;20454832.164;21194384.830;21815736.498;22238942.317;20655411.386;21541152.776;24837416.775;25224811.878;
2134;519959;23465898.645;20454685.142;21194780.740;21815429.240;22238557.865;20655694.826;21540768.451;24837984.838;25225466.150;
2134;519960;23465293.844;20454535.435;21195179.210;21815122.807;22238173.243;20655976.487;21540382.440;24838544.486;25226121.074;
2134;519961;23464685.138;20454385.624;21195575.204;21814816.726;22237785.349;20656260.349;21539997.854;24839106.018;25226774.875;
2134;519962;23464080.170;20454238.557;21195972.392;21814510.200;22237399.239;20656544.558;21539610.768;24839671.527;25227427.273;
2134;519963;23463476.467;20454089.860;21196369.333;21814202.463;22237017.270;20656826.202;21539224.528;24840235.672;25228082.859;
2134;519964;23462868.248;20453944.019;21196767.125;21813893.767;22236631.696;20657109.969;21538839.995;24840798.852;25228737.345;
2134;519965;23462263.477;20453795.913;21197163.984;21813590.645;22236243.295;20657392.684;21538452.447;24841360.740;25229390.821;
2134;519966;23461658.748;20453647.660;21197562.716;21813284.342;22235858.820;20657674.772;21538068.000;24841926.317;25230044.966;
2134;519967;23461052.829;20453500.951;21197959.562;21812976.896;22235473.442;20657959.099;21537681.311;24842486.883;25230697.620;
2134;519968;23460445.847;20453352.976;21198356.285;21812670.898;22235090.257;20658243.759;21537297.166;24843053.233;25231351.146;
2134;519969;23459838.226;20453204.141;21198754.771;21812365.599;22234705.399;20658526.894;21536909.306;24843613.431;25232006.188;
2134;519970;23459234.712;20453058.057;21199153.757;21812057.856;22234319.590;20658811.050;21536524.942;24844175.241;25232657.509;
2134;519971;23458628.884;20452910.639;21199551.917;21811753.623;22233935.050;20659095.607;21536138.352;24844738.468;25233317.276;
2134;519972;23458023.249;20452763.268;21199949.655;21811446.013;22233548.718;20659377.409;21535753.492;24845303.525;25233968.876;
2134;519973;23457417.729;20452616.124;21200347.841;21811142.937;22233166.362;20659662.380;21535368.444;24845865.403;25234620.958;
2134;519974;23456811.678;20452469.179;21200745.378;21810836.115;22232781.547;20659949.025;21534980.909;24846429.567;25235274.351;
2134;519975;23456206.272;20452322.850;21201142.676;21810532.349;22232397.503;20660231.179;21534598.213;24846992.933;25235929.458;
2134;519976;23455603.267;20452177.473;21201541.627;21810225.419;22232011.615;20660514.889;21534211.251;24847556.753;25236583.867;
2134;519977;23454993.944;20452028.142;21201941.127;21809921.373;22231627.911;20660800.636;21533826.228;24848120.692;25237236.260;
2134;519978;23454390.743;20451882.520;21202338.547;21809616.163;22231243.627;20661085.300;21533440.946;24848682.290;25237890.184;
2134;519979;23453784.499;20451737.383;21202739.149;21809311.195;22230861.283;20661368.799;21533056.949;24849245.416;25238542.511;
2134;519980;23453180.135;20451588.794;21203138.340;21809007.248;22230476.545;20661655.525;21532670.773;24849809.693;25239199.727;
2134;519981;23452575.310;20451445.703;21203539.025;21808701.496;22230094.500;20661939.285;21532284.423;24850373.102;25239851.003;
2134;519982;23451969.280;20451299.132;21203936.113;21808399.091;22229710.735;20662223.175;21531899.970;24850937.153;25240503.990;
2134;519983;23451364.784;20451152.997;21204334.850;21808090.606;22229326.754;20662507.390;21531516.102;24851500.746;25241157.554;
2134;519984;23450758.489;20451008.338;21204734.183;21807787.107;22228942.600;20662792.007;21531130.980;24852061.874;25241812.544;
2134;519985;23450155.677;20450860.086;21205132.269;21807481.533;22228559.958;20663078.024;21530745.150;24852625.330;25242465.700;
2134;519986;23449549.334;20450715.620;21205531.288;21807178.455;22228174.719;20663364.761;21530359.455;24853190.095;25243121.614;
2134;519987;23448944.542;20450568.370;21205928.611;21806875.382;22227792.573;20663651.259;21529975.110;24853751.434;25243773.270;
2134;519988;23448340.097;20450426.570;21206328.326;21806570.843;22227410.158;20663935.935;21529588.766;24854315.479;25244425.626;
2134;519989;23447735.285;20450278.120;21206727.517;21806265.475;22227028.147;20664221.508;21529204.439;24854878.987;25245080.436;
2134;519990;23447130.492;20450132.128;21207129.961;21805961.293;22226644.084;20664507.258;21528819.232;24855441.786;25245734.417;
2134;519991;23446525.134;20449989.911;21207529.814;21805658.116;22226261.918;20664792.226;21528436.556;24856004.386;25246387.502;
2134;519992;23445920.198;20449843.641;21207928.427;21805355.842;22225881.292;20665078.000;21528052.701;24856567.374;25247040.548;
2134;519993;23445316.499;20449698.348;21208326.220;21805052.581;22225496.838;20665366.286;21527667.482;24857130.756;25247694.665;
2134;519994;23444713.404;20449553.131;21208727.682;21804751.163;22225115.002;20665651.368;21527281.036;24857696.577;25248348.404;
2134;519995;23444106.766;20449408.812;21209126.404;21804445.198;22224731.826;20665937.022;21526899.365;24858259.539;25249000.575;
2134;519996;23443501.887;20449264.826;21209526.980;21804141.655;22224348.871;20666222.901;21526514.209;24858821.062;25249654.143;
2134;519997;23442895.710;20449120.412;21209927.409;21803840.947;22223967.148;20666511.110;21526128.397;24859385.814;25250309.489;
2134;519998;23442292.023;20448977.459;21210327.896;21803536.640;22223584.877;20666797.372;21525744.516;24859950.569;25250962.147;
2134;519999;23441688.719;20448831.205;21210727.931;21803233.071;22223203.295;20667085.141;21525362.078;24860511.573;25251615.794;
2134;520000;23441081.917;20448687.669;21211127.605;21802932.387;22222818.372;20667371.113;21524976.485;24861075.177;25252268.634;
2134;520001;23440478.484;20448542.363;21211527.202;21802629.770;22222438.798;20667658.764;21524592.974;24861641.123;25252921.244;
2134;520002;23439873.326;20448400.037;21211929.077;21802325.794;22222057.585;20667946.281;21524206.863;24862202.526;25253574.245;
2134;520003;23439270.403;20448253.942;21212329.463;21802023.879;22221675.950;20668233.409;21523822.493;24862766.354;25254227.865;
2134;520004;23438666.424;20448110.690;21212730.804;21801723.597;22221293.162;20668519.214;21523440.550;24863329.127;25254881.390;
2134;520005;23438061.911;20447970.930;21213131.248;21801420.347;22220914.305;20668806.060;21523053.485;24863893.076;25255534.626;
2134;520006;23437457.866;20447823.691;21213532.118;21801117.473;22220530.491;20669094.835;21522670.820;24864457.720;25256189.094;
2134;520007;23436852.354;20447684.423;21213935.742;21800815.478;22220150.815;20669382.259;21522288.280;24865018.646;25256841.409;
2134;520008;23436247.519;20447537.334;21214334.890;21800514.033;22219769.727;20669672.105;21521902.509;24865582.423;25257494.217;
2134;520009;23435643.332;20447396.166;21214736.005;21800211.624;22219390.457;20669957.516;21521519.430;24866146.998;25258147.374;
2134;520010;23435039.854;20447251.302;21215134.655;21799910.304;22219010.490;20670243.741;21521136.764;24866709.581;25258800.483;
2134;520011;23434434.975;20447107.740;21215536.495;21799609.428;22218627.497;20670532.033;21520755.086;24867273.551;25259453.002;
2134;520012;23433831.470;20446964.255;21215938.723;21799309.690;22218245.737;20670819.167;21520367.945;24867837.551;25260107.462;
2134;520013;23433227.238;20446821.556;21216340.821;21799007.783;22217868.048;20671108.489;21519984.413;24868400.951;25260760.407;
2134;520014;23432622.856;20446678.791;21216741.417;21798705.180;22217484.339;20671399.352;21519603.318;24868963.147;25261413.860;
2134;520015;23432019.104;20446537.557;21217143.675;21798404.120;22217106.232;20671685.962;21519218.361;24869528.443;25262066.543;
2134;520016;23431415.158;20446394.449;21217543.753;21798103.129;22216724.811;20671973.366;21518833.691;24870089.766;25262720.661;
2134;520017;23430810.495;20446252.904;21217945.985;21797803.966;22216342.782;20672263.792;21518450.283;24870655.424;25263373.797;
2134;520018;23430207.836;20446110.639;21218347.296;21797501.170;22215965.433;20672549.223;21518068.065;24871218.210;25264024.299;
2134;520019;23429602.700;20445967.754;21218748.522;21797200.669;22215584.750;20672839.779;21517685.220;24871783.460;25264678.961;
2134;520020;23428999.274;20445827.263;21219152.471;21796899.790;22215204.159;20673130.562;21517301.363;24872344.864;25265330.177;
2134;520021;23428394.389;20445683.694;21219552.588;21796600.075;22214823.778;20673417.780;21516918.133;24872906.350;25265982.624;
2134;520022;23427791.857;20445543.063;21219953.588;21796300.250;22214443.291;20673706.224;21516535.852;24873470.883;25266635.869;
2134;520023;23427188.986;20445401.529;21220357.424;21796000.331;22214066.013;20673996.560;21516152.813;24874036.074;25267288.957;
2134;520024;23426583.676;20445259.247;21220760.056;21795699.294;22213686.564;20674286.601;21515770.309;24874597.902;25267942.463;
2134;520025;23425978.935;20445118.987;21221160.679;21795399.447;22213308.768;20674574.102;21515387.074;24875162.474;25268596.113;
2134;520026;23425376.361;20444975.175;21221564.674;21795100.638;22212927.953;20674866.089;21515001.160;24875725.065;25269249.158;
2134;520027;23424773.526;20444835.294;21221967.649;21794800.896;22212548.891;20675151.450;21514620.946;24876289.617;25269900.763;
2134;520028;23424170.241;20444693.528;21222370.054;21794498.719;22212167.405;20675443.248;21514236.486;24876854.627;25270553.712;
2134;520029;23423566.227;20444553.956;21222772.633;21794200.251;22211789.796;20675734.367;21513853.916;24877417.620;25271205.763;
2134;520030;23422962.795;20444410.676;21223175.577;21793899.230;22211412.027;20676025.119;21513470.401;24877981.377;25271859.138;
2134;520031;23422358.906;20444270.789;21223576.625;21793600.499;22211030.732;20676312.528;21513086.710;24878546.070;25272513.242;
2134;520032;23421756.996;20444128.814;21223980.110;21793302.094;22210655.618;20676604.434;21512704.229;24879108.297;25273164.609;
2134;520033;23421154.581;20443989.215;21224384.504;21793002.229;22210274.244;20676894.849;21512322.494;24879670.958;25273818.878;
2134;520034;23420551.585;20443847.379;21224787.423;21792703.773;22209895.737;20677185.411;21511939.020;24880235.628;25274469.915;
2134;520035;23419947.759;20443707.520;21225191.697;21792405.497;22209517.061;20677474.454;21511557.565;24880797.294;25275123.483;
2134;520036;23419345.478;20443567.302;21225593.414;21792106.371;22209140.014;20677764.190;21511175.660;24881363.746;25275776.896;
2134;520037;23418740.205;20443427.392;21225997.724;21791806.864;22208761.989;20678054.308;21510794.656;24881925.532;25276426.819;
2134;520038;23418139.615;20443289.886;21226399.006;21791509.634;22208382.941;20678345.804;21510410.027;24882490.133;25277080.947;
2134;520039;23417533.635;20443147.748;21226802.411;21791207.821;22208005.803;20678637.578;21510027.686;24883052.962;25277732.573;
2134;520040;23416932.747;20443006.090;21227207.810;21790909.923;22207626.282;20678928.977;21509644.636;24883616.843;25278385.318;
2134;520041;23416329.027;20442867.320;21227608.514;21790612.134;22207249.923;20679218.860;21509262.040;24884178.509;25279038.756;
2134;520042;23415725.018;20442728.985;21228011.930;21790312.240;22206870.971;20679510.124;21508881.208;24884744.216;25279690.714;
2134;520043;23415124.751;20442587.391;21228417.102;21790015.868;22206492.291;20679800.889;21508500.921;24885308.122;25280342.844;
2134;520044;23414519.825;20442448.508;21228821.862;21789717.762;22206116.053;20680094.501;21508118.743;24885872.175;25280996.216;
2134;520045;23413917.674;20442309.408;21229225.417;21789419.624;22205739.517;20680385.749;21507734.610;24886434.072;25281650.144;
2134;520046;23413315.566;20442169.075;21229627.270;21789121.237;22205361.171;20680674.453;21507352.522;24887000.330;25282299.832;
2134;520047;23412711.885;20442032.042;21230031.907;21788823.453;22204983.736;20680965.376;21506970.582;24887562.911;25282952.151;
2134;520048;23412109.840;20441893.844;21230436.187;21788525.590;22204607.271;20681257.895;21506590.168;24888125.712;25283605.521;
2134;520049;23411508.871;20441752.822;21230841.018;21788227.960;22204229.142;20681548.839;21506209.244;24888689.624;25284256.809;
2134;520050;23410905.491;20441613.392;21231246.298;21787930.564;22203853.067;20681843.963;21505825.861;24889253.745;25284908.858;
2134;520051;23410302.679;20441476.033;21231651.462;21787632.349;22203476.682;20682133.330;21505443.738;24889817.727;25285563.240;
2134;520052;23409698.494;20441335.947;21232055.139;21787333.905;22203098.909;20682427.614;21505061.958;24890380.757;25286215.584;
2134;520053;23409096.372;20441198.096;21232460.885;21787035.488;22202723.408;20682716.974;21504678.134;24890947.266;25286868.945;
2134;520054;23408494.876;20441061.839;21232862.849;21786741.129;22202345.179;20683010.239;21504297.642;24891509.066;25287519.336;
2134;520055;23407891.013;20440922.741;21233269.978;21786443.638;22201969.545;20683302.848;21503915.785;24892073.427;25288170.757;
2134;520056;23407288.082;20440784.558;21233676.209;21786147.868;22201595.546;20683592.721;21503535.457;24892638.258;25288823.613;
2134;520057;23406686.216;20440644.605;21234079.268;21785851.846;22201217.603;20683888.060;21503152.660;24893200.130;25289473.931;
2134;520058;23406083.119;20440506.195;21234483.939;21785554.133;22200842.205;20684180.942;21502771.596;24893763.876;25290128.640;
2134;520059;23405481.964;20440370.723;21234890.167;21785257.859;22200463.988;20684470.443;21502390.739;24894327.261;25290780.390;
2134;520060;23404879.019;20440231.717;21235292.603;21784962.120;22200088.786;20684767.495;21502006.604;24894892.887;25291431.733;
2134;520061;23404276.570;20440093.987;21235700.854;21784664.965;22199712.043;20685059.018;21501630.138;24895454.094;25292083.475;
2134;520062;23403672.703;20439957.306;21236102.260;21784368.488;22199336.527;20685349.946;21501247.556;24896019.030;25292736.259;
2134;520063;23403072.418;20439817.424;21236509.444;21784072.688;22198961.740;20685646.349;21500866.658;24896581.722;25293388.428;
2134;520064;23402470.811;20439681.615;21236912.962;21783776.088;22198585.006;20685937.593;21500484.549;24897147.261;25294039.924;
2134;520065;23401868.055;20439544.735;21237319.802;21783478.932;22198211.802;20686231.786;21500102.639;24897711.432;25294691.869;
2134;520066;23401264.780;20439405.759;21237727.151;21783184.761;22197833.779;20686524.459;21499722.505;24898273.093;25295345.447;
2134;520067;23400663.482;20439270.143;21238129.457;21782887.775;22197461.755;20686818.056;21499343.085;24898838.907;25295996.695;
2134;520068;23400060.711;20439133.511;21238535.632;21782593.047;22197085.307;20687113.097;21498960.528;24899402.675;25296648.580;
2134;520069;23399459.281;20438997.549;21238943.101;21782298.175;22196710.119;20687407.993;21498579.371;24899968.170;25297300.931;
2134;520070;23398858.186;20438858.122;21239348.676;21782000.640;22196335.559;20687700.162;21498199.558;24900529.593;25297952.185;
2134;520071;23398256.055;20438722.968;21239756.615;21781706.243;22195959.585;20687994.648;21497817.984;24901092.715;25298604.495;
2134;520072;23397654.453;20438584.283;21240159.362;21781411.940;22195583.706;20688291.093;21497436.371;24901659.022;25299256.994;
2134;520073;23397052.921;20438450.004;21240566.378;21781115.061;22195210.591;20688581.024;21497056.002;24902221.220;25299908.130;
2134;520074;23396451.142;20438312.849;21240972.356;21780822.176;22194835.346;20688877.608;21496676.380;24902787.274;25300559.979;
2134;520075;23395847.556;20438176.764;21241380.430;21780527.144;22194462.453;20689171.270;21496294.870;24903348.870;25301212.092;
2134;520076;23395246.267;20438040.132;21241785.274;21780232.329;22194086.470;20689466.326;21495915.266;24903915.223;25301865.918;
2134;520077;23394644.890;20437903.891;21242192.119;21779937.956;22193711.925;20689762.507;21495535.033;24904477.832;25302516.031;
2134;520078;23394044.932;20437768.263;21242600.580;21779643.814;22193340.488;20690054.686;21495154.595;24905041.899;25303167.937;
2134;520079;23393440.538;20437633.986;21243005.392;21779347.849;22192963.327;20690348.546;21494771.323;24905605.346;25303820.272;
2134;520080;23392840.001;20437497.164;21243412.658;21779055.548;22192590.127;20690645.351;21494391.790;24906167.573;25304472.812;
2134;520081;23392242.042;20437362.952;21243820.466;21778759.606;22192217.945;20690939.360;21494012.318;24906733.857;25305122.763;
2134;520082;23391638.604;20437227.190;21244224.408;21778466.948;22191843.052;20691234.644;21493632.693;24907296.441;25305775.645;
2134;520083;23391036.908;20437090.877;21244631.747;21778172.558;22191468.509;20691530.343;21493252.286;24907861.482;25306426.605;
2134;520084;23390434.407;20436957.425;21245040.126;21777881.128;22191095.617;20691825.886;21492869.496;24908425.478;25307077.916;
2134;520085;23389834.222;20436820.352;21245446.113;21777584.337;22190720.681;20692120.810;21492491.839;24908989.561;25307728.752;
2134;520086;23389233.339;20436686.765;21245853.800;21777291.792;22190349.375;20692417.434;21492111.364;24909553.363;25308382.230;
2134;520087;23388632.621;20436551.661;21246259.018;21776998.724;22189974.074;20692712.646;21491731.053;24910116.789;25309032.911;
2134;520088;23388031.234;20436415.559;21246668.748;21776706.097;22189603.262;20693007.201;21491351.428;24910680.084;25309685.410;
2134;520089;23387430.777;20436282.407;21247075.325;21776411.280;22189228.646;20693303.768;21490970.269;24911243.877;25310336.817;
2134;520090;23386826.943;20436144.832;21247481.054;21776118.824;22188855.604;20693599.127;21490592.364;24911808.350;25310985.517;
2134;520091;23386227.452;20436011.661;21247889.630;21775824.356;22188481.956;20693897.551;21490213.242;24912374.438;25311640.863;
2134;520092;23385625.720;20435878.476;21248295.947;21775532.177;22188110.452;20694193.316;21489833.021;24912934.515;25312291.181;
2134;520093;23385026.566;20435743.530;21248705.582;21775238.993;22187735.828;20694487.813;21489452.902;24913500.840;25312942.031;
2134;520094;23384425.660;20435609.041;21249112.288;21774946.555;22187364.941;20694785.964;21489074.467;24914064.402;25313592.479;
2134;520095;23383824.206;20435473.319;21249519.210;21774654.540;22186991.783;20695079.256;21488692.614;24914628.364;25314243.438;
2134;520096;23383222.842;20435341.290;21249928.101;21774361.660;22186619.937;20695375.574;21488314.549;24915193.138;25314895.421;
2134;520097;23382624.056;20435206.395;21250338.129;21774069.488;22186247.336;20695674.502;21487932.409;24915755.585;25315546.092;
2134;520098;23382021.888;20435073.393;21250744.369;21773777.920;22185877.016;20695971.388;21487553.892;24916320.822;25316200.293;
2134;520099;23381421.130;20434937.962;21251155.029;21773486.447;22185502.550;20696267.358;21487174.065;24916886.249;25316848.829;
2134;520100;23380819.456;20434806.059;21251561.911;21773192.515;22185131.153;20696562.738;21486794.935;24917450.518;25317504.426;
2134;520101;23380218.070;20434672.513;21251970.484;21772900.608;22184760.952;20696860.108;21486415.935;24918012.645;25318153.356;
2134;520102;23379619.120;20434538.179;21252379.498;21772607.828;22184386.568;20697157.542;21486037.224;24918575.831;25318802.911;
2134;520103;23379017.995;20434404.663;21252787.581;21772316.506;22184015.020;20697456.374;21485658.409;24919142.630;25319454.954;
2134;520104;23378418.526;20434273.841;21253196.092;21772024.157;22183644.038;20697751.897;21485278.100;24919706.450;25320105.734;
2134;520105;23377817.740;20434139.859;21253604.288;21771733.700;22183272.888;20698051.368;21484900.120;24920267.927;25320756.604;
2134;520106;23377217.913;20434006.620;21254012.572;21771441.011;22182902.775;20698347.125;21484520.522;24920833.825;25321407.450;
2134;520107;23376615.262;20433873.286;21254422.517;21771149.125;22182529.189;20698645.563;21484141.253;24921397.502;25322061.823;
2134;520108;23376015.993;20433739.886;21254829.574;21770858.092;22182158.837;20698942.377;21483761.757;24921962.284;25322710.771;
2134;520109;23375415.107;20433608.311;21255240.026;21770565.701;22181789.802;20699238.827;21483383.100;24922525.865;25323362.967;
2134;520110;23374813.924;20433476.307;21255647.907;21770275.193;22181417.370;20699538.532;21483004.467;24923089.611;25324014.499;
2134;520111;23374213.089;20433344.350;21256054.981;21769984.278;22181047.093;20699836.066;21482624.403;24923654.021;25324662.954;
2134;520112;23373611.515;20433211.170;21256467.185;21769692.897;22180673.895;20700134.857;21482245.092;24924219.118;25325316.376;
2134;520113;23373012.794;20433079.326;21256875.475;21769403.329;22180304.791;20700432.373;21481866.920;24924783.802;25325967.873;
2134;520114;23372411.668;20432947.074;21257285.488;21769110.357;22179932.723;20700731.070;21481488.522;24925346.405;25326617.623;
2134;520115;23371812.273;20432814.465;21257693.223;21768820.323;22179563.007;20701030.402;21481108.450;24925910.416;25327269.687;
2134;520116;23371212.103;20432683.656;21258105.018;21768531.532;22179191.559;20701326.804;21480730.951;24926475.180;25327918.580;
2134;520117;23370611.260;20432550.680;21258513.569;21768240.190;22178823.145;20701628.470;21480355.161;24927039.403;25328570.876;
2134;520118;23370011.100;20432419.458;21258923.393;21767948.776;22178450.659;20701925.507;21479973.837;24927605.161;25329222.237;
2134;520119;23369412.330;20432289.758;21259332.064;21767658.677;22178082.931;20702223.955;21479595.597;24928168.093;25329871.565;
2134;520120;23368812.298;20432156.244;21259742.724;21767368.032;22177710.297;20702524.897;21479217.566;24928732.006;25330523.734;
2134;520121;23368212.326;20432025.142;21260152.147;21767078.898;22177342.145;20702822.354;21478838.454;24929296.229;25331175.464;
2134;520122;23367612.461;20431894.488;21260563.712;21766786.622;22176973.331;20703121.640;21478461.745;24929861.342;25331827.276;
2134;520123;23367011.137;20431761.876;21260971.409;21766499.826;22176600.714;20703420.793;21478082.804;24930426.482;25332476.052;
2134;520124;23366411.027;20431632.609;21261382.128;21766206.895;22176233.845;20703720.958;21477703.044;24930991.404;25333128.177;
2134;520125;23365810.784;20431501.449;21261793.647;21765920.791;22175864.403;20704019.463;21477327.345;24931554.010;25333776.085;
2134;520126;23365211.963;20431370.283;21262203.292;21765628.852;22175493.618;20704319.254;21476947.745;24932117.494;25334427.255;
2134;520127;23364613.759;20431239.511;21262613.016;21765340.870;22175123.749;20704619.685;21476568.760;24932682.156;25335077.868;
2134;520128;23364011.887;20431109.719;21263026.601;21765051.311;22174757.949;20704917.905;21476192.092;24933245.877;25335730.453;
2134;520129;23363414.583;20430977.583;21263433.716;21764761.910;22174386.719;20705217.722;21475814.464;24933809.962;25336379.825;
2134;520130;23362814.217;20430848.056;21263846.035;21764472.860;22174017.112;20705519.788;21475435.253;24934374.459;25337031.423;
2134;520131;23362216.489;20430718.416;21264254.516;21764182.328;22173650.174;20705820.242;21475057.883;24934939.462;25337682.190;
2134;520132;23361614.539;20430589.443;21264664.740;21763894.317;22173279.748;20706118.268;21474678.856;24935505.826;25338331.851;
2134;520133;23361015.405;20430456.376;21265077.070;21763606.033;22172911.328;20706417.908;21474302.148;24936068.831;25338983.993;
2134;520134;23360418.224;20430329.331;21265486.321;21763316.742;22172543.099;20706719.278;21473925.161;24936630.637;25339634.745;
2134;520135;23359817.541;20430197.988;21265899.233;21763028.538;22172174.414;20707020.639;21473546.622;24937197.038;25340282.995;
2134;520136;23359218.439;20430068.711;21266307.132;21762742.796;22171805.529;20707318.162;21473169.670;24937761.716;25340936.194;
2134;520137;23358619.047;20429939.255;21266722.078;21762451.738;22171435.910;20707620.782;21472789.986;24938325.316;25341586.014;
2134;520138;23358019.033;20429808.689;21267131.802;21762165.902;22171070.176;20707920.808;21472413.007;24938889.824;25342237.295;
2134;520139;23357420.426;20429681.202;21267541.442;21761876.057;22170702.564;20708222.936;21472036.784;24939451.617;25342886.970;
2134;520140;23356818.582;20429551.825;21267955.752;21761588.454;22170332.366;20708521.960;21471660.581;24940017.244;25343537.551;
2134;520141;23356223.861;20429421.365;21268367.421;21761301.891;22169964.868;20708824.329;21471279.373;24940583.167;25344187.975;
2134;520142;23355624.616;20429291.737;21268776.688;21761014.440;22169598.593;20709124.681;21470903.242;24941146.468;25344839.148;
2134;520143;23355025.063;20429162.244;21269187.853;21760725.552;22169230.505;20709427.736;21470526.614;24941710.830;25345490.107;
2134;520144;23354427.096;20429032.617;21269601.602;21760437.768;22168862.001;20709726.356;21470148.765;24942275.067;25346140.860;
2134;520145;23353827.083;20428905.242;21270013.842;21760149.599;22168494.560;20710030.960;21469771.800;24942840.028;25346789.928;
2134;520146;23353228.063;20428778.400;21270425.222;21759865.389;22168126.326;20710330.103;21469395.165;24943404.969;25347438.675;
2134;520147;23352627.998;20428647.504;21270836.547;21759577.078;22167757.896;20710634.470;21469018.719;24943969.499;25348091.075;
2134;520148;23352032.151;20428518.061;21271249.183;21759289.871;22167393.904;20710934.070;21468640.775;24944531.326;25348740.727;
2134;520149;23351431.799;20428391.889;21271661.239;21759002.785;22167024.890;20711237.871;21468263.846;24945098.979;25349390.293;
2134;520150;23350836.080;20428262.332;21272072.329;21758716.556;22166659.036;20711540.106;21467885.941;24945661.176;25350041.420;
2134;520151;23350234.119;20428134.745;21272485.505;21758430.044;22166291.524;20711840.002;21467511.244;24946226.712;25350690.028;
2134;520152;23349635.228;20428006.787;21272898.176;21758143.129;22165924.045;20712140.337;21467132.191;24946788.944;25351343.804;
2134;520153;23349038.279;20427878.753;21273309.612;21757855.266;22165558.563;20712444.149;21466757.215;24947356.698;25351992.527;
2134;520154;23348439.521;20427751.184;21273724.904;21757568.922;22165191.259;20712746.958;21466377.518;24947919.482;25352641.262;
2134;520155;23347840.697;20427624.235;21274133.198;21757283.154;22164824.395;20713047.609;21466002.114;24948484.108;25353291.190;
2134;520156;23347242.309;20427495.837;21274548.603;21756997.551;22164458.667;20713351.378;21465625.917;24949048.787;25353942.667;
2134;520157;23346643.309;20427369.273;21274961.108;21756710.276;22164092.534;20713654.918;21465248.636;24949613.509;25354594.595;
2134;520158;23346044.526;20427242.334;21275373.613;21756425.436;22163726.938;20713958.143;21464874.369;24950177.670;25355242.844;
2134;520159;23345446.255;20427115.125;21275785.188;21756137.937;22163359.987;20714259.957;21464495.958;24950741.086;25355891.392;
2134;520160;23344847.132;20426986.179;21276199.078;21755854.165;22162992.524;20714565.397;21464120.899;24951308.790;25356542.383;
2134;520161;23344249.667;20426860.489;21276612.874;21755567.794;22162629.205;20714868.049;21463743.343;24951871.988;25357192.624;
2134;520162;23343651.943;20426732.508;21277023.345;21755282.362;22162261.656;20715169.959;21463366.695;24952436.312;25357843.727;
2134;520163;23343052.761;20426604.076;21277435.243;21754997.076;22161897.399;20715474.506;21462990.612;24952999.411;25358492.194;
2134;520164;23342453.667;20426478.842;21277849.282;21754712.056;22161529.201;20715777.066;21462613.188;24953563.778;25359143.664;
2134;520165;23341854.656;20426352.540;21278261.755;21754425.956;22161164.816;20716079.138;21462239.035;24954129.892;25359791.973;
2134;520166;23341258.700;20426225.997;21278677.223;21754142.040;22160800.669;20716383.159;21461861.849;24954693.566;25360442.366;
2134;520167;23340660.751;20426099.560;21279089.921;21753853.672;22160433.131;20716685.412;21461482.489;24955257.516;25361092.119;
2134;520168;23340060.214;20425974.193;21279504.103;21753571.535;22160068.840;20716991.412;21461109.446;24955821.530;25361742.144;
2134;520169;23339465.879;20425847.268;21279918.460;21753284.588;22159705.540;20717294.379;21460733.856;24956387.194;25362390.892;
2134;520170;23338866.861;20425721.027;21280330.555;21753000.346;22159340.315;20717597.742;21460355.903;24956951.708;25363042.676;
2134;520171;23338267.273;20425593.656;21280745.237;21752716.703;22158974.790;20717903.703;21459981.226;24957518.569;25363690.822;
2134;520172;23337670.081;20425469.356;21281158.246;21752431.932;22158609.992;20718207.059;21459603.542;24958082.747;25364341.924;
2134;520173;23337070.011;20425344.254;21281572.253;21752148.070;22158244.809;20718512.212;21459228.017;24958644.655;25364991.787;
2134;520174;23336474.994;20425216.868;21281988.282;21751864.823;22157879.481;20718815.849;21458855.409;24959209.977;25365640.507;
2134;520175;23335876.469;20425089.930;21282402.872;21751578.067;22157515.025;20719120.668;21458477.041;24959773.366;25366290.513;
2134;520176;23335278.215;20424965.338;21282815.585;21751294.381;22157152.648;20719426.328;21458103.321;24960339.163;25366939.252;
2134;520177;23334680.662;20424840.008;21283229.192;21751011.143;22156787.024;20719730.257;21457727.955;24960902.121;25367591.033;
2134;520178;23334083.672;20424716.068;21283646.064;21750727.387;22156423.574;20720032.652;21457349.868;24961467.992;25368239.995;
2134;520179;23333483.416;20424591.139;21284058.065;21750444.860;22156060.043;20720337.767;21456976.452;24962031.859;25368890.656;
2134;520180;23332888.730;20424465.313;21284472.640;21750159.831;22155695.986;20720644.531;21456602.068;24962596.299;25369538.629;
2134;520181;23332290.872;20424340.787;21284886.152;21749874.115;22155330.157;20720948.231;21456224.752;24963163.061;25370189.105;
2134;520182;23331693.213;20424215.504;21285302.024;21749591.348;22154966.917;20721255.120;21455850.296;24963727.760;25370839.273;
2134;520183;23331094.159;20424088.651;21285716.402;21749309.200;22154603.700;20721558.541;21455474.327;24964291.181;25371487.533;
2134;520184;23330499.340;20423964.744;21286131.179;21749024.501;22154241.953;20721866.870;21455098.649;24964854.314;25372137.263;
2134;520185;23329900.500;20423842.270;21286546.756;21748741.995;22153877.015;20722167.855;21454724.453;24965418.823;25372788.507;
2134;520186;23329303.851;20423717.915;21286960.359;21748458.472;22153512.562;20722477.770;21454349.394;24965984.838;25373436.098;
2134;520187;23328706.930;20423594.451;21287376.494;21748174.751;22153152.575;20722782.215;21453974.030;24966548.717;25374086.396;
2134;520188;23328108.918;20423469.250;21287790.826;21747893.493;22152788.779;20723087.787;21453597.695;24967115.231;25374736.549;
2134;520189;23327514.156;20423345.377;21288206.999;21747608.930;22152422.033;20723394.464;21453223.766;24967678.636;25375384.551;
2134;520190;23326916.460;20423222.230;21288622.004;21747326.789;22152060.599;20723700.324;21452848.257;24968244.979;25376034.393;
2134;520191;23326318.210;20423098.586;21289037.239;21747042.961;22151698.283;20724005.609;21452474.666;24968807.727;25376683.188;
2134;520192;23325722.734;20422973.468;21289451.606;21746760.803;22151334.905;20724312.507;21452096.018;24969371.967;25377332.906;
2134;520193;23325125.968;20422848.395;21289867.965;21746479.529;22150972.907;20724616.804;21451721.737;24969938.722;25377982.438;
2134;520194;23324527.074;20422727.947;21290284.630;21746196.634;22150611.586;20724925.169;21451348.156;24970503.336;25378632.558;
2134;520195;23323931.910;20422602.819;21290698.927;21745914.354;22150246.550;20725230.172;21450973.409;24971068.223;25379280.528;
2134;520196;23323333.951;20422479.305;21291114.972;21745632.184;22149884.700;20725537.398;21450600.506;24971631.295;25379929.112;
2134;520197;23322737.834;20422356.410;21291530.332;21745351.483;22149521.809;20725844.167;21450223.755;24972196.315;25380578.941;
2134;520198;23322143.139;20422233.498;21291946.483;21745069.017;22149161.166;20726151.027;21449848.077;24972761.371;25381228.144;
2134;520199;23321543.056;20422109.447;21292363.177;21744786.194;22148798.473;20726457.298;21449474.182;24973325.924;25381878.286;
