week;tow;PRN10;PRN16;PRN18;PRN20;PRN23;PRN26;PRN27;PRN29;PRN31;
2134;518400;23351812.6924;13331801.3145;14699588.2505;21159230.1585;20629142.4937;21461971.0647;12195626.2253;5305380.9664;25405897.2296;
2134;518401;23352431.0967;13333874.7420;14697259.5975;21158498.9168;20628692.5458;21463520.3901;12195614.8190;5304916.8976;25405240.0401;
2134;518402;23353049.2401;13335948.2205;14694930.8683;21157767.3416;20628242.2724;21465069.5643;12195603.5016;5304452.9887;25404582.5390;
2134;518403;23353667.1227;13338021.7498;14692602.0630;21157035.4328;20627791.6737;21466618.5874;12195592.2732;5303989.2398;25403924.7264;
2134;518404;23354284.7444;13340095.3299;14690273.1817;21156303.1904;20627340.7495;21468167.4591;12195581.1338;5303525.6509;25403266.6022;
2134;518405;23354902.1051;13342168.9607;14687944.2244;21155570.6143;20626889.4999;21469716.1796;12195570.0834;5303062.2218;25402608.1666;
2134;518406;23355519.2048;13344242.6422;14685615.1911;21154837.7047;20626437.9249;21471264.7487;12195559.1222;5302598.9526;25401949.4195;
2134;518407;23356136.0434;13346316.3743;14683286.0820;21154104.4615;20625986.0243;21472813.1663;12195548.2501;5302135.8432;25401290.3610;
2134;518408;23356752.6209;13348390.1570;14680956.8972;21153370.8846;20625533.7983;21474361.4324;12195537.4672;5301672.8936;25400630.9912;
2134;518409;23357368.9373;13350463.9902;14678627.6366;21152636.9741;20625081.2467;21475909.5470;12195526.7735;5301210.1038;25399971.3100;
2134;518410;23357984.9925;13352537.8738;14676298.3003;21151902.7300;20624628.3696;21477457.5099;12195516.1691;5300747.4737;25399311.3176;
2134;518411;23358600.7864;13354611.8079;14673968.8885;21151168.1522;20624175.1668;21479005.3212;12195505.6540;5300285.0032;25398651.0138;
2134;518412;23359216.3191;13356685.7922;14671639.4012;21150433.2408;20623721.6385;21480552.9808;12195495.2283;5299822.6925;25397990.3989;
2134;518413;23359831.5904;13358759.8269;14669309.8383;21149697.9956;20623267.7846;21482100.4886;12195484.8920;5299360.5413;25397329.4727;
2134;518414;23360446.6003;13360833.9117;14666980.2001;21148962.4168;20622813.6050;21483647.8445;12195474.6451;5298898.5497;25396668.2354;
2134;518415;23361061.3488;13362908.0467;14664650.4866;21148226.5044;20622359.0998;21485195.0485;12195464.4877;5298436.7177;25396006.6870;
2134;518416;23361675.8359;13364982.2318;14662320.6978;21147490.2582;20621904.2689;21486742.1006;12195454.4199;5297975.0452;25395344.8276;
2134;518417;23362290.0614;13367056.4669;14659990.8338;21146753.6783;20621449.1123;21488289.0006;12195444.4416;5297513.5322;25394682.6571;
2134;518418;23362904.0254;13369130.7520;14657660.8947;21146016.7647;20620993.6300;21489835.7486;12195434.5529;5297052.1786;25394020.1755;
2134;518419;23363517.7277;13371205.0871;14655330.8805;21145279.5174;20620537.8219;21491382.3444;12195424.7539;5296590.9844;25393357.3830;
2134;518420;23364131.1684;13373279.4720;14653000.7914;21144541.9364;20620081.6880;21492928.7881;12195415.0447;5296129.9496;25392694.2796;
2134;518421;23364744.3474;13375353.9067;14650670.6272;21143804.0216;20619625.2284;21494475.0795;12195405.4251;5295669.0741;25392030.8653;
2134;518422;23365357.2646;13377428.3911;14648340.3883;21143065.7731;20619168.4429;21496021.2185;12195395.8953;5295208.3580;25391367.1401;
2134;518423;23365969.9200;13379502.9252;14646010.0745;21142327.1908;20618711.3317;21497567.2053;12195386.4554;5294747.8011;25390703.1041;
2134;518424;23366582.3136;13381577.5090;14643679.6860;21141588.2748;20618253.8945;21499113.0396;12195377.1054;5294287.4035;25390038.7574;
2134;518425;23367194.4453;13383652.1423;14641349.2228;21140849.0250;20617796.1315;21500658.7214;12195367.8452;5293827.1650;25389374.0998;
2134;518426;23367806.3151;13385726.8251;14639018.6850;21140109.4414;20617338.0426;21502204.2507;12195358.6751;5293367.0858;25388709.1316;
2134;518427;23368417.9229;13387801.5574;14636688.0727;21139369.5240;20616879.6278;21503749.6273;12195349.5949;5292907.1656;25388043.8527;
2134;518428;23369029.2687;13389876.3391;14634357.3859;21138629.2728;20616420.8870;21505294.8514;12195340.6048;5292447.4046;25387378.2631;
2134;518429;23369640.3524;13391951.1701;14632026.6247;21137888.6878;20615961.8203;21506839.9227;12195331.7047;5291987.8026;25386712.3630;
2134;518430;23370251.1739;13394026.0504;14629695.7891;21137147.7690;20615502.4275;21508384.8412;12195322.8948;5291528.3596;25386046.1523;
2134;518431;23370861.7334;13396100.9800;14627364.8793;21136406.5164;20615042.7088;21509929.6070;12195314.1751;5291069.0757;25385379.6310;
2134;518432;23371472.0306;13398175.9586;14625033.8953;21135664.9299;20614582.6641;21511474.2198;12195305.5456;5290609.9507;25384712.7993;
2134;518433;23372082.0655;13400250.9864;14622702.8371;21134923.0096;20614122.2933;21513018.6797;12195297.0064;5290150.9846;25384045.6571;
2134;518434;23372691.8381;13402326.0632;14620371.7048;21134180.7555;20613661.5964;21514562.9866;12195288.5574;5289692.1774;25383378.2045;
2134;518435;23373301.3484;13404401.1890;14618040.4986;21133438.1675;20613200.5734;21516107.1404;12195280.1988;5289233.5291;25382710.4415;
2134;518436;23373910.5963;13406476.3638;14615709.2184;21132695.2456;20612739.2244;21517651.1411;12195271.9306;5288775.0396;25382042.3681;
2134;518437;23374519.5818;13408551.5874;14613377.8643;21131951.9898;20612277.5492;21519194.9887;12195263.7529;5288316.7089;25381373.9845;
2134;518438;23375128.3048;13410626.8598;14611046.4363;21131208.4002;20611815.5478;21520738.6830;12195255.6656;5287858.5369;25380705.2906;
2134;518439;23375736.7652;13412702.1810;14608714.9347;21130464.4767;20611353.2203;21522282.2240;12195247.6688;5287400.5237;25380036.2864;
2134;518440;23376344.9631;13414777.5508;14606383.3593;21129720.2192;20610890.5665;21523825.6117;12195239.7626;5286942.6691;25379366.9721;
2134;518441;23376952.8983;13416852.9693;14604051.7103;21128975.6279;20610427.5866;21525368.8459;12195231.9470;5286484.9732;25378697.3476;
2134;518442;23377560.5709;13418928.4364;14601719.9878;21128230.7027;20609964.2804;21526911.9268;12195224.2220;5286027.4359;25378027.4129;
2134;518443;23378167.9807;13421003.9520;14599388.1918;21127485.4435;20609500.6479;21528454.8540;12195216.5877;5285570.0572;25377357.1682;
2134;518444;23378775.1278;13423079.5160;14597056.3224;21126739.8504;20609036.6892;21529997.6277;12195209.0442;5285112.8370;25376686.6134;
2134;518445;23379382.0121;13425155.1284;14594724.3796;21125993.9233;20608572.4042;21531540.2478;12195201.5914;5284655.7753;25376015.7486;
2134;518446;23379988.6335;13427230.7892;14592392.3635;21125247.6623;20608107.7928;21533082.7142;12195194.2295;5284198.8721;25375344.5738;
2134;518447;23380594.9921;13429306.4983;14590060.2742;21124501.0674;20607642.8551;21534625.0268;12195186.9584;5283742.1273;25374673.0891;
2134;518448;23381201.0876;13431382.2556;14587728.1117;21123754.1384;20607177.5910;21536167.1856;12195179.7782;5283285.5409;25374001.2945;
2134;518449;23381806.9202;13433458.0610;14585395.8761;21123006.8755;20606712.0005;21537709.1906;12195172.6889;5282829.1129;25373329.1900;
2134;518450;23382412.4898;13435533.9146;14583063.5675;21122259.2786;20606246.0836;21539251.0416;12195165.6907;5282372.8432;25372656.7757;
2134;518451;23383017.7963;13437609.8162;14580731.1860;21121511.3478;20605779.8403;21540792.7387;12195158.7835;5281916.7319;25371984.0516;
2134;518452;23383622.8396;13439685.7658;14578398.7315;21120763.0829;20605313.2706;21542334.2817;12195151.9673;5281460.7788;25371311.0178;
2134;518453;23384227.6198;13441761.7633;14576066.2042;21120014.4840;20604846.3743;21543875.6706;12195145.2423;5281004.9839;25370637.6742;
2134;518454;23384832.1367;13443837.8087;14573733.6042;21119265.5511;20604379.1516;21545416.9053;12195138.6084;5280549.3472;25369964.0209;
2134;518455;23385436.3904;13445913.9019;14571400.9314;21118516.2842;20603911.6023;21546957.9859;12195132.0657;5280093.8687;25369290.0580;
2134;518456;23386040.3807;13447990.0429;14569068.1860;21117766.6832;20603443.7265;21548498.9121;12195125.6143;5279638.5483;25368615.7855;
2134;518457;23386644.1077;13450066.2315;14566735.3681;21117016.7482;20602975.5242;21550039.6841;12195119.2541;5279183.3859;25367941.2034;
2134;518458;23387247.5713;13452142.4678;14564402.4776;21116266.4791;20602506.9953;21551580.3016;12195112.9853;5278728.3817;25367266.3117;
2134;518459;23387850.7715;13454218.7517;14562069.5147;21115515.8760;20602038.1397;21553120.7647;12195106.8079;5278273.5354;25366591.1106;
2134;518460;23388453.7081;13456295.0831;14559736.4794;21114764.9388;20601568.9576;21554661.0734;12195100.7218;5277818.8472;25365915.6000;
2134;518461;23389056.3812;13458371.4620;14557403.3718;21114013.6676;20601099.4488;21556201.2274;12195094.7273;5277364.3169;25365239.7800;
2134;518462;23389658.7908;13460447.8883;14555070.1920;21113262.0623;20600629.6133;21557741.2268;12195088.8242;5276909.9445;25364563.6506;
2134;518463;23390260.9367;13462524.3619;14552736.9400;21112510.1228;20600159.4512;21559281.0716;12195083.0126;5276455.7299;25363887.2118;
2134;518464;23390862.8189;13464600.8828;14550403.6159;21111757.8493;20599688.9623;21560820.7616;12195077.2927;5276001.6733;25363210.4638;
2134;518465;23391464.4373;13466677.4509;14548070.2198;21111005.2417;20599218.1468;21562360.2969;12195071.6644;5275547.7744;25362533.4064;
2134;518466;23392065.7921;13468754.0662;14545736.7516;21110252.2999;20598747.0044;21563899.6772;12195066.1277;5275094.0333;25361856.0398;
2134;518467;23392666.8830;13470830.7286;14543403.2116;21109499.0241;20598275.5353;21565438.9027;12195060.6828;5274640.4499;25361178.3641;
2134;518468;23393267.7100;13472907.4380;14541069.5997;21108745.4141;20597803.7394;21566977.9732;12195055.3296;5274187.0243;25360500.3791;
2134;518469;23393868.2731;13474984.1945;14538735.9160;21107991.4699;20597331.6167;21568516.8887;12195050.0682;5273733.7563;25359822.0850;
2134;518470;23394468.5723;13477060.9978;14536402.1606;21107237.1916;20596859.1672;21570055.6492;12195044.8987;5273280.6459;25359143.4818;
2134;518471;23395068.6075;13479137.8481;14534068.3336;21106482.5792;20596386.3908;21571594.2545;12195039.8210;5272827.6932;25358464.5696;
2134;518472;23395668.3786;13481214.7451;14531734.4349;21105727.6326;20595913.2876;21573132.7045;12195034.8353;5272374.8980;25357785.3484;
2134;518473;23396267.8856;13483291.6890;14529400.4648;21104972.3518;20595439.8574;21574670.9994;12195029.9415;5271922.2603;25357105.8181;
2134;518474;23396867.1285;13485368.6795;14527066.4232;21104216.7369;20594966.1003;21576209.1389;12195025.1398;5271469.7801;25356425.9790;
2134;518475;23397466.1072;13487445.7166;14524732.3102;21103460.7877;20594492.0163;21577747.1231;12195020.4301;5271017.4574;25355745.8309;
2134;518476;23398064.8217;13489522.8004;14522398.1259;21102704.5044;20594017.6054;21579284.9518;12195015.8124;5270565.2921;25355065.3739;
2134;518477;23398663.2719;13491599.9306;14520063.8703;21101947.8868;20593542.8674;21580822.6251;12195011.2870;5270113.2842;25354384.6081;
2134;518478;23399261.4578;13493677.1074;14517729.5436;21101190.9351;20593067.8025;21582360.1428;12195006.8537;5269661.4337;25353703.5336;
2134;518479;23399859.3794;13495754.3305;14515395.1457;21100433.6491;20592592.4105;21583897.5049;12195002.5126;5269209.7404;25353022.1502;
2134;518480;23400457.0365;13497831.6000;14513060.6768;21099676.0289;20592116.6915;21585434.7114;12194998.2638;5268758.2045;25352340.4582;
2134;518481;23401054.4291;13499908.9157;14510726.1368;21098918.0745;20591640.6454;21586971.7621;12194994.1073;5268306.8258;25351658.4574;
2134;518482;23401651.5573;13501986.2777;14508391.5259;21098159.7858;20591164.2723;21588508.6571;12194990.0431;5267855.6043;25350976.1480;
2134;518483;23402248.4209;13504063.6859;14506056.8442;21097401.1629;20590687.5720;21590045.3963;12194986.0714;5267404.5399;25350293.5300;
2134;518484;23402845.0199;13506141.1402;14503722.0917;21096642.2057;20590210.5446;21591581.9796;12194982.1921;5266953.6327;25349610.6035;
2134;518485;23403441.3543;13508218.6405;14501387.2684;21095882.9142;20589733.1901;21593118.4069;12194978.4052;5266502.8827;25348927.3683;
2134;518486;23404037.4240;13510296.1868;14499052.3745;21095123.2885;20589255.5084;21594654.6782;12194974.7109;5266052.2897;25348243.8247;
2134;518487;23404633.2290;13512373.7791;14496717.4100;21094363.3285;20588777.4995;21596190.7935;12194971.1091;5265601.8537;25347559.9727;
2134;518488;23405228.7691;13514451.4172;14494382.3749;21093603.0342;20588299.1634;21597726.7527;12194967.6000;5265151.5747;25346875.8122;
2134;518489;23405824.0445;13516529.1011;14492047.2694;21092842.4056;20587820.5001;21599262.5556;12194964.1835;5264701.4527;25346191.3433;
2134;518490;23406419.0550;13518606.8308;14489712.0935;21092081.4427;20587341.5096;21600798.2024;12194960.8596;5264251.4876;25345506.5661;
2134;518491;23407013.8006;13520684.6062;14487376.8472;21091320.1454;20586862.1917;21602333.6929;12194957.6285;5263801.6794;25344821.4805;
2134;518492;23407608.2812;13522762.4273;14485041.5306;21090558.5139;20586382.5466;21603869.0270;12194954.4902;5263352.0281;25344136.0867;
2134;518493;23408202.4969;13524840.2939;14482706.1439;21089796.5480;20585902.5741;21605404.2047;12194951.4447;5262902.5336;25343450.3847;
2134;518494;23408796.4474;13526918.2060;14480370.6870;21089034.2478;20585422.2744;21606939.2259;12194948.4921;5262453.1959;25342764.3744;
2134;518495;23409390.1329;13528996.1636;14478035.1600;21088271.6133;20584941.6472;21608474.0907;12194945.6323;5262004.0149;25342078.0560;
2134;518496;23409983.5533;13531074.1667;14475699.5631;21087508.6444;20584460.6927;21610008.7988;12194942.8655;5261554.9906;25341391.4294;
2134;518497;23410576.7084;13533152.2150;14473363.8961;21086745.3411;20583979.4108;21611543.3504;12194940.1917;5261106.1231;25340704.4948;
2134;518498;23411169.5983;13535230.3087;14471028.1594;21085981.7035;20583497.8015;21613077.7452;12194937.6109;5260657.4122;25340017.2521;
2134;518499;23411762.2230;13537308.4475;14468692.3527;21085217.7315;20583015.8648;21614611.9833;12194935.1232;5260208.8578;25339329.7014;
2134;518500;23412354.5823;13539386.6316;14466356.4764;21084453.4251;20582533.6006;21616146.0646;12194932.7286;5259760.4601;25338641.8427;
2134;518501;23412946.6763;13541464.8607;14464020.5303;21083688.7843;20582051.0089;21617679.9890;12194930.4271;5259312.2189;25337953.6761;
2134;518502;23413538.5048;13543543.1349;14461684.5147;21082923.8091;20581568.0897;21619213.7565;12194928.2189;5258864.1342;25337265.2016;
2134;518503;23414130.0679;13545621.4541;14459348.4295;21082158.4995;20581084.8430;21620747.3670;12194926.1039;5258416.2060;25336576.4192;
2134;518504;23414721.3655;13547699.8183;14457012.2748;21081392.8555;20580601.2688;21622280.8204;12194924.0821;5257968.4342;25335887.3290;
2134;518505;23415312.3975;13549778.2273;14454676.0507;21080626.8771;20580117.3670;21623814.1168;12194922.1537;5257520.8188;25335197.9310;
2134;518506;23415903.1640;13551856.6811;14452339.7572;21079860.5642;20579633.1376;21625347.2560;12194920.3187;5257073.3598;25334508.2252;
2134;518507;23416493.6648;13553935.1797;14450003.3945;21079093.9169;20579148.5806;21626880.2381;12194918.5770;5256626.0571;25333818.2118;
2134;518508;23417083.8999;13556013.7229;14447666.9625;21078326.9352;20578663.6960;21628413.0628;12194916.9289;5256178.9107;25333127.8906;
2134;518509;23417673.8693;13558092.3108;14445330.4614;21077559.6190;20578178.4838;21629945.7302;12194915.3742;5255731.9205;25332437.2618;
2134;518510;23418263.5729;13560170.9433;14442993.8912;21076791.9684;20577692.9439;21631478.2403;12194913.9130;5255285.0866;25331746.3254;
2134;518511;23418853.0106;13562249.6203;14440657.2519;21076023.9833;20577207.0763;21633010.5929;12194912.5454;5254838.4088;25331055.0815;
2134;518512;23419442.1826;13564328.3418;14438320.5437;21075255.6637;20576720.8810;21634542.7880;12194911.2714;5254391.8873;25330363.5300;
2134;518513;23420031.0886;13566407.1077;14435983.7666;21074487.0096;20576234.3580;21636074.8255;12194910.0911;5253945.5218;25329671.6710;
2134;518514;23420619.7286;13568485.9179;14433646.9207;21073718.0211;20575747.5073;21637606.7055;12194909.0045;5253499.3124;25328979.5046;
2134;518515;23421208.1026;13570564.7724;14431310.0060;21072948.6980;20575260.3287;21639138.4278;12194908.0117;5253053.2590;25328287.0307;
2134;518516;23421796.2106;13572643.6712;14428973.0226;21072179.0404;20574772.8224;21640669.9923;12194907.1126;5252607.3617;25327594.2495;
2134;518517;23422384.0525;13574722.6141;14426635.9706;21071409.0484;20574284.9883;21642201.3991;12194906.3074;5252161.6203;25326901.1609;
2134;518518;23422971.6283;13576801.6011;14424298.8501;21070638.7218;20573796.8264;21643732.6480;12194905.5960;5251716.0348;25326207.7651;
2134;518519;23423558.9379;13578880.6321;14421961.6610;21069868.0606;20573308.3366;21645263.7390;12194904.9785;5251270.6053;25325514.0619;
2134;518520;23424145.9812;13580959.7072;14419624.4035;21069097.0650;20572819.5190;21646794.6720;12194904.4550;5250825.3316;25324820.0516;
2134;518521;23424732.7583;13583038.8262;14417287.0776;21068325.7348;20572330.3734;21648325.4471;12194904.0255;5250380.2138;25324125.7340;
2134;518522;23425319.2690;13585117.9890;14414949.6834;21067554.0700;20571840.9000;21649856.0641;12194903.6901;5249935.2517;25323431.1093;
2134;518523;23425905.5134;13587197.1957;14412612.2210;21066782.0707;20571351.0986;21651386.5229;12194903.4487;5249490.4454;25322736.1775;
2134;518524;23426491.4914;13589276.4461;14410274.6904;21066009.7369;20570860.9693;21652916.8235;12194903.3014;5249045.7949;25322040.9386;
2134;518525;23427077.2029;13591355.7402;14407937.0917;21065237.0684;20570370.5120;21654446.9660;12194903.2484;5248601.3000;25321345.3926;
2134;518526;23427662.6479;13593435.0780;14405599.4249;21064464.0654;20569879.7268;21655976.9501;12194903.2895;5248156.9608;25320649.5397;
2134;518527;23428247.8263;13595514.4593;14403261.6902;21063690.7278;20569388.6135;21657506.7758;12194903.4248;5247712.7772;25319953.3797;
2134;518528;23428832.7382;13597593.8841;14400923.8876;21062917.0556;20568897.1722;21659036.4431;12194903.6545;5247268.7491;25319256.9129;
2134;518529;23429417.3834;13599673.3525;14398586.0171;21062143.0488;20568405.4028;21660565.9520;12194903.9785;5246824.8766;25318560.1392;
2134;518530;23430001.7620;13601752.8642;14396248.0789;21061368.7074;20567913.3054;21662095.3023;12194904.3969;5246381.1597;25317863.0586;
2134;518531;23430585.8738;13603832.4192;14393910.0729;21060594.0314;20567420.8799;21663624.4940;12194904.9097;5245937.5982;25317165.6712;
2134;518532;23431169.7189;13605912.0175;14391571.9993;21059819.0207;20566928.1263;21665153.5271;12194905.5169;5245494.1921;25316467.9770;
2134;518533;23431753.2971;13607991.6591;14389233.8581;21059043.6754;20566435.0445;21666682.4015;12194906.2187;5245050.9414;25315769.9761;
2134;518534;23432336.6085;13610071.3438;14386895.6494;21058267.9955;20565941.6346;21668211.1171;12194907.0150;5244607.8461;25315071.6684;
2134;518535;23432919.6529;13612151.0716;14384557.3733;21057491.9810;20565447.8965;21669739.6739;12194907.9059;5244164.9062;25314373.0541;
2134;518536;23433502.4304;13614230.8425;14382219.0298;21056715.6317;20564953.8302;21671268.0718;12194908.8914;5243722.1215;25313674.1332;
2134;518537;23434084.9409;13616310.6563;14379880.6189;21055938.9479;20564459.4358;21672796.3108;12194909.9716;5243279.4921;25312974.9057;
2134;518538;23434667.1844;13618390.5131;14377542.1408;21055161.9293;20563964.7131;21674324.3908;12194911.1465;5242837.0179;25312275.3716;
2134;518539;23435249.1607;13620470.4128;14375203.5955;21054384.5761;20563469.6621;21675852.3117;12194912.4161;5242394.6989;25311575.5311;
2134;518540;23435830.8700;13622550.3552;14372864.9831;21053606.8882;20562974.2829;21677380.0736;12194913.7806;5241952.5351;25310875.3840;
2134;518541;23436412.3120;13624630.3404;14370526.3036;21052828.8656;20562478.5753;21678907.6762;12194915.2399;5241510.5263;25310174.9305;
2134;518542;23436993.4868;13626710.3683;14368187.5572;21052050.5084;20561982.5395;21680435.1197;12194916.7940;5241068.6727;25309474.1706;
2134;518543;23437574.3944;13628790.4388;14365848.7438;21051271.8164;20561486.1753;21681962.4038;12194918.4431;5240626.9741;25308773.1044;
2134;518544;23438155.0346;13630870.5519;14363509.8635;21050492.7897;20560989.4828;21683489.5287;12194920.1872;5240185.4305;25308071.7318;
2134;518545;23438735.4075;13632950.7075;14361170.9165;21049713.4283;20560492.4619;21685016.4941;12194922.0263;5239744.0418;25307370.0529;
2134;518546;23439315.5130;13635030.9056;14358831.9027;21048933.7322;20559995.1126;21686543.3001;12194923.9604;5239302.8081;25306668.0678;
2134;518547;23439895.3510;13637111.1461;14356492.8223;21048153.7013;20559497.4349;21688069.9466;12194925.9896;5238861.7294;25305965.7765;
2134;518548;23440474.9215;13639191.4289;14354153.6753;21047373.3357;20558999.4288;21689596.4335;12194928.1139;5238420.8054;25305263.1790;
2134;518549;23441054.2245;13641271.7539;14351814.4617;21046592.6354;20558501.0942;21691122.7608;12194930.3334;5237980.0363;25304560.2753;
2134;518550;23441633.2599;13643352.1212;14349475.1817;21045811.6003;20558002.4312;21692648.9284;12194932.6481;5237539.4220;25303857.0656;
2134;518551;23442212.0277;13645432.5307;14347135.8353;21045030.2304;20557503.4396;21694174.9362;12194935.0581;5237098.9625;25303153.5498;
2134;518552;23442790.5278;13647512.9822;14344796.4226;21044248.5258;20557004.1196;21695700.7843;12194937.5634;5236658.6577;25302449.7280;
2134;518553;23443368.7602;13649593.4758;14342456.9435;21043466.4864;20556504.4710;21697226.4725;12194940.1640;5236218.5076;25301745.6001;
2134;518554;23443946.7248;13651674.0114;14340117.3983;21042684.1122;20556004.4939;21698752.0008;12194942.8600;5235778.5121;25301041.1664;
2134;518555;23444524.4216;13653754.5889;14337777.7870;21041901.4032;20555504.1881;21700277.3691;12194945.6514;5235338.6712;25300336.4267;
2134;518556;23445101.8505;13655835.2083;14335438.1095;21041118.3595;20555003.5538;21701802.5775;12194948.5383;5234898.9849;25299631.3812;
2134;518557;23445679.0115;13657915.8694;14333098.3661;21040334.9809;20554502.5909;21703327.6257;12194951.5207;5234459.4532;25298926.0298;
2134;518558;23446255.9046;13659996.5723;14330758.5567;21039551.2675;20554001.2994;21704852.5138;12194954.5987;5234020.0759;25298220.3726;
2134;518559;23446832.5297;13662077.3169;14328418.6815;21038767.2194;20553499.6792;21706377.2416;12194957.7722;5233580.8532;25297514.4097;
2134;518560;23447408.8868;13664158.1031;14326078.7404;21037982.8363;20552997.7303;21707901.8093;12194961.0414;5233141.7848;25296808.1410;
2134;518561;23447984.9758;13666238.9309;14323738.7336;21037198.1185;20552495.4528;21709426.2166;12194964.4062;5232702.8709;25296101.5667;
2134;518562;23448560.7966;13668319.8002;14321398.6611;21036413.0658;20551992.8465;21710950.4635;12194967.8668;5232264.1113;25295394.6867;
2134;518563;23449136.3493;13670400.7109;14319058.5231;21035627.6783;20551489.9115;21712474.5501;12194971.4231;5231825.5061;25294687.5011;
2134;518564;23449711.6338;13672481.6630;14316718.3194;21034841.9560;20550986.6477;21713998.4761;12194975.0753;5231387.0551;25293980.0100;
2134;518565;23450286.6500;13674562.6565;14314378.0503;21034055.8987;20550483.0552;21715522.2416;12194978.8232;5230948.7584;25293272.2133;
2134;518566;23450861.3979;13676643.6912;14312037.7158;21033269.5066;20549979.1339;21717045.8465;12194982.6671;5230510.6159;25292564.1111;
2134;518567;23451435.8774;13678724.7672;14309697.3159;21032482.7797;20549474.8838;21718569.2907;12194986.6069;5230072.6276;25291855.7035;
2134;518568;23452010.0886;13680805.8842;14307356.8507;21031695.7178;20548970.3048;21720092.5742;12194990.6426;5229634.7935;25291146.9904;
2134;518569;23452584.0313;13682887.0424;14305016.3204;21030908.3211;20548465.3970;21721615.6970;12194994.7744;5229197.1134;25290437.9720;
2134;518570;23453157.7055;13684968.2416;14302675.7248;21030120.5895;20547960.1603;21723138.6589;12194999.0022;5228759.5874;25289728.6482;
2134;518571;23453731.1112;13687049.4818;14300335.0642;21029332.5230;20547454.5948;21724661.4599;12195003.3261;5228322.2155;25289019.0191;
2134;518572;23454304.2483;13689130.7629;14297994.3386;21028544.1216;20546948.7003;21726184.1000;12195007.7461;5227884.9976;25288309.0848;
2134;518573;23454877.1168;13691212.0849;14295653.5480;21027755.3853;20546442.4769;21727706.5791;12195012.2623;5227447.9336;25287598.8452;
2134;518574;23455449.7166;13693293.4476;14293312.6925;21026966.3140;20545935.9245;21729228.8971;12195016.8748;5227011.0236;25286888.3005;
2134;518575;23456022.0477;13695374.8511;14290971.7722;21026176.9078;20545429.0432;21730751.0540;12195021.5834;5226574.2674;25286177.4505;
2134;518576;23456594.1101;13697456.2953;14288630.7871;21025387.1667;20544921.8329;21732273.0498;12195026.3884;5226137.6651;25285466.2955;
2134;518577;23457165.9037;13699537.7801;14286289.7374;21024597.0907;20544414.2936;21733794.8843;12195031.2898;5225701.2167;25284754.8354;
2134;518578;23457737.4284;13701619.3054;14283948.6230;21023806.6797;20543906.4252;21735316.5575;12195036.2875;5225264.9220;25284043.0703;
2134;518579;23458308.6842;13703700.8712;14281607.4440;21023015.9338;20543398.2279;21736838.0694;12195041.3816;5224828.7811;25283331.0002;
2134;518580;23458879.6711;13705782.4775;14279266.2006;21022224.8529;20542889.7014;21738359.4198;12195046.5722;5224392.7939;25282618.6251;
2134;518581;23459450.3890;13707864.1242;14276924.8927;21021433.4370;20542380.8459;21739880.6089;12195051.8593;5223956.9603;25281905.9450;
2134;518582;23460020.8379;13709945.8112;14274583.5205;21020641.6862;20541871.6612;21741401.6364;12195057.2430;5223521.2804;25281192.9601;
2134;518583;23460591.0177;13712027.5384;14272242.0839;21019849.6003;20541362.1474;21742922.5023;12195062.7233;5223085.7541;25280479.6704;
2134;518584;23461160.9285;13714109.3059;14269900.5831;21019057.1795;20540852.3045;21744443.2066;12195068.3002;5222650.3814;25279766.0758;
2134;518585;23461730.5700;13716191.1135;14267559.0182;21018264.4238;20540342.1324;21745963.7492;12195073.9737;5222215.1622;25279052.1765;
2134;518586;23462299.9423;13718272.9611;14265217.3892;21017471.3330;20539831.6312;21747484.1300;12195079.7440;5221780.0965;25278337.9724;
2134;518587;23462869.0454;13720354.8488;14262875.6961;21016677.9072;20539320.8007;21749004.3491;12195085.6111;5221345.1843;25277623.4637;
2134;518588;23463437.8792;13722436.7765;14260533.9390;21015884.1463;20538809.6410;21750524.4062;12195091.5749;5220910.4255;25276908.6503;
2134;518589;23464006.4437;13724518.7441;14258192.1181;21015090.0505;20538298.1520;21752044.3015;12195097.6356;5220475.8201;25276193.5323;
2134;518590;23464574.7388;13726600.7515;14255850.2333;21014295.6197;20537786.3338;21753564.0348;12195103.7932;5220041.3680;25275478.1097;
2134;518591;23465142.7645;13728682.7987;14253508.2847;21013500.8538;20537274.1864;21755083.6061;12195110.0477;5219607.0692;25274762.3825;
2134;518592;23465710.5206;13730764.8856;14251166.2724;21012705.7528;20536761.7096;21756603.0152;12195116.3991;5219172.9237;25274046.3509;
2134;518593;23466278.0073;13732847.0122;14248824.1965;21011910.3169;20536248.9035;21758122.2622;12195122.8476;5218738.9315;25273330.0147;
2134;518594;23466845.2244;13734929.1785;14246482.0570;21011114.5459;20535735.7680;21759641.3471;12195129.3931;5218305.0925;25272613.3742;
2134;518595;23467412.1719;13737011.3842;14244139.8540;21010318.4398;20535222.3032;21761160.2696;12195136.0357;5217871.4066;25271896.4293;
2134;518596;23467978.8498;13739093.6295;14241797.5876;21009521.9986;20534708.5090;21762679.0298;12195142.7755;5217437.8739;25271179.1800;
2134;518597;23468545.2579;13741175.9141;14239455.2577;21008725.2224;20534194.3854;21764197.6277;12195149.6124;5217004.4943;25270461.6264;
2134;518598;23469111.3963;13743258.2382;14237112.8646;21007928.1111;20533679.9324;21765716.0631;12195156.5465;5216571.2677;25269743.7685;
2134;518599;23469677.2650;13745340.6016;14234770.4082;21007130.6647;20533165.1500;21767234.3361;12195163.5779;5216138.1941;25269025.6064;
2134;518600;23470242.8638;13747423.0042;14232427.8886;21006332.8833;20532650.0381;21768752.4464;12195170.7066;5215705.2736;25268307.1401;
2134;518601;23470808.1927;13749505.4460;14230085.3059;21005534.7667;20532134.5967;21770270.3942;12195177.9326;5215272.5060;25267588.3697;
2134;518602;23471373.2517;13751587.9269;14227742.6602;21004736.3150;20531618.8258;21771788.1793;12195185.2560;5214839.8913;25266869.2951;
2134;518603;23471938.0408;13753670.4470;14225399.9514;21003937.5282;20531102.7255;21773305.8017;12195192.6768;5214407.4295;25266149.9164;
2134;518604;23472502.5598;13755753.0060;14223057.1798;21003138.4064;20530586.2955;21774823.2613;12195200.1951;5213975.1205;25265430.2337;
2134;518605;23473066.8088;13757835.6040;14220714.3453;21002338.9493;20530069.5361;21776340.5581;12195207.8109;5213542.9643;25264710.2470;
2134;518606;23473630.7877;13759918.2409;14218371.4480;21001539.1572;20529552.4470;21777857.6920;12195215.5242;5213110.9609;25263989.9563;
2134;518607;23474194.4964;13762000.9166;14216028.4880;21000739.0299;20529035.0284;21779374.6629;12195223.3352;5212679.1103;25263269.3617;
2134;518608;23474757.9350;13764083.6311;14213685.4653;20999938.5675;20528517.2801;21780891.4709;12195231.2437;5212247.4123;25262548.4632;
2134;518609;23475321.1033;13766166.3843;14211342.3800;20999137.7699;20527999.2022;21782408.1157;12195239.2500;5211815.8670;25261827.2609;
2134;518610;23475884.0014;13768249.1762;14208999.2322;20998336.6372;20527480.7947;21783924.5975;12195247.3539;5211384.4743;25261105.7547;
2134;518611;23476446.6291;13770332.0066;14206656.0219;20997535.1693;20526962.0575;21785440.9161;12195255.5556;5210953.2342;25260383.9448;
2134;518612;23477008.9865;13772414.8756;14204312.7493;20996733.3662;20526442.9906;21786957.0714;12195263.8551;5210522.1467;25259661.8311;
2134;518613;23477571.0734;13774497.7831;14201969.4143;20995931.2280;20525923.5940;21788473.0634;12195272.2524;5210091.2117;25258939.4137;
2134;518614;23478132.8899;13776580.7290;14199626.0171;20995128.7546;20525403.8677;21789988.8921;12195280.7476;5209660.4291;25258216.6927;
2134;518615;23478694.4359;13778663.7133;14197282.5576;20994325.9460;20524883.8116;21791504.5574;12195289.3407;5209229.7990;25257493.6681;
2134;518616;23479255.7114;13780746.7359;14194939.0360;20993522.8022;20524363.4258;21793020.0592;12195298.0318;5208799.3213;25256770.3398;
2134;518617;23479816.7163;13782829.7967;14192595.4524;20992719.3232;20523842.7102;21794535.3975;12195306.8209;5208368.9960;25256046.7080;
2134;518618;23480377.4505;13784912.8957;14190251.8067;20991915.5090;20523321.6647;21796050.5722;12195315.7080;5207938.8230;25255322.7727;
2134;518619;23480937.9141;13786996.0328;14187908.0991;20991111.3596;20522800.2895;21797565.5833;12195324.6932;5207508.8023;25254598.5340;
2134;518620;23481498.1069;13789079.2079;14185564.3297;20990306.8750;20522278.5844;21799080.4307;12195333.7765;5207078.9338;25253873.9918;
2134;518621;23482058.0290;13791162.4211;14183220.4984;20989502.0552;20521756.5494;21800595.1143;12195342.9580;5206649.2176;25253149.1462;
2134;518622;23482617.6803;13793245.6722;14180876.6054;20988696.9001;20521234.1846;21802109.6342;12195352.2377;5206219.6536;25252423.9973;
2134;518623;23483177.0607;13795328.9612;14178532.6507;20987891.4098;20520711.4898;21803623.9901;12195361.6157;5205790.2417;25251698.5450;
2134;518624;23483736.1702;13797412.2881;14176188.6344;20987085.5842;20520188.4652;21805138.1822;12195371.0919;5205360.9819;25250972.7895;
2134;518625;23484295.0088;13799495.6527;14173844.5566;20986279.4234;20519665.1106;21806652.2102;12195380.6665;5204931.8742;25250246.7307;
2134;518626;23484853.5764;13801579.0550;14171500.4173;20985472.9274;20519141.4260;21808166.0743;12195390.3394;5204502.9185;25249520.3688;
2134;518627;23485411.8730;13803662.4949;14169156.2166;20984666.0961;20518617.4115;21809679.7742;12195400.1108;5204074.1149;25248793.7037;
2134;518628;23485969.8984;13805745.9724;14166811.9545;20983858.9295;20518093.0670;21811193.3100;12195409.9806;5203645.4632;25248066.7354;
2134;518629;23486527.6528;13807829.4875;14164467.6312;20983051.4276;20517568.3925;21812706.6816;12195419.9489;5203216.9634;25247339.4641;
2134;518630;23487085.1360;13809913.0400;14162123.2466;20982243.5905;20517043.3879;21814219.8889;12195430.0158;5202788.6155;25246611.8897;
2134;518631;23487642.3480;13811996.6300;14159778.8009;20981435.4181;20516518.0533;21815732.9319;12195440.1812;5202360.4195;25245884.0124;
2134;518632;23488199.2887;13814080.2572;14157434.2941;20980626.9104;20515992.3886;21817245.8105;12195450.4452;5201932.3753;25245155.8320;
2134;518633;23488755.9581;13816163.9218;14155089.7263;20979818.0674;20515466.3938;21818758.5246;12195460.8079;5201504.4829;25244427.3488;
2134;518634;23489312.3562;13818247.6236;14152745.0976;20979008.8891;20514940.0689;21820271.0743;12195471.2693;5201076.7423;25243698.5626;
2134;518635;23489868.4829;13820331.3626;14150400.4079;20978199.3754;20514413.4139;21821783.4595;12195481.8295;5200649.1533;25242969.4736;
2134;518636;23490424.3382;13822415.1386;14148055.6575;20977389.5265;20513886.4287;21823295.6800;12195492.4884;5200221.7160;25242240.0818;
2134;518637;23490979.9220;13824498.9518;14145710.8463;20976579.3422;20513359.1134;21824807.7358;12195503.2462;5199794.4304;25241510.3872;
2134;518638;23491535.2343;13826582.8019;14143365.9744;20975768.8227;20512831.4678;21826319.6270;12195514.1028;5199367.2964;25240780.3898;
2134;518639;23492090.2750;13828666.6889;14141021.0418;20974957.9678;20512303.4921;21827831.3533;12195525.0583;5198940.3139;25240050.0898;
2134;518640;23492645.0441;13830750.6128;14138676.0487;20974146.7775;20511775.1862;21829342.9148;12195536.1128;5198513.4829;25239319.4871;
2134;518641;23493199.5415;13832834.5736;14136330.9952;20973335.2519;20511246.5500;21830854.3114;12195547.2663;5198086.8035;25238588.5818;
2134;518642;23493753.7673;13834918.5710;14133985.8811;20972523.3910;20510717.5835;21832365.5431;12195558.5188;5197660.2754;25237857.3739;
2134;518643;23494307.7213;13837002.6052;14131640.7068;20971711.1946;20510188.2868;21833876.6098;12195569.8704;5197233.8989;25237125.8635;
2134;518644;23494861.4035;13839086.6760;14129295.4721;20970898.6630;20509658.6598;21835387.5114;12195581.3210;5196807.6736;25236394.0506;
2134;518645;23495414.8139;13841170.7834;14126950.1772;20970085.7959;20509128.7024;21836898.2479;12195592.8709;5196381.5998;25235661.9352;
2134;518646;23495967.9524;13843254.9272;14124604.8222;20969272.5935;20508598.4147;21838408.8192;12195604.5199;5195955.6772;25234929.5173;
2134;518647;23496520.8190;13845339.1076;14122259.4070;20968459.0557;20508067.7967;21839919.2252;12195616.2682;5195529.9059;25234196.7971;
2134;518648;23497073.4137;13847423.3243;14119913.9318;20967645.1826;20507536.8483;21841429.4660;12195628.1157;5195104.2858;25233463.7746;
2134;518649;23497625.7363;13849507.5774;14117568.3966;20966830.9740;20507005.5695;21842939.5414;12195640.0626;5194678.8170;25232730.4497;
2134;518650;23498177.7869;13851591.8667;14115222.8016;20966016.4300;20506473.9603;21844449.4514;12195652.1088;5194253.4992;25231996.8225;
2134;518651;23498729.5654;13853676.1923;14112877.1467;20965201.5506;20505942.0206;21845959.1960;12195664.2544;5193828.3327;25231262.8932;
2134;518652;23499281.0717;13855760.5540;14110531.4320;20964386.3359;20505409.7505;21847468.7750;12195676.4995;5193403.3172;25230528.6616;
2134;518653;23499832.3059;13857844.9518;14108185.6576;20963570.7857;20504877.1500;21848978.1884;12195688.8440;5192978.4527;25229794.1279;
2134;518654;23500383.2678;13859929.3856;14105839.8236;20962754.9000;20504344.2189;21850487.4362;12195701.2881;5192553.7392;25229059.2920;
2134;518655;23500933.9574;13862013.8554;14103493.9300;20961938.6790;20503810.9574;21851996.5183;12195713.8318;5192129.1768;25228324.1541;
2134;518656;23501484.3748;13864098.3611;14101147.9770;20961122.1225;20503277.3653;21853505.4347;12195726.4750;5191704.7652;25227588.7142;
2134;518657;23502034.5198;13866182.9027;14098801.9644;20960305.2306;20502743.4427;21855014.1853;12195739.2179;5191280.5046;25226852.9722;
2134;518658;23502584.3923;13868267.4801;14096455.8925;20959488.0032;20502209.1895;21856522.7700;12195752.0604;5190856.3948;25226116.9283;
2134;518659;23503133.9924;13870352.0932;14094109.7613;20958670.4404;20501674.6057;21858031.1887;12195765.0027;5190432.4359;25225380.5824;
2134;518660;23503683.3201;13872436.7420;14091763.5708;20957852.5422;20501139.6914;21859539.4415;12195778.0448;5190008.6277;25224643.9347;
2134;518661;23504232.3752;13874521.4264;14089417.3212;20957034.3084;20500604.4464;21861047.5283;12195791.1867;5189584.9703;25223906.9852;
2134;518662;23504781.1577;13876606.1464;14087071.0124;20956215.7392;20500068.8708;21862555.4489;12195804.4284;5189161.4637;25223169.7338;
2134;518663;23505329.6676;13878690.9018;14084724.6446;20955396.8346;20499532.9645;21864063.2035;12195817.7700;5188738.1076;25222432.1806;
2134;518664;23505877.9048;13880775.6927;14082378.2178;20954577.5944;20498996.7276;21865570.7918;12195831.2116;5188314.9023;25221694.3258;
2134;518665;23506425.8693;13882860.5190;14080031.7321;20953758.0188;20498460.1599;21867078.2138;12195844.7531;5187891.8475;25220956.1692;
2134;518666;23506973.5610;13884945.3806;14077685.1875;20952938.1077;20497923.2616;21868585.4695;12195858.3946;5187468.9433;25220217.7110;
2134;518667;23507520.9800;13887030.2775;14075338.5841;20952117.8610;20497386.0325;21870092.5589;12195872.1362;5187046.1897;25219478.9512;
2134;518668;23508068.1261;13889115.2095;14072991.9221;20951297.2789;20496848.4727;21871599.4818;12195885.9779;5186623.5865;25218739.8898;
2134;518669;23508614.9993;13891200.1767;14070645.2013;20950476.3613;20496310.5821;21873106.2382;12195899.9198;5186201.1338;25218000.5269;
2134;518670;23509161.5995;13893285.1790;14068298.4220;20949655.1082;20495772.3607;21874612.8281;12195913.9618;5185778.8315;25217260.8625;
2134;518671;23509707.9268;13895370.2162;14065951.5842;20948833.5195;20495233.8086;21876119.2513;12195928.1040;5185356.6796;25216520.8966;
2134;518672;23510253.9811;13897455.2885;14063604.6879;20948011.5953;20494694.9256;21877625.5079;12195942.3465;5184934.6781;25215780.6293;
2134;518673;23510799.7623;13899540.3956;14061257.7332;20947189.3356;20494155.7117;21879131.5978;12195956.6892;5184512.8268;25215040.0607;
2134;518674;23511345.2704;13901625.5376;14058910.7202;20946366.7404;20493616.1670;21880637.5209;12195971.1324;5184091.1258;25214299.1907;
2134;518675;23511890.5053;13903710.7144;14056563.6489;20945543.8096;20493076.2915;21882143.2772;12195985.6759;5183669.5751;25213558.0194;
2134;518676;23512435.4670;13905795.9259;14054216.5194;20944720.5432;20492536.0850;21883648.8665;12196000.3198;5183248.1745;25212816.5468;
2134;518677;23512980.1555;13907881.1720;14051869.3318;20943896.9414;20491995.5476;21885154.2890;12196015.0642;5182826.9242;25212074.7730;
2134;518678;23513524.5707;13909966.4528;14049522.0861;20943073.0039;20491454.6793;21886659.5444;12196029.9091;5182405.8239;25211332.6981;
2134;518679;23514068.7126;13912051.7680;14047174.7824;20942248.7309;20490913.4800;21888164.6328;12196044.8545;5181984.8737;25210590.3219;
2134;518680;23514612.5811;13914137.1178;14044827.4208;20941424.1224;20490371.9498;21889669.5540;12196059.9005;5181564.0736;25209847.6447;
2134;518681;23515156.1762;13916222.5020;14042480.0013;20940599.1782;20489830.0886;21891174.3081;12196075.0472;5181143.4235;25209104.6665;
2134;518682;23515699.4978;13918307.9205;14040132.5241;20939773.8985;20489287.8964;21892678.8949;12196090.2945;5180722.9234;25208361.3871;
2134;518683;23516242.5459;13920393.3734;14037784.9891;20938948.2832;20488745.3731;21894183.3144;12196105.6425;5180302.5732;25207617.8069;
2134;518684;23516785.3205;13922478.8605;14035437.3964;20938122.3323;20488202.5188;21895687.5666;12196121.0913;5179882.3729;25206873.9256;
2134;518685;23517327.8215;13924564.3817;14033089.7461;20937296.0458;20487659.3335;21897191.6514;12196136.6408;5179462.3224;25206129.7435;
2134;518686;23517870.0488;13926649.9371;14030742.0382;20936469.4237;20487115.8170;21898695.5688;12196152.2912;5179042.4218;25205385.2605;
2134;518687;23518412.0024;13928735.5266;14028394.2729;20935642.4660;20486571.9695;21900199.3186;12196168.0425;5178622.6710;25204640.4766;
2134;518688;23518953.6823;13930821.1500;14026046.4502;20934815.1727;20486027.7909;21901702.9008;12196183.8946;5178203.0699;25203895.3920;
2134;518689;23519495.0885;13932906.8074;14023698.5702;20933987.5438;20485483.2811;21903206.3154;12196199.8478;5177783.6186;25203150.0066;
2134;518690;23520036.2208;13934992.4987;14021350.6328;20933159.5793;20484938.4401;21904709.5623;12196215.9019;5177364.3169;25202404.3205;
2134;518691;23520577.0793;13937078.2238;14019002.6383;20932331.2791;20484393.2680;21906212.6415;12196232.0570;5176945.1649;25201658.3337;
2134;518692;23521117.6639;13939163.9826;14016654.5866;20931502.6433;20483847.7647;21907715.5529;12196248.3132;5176526.1625;25200912.0463;
2134;518693;23521657.9745;13941249.7752;14014306.4778;20930673.6718;20483301.9302;21909218.2964;12196264.6706;5176107.3096;25200165.4583;
2134;518694;23522198.0112;13943335.6014;14011958.3120;20929844.3648;20482755.7645;21910720.8720;12196281.1291;5175688.6063;25199418.5697;
2134;518695;23522737.7738;13945421.4612;14009610.0893;20929014.7220;20482209.2675;21912223.2796;12196297.6888;5175270.0524;25198671.3806;
2134;518696;23523277.2623;13947507.3545;14007261.8097;20928184.7436;20481662.4393;21913725.5192;12196314.3497;5174851.6481;25197923.8910;
2134;518697;23523816.4767;13949593.2813;14004913.4732;20927354.4296;20481115.2798;21915227.5907;12196331.1119;5174433.3931;25197176.1010;
2134;518698;23524355.4170;13951679.2414;14002565.0800;20926523.7799;20480567.7890;21916729.4940;12196347.9754;5174015.2875;25196428.0106;
2134;518699;23524894.0830;13953765.2349;14000216.6301;20925692.7945;20480019.9668;21918231.2292;12196364.9403;5173597.3313;25195679.6199;
2134;518700;23525432.4748;13955851.2617;13997868.1236;20924861.4734;20479471.8134;21919732.7961;12196382.0065;5173179.5243;25194930.9288;
2134;518701;23525970.5923;13957937.3217;13995519.5606;20924029.8167;20478923.3286;21921234.1946;12196399.1743;5172761.8667;25194181.9374;
2134;518702;23526508.4354;13960023.4149;13993170.9410;20923197.8243;20478374.5124;21922735.4248;12196416.4434;5172344.3582;25193432.6458;
2134;518703;23527046.0042;13962109.5412;13990822.2651;20922365.4962;20477825.3648;21924236.4866;12196433.8142;5171926.9990;25192683.0540;
2134;518704;23527583.2985;13964195.7005;13988473.5327;20921532.8324;20477275.8858;21925737.3799;12196451.2864;5171509.7889;25191933.1620;
2134;518705;23528120.3184;13966281.8928;13986124.7441;20920699.8329;20476726.0754;21927238.1047;12196468.8603;5171092.7279;25191182.9699;
2134;518706;23528657.0637;13968368.1180;13983775.8992;20919866.4977;20476175.9335;21928738.6608;12196486.5358;5170675.8160;25190432.4777;
2134;518707;23529193.5345;13970454.3761;13981426.9982;20919032.8267;20475625.4602;21930239.0483;12196504.3130;5170259.0532;25189681.6855;
2134;518708;23529729.7307;13972540.6670;13979078.0411;20918198.8201;20475074.6554;21931739.2671;12196522.1919;5169842.4394;25188930.5932;
2134;518709;23530265.6522;13974626.9907;13976729.0280;20917364.4778;20474523.5191;21933239.3171;12196540.1726;5169425.9745;25188179.2010;
2134;518710;23530801.2991;13976713.3470;13974379.9589;20916529.7997;20473972.0513;21934739.1983;12196558.2551;5169009.6586;25187427.5089;
2134;518711;23531336.6712;13978799.7359;13972030.8339;20915694.7858;20473420.2520;21936238.9106;12196576.4394;5168593.4915;25186675.5168;
2134;518712;23531871.7685;13980886.1574;13969681.6530;20914859.4363;20472868.1211;21937738.4539;12196594.7257;5168177.4733;25185923.2249;
2134;518713;23532406.5910;13982972.6114;13967332.4164;20914023.7510;20472315.6586;21939237.8283;12196613.1138;5167761.6040;25185170.6332;
2134;518714;23532941.1387;13985059.0979;13964983.1241;20913187.7300;20471762.8645;21940737.0336;12196631.6039;5167345.8834;25184417.7418;
2134;518715;23533475.4114;13987145.6167;13962633.7761;20912351.3732;20471209.7389;21942236.0697;12196650.1960;5166930.3116;25183664.5506;
2134;518716;23534009.4092;13989232.1678;13960284.3726;20911514.6806;20470656.2816;21943734.9368;12196668.8902;5166514.8884;25182911.0597;
2134;518717;23534543.1320;13991318.7512;13957934.9136;20910677.6523;20470102.4927;21945233.6346;12196687.6864;5166099.6140;25182157.2692;
2134;518718;23535076.5798;13993405.3669;13955585.3991;20909840.2882;20469548.3721;21946732.1631;12196706.5848;5165684.4882;25181403.1790;
2134;518719;23535609.7525;13995492.0146;13953235.8292;20909002.5884;20468993.9198;21948230.5222;12196725.5854;5165269.5109;25180648.7893;
2134;518720;23536142.6500;13997578.6944;13950886.2041;20908164.5528;20468439.1359;21949728.7120;12196744.6881;5164854.6823;25179894.1000;
2134;518721;23536675.2724;13999665.4063;13948536.5237;20907326.1814;20467884.0202;21951226.7323;12196763.8931;5164440.0021;25179139.1112;
2134;518722;23537207.6195;14001752.1501;13946186.7881;20906487.4742;20467328.5728;21952724.5831;12196783.2004;5164025.4705;25178383.8230;
2134;518723;23537739.6914;14003838.9258;13943836.9974;20905648.4312;20466772.7936;21954222.2644;12196802.6100;5163611.0872;25177628.2354;
2134;518724;23538271.4880;14005925.7334;13941487.1516;20904809.0524;20466216.6827;21955719.7760;12196822.1220;5163196.8524;25176872.3484;
2134;518725;23538803.0093;14008012.5728;13939137.2509;20903969.3378;20465660.2400;21957217.1179;12196841.7364;5162782.7660;25176116.1620;
2134;518726;23539334.2552;14010099.4438;13936787.2953;20903129.2874;20465103.4655;21958714.2902;12196861.4533;5162368.8279;25175359.6764;
2134;518727;23539865.2256;14012186.3465;13934437.2848;20902288.9012;20464546.3591;21960211.2926;12196881.2726;5161955.0381;25174602.8915;
2134;518728;23540395.9206;14014273.2809;13932087.2195;20901448.1792;20463988.9210;21961708.1251;12196901.1945;5161541.3965;25173845.8073;
2134;518729;23540926.3400;14016360.2467;13929737.0995;20900607.1214;20463431.1510;21963204.7878;12196921.2189;5161127.9032;25173088.4240;
2134;518730;23541456.4839;14018447.2441;13927386.9249;20899765.7277;20462873.0490;21964701.2804;12196941.3460;5160714.5580;25172330.7416;
2134;518731;23541986.3522;14020534.2729;13925036.6956;20898923.9982;20462314.6153;21966197.6031;12196961.5757;5160301.3610;25171572.7600;
2134;518732;23542515.9448;14022621.3330;13922686.4119;20898081.9329;20461755.8496;21967693.7557;12196981.9081;5159888.3121;25170814.4794;
2134;518733;23543045.2617;14024708.4244;13920336.0736;20897239.5317;20461196.7519;21969189.7381;12197002.3432;5159475.4113;25170055.8998;
2134;518734;23543574.3029;14026795.5471;13917985.6810;20896396.7947;20460637.3224;21970685.5504;12197022.8811;5159062.6585;25169297.0212;
2134;518735;23544103.0683;14028882.7010;13915635.2341;20895553.7218;20460077.5608;21972181.1924;12197043.5218;5158650.0537;25168537.8436;
2134;518736;23544631.5579;14030969.8859;13913284.7329;20894710.3131;20459517.4673;21973676.6641;12197064.2654;5158237.5968;25167778.3671;
2134;518737;23545159.7716;14033057.1020;13910934.1775;20893866.5685;20458957.0418;21975171.9655;12197085.1119;5157825.2879;25167018.5918;
2134;518738;23545687.7094;14035144.3490;13908583.5680;20893022.4881;20458396.2842;21976667.0964;12197106.0613;5157413.1269;25166258.5177;
2134;518739;23546215.3713;14037231.6270;13906232.9044;20892178.0718;20457835.1947;21978162.0568;12197127.1137;5157001.1137;25165498.1447;
2134;518740;23546742.7571;14039318.9358;13903882.1868;20891333.3196;20457273.7731;21979656.8467;12197148.2690;5156589.2483;25164737.4730;
2134;518741;23547269.8670;14041406.2755;13901531.4153;20890488.2315;20456712.0194;21981151.4661;12197169.5275;5156177.5307;25163976.5027;
2134;518742;23547796.7007;14043493.6459;13899180.5899;20889642.8076;20456149.9336;21982645.9147;12197190.8890;5155765.9608;25163215.2336;
2134;518743;23548323.2583;14045581.0471;13896829.7107;20888797.0478;20455587.5157;21984140.1927;12197212.3537;5155354.5386;25162453.6659;
2134;518744;23548849.5397;14047668.4788;13894478.7778;20887950.9520;20455024.7657;21985634.2999;12197233.9215;5154943.2640;25161691.7997;
2134;518745;23549375.5449;14049755.9412;13892127.7912;20887104.5204;20454461.6836;21987128.2363;12197255.5926;5154532.1371;25160929.6349;
2134;518746;23549901.2739;14051843.4341;13889776.7510;20886257.7529;20453898.2693;21988622.0018;12197277.3669;5154121.1577;25160167.1715;
2134;518747;23550426.7265;14053930.9574;13887425.6573;20885410.6494;20453334.5228;21990115.5964;12197299.2446;5153710.3259;25159404.4098;
2134;518748;23550951.9029;14056018.5111;13885074.5101;20884563.2101;20452770.4441;21991609.0200;12197321.2255;5153299.6417;25158641.3495;
2134;518749;23551476.8028;14058106.0952;13882723.3095;20883715.4348;20452206.0333;21993102.2726;12197343.3098;5152889.1048;25157877.9909;
2134;518750;23552001.4263;14060193.7095;13880372.0555;20882867.3237;20451641.2902;21994595.3541;12197365.4976;5152478.7154;25157114.3340;
2134;518751;23552525.7733;14062281.3541;13878020.7483;20882018.8766;20451076.2148;21996088.2644;12197387.7888;5152068.4734;25156350.3787;
2134;518752;23553049.8438;14064369.0288;13875669.3878;20881170.0935;20450510.8072;21997581.0035;12197410.1835;5151658.3788;25155586.1252;
2134;518753;23553573.6377;14066456.7336;13873317.9742;20880320.9746;20449945.0673;21999073.5713;12197432.6817;5151248.4314;25154821.5734;
2134;518754;23554097.1550;14068544.4685;13870966.5075;20879471.5197;20449378.9951;22000565.9678;12197455.2835;5150838.6314;25154056.7235;
2134;518755;23554620.3957;14070632.2333;13868614.9878;20878621.7288;20448812.5906;22002058.1929;12197477.9890;5150428.9785;25153291.5754;
2134;518756;23555143.3597;14072720.0280;13866263.4152;20877771.6020;20448245.8538;22003550.2465;12197500.7980;5150019.4729;25152526.1292;
2134;518757;23555666.0470;14074807.8526;13863911.7897;20876921.1393;20447678.7846;22005042.1287;12197523.7108;5149610.1145;25151760.3849;
2134;518758;23556188.4574;14076895.7070;13861560.1113;20876070.3406;20447111.3830;22006533.8393;12197546.7273;5149200.9032;25150994.3426;
2134;518759;23556710.5911;14078983.5912;13859208.3803;20875219.2059;20446543.6491;22008025.3783;12197569.8476;5148791.8389;25150228.0023;
2134;518760;23557232.4479;14081071.5050;13856856.5965;20874367.7353;20445975.5828;22009516.7457;12197593.0718;5148382.9217;25149461.3641;
2134;518761;23557754.0278;14083159.4484;13854504.7601;20873515.9287;20445407.1840;22011007.9413;12197616.3997;5147974.1516;25148694.4279;
2134;518762;23558275.3307;14085247.4214;13852152.8711;20872663.7861;20444838.4528;22012498.9651;12197639.8316;5147565.5284;25147927.1939;
2134;518763;23558796.3566;14087335.4238;13849800.9297;20871811.3075;20444269.3892;22013989.8171;12197663.3674;5147157.0521;25147159.6620;
2134;518764;23559317.1055;14089423.4557;13847448.9358;20870958.4930;20443699.9930;22015480.4972;12197687.0072;5146748.7228;25146391.8323;
2134;518765;23559837.5773;14091511.5170;13845096.8896;20870105.3425;20443130.2644;22016971.0054;12197710.7510;5146340.5403;25145623.7049;
2134;518766;23560357.7720;14093599.6076;13842744.7910;20869251.8559;20442560.2033;22018461.3415;12197734.5989;5145932.5046;25144855.2798;
2134;518767;23560877.6895;14095687.7275;13840392.6403;20868398.0334;20441989.8097;22019951.5056;12197758.5508;5145524.6157;25144086.5570;
2134;518768;23561397.3299;14097775.8765;13838040.4374;20867543.8749;20441419.0835;22021441.4975;12197782.6069;5145116.8736;25143317.5366;
2134;518769;23561916.6929;14099864.0547;13835688.1824;20866689.3804;20440848.0247;22022931.3173;12197806.7672;5144709.2782;25142548.2186;
2134;518770;23562435.7787;14101952.2619;13833335.8753;20865834.5498;20440276.6334;22024420.9648;12197831.0317;5144301.8294;25141778.6030;
2134;518771;23562954.5871;14104040.4982;13830983.5163;20864979.3833;20439704.9095;22025910.4401;12197855.4004;5143894.5273;25141008.6899;
2134;518772;23563473.1181;14106128.7634;13828631.1054;20864123.8807;20439132.8530;22027399.7430;12197879.8734;5143487.3718;25140238.4794;
2134;518773;23563991.3717;14108217.0575;13826278.6427;20863268.0421;20438560.4638;22028888.8735;12197904.4508;5143080.3628;25139467.9714;
2134;518774;23564509.3478;14110305.3804;13823926.1281;20862411.8675;20437987.7420;22030377.8315;12197929.1326;5142673.5004;25138697.1660;
2134;518775;23565027.0465;14112393.7321;13821573.5619;20861555.3569;20437414.6876;22031866.6170;12197953.9188;5142266.7844;25137926.0633;
2134;518776;23565544.4675;14114482.1125;13819220.9441;20860698.5102;20436841.3004;22033355.2300;12197978.8094;5141860.2149;25137154.6632;
2134;518777;23566061.6110;14116570.5216;13816868.2746;20859841.3275;20436267.5806;22034843.6703;12198003.8045;5141453.7918;25136382.9659;
2134;518778;23566578.4768;14118658.9592;13814515.5537;20858983.8087;20435693.5281;22036331.9379;12198028.9042;5141047.5151;25135610.9713;
2134;518779;23567095.0650;14120747.4254;13812162.7813;20858125.9539;20435119.1428;22037820.0328;12198054.1084;5140641.3847;25134838.6796;
2134;518780;23567611.3754;14122835.9201;13809809.9576;20857267.7630;20434544.4248;22039307.9548;12198079.4173;5140235.4005;25134066.0907;
2134;518781;23568127.4080;14124924.4431;13807457.0825;20856409.2361;20433969.3740;22040795.7041;12198104.8308;5139829.5627;25133293.2047;
2134;518782;23568643.1628;14127012.9946;13805104.1562;20855550.3731;20433393.9904;22042283.2804;12198130.3490;5139423.8710;25132520.0216;
2134;518783;23569158.6398;14129101.5743;13802751.1787;20854691.1741;20432818.2740;22043770.6837;12198155.9719;5139018.3256;25131746.5414;
2134;518784;23569673.8388;14131190.1822;13800398.1501;20853831.6389;20432242.2248;22045257.9140;12198181.6997;5138612.9263;25130972.7643;
2134;518785;23570188.7600;14133278.8183;13798045.0705;20852971.7677;20431665.8428;22046744.9712;12198207.5322;5138207.6730;25130198.6903;
2134;518786;23570703.4031;14135367.4825;13795691.9399;20852111.5605;20431089.1279;22048231.8553;12198233.4696;5137802.5659;25129424.3193;
2134;518787;23571217.7682;14137456.1747;13793338.7583;20851251.0171;20430512.0802;22049718.5662;12198259.5119;5137397.6048;25128649.6514;
2134;518788;23571731.8552;14139544.8950;13790985.5259;20850390.1377;20429934.6996;22051205.1038;12198285.6591;5136992.7896;25127874.6867;
2134;518789;23572245.6641;14141633.6431;13788632.2427;20849528.9221;20429356.9860;22052691.4681;12198311.9113;5136588.1204;25127099.4252;
2134;518790;23572759.1949;14143722.4191;13786278.9088;20848667.3705;20428778.9396;22054177.6591;12198338.2685;5136183.5972;25126323.8670;
2134;518791;23573272.4474;14145811.2230;13783925.5243;20847805.4828;20428200.5602;22055663.6766;12198364.7308;5135779.2197;25125548.0121;
2134;518792;23573785.4217;14147900.0545;13781572.0891;20846943.2589;20427621.8478;22057149.5206;12198391.2981;5135374.9882;25124771.8604;
2134;518793;23574298.1177;14149988.9138;13779218.6034;20846080.6990;20427042.8025;22058635.1911;12198417.9706;5134970.9024;25123995.4122;
2134;518794;23574810.5354;14152077.8007;13776865.0673;20845217.8030;20426463.4242;22060120.6880;12198444.7483;5134566.9624;25123218.6673;
2134;518795;23575322.6747;14154166.7151;13774511.4808;20844354.5708;20425883.7129;22061606.0113;12198471.6312;5134163.1681;25122441.6259;
2134;518796;23575834.5356;14156255.6571;13772157.8439;20843491.0025;20425303.6686;22063091.1608;12198498.6193;5133759.5195;25121664.2880;
2134;518797;23576346.1180;14158344.6265;13769804.1568;20842627.0981;20424723.2913;22064576.1366;12198525.7127;5133356.0165;25120886.6536;
2134;518798;23576857.4219;14160433.6232;13767450.4195;20841762.8576;20424142.5808;22066060.9386;12198552.9115;5132952.6592;25120108.7228;
2134;518799;23577368.4473;14162522.6473;13765096.6320;20840898.2809;20423561.5374;22067545.5667;12198580.2156;5132549.4474;25119330.4956;
2134;518800;23577879.1941;14164611.6987;13762742.7945;20840033.3681;20422980.1608;22069030.0208;12198607.6252;5132146.3811;25118551.9720;
2134;518801;23578389.6622;14166700.7772;13760388.9070;20839168.1192;20422398.4511;22070514.3010;12198635.1402;5131743.4604;25117773.1521;
2134;518802;23578899.8517;14168789.8829;13758034.9696;20838302.5341;20421816.4083;22071998.4071;12198662.7607;5131340.6851;25116994.0360;
2134;518803;23579409.7625;14170879.0157;13755680.9823;20837436.6129;20421234.0324;22073482.3391;12198690.4867;5130938.0552;25116214.6236;
2134;518804;23579919.3945;14172968.1755;13753326.9452;20836570.3555;20420651.3233;22074966.0970;12198718.3183;5130535.5707;25115434.9150;
2134;518805;23580428.7477;14175057.3623;13750972.8583;20835703.7620;20420068.2810;22076449.6806;12198746.2555;5130133.2315;25114654.9103;
2134;518806;23580937.8220;14177146.5759;13748618.7218;20834836.8323;20419484.9055;22077933.0900;12198774.2983;5129731.0376;25113874.6095;
2134;518807;23581446.6175;14179235.8164;13746264.5357;20833969.5665;20418901.1968;22079416.3251;12198802.4469;5129328.9890;25113094.0126;
2134;518808;23581955.1340;14181325.0837;13743910.3000;20833101.9644;20418317.1549;22080899.3857;12198830.7011;5128927.0856;25112313.1196;
2134;518809;23582463.3715;14183414.3777;13741556.0149;20832234.0263;20417732.7798;22082382.2719;12198859.0612;5128525.3274;25111531.9307;
2134;518810;23582971.3301;14185503.6983;13739201.6803;20831365.7519;20417148.0714;22083864.9836;12198887.5270;5128123.7144;25110750.4458;
2134;518811;23583479.0095;14187593.0455;13736847.2964;20830497.1414;20416563.0297;22085347.5208;12198916.0987;5127722.2464;25109968.6650;
2134;518812;23583986.4099;14189682.4193;13734492.8632;20829628.1946;20415977.6548;22086829.8833;12198944.7763;5127320.9235;25109186.5884;
2134;518813;23584493.5311;14191771.8196;13732138.3808;20828758.9117;20415391.9465;22088312.0712;12198973.5598;5126919.7457;25108404.2159;
2134;518814;23585000.3731;14193861.2462;13729783.8493;20827889.2926;20414805.9049;22089794.0844;12199002.4493;5126518.7129;25107621.5476;
2134;518815;23585506.9359;14195950.6992;13727429.2687;20827019.3373;20414219.5300;22091275.9227;12199031.4448;5126117.8250;25106838.5836;
2134;518816;23586013.2195;14198040.1785;13725074.6390;20826149.0459;20413632.8217;22092757.5863;12199060.5463;5125717.0820;25106055.3239;
2134;518817;23586519.2237;14200129.6841;13722719.9604;20825278.4182;20413045.7800;22094239.0749;12199089.7539;5125316.4839;25105271.7685;
2134;518818;23587024.9485;14202219.2158;13720365.2330;20824407.4543;20412458.4050;22095720.3886;12199119.0676;5124916.0307;25104487.9174;
2134;518819;23587530.3939;14204308.7736;13718010.4567;20823536.1542;20411870.6965;22097201.5273;12199148.4875;5124515.7222;25103703.7708;
2134;518820;23588035.5599;14206398.3575;13715655.6316;20822664.5179;20411282.6546;22098682.4909;12199178.0136;5124115.5585;25102919.3286;
2134;518821;23588540.4464;14208487.9674;13713300.7579;20821792.5453;20410694.2793;22100163.2794;12199207.6460;5123715.5396;25102134.5910;
2134;518822;23589045.0534;14210577.6032;13710945.8355;20820920.2366;20410105.5705;22101643.8927;12199237.3846;5123315.6653;25101349.5578;
2134;518823;23589549.3808;14212667.2648;13708590.8646;20820047.5916;20409516.5282;22103124.3308;12199267.2296;5122915.9357;25100564.2293;
2134;518824;23590053.4286;14214756.9523;13706235.8452;20819174.6104;20408927.1525;22104604.5935;12199297.1809;5122516.3507;25099778.6053;
2134;518825;23590557.1967;14216846.6655;13703880.7773;20818301.2930;20408337.4432;22106084.6810;12199327.2386;5122116.9102;25098992.6860;
2134;518826;23591060.6851;14218936.4044;13701525.6611;20817427.6393;20407747.4004;22107564.5930;12199357.4028;5121717.6143;25098206.4714;
2134;518827;23591563.8938;14221026.1690;13699170.4966;20816553.6494;20407157.0241;22109044.3296;12199387.6734;5121318.4629;25097419.9616;
2134;518828;23592066.8227;14223115.9591;13696815.2839;20815679.3233;20406566.3142;22110523.8907;12199418.0506;5120919.4560;25096633.1565;
2134;518829;23592569.4717;14225205.7747;13694460.0230;20814804.6609;20405975.2708;22112003.2762;12199448.5343;5120520.5935;25095846.0562;
2134;518830;23593071.8409;14227295.6157;13692104.7140;20813929.6623;20405383.8937;22113482.4860;12199479.1246;5120121.8753;25095058.6608;
2134;518831;23593573.9302;14229385.4822;13689749.3570;20813054.3274;20404792.1830;22114961.5202;12199509.8216;5119723.3015;25094270.9703;
2134;518832;23594075.7395;14231475.3739;13687393.9520;20812178.6562;20404200.1388;22116440.3787;12199540.6252;5119324.8720;25093482.9847;
2134;518833;23594577.2688;14233565.2910;13685038.4991;20811302.6488;20403607.7608;22117919.0613;12199571.5356;5118926.5868;25092694.7041;
2134;518834;23595078.5180;14235655.2332;13682682.9983;20810426.3052;20403015.0492;22119397.5681;12199602.5527;5118528.4457;25091906.1285;
2134;518835;23595579.4872;14237745.2006;13680327.4498;20809549.6252;20402422.0040;22120875.8990;12199633.6766;5118130.4489;25091117.2580;
2134;518836;23596080.1762;14239835.1930;13677971.8536;20808672.6090;20401828.6250;22122354.0539;12199664.9073;5117732.5962;25090328.0926;
2134;518837;23596580.5851;14241925.2105;13675616.2098;20807795.2566;20401234.9124;22123832.0327;12199696.2449;5117334.8877;25089538.6323;
2134;518838;23597080.7138;14244015.2529;13673260.5183;20806917.5678;20400640.8660;22125309.8356;12199727.6894;5116937.3232;25088748.8772;
2134;518839;23597580.5622;14246105.3203;13670904.7794;20806039.5428;20400046.4859;22126787.4622;12199759.2409;5116539.9027;25087958.8273;
2134;518840;23598080.1303;14248195.4124;13668548.9930;20805161.1814;20399451.7720;22128264.9127;12199790.8994;5116142.6262;25087168.4827;
2134;518841;23598579.4180;14250285.5294;13666193.1592;20804282.4838;20398856.7244;22129742.1869;12199822.6649;5115745.4937;25086377.8433;
2134;518842;23599078.4254;14252375.6711;13663837.2781;20803403.4499;20398261.3430;22131219.2848;12199854.5375;5115348.5051;25085586.9094;
2134;518843;23599577.1523;14254465.8374;13661481.3498;20802524.0797;20397665.6277;22132696.2064;12199886.5172;5114951.6604;25084795.6808;
2134;518844;23600075.5988;14256556.0283;13659125.3743;20801644.3733;20397069.5787;22134172.9515;12199918.6040;5114554.9595;25084004.1576;
2134;518845;23600573.7648;14258646.2438;13656769.3517;20800764.3305;20396473.1958;22135649.5202;12199950.7980;5114158.4025;25083212.3399;
2134;518846;23601071.6502;14260736.4837;13654413.2820;20799883.9514;20395876.4790;22137125.9123;12199983.0993;5113761.9892;25082420.2277;
2134;518847;23601569.2550;14262826.7481;13652057.1653;20799003.2360;20395279.4284;22138602.1278;12200015.5078;5113365.7196;25081627.8210;
2134;518848;23602066.5792;14264917.0368;13649701.0017;20798122.1842;20394682.0439;22140078.1667;12200048.0236;5112969.5937;25080835.1199;
2134;518849;23602563.6226;14267007.3497;13647344.7913;20797240.7962;20394084.3255;22141554.0289;12200080.6468;5112573.6114;25080042.1245;
2134;518850;23603060.3854;14269097.6870;13644988.5340;20796359.0719;20393486.2732;22143029.7144;12200113.3773;5112177.7728;25079248.8347;
2134;518851;23603556.8674;14271188.0484;13642632.2301;20795477.0112;20392887.8869;22144505.2230;12200146.2153;5111782.0777;25078455.2507;
2134;518852;23604053.0686;14273278.4339;13640275.8795;20794594.6142;20392289.1667;22145980.5548;12200179.1608;5111386.5262;25077661.3723;
2134;518853;23604548.9889;14275368.8435;13637919.4822;20793711.8809;20391690.1125;22147455.7096;12200212.2137;5110991.1181;25076867.1998;
2134;518854;23605044.6284;14277459.2770;13635563.0385;20792828.8112;20391090.7244;22148930.6874;12200245.3742;5110595.8535;25076072.7331;
2134;518855;23605539.9869;14279549.7345;13633206.5483;20791945.4052;20390491.0022;22150405.4882;12200278.6423;5110200.7324;25075277.9723;
2134;518856;23606035.0644;14281640.2158;13630850.0117;20791061.6629;20389890.9460;22151880.1119;12200312.0180;5109805.7546;25074482.9173;
2134;518857;23606529.8609;14283730.7210;13628493.4288;20790177.5842;20389290.5558;22153354.5585;12200345.5013;5109410.9201;25073687.5684;
2134;518858;23607024.3763;14285821.2499;13626136.7996;20789293.1692;20388689.8315;22154828.8279;12200379.0924;5109016.2289;25072891.9254;
2134;518859;23607518.6106;14287911.8025;13623780.1242;20788408.4178;20388088.7732;22156302.9199;12200412.7912;5108621.6810;25072095.9884;
2134;518860;23608012.5638;14290002.3787;13621423.4026;20787523.3301;20387487.3808;22157776.8347;12200446.5977;5108227.2763;25071299.7576;
2134;518861;23608506.2358;14292092.9785;13619066.6350;20786637.9060;20386885.6543;22159250.5721;12200480.5121;5107833.0148;25070503.2328;
2134;518862;23608999.6266;14294183.6017;13616709.8214;20785752.1456;20386283.5937;22160724.1321;12200514.5344;5107438.8965;25069706.4142;
2134;518863;23609492.7360;14296274.2485;13614352.9619;20784866.0488;20385681.1989;22162197.5145;12200548.6645;5107044.9212;25068909.3018;
2134;518864;23609985.5642;14298364.9186;13611996.0565;20783979.6156;20385078.4700;22163670.7194;12200582.9026;5106651.0891;25068111.8956;
2134;518865;23610478.1110;14300455.6120;13609639.1053;20783092.8461;20384475.4069;22165143.7468;12200617.2486;5106257.3999;25067314.1957;
2134;518866;23610970.3764;14302546.3287;13607282.1083;20782205.7402;20383872.0097;22166616.5964;12200651.7026;5105863.8537;25066516.2022;
2134;518867;23611462.3603;14304637.0686;13604925.0656;20781318.2979;20383268.2783;22168089.2684;12200686.2648;5105470.4505;25065717.9150;
2134;518868;23611954.0628;14306727.8316;13602567.9774;20780430.5193;20382664.2126;22169561.7625;12200720.9349;5105077.1902;25064919.3341;
2134;518869;23612445.4837;14308818.6177;13600210.8436;20779542.4043;20382059.8127;22171034.0789;12200755.7133;5104684.0728;25064120.4598;
2134;518870;23612936.6231;14310909.4268;13597853.6643;20778653.9529;20381455.0786;22172506.2173;12200790.5998;5104291.0982;25063321.2919;
2134;518871;23613427.4808;14313000.2589;13595496.4396;20777765.1651;20380850.0103;22173978.1779;12200825.5945;5103898.2664;25062521.8305;
2134;518872;23613918.0569;14315091.1139;13593139.1696;20776876.0409;20380244.6076;22175449.9604;12200860.6974;5103505.5773;25061722.0757;
2134;518873;23614408.3513;14317181.9917;13590781.8542;20775986.5803;20379638.8707;22176921.5649;12200895.9086;5103113.0310;25060922.0275;
2134;518874;23614898.3639;14319272.8923;13588424.4937;20775096.7833;20379032.7994;22178392.9912;12200931.2282;5102720.6274;25060121.6859;
2134;518875;23615388.0948;14321363.8156;13586067.0880;20774206.6500;20378426.3939;22179864.2394;12200966.6561;5102328.3663;25059321.0511;
2134;518876;23615877.5438;14323454.7616;13583709.6372;20773316.1802;20377819.6540;22181335.3094;12201002.1924;5101936.2479;25058520.1229;
2134;518877;23616366.7109;14325545.7301;13581352.1414;20772425.3740;20377212.5797;22182806.2011;12201037.8372;5101544.2721;25057718.9015;
2134;518878;23616855.5962;14327636.7212;13578994.6006;20771534.2314;20376605.1711;22184276.9144;12201073.5904;5101152.4388;25056917.3869;
2134;518879;23617344.1995;14329727.7347;13576637.0150;20770642.7524;20375997.4281;22185747.4494;12201109.4522;5100760.7479;25056115.5792;
2134;518880;23617832.5208;14331818.7707;13574279.3845;20769750.9370;20375389.3506;22187217.8059;12201145.4225;5100369.1995;25055313.4784;
2134;518881;23618320.5600;14333909.8290;13571921.7092;20768858.7852;20374780.9388;22188687.9840;12201181.5014;5099977.7935;25054511.0845;
2134;518882;23618808.3172;14336000.9096;13569563.9893;20767966.2969;20374172.1925;22190157.9834;12201217.6890;5099586.5299;25053708.3975;
2134;518883;23619295.7923;14338092.0124;13567206.2247;20767073.4723;20373563.1118;22191627.8043;12201253.9852;5099195.4086;25052905.4176;
2134;518884;23619782.9852;14340183.1374;13564848.4156;20766180.3112;20372953.6966;22193097.4464;12201290.3902;5098804.4296;25052102.1448;
2134;518885;23620269.8959;14342274.2845;13562490.5619;20765286.8137;20372343.9470;22194566.9099;12201326.9038;5098413.5928;25051298.5790;
2134;518886;23620756.5243;14344365.4536;13560132.6639;20764392.9797;20371733.8628;22196036.1946;12201363.5263;5098022.8983;25050494.7203;
2134;518887;23621242.8705;14346456.6447;13557774.7215;20763498.8093;20371123.4441;22197505.3004;12201400.2577;5097632.3459;25049690.5689;
2134;518888;23621728.9343;14348547.8578;13555416.7347;20762604.3025;20370512.6909;22198974.2273;12201437.0978;5097241.9357;25048886.1246;
2134;518889;23622214.7157;14350639.0927;13553058.7037;20761709.4592;20369901.6031;22200442.9753;12201474.0469;5096851.6675;25048081.3876;
2134;518890;23622700.2147;14352730.3494;13550700.6286;20760814.2795;20369290.1808;22201911.5442;12201511.1050;5096461.5414;25047276.3580;
2134;518891;23623185.4313;14354821.6278;13548342.5094;20759918.7634;20368678.4239;22203379.9341;12201548.2720;5096071.5574;25046471.0356;
2134;518892;23623670.3654;14356912.9280;13545984.3461;20759022.9108;20368066.3325;22204848.1449;12201585.5481;5095681.7153;25045665.4206;
2134;518893;23624155.0169;14359004.2497;13543626.1388;20758126.7217;20367453.9064;22206316.1765;12201622.9332;5095292.0151;25044859.5131;
2134;518894;23624639.3858;14361095.5930;13541267.8876;20757230.1962;20366841.1456;22207784.0289;12201660.4274;5094902.4568;25044053.3130;
2134;518895;23625123.4721;14363186.9578;13538909.5926;20756333.3342;20366228.0503;22209251.7019;12201698.0308;5094513.0404;25043246.8204;
2134;518896;23625607.2757;14365278.3440;13536551.2538;20755436.1358;20365614.6203;22210719.1957;12201735.7433;5094123.7659;25042440.0354;
2134;518897;23626090.7967;14367369.7517;13534192.8713;20754538.6009;20365000.8556;22212186.5100;12201773.5651;5093734.6331;25041632.9580;
2134;518898;23626574.0348;14369461.1806;13531834.4452;20753640.7296;20364386.7562;22213653.6449;12201811.4961;5093345.6420;25040825.5881;
2134;518899;23627056.9902;14371552.6308;13529475.9754;20752742.5217;20363772.3222;22215120.6002;12201849.5365;5092956.7926;25040017.9260;
2134;518900;23627539.6627;14373644.1021;13527117.4622;20751843.9774;20363157.5534;22216587.3760;12201887.6861;5092568.0850;25039209.9715;
2134;518901;23628022.0524;14375735.5946;13524758.9054;20750945.0967;20362542.4499;22218053.9722;12201925.9451;5092179.5189;25038401.7248;
2134;518902;23628504.1591;14377827.1082;13522400.3054;20750045.8794;20361927.0116;22219520.3886;12201964.3136;5091791.0944;25037593.1859;
2134;518903;23628985.9829;14379918.6428;13520041.6619;20749146.3257;20361311.2385;22220986.6253;12202002.7915;5091402.8115;25036784.3549;
2134;518904;23629467.5237;14382010.1983;13517682.9753;20748246.4355;20360695.1307;22222452.6823;12202041.3789;5091014.6701;25035975.2317;
2134;518905;23629948.7814;14384101.7747;13515324.2454;20747346.2088;20360078.6881;22223918.5594;12202080.0758;5090626.6701;25035165.8164;
2134;518906;23630429.7560;14386193.3720;13512965.4724;20746445.6456;20359461.9107;22225384.2565;12202118.8823;5090238.8116;25034356.1091;
2134;518907;23630910.4475;14388284.9900;13510606.6564;20745544.7460;20358844.7984;22226849.7737;12202157.7984;5089851.0945;25033546.1097;
2134;518908;23631390.8558;14390376.6287;13508247.7974;20744643.5098;20358227.3513;22228315.1109;12202196.8241;5089463.5187;25032735.8184;
2134;518909;23631870.9809;14392468.2880;13505888.8954;20743741.9372;20357609.5694;22229780.2680;12202235.9596;5089076.0842;25031925.2352;
2134;518910;23632350.8228;14394559.9680;13503529.9506;20742840.0280;20356991.4526;22231245.2450;12202275.2047;5088688.7910;25031114.3601;
2134;518911;23632830.3813;14396651.6684;13501170.9629;20741937.7824;20356373.0008;22232710.0418;12202314.5596;5088301.6391;25030303.1932;
2134;518912;23633309.6565;14398743.3893;13498811.9326;20741035.2002;20355754.2142;22234174.6584;12202354.0243;5087914.6283;25029491.7345;
2134;518913;23633788.6483;14400835.1307;13496452.8596;20740132.2815;20355135.0927;22235639.0946;12202393.5989;5087527.7587;25028679.9840;
2134;518914;23634267.3567;14402926.8923;13494093.7439;20739229.0264;20354515.6362;22237103.3505;12202433.2833;5087141.0302;25027867.9418;
2134;518915;23634745.7816;14405018.6742;13491734.5858;20738325.4347;20353895.8448;22238567.4260;12202473.0777;5086754.4428;25027055.6079;
2134;518916;23635223.9231;14407110.4764;13489375.3852;20737421.5065;20353275.7184;22240031.3210;12202512.9820;5086367.9964;25026242.9824;
2134;518917;23635701.7809;14409202.2987;13487016.1421;20736517.2418;20352655.2570;22241495.0354;12202552.9963;5085981.6910;25025430.0653;
2134;518918;23636179.3552;14411294.1411;13484656.8568;20735612.6406;20352034.4606;22242958.5693;12202593.1206;5085595.5266;25024616.8567;
2134;518919;23636656.6458;14413386.0035;13482297.5291;20734707.7028;20351413.3292;22244421.9226;12202633.3550;5085209.5031;25023803.3565;
2134;518920;23637133.6528;14415477.8860;13479938.1593;20733802.4286;20350791.8628;22245885.0952;12202673.6995;5084823.6205;25022989.5649;
2134;518921;23637610.3760;14417569.7883;13477578.7473;20732896.8178;20350170.0613;22247348.0870;12202714.1541;5084437.8787;25022175.4819;
2134;518922;23638086.8155;14419661.7104;13475219.2932;20731990.8704;20349547.9248;22248810.8980;12202754.7190;5084052.2777;25021361.1074;
2134;518923;23638562.9712;14421753.6524;13472859.7971;20731084.5866;20348925.4532;22250273.5281;12202795.3941;5083666.8175;25020546.4417;
2134;518924;23639038.8430;14423845.6141;13470500.2591;20730177.9662;20348302.6465;22251735.9773;12202836.1794;5083281.4980;25019731.4846;
2134;518925;23639514.4309;14425937.5955;13468140.6791;20729271.0093;20347679.5047;22253198.2456;12202877.0750;5082896.3192;25018916.2362;
2134;518926;23639989.7350;14428029.5964;13465781.0574;20728363.7158;20347056.0278;22254660.3328;12202918.0810;5082511.2811;25018100.6967;
2134;518927;23640464.7550;14430121.6169;13463421.3939;20727456.0858;20346432.2157;22256122.2390;12202959.1974;5082126.3835;25017284.8659;
2134;518928;23640939.4910;14432213.6569;13461061.6888;20726548.1193;20345808.0685;22257583.9639;12203000.4241;5081741.6265;25016468.7441;
2134;518929;23641413.9430;14434305.7163;13458701.9420;20725639.8162;20345183.5862;22259045.5077;12203041.7614;5081357.0101;25015652.3311;
2134;518930;23641888.1109;14436397.7951;13456342.1536;20724731.1766;20344558.7686;22260506.8703;12203083.2091;5080972.5341;25014835.6271;
2134;518931;23642361.9947;14438489.8932;13453982.3238;20723822.2004;20343933.6159;22261968.0515;12203124.7674;5080588.1986;25014018.6320;
2134;518932;23642835.5942;14440582.0105;13451622.4526;20722912.8876;20343308.1279;22263429.0514;12203166.4362;5080204.0034;25013201.3460;
2134;518933;23643308.9096;14442674.1470;13449262.5399;20722003.2383;20342682.3047;22264889.8698;12203208.2157;5079819.9487;25012383.7691;
2134;518934;23643781.9407;14444766.3026;13446902.5860;20721093.2525;20342056.1463;22266350.5068;12203250.1057;5079436.0343;25011565.9012;
2134;518935;23644254.6875;14446858.4773;13444542.5909;20720182.9301;20341429.6526;22267810.9622;12203292.1065;5079052.2602;25010747.7425;
2134;518936;23644727.1499;14448950.6710;13442182.5546;20719272.2711;20340802.8236;22269271.2360;12203334.2180;5078668.6263;25009929.2931;
2134;518937;23645199.3279;14451042.8836;13439822.4772;20718361.2756;20340175.6594;22270731.3282;12203376.4403;5078285.1326;25009110.5528;
2134;518938;23645671.2216;14453135.1151;13437462.3588;20717449.9435;20339548.1598;22272191.2387;12203418.7734;5077901.7791;25008291.5218;
2134;518939;23646142.8307;14455227.3654;13435102.1994;20716538.2748;20338920.3249;22273650.9674;12203461.2173;5077518.5658;25007472.2002;
2134;518940;23646614.1554;14457319.6344;13432741.9991;20715626.2696;20338292.1547;22275110.5143;12203503.7721;5077135.4925;25006652.5879;
2134;518941;23647085.1954;14459411.9222;13430381.7580;20714713.9278;20337663.6491;22276569.8793;12203546.4378;5076752.5593;25005832.6850;
2134;518942;23647555.9509;14461504.2285;13428021.4761;20713801.2494;20337034.8082;22278029.0625;12203589.2145;5076369.7661;25005012.4915;
2134;518943;23648026.4218;14463596.5535;13425661.1535;20712888.2344;20336405.6319;22279488.0636;12203632.1022;5075987.1129;25004192.0075;
2134;518944;23648496.6080;14465688.8969;13423300.7903;20711974.8829;20335776.1202;22280946.8827;12203675.1009;5075604.5996;25003371.2331;
2134;518945;23648966.5094;14467781.2588;13420940.3865;20711061.1948;20335146.2731;22282405.5197;12203718.2106;5075222.2262;25002550.1682;
2134;518946;23649436.1261;14469873.6390;13418579.9422;20710147.1700;20334516.0905;22283863.9745;12203761.4315;5074839.9926;25001728.8129;
2134;518947;23649905.4580;14471966.0376;13416219.4574;20709232.8088;20333885.5726;22285322.2471;12203804.7636;5074457.8989;25000907.1673;
2134;518948;23650374.5050;14474058.4545;13413858.9323;20708318.1109;20333254.7191;22286780.3375;12203848.2068;5074075.9450;25000085.2314;
2134;518949;23650843.2672;14476150.8896;13411498.3668;20707403.0764;20332623.5302;22288238.2455;12203891.7612;5073694.1308;24999263.0052;
2134;518950;23651311.7444;14478243.3428;13409137.7611;20706487.7053;20331992.0058;22289695.9712;12203935.4269;5073312.4563;24998440.4888;
2134;518951;23651779.9367;14480335.8140;13406777.1152;20705571.9977;20331360.1459;22291153.5145;12203979.2039;5072930.9214;24997617.6821;
2134;518952;23652247.8439;14482428.3033;13404416.4292;20704655.9534;20330727.9505;22292610.8752;12204023.0923;5072549.5262;24996794.5854;
2134;518953;23652715.4661;14484520.8106;13402055.7032;20703739.5726;20330095.4196;22294068.0534;12204067.0920;5072168.2706;24995971.1985;
2134;518954;23653182.8032;14486613.3357;13399694.9372;20702822.8551;20329462.5531;22295525.0490;12204111.2032;5071787.1545;24995147.5216;
2134;518955;23653649.8551;14488705.8787;13397334.1312;20701905.8011;20328829.3511;22296981.8620;12204155.4258;5071406.1779;24994323.5547;
2134;518956;23654116.6219;14490798.4395;13394973.2854;20700988.4104;20328195.8134;22298438.4922;12204199.7599;5071025.3407;24993499.2978;
2134;518957;23654583.1035;14492891.0180;13392612.3998;20700070.6831;20327561.9402;22299894.9397;12204244.2055;5070644.6430;24992674.7509;
2134;518958;23655049.2998;14494983.6141;13390251.4745;20699152.6193;20326927.7314;22301351.2044;12204288.7627;5070264.0846;24991849.9142;
2134;518959;23655515.2108;14497076.2278;13387890.5095;20698234.2188;20326293.1870;22302807.2862;12204333.4315;5069883.6656;24991024.7876;
2134;518960;23655980.8364;14499168.8590;13385529.5050;20697315.4817;20325658.3069;22304263.1850;12204378.2120;5069503.3859;24990199.3712;
2134;518961;23656446.1767;14501261.5077;13383168.4609;20696396.4080;20325023.0912;22305718.9009;12204423.1041;5069123.2455;24989373.6650;
2134;518962;23656911.2315;14503354.1739;13380807.3773;20695476.9976;20324387.5398;22307174.4337;12204468.1080;5068743.2443;24988547.6691;
2134;518963;23657376.0009;14505446.8573;13378446.2544;20694557.2507;20323751.6527;22308629.7834;12204513.2236;5068363.3823;24987721.3835;
2134;518964;23657840.4848;14507539.5581;13376085.0921;20693637.1671;20323115.4300;22310084.9499;12204558.4510;5067983.6594;24986894.8083;
2134;518965;23658304.6831;14509632.2760;13373723.8905;20692716.7469;20322478.8715;22311539.9332;12204603.7903;5067604.0756;24986067.9434;
2134;518966;23658768.5958;14511725.0111;13371362.6498;20691795.9901;20321841.9773;22312994.7333;12204649.2414;5067224.6309;24985240.7891;
2134;518967;23659232.2229;14513817.7634;13369001.3699;20690874.8967;20321204.7474;22314449.3500;12204694.8044;5066845.3252;24984413.3451;
2134;518968;23659695.5643;14515910.5326;13366640.0509;20689953.4666;20320567.1817;22315903.7834;12204740.4794;5066466.1585;24983585.6118;
2134;518969;23660158.6200;14518003.3189;13364278.6930;20689031.6999;20319929.2802;22317358.0333;12204786.2664;5066087.1307;24982757.5889;
2134;518970;23660621.3899;14520096.1221;13361917.2961;20688109.5966;20319291.0430;22318812.0997;12204832.1654;5065708.2419;24981929.2767;
2134;518971;23661083.8741;14522188.9421;13359555.8603;20687187.1566;20318652.4700;22320265.9826;12204878.1765;5065329.4919;24981100.6751;
2134;518972;23661546.0723;14524281.7789;13357194.3857;20686264.3800;20318013.5611;22321719.6819;12204924.2997;5064950.8807;24980271.7843;
2134;518973;23662007.9848;14526374.6324;13354832.8724;20685341.2667;20317374.3164;22323173.1975;12204970.5351;5064572.4084;24979442.6041;
2134;518974;23662469.6112;14528467.5026;13352471.3204;20684417.8169;20316734.7359;22324626.5293;12205016.8826;5064194.0747;24978613.1347;
2134;518975;23662930.9518;14530560.3895;13350109.7297;20683494.0303;20316094.8195;22326079.6774;12205063.3423;5063815.8798;24977783.3762;
2134;518976;23663392.0063;14532653.2928;13347748.1006;20682569.9072;20315454.5673;22327532.6417;12205109.9143;5063437.8235;24976953.3284;
2134;518977;23663852.7747;14534746.2127;13345386.4329;20681645.4474;20314813.9792;22328985.4221;12205156.5986;5063059.9059;24976122.9916;
2134;518978;23664313.2571;14536839.1490;13343024.7269;20680720.6509;20314173.0551;22330438.0186;12205203.3952;5062682.1269;24975292.3658;
2134;518979;23664773.4534;14538932.1017;13340662.9824;20679795.5178;20313531.7952;22331890.4310;12205250.3042;5062304.4864;24974461.4509;
2134;518980;23665233.3634;14541025.0706;13338301.1997;20678870.0481;20312890.1993;22333342.6594;12205297.3256;5061926.9844;24973630.2470;
2134;518981;23665692.9873;14543118.0558;13335939.3788;20677944.2417;20312248.2675;22334794.7037;12205344.4594;5061549.6209;24972798.7542;
2134;518982;23666152.3249;14545211.0572;13333577.5197;20677018.0986;20311605.9997;22336246.5639;12205391.7057;5061172.3958;24971966.9725;
2134;518983;23666611.3762;14547304.0747;13331215.6226;20676091.6189;20310963.3959;22337698.2398;12205439.0646;5060795.3091;24971134.9020;
2134;518984;23667070.1412;14549397.1083;13328853.6874;20675164.8025;20310320.4562;22339149.7314;12205486.5360;5060418.3608;24970302.5426;
2134;518985;23667528.6198;14551490.1578;13326491.7142;20674237.6495;20309677.1804;22340601.0387;12205534.1200;5060041.5507;24969469.8945;
2134;518986;23667986.8119;14553583.2233;13324129.7032;20673310.1598;20309033.5686;22342052.1616;12205581.8167;5059664.8789;24968636.9577;
2134;518987;23668444.7176;14555676.3047;13321767.6543;20672382.3334;20308389.6208;22343503.1001;12205629.6260;5059288.3454;24967803.7321;
2134;518988;23668902.3369;14557769.4019;13319405.5677;20671454.1704;20307745.3370;22344953.8541;12205677.5480;5058911.9501;24966970.2179;
2134;518989;23669359.6695;14559862.5148;13317043.4433;20670525.6707;20307100.7170;22346404.4235;12205725.5828;5058535.6929;24966136.4152;
2134;518990;23669816.7156;14561955.6435;13314681.2814;20669596.8344;20306455.7610;22347854.8083;12205773.7304;5058159.5738;24965302.3238;
2134;518991;23670273.4751;14564048.7877;13312319.0818;20668667.6614;20305810.4690;22349305.0085;12205821.9908;5057783.5927;24964467.9440;
2134;518992;23670729.9478;14566141.9475;13309956.8448;20667738.1517;20305164.8408;22350755.0239;12205870.3641;5057407.7497;24963633.2757;
2134;518993;23671186.1339;14568235.1229;13307594.5703;20666808.3053;20304518.8765;22352204.8545;12205918.8503;5057032.0447;24962798.3189;
2134;518994;23671642.0333;14570328.3137;13305232.2585;20665878.1223;20303872.5760;22353654.5003;12205967.4494;5056656.4777;24961963.0738;
2134;518995;23672097.6458;14572421.5198;13302869.9093;20664947.6026;20303225.9394;22355103.9612;12206016.1615;5056281.0485;24961127.5403;
2134;518996;23672552.9715;14574514.7413;13300507.5229;20664016.7462;20302578.9667;22356553.2372;12206064.9866;5055905.7573;24960291.7185;
2134;518997;23673008.0103;14576607.9781;13298145.0993;20663085.5532;20301931.6577;22358002.3282;12206113.9248;5055530.6038;24959455.6084;
2134;518998;23673462.7623;14578701.2300;13295782.6387;20662154.0234;20301284.0126;22359451.2341;12206162.9760;5055155.5882;24958619.2101;
2134;518999;23673917.2272;14580794.4971;13293420.1409;20661222.1570;20300636.0313;22360899.9549;12206212.1404;5054780.7103;24957782.5236;
2134;519000;23674371.4052;14582887.7793;13291057.6062;20660289.9539;20299987.7137;22362348.4905;12206261.4180;5054405.9701;24956945.5490;
2134;519001;23674825.2961;14584981.0765;13288695.0346;20659357.4141;20299339.0599;22363796.8409;12206310.8087;5054031.3675;24956108.2863;
2134;519002;23675278.9000;14587074.3886;13286332.4261;20658424.5377;20298690.0699;22365245.0060;12206360.3127;5053656.9027;24955270.7356;
2134;519003;23675732.2167;14589167.7156;13283969.7809;20657491.3245;20298040.7436;22366692.9858;12206409.9300;5053282.5754;24954432.8968;
2134;519004;23676185.2463;14591261.0575;13281607.0989;20656557.7747;20297391.0810;22368140.7802;12206459.6606;5052908.3856;24953594.7700;
2134;519005;23676637.9887;14593354.4141;13279244.3803;20655623.8881;20296741.0821;22369588.3892;12206509.5046;5052534.3334;24952756.3554;
2134;519006;23677090.4438;14595447.7855;13276881.6251;20654689.6649;20296090.7469;22371035.8126;12206559.4620;5052160.4186;24951917.6528;
2134;519007;23677542.6116;14597541.1715;13274518.8334;20653755.1050;20295440.0754;22372483.0505;12206609.5328;5051786.6412;24951078.6624;
2134;519008;23677994.4922;14599634.5721;13272156.0052;20652820.2084;20294789.0676;22373930.1028;12206659.7170;5051413.0013;24950239.3842;
2134;519009;23678446.0853;14601727.9872;13269793.1406;20651884.9751;20294137.7234;22375376.9694;12206710.0148;5051039.4987;24949399.8182;
2134;519010;23678897.3911;14603821.4167;13267430.2397;20650949.4051;20293486.0428;22376823.6502;12206760.4261;5050666.1334;24948559.9645;
2134;519011;23679348.4094;14605914.8607;13265067.3025;20650013.4983;20292834.0259;22378270.1453;12206810.9510;5050292.9054;24947719.8231;
2134;519012;23679799.1402;14608008.3190;13262704.3292;20649077.2549;20292181.6726;22379716.4546;12206861.5896;5049919.8146;24946879.3941;
2134;519013;23680249.5834;14610101.7916;13260341.3197;20648140.6748;20291528.9828;22381162.5779;12206912.3417;5049546.8610;24946038.6775;
2134;519014;23680699.7391;14612195.2784;13257978.2741;20647203.7580;20290875.9567;22382608.5153;12206963.2076;5049174.0445;24945197.6734;
2134;519015;23681149.6072;14614288.7794;13255615.1925;20646266.5045;20290222.5941;22384054.2667;12207014.1872;5048801.3652;24944356.3817;
2134;519016;23681599.1877;14616382.2945;13253252.0750;20645328.9143;20289568.8950;22385499.8321;12207065.2806;5048428.8229;24943514.8026;
2134;519017;23682048.4804;14618475.8236;13250888.9217;20644390.9874;20288914.8595;22386945.2113;12207116.4878;5048056.4177;24942672.9360;
2134;519018;23682497.4854;14620569.3667;13248525.7325;20643452.7238;20288260.4875;22388390.4044;12207167.8089;5047684.1494;24941830.7821;
2134;519019;23682946.2027;14622662.9236;13246162.5076;20642514.1235;20287605.7790;22389835.4112;12207219.2438;5047312.0181;24940988.3408;
2134;519020;23683394.6321;14624756.4945;13243799.2470;20641575.1864;20286950.7341;22391280.2317;12207270.7927;5046940.0237;24940145.6123;
2134;519021;23683842.7737;14626850.0791;13241435.9508;20640635.9127;20286295.3526;22392724.8659;12207322.4555;5046568.1662;24939302.5964;
2134;519022;23684290.6273;14628943.6774;13239072.6191;20639696.3022;20285639.6345;22394169.3137;12207374.2323;5046196.4455;24938459.2934;
2134;519023;23684738.1930;14631037.2895;13236709.2519;20638756.3550;20284983.5799;22395613.5751;12207426.1232;5045824.8616;24937615.7032;
2134;519024;23685185.4708;14633130.9151;13234345.8493;20637816.0711;20284327.1888;22397057.6499;12207478.1281;5045453.4144;24936771.8258;
2134;519025;23685632.4605;14635224.5542;13231982.4113;20636875.4505;20283670.4610;22398501.5382;12207530.2472;5045082.1040;24935927.6614;
2134;519026;23686079.1622;14637318.2069;13229618.9380;20635934.4932;20283013.3967;22399945.2399;12207582.4803;5044710.9302;24935083.2099;
2134;519027;23686525.5757;14639411.8729;13227255.4296;20634993.1992;20282355.9958;22401388.7549;12207634.8277;5044339.8930;24934238.4714;
2134;519028;23686971.7011;14641505.5524;13224891.8860;20634051.5684;20281698.2582;22402832.0832;12207687.2893;5043968.9925;24933393.4460;
2134;519029;23687417.5384;14643599.2451;13222528.3073;20633109.6009;20281040.1841;22404275.2247;12207739.8652;5043598.2284;24932548.1336;
2134;519030;23687863.0874;14645692.9510;13220164.6935;20632167.2967;20280381.7732;22405718.1793;12207792.5554;5043227.6009;24931702.5344;
2134;519031;23688308.3481;14647786.6701;13217801.0448;20631224.6558;20279723.0258;22407160.9471;12207845.3599;5042857.1099;24930856.6483;
2134;519032;23688753.3205;14649880.4024;13215437.3613;20630281.6781;20279063.9416;22408603.5279;12207898.2787;5042486.7552;24930010.4755;
2134;519033;23689198.0046;14651974.1477;13213073.6429;20629338.3638;20278404.5207;22410045.9216;12207951.3120;5042116.5370;24929164.0159;
2134;519034;23689642.4003;14654067.9059;13210709.8897;20628394.7127;20277744.7632;22411488.1284;12208004.4598;5041746.4551;24928317.2695;
2134;519035;23690086.5075;14656161.6772;13208346.1019;20627450.7248;20277084.6689;22412930.1480;12208057.7220;5041376.5095;24927470.2366;
2134;519036;23690530.3263;14658255.4612;13205982.2794;20626506.4003;20276424.2379;22414371.9804;12208111.0988;5041006.7002;24926622.9170;
2134;519037;23690973.8566;14660349.2581;13203618.4223;20625561.7390;20275763.4702;22415813.6256;12208164.5901;5040637.0271;24925775.3108;
2134;519038;23691417.0983;14662443.0677;13201254.5308;20624616.7410;20275102.3656;22417255.0836;12208218.1960;5040267.4902;24924927.4180;
2134;519039;23691860.0515;14664536.8900;13198890.6048;20623671.4062;20274440.9244;22418696.3541;12208271.9165;5039898.0894;24924079.2388;
2134;519040;23692302.7160;14666630.7249;13196526.6445;20622725.7348;20273779.1463;22420137.4373;12208325.7518;5039528.8248;24923230.7731;
2134;519041;23692745.0918;14668724.5724;13194162.6498;20621779.7266;20273117.0314;22421578.3330;12208379.7017;5039159.6962;24922382.0211;
2134;519042;23693187.1789;14670818.4324;13191798.6209;20620833.3816;20272454.5797;22423019.0413;12208433.7664;5038790.7036;24921532.9826;
2134;519043;23693628.9772;14672912.3048;13189434.5579;20619886.6999;20271791.7912;22424459.5619;12208487.9459;5038421.8470;24920683.6578;
2134;519044;23694070.4868;14675006.1896;13187070.4607;20618939.6815;20271128.6659;22425899.8950;12208542.2402;5038053.1264;24919834.0467;
2134;519045;23694511.7075;14677100.0867;13184706.3295;20617992.3264;20270465.2037;22427340.0403;12208596.6493;5037684.5416;24918984.1494;
2134;519046;23694952.6393;14679193.9960;13182342.1643;20617044.6345;20269801.4046;22428779.9980;12208651.1734;5037316.0927;24918133.9659;
2134;519047;23695393.2823;14681287.9176;13179977.9652;20616096.6059;20269137.2686;22430219.7678;12208705.8124;5036947.7797;24917283.4963;
2134;519048;23695833.6362;14683381.8512;13177613.7323;20615148.2405;20268472.7957;22431659.3499;12208760.5664;5036579.6024;24916432.7405;
2134;519049;23696273.7012;14685475.7970;13175249.4655;20614199.5384;20267807.9860;22433098.7440;12208815.4354;5036211.5609;24915581.6986;
2134;519050;23696713.4771;14687569.7547;13172885.1651;20613250.4996;20267142.8393;22434537.9501;12208870.4194;5035843.6550;24914730.3707;
2134;519051;23697152.9639;14689663.7244;13170520.8310;20612301.1240;20266477.3556;22435976.9683;12208925.5185;5035475.8848;24913878.7569;
2134;519052;23697592.1616;14691757.7059;13168156.4633;20611351.4116;20265811.5350;22437415.7984;12208980.7328;5035108.2503;24913026.8571;
2134;519053;23698031.0702;14693851.6993;13165792.0621;20610401.3626;20265145.3775;22438854.4404;12209036.0622;5034740.7513;24912174.6713;
2134;519054;23698469.6895;14695945.7045;13163427.6275;20609450.9767;20264478.8829;22440292.8942;12209091.5068;5034373.3879;24911322.1997;
2134;519055;23698908.0196;14698039.7213;13161063.1594;20608500.2542;20263812.0514;22441731.1597;12209147.0667;5034006.1599;24910469.4423;
2134;519056;23699346.0605;14700133.7498;13158698.6581;20607549.1949;20263144.8829;22443169.2370;12209202.7418;5033639.0674;24909616.3992;
2134;519057;23699783.8120;14702227.7898;13156334.1234;20606597.7988;20262477.3773;22444607.1260;12209258.5322;5033272.1104;24908763.0703;
2134;519058;23700221.2741;14704321.8414;13153969.5556;20605646.0660;20261809.5347;22446044.8265;12209314.4380;5032905.2887;24907909.4557;
2134;519059;23700658.4468;14706415.9044;13151604.9547;20604693.9965;20261141.3551;22447482.3386;12209370.4592;5032538.6023;24907055.5554;
2134;519060;23701095.3301;14708509.9788;13149240.3207;20603741.5902;20260472.8384;22448919.6622;12209426.5957;5032172.0513;24906201.3696;
2134;519061;23701531.9239;14710604.0645;13146875.6536;20602788.8471;20259803.9846;22450356.7972;12209482.8478;5031805.6355;24905346.8981;
2134;519062;23701968.2281;14712698.1615;13144510.9537;20601835.7673;20259134.7937;22451793.7436;12209539.2153;5031439.3549;24904492.1412;
2134;519063;23702404.2428;14714792.2697;13142146.2209;20600882.3507;20258465.2657;22453230.5014;12209595.6984;5031073.2095;24903637.0988;
2134;519064;23702839.9679;14716886.3890;13139781.4553;20599928.5974;20257795.4006;22454667.0704;12209652.2971;5030707.1992;24902781.7709;
2134;519065;23703275.4033;14718980.5194;13137416.6569;20598974.5074;20257125.1984;22456103.4506;12209709.0113;5030341.3240;24901926.1577;
2134;519066;23703710.5491;14721074.6608;13135051.8259;20598020.0806;20256454.6591;22457539.6420;12209765.8412;5029975.5839;24901070.2591;
2134;519067;23704145.4051;14723168.8132;13132686.9623;20597065.3170;20255783.7825;22458975.6444;12209822.7868;5029609.9788;24900214.0752;
2134;519068;23704579.9713;14725262.9765;13130322.0661;20596110.2167;20255112.5688;22460411.4580;12209879.8481;5029244.5086;24899357.6060;
2134;519069;23705014.2477;14727357.1506;13127957.1374;20595154.7796;20254441.0180;22461847.0825;12209937.0252;5028879.1734;24898500.8516;
2134;519070;23705448.2343;14729451.3355;13125592.1764;20594199.0058;20253769.1299;22463282.5180;12209994.3181;5028513.9731;24897643.8121;
2134;519071;23705881.9310;14731545.5311;13123227.1830;20593242.8952;20253096.9046;22464717.7643;12210051.7268;5028148.9076;24896786.4873;
2134;519072;23706315.3377;14733639.7374;13120862.1573;20592286.4479;20252424.3421;22466152.8215;12210109.2513;5027783.9769;24895928.8775;
2134;519073;23706748.4545;14735733.9542;13118497.0994;20591329.6638;20251751.4423;22467587.6894;12210166.8918;5027419.1810;24895070.9827;
2134;519074;23707181.2813;14737828.1816;13116132.0093;20590372.5429;20251078.2053;22469022.3681;12210224.6482;5027054.5199;24894212.8028;
2134;519075;23707613.8180;14739922.4194;13113766.8872;20589415.0853;20250404.6311;22470456.8574;12210282.5206;5026689.9934;24893354.3380;
2134;519076;23708046.0646;14742016.6677;13111401.7330;20588457.2909;20249730.7195;22471891.1573;12210340.5090;5026325.6015;24892495.5882;
2134;519077;23708478.0211;14744110.9262;13109036.5469;20587499.1598;20249056.4707;22473325.2678;12210398.6135;5025961.3443;24891636.5536;
2134;519078;23708909.6874;14746205.1951;13106671.3289;20586540.6919;20248381.8845;22474759.1888;12210456.8341;5025597.2217;24890777.2341;
2134;519079;23709341.0634;14748299.4741;13104306.0791;20585581.8872;20247706.9611;22476192.9202;12210515.1708;5025233.2335;24889917.6298;
2134;519080;23709772.1493;14750393.7634;13101940.7975;20584622.7458;20247031.7003;22477626.4620;12210573.6236;5024869.3799;24889057.7408;
2134;519081;23710202.9448;14752488.0627;13099575.4842;20583663.2676;20246356.1022;22479059.8141;12210632.1927;5024505.6607;24888197.5670;
2134;519082;23710633.4500;14754582.3720;13097210.1393;20582703.4527;20245680.1667;22480492.9765;12210690.8780;5024142.0759;24887337.1086;
2134;519083;23711063.6648;14756676.6914;13094844.7628;20581743.3009;20245003.8938;22481925.9491;12210749.6796;5023778.6254;24886476.3656;
2134;519084;23711493.5892;14758771.0206;13092479.3548;20580782.8125;20244327.2835;22483358.7318;12210808.5975;5023415.3093;24885615.3379;
2134;519085;23711923.2231;14760865.3597;13090113.9154;20579821.9872;20243650.3359;22484791.3247;12210867.6317;5023052.1275;24884754.0258;
2134;519086;23712352.5666;14762959.7085;13087748.4447;20578860.8252;20242973.0508;22486223.7276;12210926.7824;5022689.0799;24883892.4291;
2134;519087;23712781.6195;14765054.0671;13085382.9426;20577899.3265;20242295.4283;22487655.9406;12210986.0494;5022326.1665;24883030.5480;
2134;519088;23713210.3818;14767148.4354;13083017.4093;20576937.4910;20241617.4684;22489087.9634;12211045.4330;5021963.3872;24882168.3824;
2134;519089;23713638.8535;14769242.8132;13080651.8448;20575975.3187;20240939.1710;22490519.7962;12211104.9330;5021600.7421;24881305.9325;
2134;519090;23714067.0345;14771337.2006;13078286.2492;20575012.8096;20240260.5361;22491951.4388;12211164.5496;5021238.2311;24880443.1983;
2134;519091;23714494.9249;14773431.5975;13075920.6225;20574049.9638;20239581.5638;22493382.8911;12211224.2827;5020875.8540;24879580.1798;
2134;519092;23714922.5245;14775526.0038;13073554.9649;20573086.7812;20238902.2540;22494814.1532;12211284.1325;5020513.6110;24878716.8770;
2134;519093;23715349.8333;14777620.4194;13071189.2764;20572123.2618;20238222.6067;22496245.2249;12211344.0989;5020151.5020;24877853.2901;
2134;519094;23715776.8513;14779714.8443;13068823.5570;20571159.4057;20237542.6218;22497676.1062;12211404.1819;5019789.5268;24876989.4190;
2134;519095;23716203.5784;14781809.2785;13066457.8068;20570195.2128;20236862.2994;22499106.7971;12211464.3818;5019427.6856;24876125.2637;
2134;519096;23716630.0147;14783903.7218;13064092.0260;20569230.6832;20236181.6395;22500537.2975;12211524.6983;5019065.9781;24875260.8244;
2134;519097;23717056.1600;14785998.1742;13061726.2144;20568265.8167;20235500.6420;22501967.6073;12211585.1317;5018704.4045;24874396.1011;
2134;519098;23717482.0143;14788092.6357;13059360.3723;20567300.6135;20234819.3070;22503397.7266;12211645.6819;5018342.9646;24873531.0938;
2134;519099;23717907.5776;14790187.1062;13056994.4997;20566335.0736;20234137.6343;22504827.6551;12211706.3489;5017981.6584;24872665.8026;
2134;519100;23718332.8498;14792281.5855;13054628.5966;20565369.1968;20233455.6241;22506257.3929;12211767.1329;5017620.4859;24871800.2274;
2134;519101;23718757.8309;14794376.0738;13052262.6631;20564402.9833;20232773.2763;22507686.9400;12211828.0338;5017259.4470;24870934.3684;
2134;519102;23719182.5209;14796470.5708;13049896.6993;20563436.4331;20232090.5908;22509116.2962;12211889.0517;5016898.5417;24870068.2256;
2134;519103;23719606.9197;14798565.0766;13047530.7052;20562469.5460;20231407.5677;22510545.4615;12211950.1867;5016537.7700;24869201.7990;
2134;519104;23720031.0273;14800659.5910;13045164.6810;20561502.3222;20230724.2069;22511974.4359;12212011.4386;5016177.1317;24868335.0887;
2134;519105;23720454.8436;14802754.1141;13042798.6266;20560534.7616;20230040.5085;22513403.2192;12212072.8077;5015816.6270;24867468.0947;
2134;519106;23720878.3686;14804848.6457;13040432.5421;20559566.8643;20229356.4724;22514831.8116;12212134.2939;5015456.2556;24866600.8170;
2134;519107;23721301.6023;14806943.1858;13038066.4276;20558598.6302;20228672.0987;22516260.2128;12212195.8972;5015096.0176;24865733.2558;
2134;519108;23721724.5446;14809037.7343;13035700.2833;20557630.0593;20227987.3872;22517688.4228;12212257.6178;5014735.9130;24864865.4110;
2134;519109;23722147.1955;14811132.2912;13033334.1090;20556661.1516;20227302.3380;22519116.4416;12212319.4556;5014375.9417;24863997.2826;
2134;519110;23722569.5549;14813226.8564;13030967.9049;20555691.9072;20226616.9511;22520544.2692;12212381.4106;5014016.1036;24863128.8709;
2134;519111;23722991.6228;14815321.4298;13028601.6711;20554722.3260;20225931.2264;22521971.9054;12212443.4830;5013656.3988;24862260.1756;
2134;519112;23723413.3991;14817416.0115;13026235.4076;20553752.4080;20225245.1640;22523399.3502;12212505.6728;5013296.8271;24861391.1970;
2134;519113;23723834.8839;14819510.6012;13023869.1145;20552782.1533;20224558.7638;22524826.6036;12212567.9799;5012937.3886;24860521.9351;
2134;519114;23724256.0770;14821605.1990;13021502.7919;20551811.5618;20223872.0258;22526253.6654;12212630.4044;5012578.0831;24859652.3899;
2134;519115;23724676.9785;14823699.8048;13019136.4398;20550840.6335;20223184.9501;22527680.5358;12212692.9464;5012218.9108;24858782.5614;
2134;519116;23725097.5883;14825794.4185;13016770.0583;20549869.3685;20222497.5365;22529107.2145;12212755.6059;5011859.8714;24857912.4496;
2134;519117;23725517.9063;14827889.0401;13014403.6474;20548897.7666;20221809.7851;22530533.7015;12212818.3829;5011500.9650;24857042.0548;
2134;519118;23725937.9326;14829983.6694;13012037.2072;20547925.8280;20221121.6959;22531959.9968;12212881.2775;5011142.1916;24856171.3768;
2134;519119;23726357.6670;14832078.3066;13009670.7378;20546953.5527;20220433.2688;22533386.1004;12212944.2897;5010783.5510;24855300.4157;
2134;519120;23726777.1095;14834172.9514;13007304.2393;20545980.9405;20219744.5039;22534812.0121;12213007.4196;5010425.0433;24854429.1715;
2134;519121;23727196.2602;14836267.6039;13004937.7117;20545007.9916;20219055.4011;22536237.7320;12213070.6671;5010066.6684;24853557.6444;
2134;519122;23727615.1189;14838362.2639;13002571.1550;20544034.7060;20218365.9605;22537663.2599;12213134.0324;5009708.4263;24852685.8343;
2134;519123;23728033.6856;14840456.9314;13000204.5694;20543061.0835;20217676.1819;22539088.5958;12213197.5154;5009350.3169;24851813.7413;
2134;519124;23728451.9603;14842551.6063;12997837.9550;20542087.1243;20216986.0654;22540513.7396;12213261.1162;5008992.3402;24850941.3654;
2134;519125;23728869.9430;14844646.2886;12995471.3116;20541112.8283;20216295.6110;22541938.6914;12213324.8348;5008634.4961;24850068.7068;
2134;519126;23729287.6335;14846740.9783;12993104.6396;20540138.1955;20215604.8187;22543363.4510;12213388.6712;5008276.7846;24849195.7653;
2134;519127;23729705.0319;14848835.6752;12990737.9388;20539163.2260;20214913.6884;22544788.0183;12213452.6256;5007919.2058;24848322.5411;
2134;519128;23730122.1381;14850930.3792;12988371.2094;20538187.9197;20214222.2202;22546212.3934;12213516.6979;5007561.7594;24847449.0342;
2134;519129;23730538.9521;14853025.0904;12986004.4514;20537212.2766;20213530.4140;22547636.5762;12213580.8882;5007204.4455;24846575.2446;
2134;519130;23730955.4738;14855119.8087;12983637.6649;20536236.2968;20212838.2698;22549060.5666;12213645.1965;5006847.2640;24845701.1724;
2134;519131;23731371.7032;14857214.5340;12981270.8500;20535259.9802;20212145.7876;22550484.3645;12213709.6229;5006490.2150;24844826.8177;
2134;519132;23731787.6403;14859309.2662;12978904.0067;20534283.3268;20211452.9674;22551907.9700;12213774.1673;5006133.2983;24843952.1804;
2134;519133;23732203.2850;14861404.0053;12976537.1351;20533306.3367;20210759.8091;22553331.3829;12213838.8298;5005776.5139;24843077.2606;
2134;519134;23732618.6373;14863498.7512;12974170.2352;20532329.0097;20210066.3129;22554754.6032;12213903.6105;5005419.8618;24842202.0585;
2134;519135;23733033.6971;14865593.5039;12971803.3072;20531351.3461;20209372.4786;22556177.6309;12213968.5094;5005063.3420;24841326.5739;
2134;519136;23733448.4644;14867688.2633;12969436.3511;20530373.3456;20208678.3062;22557600.4658;12214033.5266;5004706.9543;24840450.8069;
2134;519137;23733862.9391;14869783.0293;12967069.3669;20529395.0084;20207983.7957;22559023.1080;12214098.6620;5004350.6988;24839574.7577;
2134;519138;23734277.1213;14871877.8019;12964702.3548;20528416.3344;20207288.9472;22560445.5573;12214163.9157;5003994.5754;24838698.4262;
2134;519139;23734691.0109;14873972.5809;12962335.3147;20527437.3236;20206593.7606;22561867.8138;12214229.2877;5003638.5840;24837821.8125;
2134;519140;23735104.6077;14876067.3665;12959968.2468;20526457.9761;20205898.2358;22563289.8773;12214294.7781;5003282.7247;24836944.9165;
2134;519141;23735517.9119;14878162.1584;12957601.1511;20525478.2918;20205202.3730;22564711.7478;12214360.3869;5002926.9974;24836067.7385;
2134;519142;23735930.9234;14880256.9566;12955234.0276;20524498.2707;20204506.1719;22566133.4253;12214426.1142;5002571.4020;24835190.2784;
2134;519143;23736343.6420;14882351.7611;12952866.8766;20523517.9129;20203809.6328;22567554.9097;12214491.9599;5002215.9386;24834312.5362;
2134;519144;23736756.0679;14884446.5718;12950499.6979;20522537.2183;20203112.7555;22568976.2010;12214557.9242;5001860.6070;24833434.5120;
2134;519145;23737168.2009;14886541.3887;12948132.4917;20521556.1869;20202415.5400;22570397.2990;12214624.0070;5001505.4072;24832556.2058;
2134;519146;23737580.0410;14888636.2116;12945765.2580;20520574.8188;20201717.9863;22571818.2038;12214690.2085;5001150.3392;24831677.6177;
2134;519147;23737991.5881;14890731.0405;12943397.9969;20519593.1139;20201020.0944;22573238.9152;12214756.5285;5000795.4030;24830798.7478;
2134;519148;23738402.8423;14892825.8754;12941030.7086;20518611.0722;20200321.8643;22574659.4333;12214822.9673;5000440.5984;24829919.5960;
2134;519149;23738813.8034;14894920.7161;12938663.3929;20517628.6938;20199623.2960;22576079.7579;12214889.5247;5000085.9255;24829040.1624;
2134;519150;23739224.4715;14897015.5627;12936296.0501;20516645.9786;20198924.3894;22577499.8891;12214956.2009;4999731.3843;24828160.4471;
2134;519151;23739634.8465;14899110.4151;12933928.6801;20515662.9267;20198225.1446;22578919.8267;12215022.9958;4999376.9746;24827280.4501;
2134;519152;23740044.9283;14901205.2732;12931561.2830;20514679.5379;20197525.5616;22580339.5708;12215089.9096;4999022.6964;24826400.1714;
2134;519153;23740454.7170;14903300.1369;12929193.8589;20513695.8124;20196825.6402;22581759.1211;12215156.9422;4998668.5497;24825519.6111;
2134;519154;23740864.2124;14905395.0062;12926826.4079;20512711.7502;20196125.3806;22583178.4778;12215224.0937;4998314.5345;24824638.7692;
2134;519155;23741273.4146;14907489.8810;12924458.9300;20511727.3512;20195424.7826;22584597.6407;12215291.3641;4997960.6507;24823757.6458;
2134;519156;23741682.3235;14909584.7612;12922091.4254;20510742.6154;20194723.8464;22586016.6098;12215358.7535;4997606.8983;24822876.2409;
2134;519157;23742090.9390;14911679.6469;12919723.8939;20509757.5429;20194022.5718;22587435.3850;12215426.2619;4997253.2772;24821994.5545;
2134;519158;23742499.2612;14913774.5379;12917356.3358;20508772.1336;20193320.9589;22588853.9663;12215493.8893;4996899.7874;24821112.5868;
2134;519159;23742907.2900;14915869.4341;12914988.7511;20507786.3875;20192619.0077;22590272.3536;12215561.6357;4996546.4288;24820230.3377;
2134;519160;23743315.0253;14917964.3356;12912621.1398;20506800.3047;20191916.7180;22591690.5469;12215629.5013;4996193.2014;24819347.8072;
2134;519161;23743722.4671;14920059.2422;12910253.5020;20505813.8851;20191214.0901;22593108.5461;12215697.4860;4995840.1052;24818464.9956;
2134;519162;23744129.6153;14922154.1539;12907885.8378;20504827.1288;20190511.1237;22594526.3511;12215765.5899;4995487.1401;24817581.9026;
2134;519163;23744536.4700;14924249.0706;12905518.1473;20503840.0357;20189807.8189;22595943.9620;12215833.8130;4995134.3061;24816698.5285;
2134;519164;23744943.0311;14926343.9923;12903150.4305;20502852.6058;20189104.1757;22597361.3786;12215902.1554;4994781.6032;24815814.8733;
2134;519165;23745349.2985;14928438.9189;12900782.6874;20501864.8392;20188400.1941;22598778.6008;12215970.6170;4994429.0312;24814930.9370;
2134;519166;23745755.2723;14930533.8503;12898414.9182;20500876.7359;20187695.8741;22600195.6287;12216039.1980;4994076.5902;24814046.7196;
2134;519167;23746160.9523;14932628.7865;12896047.1229;20499888.2957;20186991.2156;22601612.4622;12216107.8983;4993724.2801;24813162.2212;
2134;519168;23746566.3385;14934723.7274;12893679.3016;20498899.5189;20186286.2186;22603029.1012;12216176.7180;4993372.1009;24812277.4418;
2134;519169;23746971.4309;14936818.6729;12891311.4543;20497910.4052;20185580.8832;22604445.5457;12216245.6572;4993020.0525;24811392.3815;
2134;519170;23747376.2295;14938913.6230;12888943.5811;20496920.9548;20184875.2093;22605861.7956;12216314.7158;4992668.1349;24810507.0404;
2134;519171;23747780.7341;14941008.5777;12886575.6820;20495931.1677;20184169.1969;22607277.8508;12216383.8939;4992316.3481;24809621.4183;
2134;519172;23748184.9449;14943103.5368;12884207.7572;20494941.0438;20183462.8459;22608693.7114;12216453.1916;4991964.6919;24808735.5155;
2134;519173;23748588.8616;14945198.5003;12881839.8067;20493950.5832;20182756.1565;22610109.3772;12216522.6088;4991613.1665;24807849.3320;
2134;519174;23748992.4844;14947293.4682;12879471.8306;20492959.7858;20182049.1285;22611524.8482;12216592.1456;4991261.7716;24806962.8677;
2134;519175;23749395.8131;14949388.4404;12877103.8289;20491968.6516;20181341.7620;22612940.1243;12216661.8021;4990910.5074;24806076.1228;
2134;519176;23749798.8477;14951483.4167;12874735.8016;20490977.1807;20180634.0569;22614355.2056;12216731.5783;4990559.3736;24805189.0973;
2134;519177;23750201.5882;14953578.3972;12872367.7490;20489985.3731;20179926.0133;22615770.0918;12216801.4742;4990208.3704;24804301.7912;
2134;519178;23750604.0345;14955673.3818;12869999.6709;20488993.2287;20179217.6311;22617184.7830;12216871.4899;4989857.4977;24803414.2045;
2134;519179;23751006.1866;14957768.3705;12867631.5675;20488000.7475;20178508.9102;22618599.2792;12216941.6253;4989506.7553;24802526.3374;
2134;519180;23751408.0445;14959863.3631;12865263.4389;20487007.9296;20177799.8508;22620013.5802;12217011.8806;4989156.1434;24801638.1898;
2134;519181;23751809.6080;14961958.3596;12862895.2851;20486014.7750;20177090.4528;22621427.6860;12217082.2557;4988805.6617;24800749.7618;
2134;519182;23752210.8773;14964053.3599;12860527.1062;20485021.2836;20176380.7161;22622841.5965;12217152.7508;4988455.3104;24799861.0535;
2134;519183;23752611.8522;14966148.3640;12858158.9022;20484027.4555;20175670.6408;22624255.3118;12217223.3658;4988105.0893;24798972.0648;
2134;519184;23753012.5327;14968243.3719;12855790.6733;20483033.2906;20174960.2268;22625668.8317;12217294.1007;4987754.9984;24798082.7959;
2134;519185;23753412.9187;14970338.3834;12853422.4194;20482038.7890;20174249.4741;22627082.1562;12217364.9557;4987405.0377;24797193.2467;
2134;519186;23753813.0103;14972433.3985;12851054.1406;20481043.9506;20173538.3828;22628495.2852;12217435.9307;4987055.2071;24796303.4174;
2134;519187;23754212.8073;14974528.4171;12848685.8371;20480048.7755;20172826.9528;22629908.2188;12217507.0258;4986705.5067;24795413.3079;
2134;519188;23754612.3098;14976623.4392;12846317.5088;20479053.2636;20172115.1841;22631320.9567;12217578.2410;4986355.9362;24794522.9183;
2134;519189;23755011.5176;14978718.4647;12843949.1559;20478057.4151;20171403.0767;22632733.4990;12217649.5763;4986006.4958;24793632.2487;
2134;519190;23755410.4309;14980813.4936;12841580.7783;20477061.2297;20170690.6305;22634145.8456;12217721.0319;4985657.1853;24792741.2991;
2134;519191;23755809.0494;14982908.5257;12839212.3763;20476064.7077;20169977.8456;22635557.9965;12217792.6077;4985308.0047;24791850.0695;
2134;519192;23756207.3732;14985003.5611;12836843.9497;20475067.8489;20169264.7220;22636969.9516;12217864.3037;4984958.9540;24790958.5599;
2134;519193;23756605.4023;14987098.5996;12834475.4988;20474070.6533;20168551.2596;22638381.7108;12217936.1200;4984610.0332;24790066.7705;
2134;519194;23757003.1366;14989193.6412;12832107.0235;20473073.1211;20167837.4584;22639793.2741;12218008.0567;4984261.2421;24789174.7013;
2134;519195;23757400.5760;14991288.6859;12829738.5240;20472075.2521;20167123.3184;22641204.6415;12218080.1138;4983912.5808;24788282.3522;
2134;519196;23757797.7206;14993383.7335;12827370.0002;20471077.0463;20166408.8397;22642615.8129;12218152.2912;4983564.0492;24787389.7235;
2134;519197;23758194.5702;14995478.7840;12825001.4523;20470078.5039;20165694.0221;22644026.7882;12218224.5891;4983215.6473;24786496.8150;
2134;519198;23758591.1249;14997573.8374;12822632.8803;20469079.6247;20164978.8657;22645437.5673;12218297.0075;4982867.3750;24785603.6268;
2134;519199;23758987.3846;14999668.8936;12820264.2843;20468080.4087;20164263.3705;22646848.1503;12218369.5463;4982519.2323;24784710.1591;
2134;519200;23759383.3492;15001763.9525;12817895.6644;20467080.8561;20163547.5364;22648258.5370;12218442.2058;4982171.2191;24783816.4117;
2134;519201;23759779.0188;15003859.0141;12815527.0205;20466080.9667;20162831.3634;22649668.7275;12218514.9858;4981823.3355;24782922.3848;
2134;519202;23760174.3933;15005954.0782;12813158.3529;20465080.7405;20162114.8516;22651078.7216;12218587.8864;4981475.5813;24782028.0785;
2134;519203;23760569.4726;15008049.1449;12810789.6615;20464080.1777;20161398.0010;22652488.5193;12218660.9077;4981127.9565;24781133.4927;
2134;519204;23760964.2567;15010144.2141;12808420.9464;20463079.2781;20160680.8114;22653898.1206;12218734.0497;4980780.4611;24780238.6275;
2134;519205;23761358.7456;15012239.2857;12806052.2077;20462078.0418;20159963.2829;22655307.5253;12218807.3124;4980433.0950;24779343.4830;
2134;519206;23761752.9393;15014334.3596;12803683.4454;20461076.4688;20159245.4155;22656716.7335;12218880.6959;4980085.8583;24778448.0591;
2134;519207;23762146.8376;15016429.4359;12801314.6596;20460074.5591;20158527.2092;22658125.7451;12218954.2002;4979738.7508;24777552.3560;
2134;519208;23762540.4406;15018524.5143;12798945.8504;20459072.3126;20157808.6639;22659534.5600;12219027.8253;4979391.7725;24776656.3736;
2134;519209;23762933.7482;15020619.5950;12796577.0178;20458069.7294;20157089.7797;22660943.1781;12219101.5713;4979044.9233;24775760.1121;
2134;519210;23763326.7603;15022714.6777;12794208.1620;20457066.8095;20156370.5565;22662351.5995;12219175.4382;4978698.2033;24774863.5714;
2134;519211;23763719.4770;15024809.7625;12791839.2829;20456063.5529;20155650.9943;22663759.8241;12219249.4260;4978351.6124;24773966.7517;
2134;519212;23764111.8982;15026904.8492;12789470.3806;20455059.9596;20154931.0932;22665167.8517;12219323.5349;4978005.1505;24773069.6528;
2134;519213;23764504.0239;15028999.9379;12787101.4552;20454056.0295;20154210.8531;22666575.6824;12219397.7647;4977658.8177;24772172.2750;
2134;519214;23764895.8539;15031095.0284;12784732.5068;20453051.7628;20153490.2739;22667983.3161;12219472.1156;4977312.6137;24771274.6183;
2134;519215;23765287.3884;15033190.1207;12782363.5354;20452047.1593;20152769.3557;22669390.7528;12219546.5876;4976966.5388;24770376.6826;
2134;519216;23765678.6272;15035285.2148;12779994.5411;20451042.2191;20152048.0985;22670797.9923;12219621.1807;4976620.5926;24769478.4680;
2134;519217;23766069.5703;15037380.3105;12777625.5240;20450036.9422;20151326.5023;22672205.0347;12219695.8949;4976274.7754;24768579.9746;
2134;519218;23766460.2176;15039475.4078;12775256.4840;20449031.3286;20150604.5670;22673611.8798;12219770.7304;4975929.0869;24767681.2024;
2134;519219;23766850.5692;15041570.5066;12772887.4214;20448025.3783;20149882.2926;22675018.5277;12219845.6871;4975583.5271;24766782.1515;
2134;519220;23767240.6250;15043665.6070;12770518.3361;20447019.0913;20149159.6791;22676424.9782;12219920.7651;4975238.0961;24765882.8219;
2134;519221;23767630.3849;15045760.7087;12768149.2282;20446012.4675;20148436.7266;22677831.2314;12219995.9643;4974892.7938;24764983.2136;
2134;519222;23768019.8489;15047855.8119;12765780.0978;20445005.5071;20147713.4349;22679237.2871;12220071.2849;4974547.6200;24764083.3267;
2134;519223;23768409.0169;15049950.9163;12763410.9450;20443998.2100;20146989.8042;22680643.1453;12220146.7269;4974202.5749;24763183.1613;
2134;519224;23768797.8891;15052046.0219;12761041.7697;20442990.5761;20146265.8343;22682048.8060;12220222.2903;4973857.6583;24762282.7173;
2134;519225;23769186.4651;15054141.1287;12758672.5722;20441982.6056;20145541.5252;22683454.2690;12220297.9751;4973512.8702;24761381.9948;
2134;519226;23769574.7452;15056236.2367;12756303.3523;20440974.2984;20144816.8771;22684859.5344;12220373.7814;4973168.2105;24760480.9940;
2134;519227;23769962.7291;15058331.3456;12753934.1103;20439965.6544;20144091.8897;22686264.6021;12220449.7092;4972823.6793;24759579.7147;
2134;519228;23770350.4170;15060426.4556;12751564.8462;20438956.6738;20143366.5632;22687669.4721;12220525.7586;4972479.2765;24758678.1571;
2134;519229;23770737.8086;15062521.5664;12749195.5599;20437947.3565;20142640.8975;22689074.1442;12220601.9296;4972135.0019;24757776.3211;
2134;519230;23771124.9041;15064616.6782;12746826.2517;20436937.7025;20141914.8926;22690478.6184;12220678.2221;4971790.8557;24756874.2069;
2134;519231;23771511.7033;15066711.7907;12744456.9216;20435927.7118;20141188.5485;22691882.8947;12220754.6364;4971446.8377;24755971.8145;
2134;519232;23771898.2062;15068806.9040;12742087.5695;20434917.3844;20140461.8652;22693286.9730;12220831.1723;4971102.9480;24755069.1440;
2134;519233;23772284.4128;15070902.0179;12739718.1957;20433906.7203;20139734.8427;22694690.8532;12220907.8300;4970759.1864;24754166.1953;
2134;519234;23772670.3230;15072997.1324;12737348.8001;20432895.7195;20139007.4809;22696094.5354;12220984.6094;4970415.5529;24753262.9685;
2134;519235;23773055.9368;15075092.2475;12734979.3829;20431884.3820;20138279.7798;22697498.0194;12221061.5107;4970072.0475;24752359.4637;
2134;519236;23773441.2542;15077187.3631;12732609.9440;20430872.7079;20137551.7395;22698901.3052;12221138.5338;4969728.6701;24751455.6809;
2134;519237;23773826.2752;15079282.4791;12730240.4836;20429860.6971;20136823.3599;22700304.3927;12221215.6787;4969385.4208;24750551.6201;
2134;519238;23774210.9996;15081377.5954;12727871.0017;20428848.3496;20136094.6411;22701707.2819;12221292.9456;4969042.2994;24749647.2814;
2134;519239;23774595.4274;15083472.7121;12725501.4984;20427835.6654;20135365.5829;22703109.9728;12221370.3344;4968699.3059;24748742.6649;
2134;519240;23774979.5586;15085567.8290;12723131.9737;20426822.6445;20134636.1855;22704512.4652;12221447.8451;4968356.4403;24747837.7705;
2134;519241;23775363.3932;15087662.9461;12720762.4278;20425809.2870;20133906.4487;22705914.7592;12221525.4779;4968013.7025;24746932.5984;
2134;519242;23775746.9312;15089758.0632;12718392.8606;20424795.5927;20133176.3725;22707316.8546;12221603.2328;4967671.0925;24746027.1485;
2134;519243;23776130.1724;15091853.1805;12716023.2723;20423781.5618;20132445.9571;22708718.7514;12221681.1097;4967328.6102;24745121.4210;
2134;519244;23776513.1169;15093948.2977;12713653.6629;20422767.1943;20131715.2023;22710120.4496;12221759.1088;4966986.2557;24744215.4158;
2134;519245;23776895.7646;15096043.4148;12711284.0324;20421752.4900;20130984.1081;22711521.9490;12221837.2300;4966644.0288;24743309.1330;
2134;519246;23777278.1154;15098138.5318;12708914.3810;20420737.4491;20130252.6745;22712923.2498;12221915.4734;4966301.9295;24742402.5726;
2134;519247;23777660.1694;15100233.6486;12706544.7087;20419722.0715;20129520.9016;22714324.3517;12221993.8390;4965959.9578;24741495.7348;
2134;519248;23778041.9265;15102328.7651;12704175.0156;20418706.3573;20128788.7892;22715725.2547;12222072.3269;4965618.1137;24740588.6194;
2134;519249;23778423.3866;15104423.8814;12701805.3017;20417690.3064;20128056.3374;22717125.9589;12222150.9371;4965276.3970;24739681.2267;
2134;519250;23778804.5498;15106518.9972;12699435.5671;20416673.9188;20127323.5463;22718526.4640;12222229.6696;4964934.8078;24738773.5566;
2134;519251;23779185.4159;15108614.1126;12697065.8118;20415657.1946;20126590.4157;22719926.7702;12222308.5245;4964593.3460;24737865.6091;
2134;519252;23779565.9850;15110709.2274;12694696.0360;20414640.1337;20125856.9456;22721326.8772;12222387.5019;4964252.0116;24736957.3844;
2134;519253;23779946.2570;15112804.3417;12692326.2397;20413622.7361;20125123.1361;22722726.7852;12222466.6016;4963910.8044;24736048.8824;
2134;519254;23780326.2318;15114899.4554;12689956.4229;20412605.0019;20124388.9871;22724126.4939;12222545.8238;4963569.7246;24735140.1032;
2134;519255;23780705.9095;15116994.5683;12687586.5857;20411586.9311;20123654.4986;22725526.0034;12222625.1686;4963228.7720;24734231.0468;
2134;519256;23781085.2899;15119089.6805;12685216.7283;20410568.5236;20122919.6707;22726925.3136;12222704.6358;4962887.9467;24733321.7133;
2134;519257;23781464.3731;15121184.7919;12682846.8506;20409549.7794;20122184.5033;22728324.4244;12222784.2257;4962547.2484;24732412.1028;
2134;519258;23781843.1590;15123279.9024;12680476.9527;20408530.6986;20121448.9963;22729723.3358;12222863.9382;4962206.6773;24731502.2152;
2134;519259;23782221.6476;15125375.0119;12678107.0346;20407511.2811;20120713.1498;22731122.0478;12222943.7733;4961866.2333;24730592.0507;
2134;519260;23782599.8388;15127470.1204;12675737.0966;20406491.5270;20119976.9638;22732520.5602;12223023.7311;4961525.9163;24729681.6092;
2134;519261;23782977.7325;15129565.2279;12673367.1385;20405471.4363;20119240.4383;22733918.8731;12223103.8117;4961185.7263;24728770.8908;
2134;519262;23783355.3289;15131660.3342;12670997.1605;20404451.0089;20118503.5732;22735316.9863;12223184.0150;4960845.6632;24727859.8956;
2134;519263;23783732.6277;15133755.4393;12668627.1627;20403430.2448;20117766.3685;22736714.8999;12223264.3411;4960505.7270;24726948.6235;
2134;519264;23784109.6291;15135850.5432;12666257.1450;20402409.1442;20117028.8242;22738112.6137;12223344.7900;4960165.9177;24726037.0748;
2134;519265;23784486.3328;15137945.6457;12663887.1077;20401387.7069;20116290.9404;22739510.1278;12223425.3618;4959826.2352;24725125.2492;
2134;519266;23784862.7390;15140040.7468;12661517.0506;20400365.9329;20115552.7169;22740907.4419;12223506.0565;4959486.6795;24724213.1471;
2134;519267;23785238.8475;15142135.8465;12659146.9740;20399343.8223;20114814.1539;22742304.5562;12223586.8742;4959147.2505;24723300.7683;
2134;519268;23785614.6583;15144230.9447;12656776.8778;20398321.3751;20114075.2512;22743701.4706;12223667.8148;4958807.9483;24722388.1129;
2134;519269;23785990.1715;15146326.0414;12654406.7622;20397298.5913;20113336.0089;22745098.1849;12223748.8784;4958468.7726;24721475.1809;
2134;519270;23786365.3868;15148421.1363;12652036.6271;20396275.4708;20112596.4270;22746494.6992;12223830.0650;4958129.7236;24720561.9725;
2134;519271;23786740.3044;15150516.2296;12649666.4727;20395252.0137;20111856.5054;22747891.0133;12223911.3748;4957790.8012;24719648.4876;
2134;519272;23787114.9241;15152611.3212;12647296.2991;20394228.2200;20111116.2441;22749287.1273;12223992.8076;4957452.0052;24718734.7264;
2134;519273;23787489.2460;15154706.4109;12644926.1062;20393204.0897;20110375.6432;22750683.0410;12224074.3636;4957113.3358;24717820.6887;
2134;519274;23787863.2699;15156801.4987;12642555.8942;20392179.6227;20109634.7025;22752078.7545;12224156.0428;4956774.7928;24716906.3747;
2134;519275;23788236.9960;15158896.5846;12640185.6631;20391154.8192;20108893.4222;22753474.2676;12224237.8451;4956436.3762;24715991.7845;
2134;519276;23788610.4240;15160991.6684;12637815.4130;20390129.6790;20108151.8022;22754869.5803;12224319.7708;4956098.0859;24715076.9180;
2134;519277;23788983.5540;15163086.7502;12635445.1439;20389104.2022;20107409.8424;22756264.6926;12224401.8197;4955759.9220;24714161.7754;
2134;519278;23789356.3859;15165181.8299;12633074.8559;20388078.3888;20106667.5430;22757659.6044;12224483.9920;4955421.8843;24713246.3566;
2134;519279;23789728.9197;15167276.9074;12630704.5491;20387052.2387;20105924.9037;22759054.3157;12224566.2876;4955083.9729;24712330.6617;
2134;519280;23790101.1554;15169371.9826;12628334.2236;20386025.7521;20105181.9248;22760448.8263;12224648.7066;4954746.1876;24711414.6908;
2134;519281;23790473.0929;15171467.0555;12625963.8794;20384998.9289;20104438.6060;22761843.1363;12224731.2490;4954408.5285;24710498.4438;
2134;519282;23790844.7322;15173562.1260;12623593.5165;20383971.7690;20103694.9475;22763237.2455;12224813.9149;4954070.9955;24709581.9209;
2134;519283;23791216.0732;15175657.1940;12621223.1351;20382944.2726;20102950.9492;22764631.1540;12224896.7043;4953733.5885;24708665.1221;
2134;519284;23791587.1159;15177752.2596;12618852.7351;20381916.4395;20102206.6111;22766024.8616;12224979.6172;4953396.3076;24707748.0474;
2134;519285;23791957.8603;15179847.3225;12616482.3168;20380888.2699;20101461.9332;22767418.3684;12225062.6537;4953059.1526;24706830.6969;
2134;519286;23792328.3064;15181942.3829;12614111.8800;20379859.7637;20100716.9155;22768811.6742;12225145.8138;4952722.1236;24705913.0706;
2134;519287;23792698.4540;15184037.4405;12611741.4250;20378830.9208;20099971.5580;22770204.7791;12225229.0976;4952385.2205;24704995.1685;
2134;519288;23793068.3031;15186132.4954;12609370.9517;20377801.7414;20099225.8606;22771597.6829;12225312.5050;4952048.4432;24704076.9908;
2134;519289;23793437.8538;15188227.5475;12607000.4603;20376772.2254;20098479.8234;22772990.3856;12225396.0361;4951711.7917;24703158.5374;
2134;519290;23793807.1060;15190322.5967;12604629.9507;20375742.3728;20097733.4463;22774382.8871;12225479.6910;4951375.2660;24702239.8083;
2134;519291;23794176.0596;15192417.6429;12602259.4231;20374712.1836;20096986.7293;22775775.1875;12225563.4697;4951038.8660;24701320.8038;
2134;519292;23794544.7146;15194512.6862;12599888.8776;20373681.6579;20096239.6725;22777167.2865;12225647.3721;4950702.5916;24700401.5237;
2134;519293;23794913.0709;15196607.7263;12597518.3141;20372650.7955;20095492.2758;22778559.1843;12225731.3985;4950366.4429;24699481.9681;
2134;519294;23795281.1286;15198702.7633;12595147.7327;20371619.5966;20094744.5392;22779950.8807;12225815.5487;4950030.4199;24698562.1371;
2134;519295;23795648.8875;15200797.7972;12592777.1336;20370588.0611;20093996.4626;22781342.3757;12225899.8228;4949694.5223;24697642.0307;
2134;519296;23796016.3477;15202892.8278;12590406.5167;20369556.1890;20093248.0462;22782733.6691;12225984.2209;4949358.7503;24696721.6490;
2134;519297;23796383.5091;15204987.8550;12588035.8822;20368523.9804;20092499.2898;22784124.7611;12226068.7429;4949023.1037;24695800.9920;
2134;519298;23796750.3717;15207082.8789;12585665.2301;20367491.4352;20091750.1934;22785515.6515;12226153.3890;4948687.5825;24694880.0597;
2134;519299;23797116.9354;15209177.8993;12583294.5605;20366458.5534;20091000.7571;22786906.3402;12226238.1592;4948352.1868;24693958.8522;
2134;519300;23797483.2002;15211272.9162;12580923.8734;20365425.3351;20090250.9809;22788296.8272;12226323.0534;4948016.9164;24693037.3696;
2134;519301;23797849.1660;15213367.9296;12578553.1689;20364391.7801;20089500.8646;22789687.1125;12226408.0718;4947681.7712;24692115.6118;
2134;519302;23798214.8329;15215462.9393;12576182.4471;20363357.8887;20088750.4084;22791077.1959;12226493.2143;4947346.7513;24691193.5790;
2134;519303;23798580.2007;15217557.9453;12573811.7080;20362323.6607;20087999.6122;22792467.0775;12226578.4811;4947011.8567;24690271.2711;
2134;519304;23798945.2695;15219652.9476;12571440.9517;20361289.0961;20087248.4760;22793856.7572;12226663.8720;4946677.0872;24689348.6882;
2134;519305;23799310.0391;15221747.9460;12569070.1783;20360254.1949;20086496.9997;22795246.2350;12226749.3873;4946342.4428;24688425.8305;
2134;519306;23799674.5097;15223842.9406;12566699.3878;20359218.9573;20085745.1834;22796635.5107;12226835.0268;4946007.9235;24687502.6978;
2134;519307;23800038.6810;15225937.9312;12564328.5803;20358183.3830;20084993.0271;22798024.5843;12226920.7907;4945673.5293;24686579.2902;
2134;519308;23800402.5532;15228032.9178;12561957.7558;20357147.4722;20084240.5308;22799413.4558;12227006.6790;4945339.2600;24685655.6079;
2134;519309;23800766.1261;15230127.9003;12559586.9145;20356111.2249;20083487.6943;22800802.1251;12227092.6917;4945005.1157;24684731.6508;
2134;519310;23801129.3997;15232222.8787;12557216.0563;20355074.6411;20082734.5179;22802190.5921;12227178.8288;4944671.0963;24683807.4190;
2134;519311;23801492.3739;15234317.8529;12554845.1814;20354037.7206;20081981.0013;22803578.8569;12227265.0904;4944337.2018;24682882.9125;
2134;519312;23801855.0488;15236412.8228;12552474.2899;20353000.4637;20081227.1446;22804966.9193;12227351.4765;4944003.4321;24681958.1313;
2134;519313;23802217.4243;15238507.7885;12550103.3817;20351962.8702;20080472.9479;22806354.7793;12227437.9871;4943669.7872;24681033.0756;
2134;519314;23802579.5004;15240602.7497;12547732.4569;20350924.9402;20079718.4110;22807742.4369;12227524.6224;4943336.2671;24680107.7454;
2134;519315;23802941.2770;15242697.7065;12545361.5157;20349886.6737;20078963.5340;22809129.8919;12227611.3822;4943002.8716;24679182.1406;
2134;519316;23803302.7540;15244792.6588;12542990.5580;20348848.0706;20078208.3169;22810517.1444;12227698.2667;4942669.6008;24678256.2614;
2134;519317;23803663.9315;15246887.6065;12540619.5839;20347809.1310;20077452.7596;22811904.1943;12227785.2759;4942336.4546;24677330.1078;
2134;519318;23804024.8094;15248982.5496;12538248.5936;20346769.8549;20076696.8622;22813291.0415;12227872.4098;4942003.4330;24676403.6799;
2134;519319;23804385.3877;15251077.4880;12535877.5870;20345730.2423;20075940.6246;22814677.6859;12227959.6685;4941670.5360;24675476.9776;
2134;519320;23804745.6663;15253172.4216;12533506.5643;20344690.2932;20075184.0468;22816064.1276;12228047.0520;4941337.7634;24674550.0011;
2134;519321;23805105.6451;15255267.3504;12531135.5255;20343650.0075;20074427.1289;22817450.3664;12228134.5603;4941005.1152;24673622.7503;
2134;519322;23805465.3243;15257362.2743;12528764.4706;20342609.3853;20073669.8707;22818836.4023;12228222.1934;4940672.5915;24672695.2253;
2134;519323;23805824.7036;15259457.1933;12526393.3998;20341568.4266;20072912.2724;22820222.2353;12228309.9515;4940340.1921;24671767.4263;
2134;519324;23806183.7831;15261552.1072;12524022.3130;20340527.1315;20072154.3338;22821607.8653;12228397.8345;4940007.9170;24670839.3531;
2134;519325;23806542.5628;15263647.0161;12521651.2104;20339485.4998;20071396.0550;22822993.2923;12228485.8424;4939675.7662;24669911.0058;
2134;519326;23806901.0426;15265741.9199;12519280.0920;20338443.5316;20070637.4360;22824378.5161;12228573.9754;4939343.7397;24668982.3846;
2134;519327;23807259.2224;15267836.8185;12516908.9579;20337401.2269;20069878.4767;22825763.5367;12228662.2334;4939011.8373;24668053.4894;
2134;519328;23807617.1022;15269931.7118;12514537.8082;20336358.5857;20069119.1772;22827148.3542;12228750.6164;4938680.0591;24667124.3203;
2134;519329;23807974.6821;15272026.5997;12512166.6429;20335315.6080;20068359.5374;22828532.9684;12228839.1246;4938348.4050;24666194.8774;
2134;519330;23808331.9619;15274121.4823;12509795.4620;20334272.2938;20067599.5574;22829917.3792;12228927.7579;4938016.8749;24665265.1606;
2134;519331;23808688.9415;15276216.3595;12507424.2657;20333228.6432;20066839.2370;22831301.5867;12229016.5163;4937685.4689;24664335.1700;
2134;519332;23809045.6211;15278311.2311;12505053.0540;20332184.6560;20066078.5764;22832685.5907;12229105.4000;4937354.1868;24663404.9057;
2134;519333;23809402.0005;15280406.0972;12502681.8270;20331140.3324;20065317.5754;22834069.3912;12229194.4089;4937023.0287;24662474.3677;
2134;519334;23809758.0797;15282500.9576;12500310.5847;20330095.6723;20064556.2342;22835452.9882;12229283.5431;4936691.9944;24661543.5560;
2134;519335;23810113.8586;15284595.8123;12497939.3273;20329050.6757;20063794.5526;22836836.3816;12229372.8026;4936361.0840;24660612.4708;
2134;519336;23810469.3373;15286690.6613;12495568.0547;20328005.3427;20063032.5306;22838219.5714;12229462.1875;4936030.2974;24659681.1120;
2134;519337;23810824.5157;15288785.5045;12493196.7670;20326959.6731;20062270.1684;22839602.5574;12229551.6977;4935699.6346;24658749.4797;
2134;519338;23811179.3937;15290880.3417;12490825.4643;20325913.6671;20061507.4657;22840985.3397;12229641.3334;4935369.0955;24657817.5739;
2134;519339;23811533.9713;15292975.1730;12488454.1467;20324867.3247;20060744.4227;22842367.9182;12229731.0945;4935038.6801;24656885.3947;
2134;519340;23811888.2484;15295069.9983;12486082.8142;20323820.6457;20059981.0393;22843750.2928;12229820.9811;4934708.3883;24655952.9422;
2134;519341;23812242.2251;15297164.8176;12483711.4669;20322773.6303;20059217.3156;22845132.4635;12229910.9932;4934378.2200;24655020.2163;
2134;519342;23812595.9013;15299259.6307;12481340.1049;20321726.2785;20058453.2514;22846514.4302;12230001.1308;4934048.1754;24654087.2171;
2134;519343;23812949.2770;15301354.4376;12478968.7282;20320678.5902;20057688.8468;22847896.1928;12230091.3941;4933718.2542;24653153.9446;
2134;519344;23813302.3521;15303449.2382;12476597.3368;20319630.5654;20056924.1019;22849277.7514;12230181.7830;4933388.4565;24652220.3990;
2134;519345;23813655.1265;15305544.0325;12474225.9310;20318582.2042;20056159.0164;22850659.1059;12230272.2975;4933058.7822;24651286.5802;
2134;519346;23814007.6003;15307638.8204;12471854.5106;20317533.5066;20055393.5906;22852040.2561;12230362.9377;4932729.2313;24650352.4884;
2134;519347;23814359.7734;15309733.6019;12469483.0758;20316484.4725;20054627.8243;22853421.2021;12230453.7037;4932399.8038;24649418.1234;
2134;519348;23814711.6457;15311828.3769;12467111.6267;20315435.1019;20053861.7175;22854801.9438;12230544.5954;4932070.4995;24648483.4855;
2134;519349;23815063.2173;15313923.1452;12464740.1632;20314385.3949;20053095.2703;22856182.4812;12230635.6129;4931741.3185;24647548.5745;
2134;519350;23815414.4881;15316017.9070;12462368.6856;20313335.3515;20052328.4826;22857562.8141;12230726.7562;4931412.2607;24646613.3907;
2134;519351;23815765.4580;15318112.6620;12459997.1937;20312284.9717;20051561.3544;22858942.9426;12230818.0254;4931083.3260;24645677.9339;
2134;519352;23816116.1271;15320207.4103;12457625.6878;20311234.2554;20050793.8858;22860322.8666;12230909.4205;4930754.5145;24644742.2044;
2134;519353;23816466.4952;15322302.1518;12455254.1679;20310183.2027;20050026.0766;22861702.5859;12231000.9416;4930425.8260;24643806.2020;
2134;519354;23816816.5624;15324396.8864;12452882.6339;20309131.8136;20049257.9269;22863082.1007;12231092.5886;4930097.2606;24642869.9269;
2134;519355;23817166.3285;15326491.6140;12450511.0861;20308080.0880;20048489.4366;22864461.4108;12231184.3616;4929768.8181;24641933.3791;
2134;519356;23817515.7937;15328586.3346;12448139.5244;20307028.0261;20047720.6059;22865840.5161;12231276.2606;4929440.4986;24640996.5586;
2134;519357;23817864.9577;15330681.0481;12445767.9490;20305975.6277;20046951.4346;22867219.4167;12231368.2857;4929112.3021;24640059.4655;
2134;519358;23818213.8206;15332775.7545;12443396.3599;20304922.8929;20046181.9227;22868598.1124;12231460.4369;4928784.2283;24639122.0998;
2134;519359;23818562.3824;15334870.4537;12441024.7571;20303869.8217;20045412.0703;22869976.6032;12231552.7143;4928456.2774;24638184.4617;
2134;519360;23818910.6430;15336965.1456;12438653.1407;20302816.4141;20044641.8773;22871354.8891;12231645.1178;4928128.4493;24637246.5510;
2134;519361;23819258.6024;15339059.8302;12436281.5108;20301762.6701;20043871.3437;22872732.9699;12231737.6476;4927800.7439;24636308.3679;
2134;519362;23819606.2605;15341154.5074;12433909.8675;20300708.5897;20043100.4695;22874110.8457;12231830.3036;4927473.1612;24635369.9125;
2134;519363;23819953.6174;15343249.1772;12431538.2107;20299654.1729;20042329.2547;22875488.5164;12231923.0858;4927145.7012;24634431.1846;
2134;519364;23820300.6729;15345343.8394;12429166.5407;20298599.4197;20041557.6993;22876865.9819;12232015.9944;4926818.3637;24633492.1845;
2134;519365;23820647.4270;15347438.4941;12426794.8574;20297544.3301;20040785.8033;22878243.2422;12232109.0293;4926491.1488;24632552.9122;
2134;519366;23820993.8797;15349533.1411;12424423.1609;20296488.9041;20040013.5666;22879620.2972;12232202.1906;4926164.0564;24631613.3676;
2134;519367;23821340.0309;15351627.7804;12422051.4513;20295433.1418;20039240.9893;22880997.1469;12232295.4783;4925837.0865;24630673.5509;
2134;519368;23821685.8807;15353722.4120;12419679.7286;20294377.0430;20038468.0714;22882373.7912;12232388.8925;4925510.2391;24629733.4620;
2134;519369;23822031.4289;15355817.0357;12417307.9929;20293320.6079;20037694.8127;22883750.2301;12232482.4331;4925183.5140;24628793.1011;
2134;519370;23822376.6756;15357911.6515;12414936.2443;20292263.8364;20036921.2134;22885126.4635;12232576.1003;4924856.9113;24627852.4682;
2134;519371;23822721.6206;15360006.2594;12412564.4828;20291206.7286;20036147.2735;22886502.4913;12232669.8940;4924530.4309;24626911.5632;
2134;519372;23823066.2640;15362100.8593;12410192.7085;20290149.2843;20035372.9928;22887878.3136;12232763.8143;4924204.0727;24625970.3864;
2134;519373;23823410.6058;15364195.4511;12407820.9214;20289091.5038;20034598.3714;22889253.9302;12232857.8612;4923877.8367;24625028.9376;
2134;519374;23823754.6458;15366290.0347;12405449.1217;20288033.3868;20033823.4094;22890629.3410;12232952.0348;4923551.7230;24624087.2170;
2134;519375;23824098.3841;15368384.6101;12403077.3094;20286974.9335;20033048.1066;22892004.5461;12233046.3350;4923225.7313;24623145.2246;
2134;519376;23824441.8206;15370479.1773;12400705.4845;20285916.1438;20032272.4631;22893379.5454;12233140.7620;4922899.8618;24622202.9604;
2134;519377;23824784.9553;15372573.7361;12398333.6472;20284857.0178;20031496.4788;22894754.3389;12233235.3157;4922574.1143;24621260.4246;
2134;519378;23825127.7881;15374668.2866;12395961.7974;20283797.5554;20030720.1538;22896128.9264;12233329.9963;4922248.4888;24620317.6170;
2134;519379;23825470.3190;15376762.8286;12393589.9353;20282737.7567;20029943.4880;22897503.3079;12233424.8036;4921922.9852;24619374.5379;
2134;519380;23825812.5480;15378857.3620;12391218.0609;20281677.6216;20029166.4815;22898877.4834;12233519.7378;4921597.6036;24618431.1871;
2134;519381;23826154.4750;15380951.8869;12388846.1743;20280617.1502;20028389.1342;22900251.4528;12233614.7989;4921272.3438;24617487.5649;
2134;519382;23826496.1000;15383046.4032;12386474.2755;20279556.3425;20027611.4461;22901625.2161;12233709.9870;4920947.2059;24616543.6711;
2134;519383;23826837.4229;15385140.9107;12384102.3646;20278495.1984;20026833.4172;22902998.7732;12233805.3020;4920622.1898;24615599.5059;
2134;519384;23827178.4438;15387235.4095;12381730.4417;20277433.7180;20026055.0475;22904372.1240;12233900.7439;4920297.2954;24614655.0694;
2134;519385;23827519.1625;15389329.8994;12379358.5068;20276371.9013;20025276.3369;22905745.2685;12233996.3130;4919972.5227;24613710.3614;
2134;519386;23827859.5790;15391424.3804;12376986.5600;20275309.7483;20024497.2856;22907118.2067;12234092.0090;4919647.8716;24612765.3822;
2134;519387;23828199.6934;15393518.8525;12374614.6014;20274247.2589;20023717.8934;22908490.9385;12234187.8322;4919323.3422;24611820.1317;
2134;519388;23828539.5055;15395613.3156;12372242.6310;20273184.4332;20022938.1604;22909863.4638;12234283.7825;4918998.9344;24610874.6100;
2134;519389;23828879.0154;15397707.7695;12369870.6489;20272121.2712;20022158.0865;22911235.7826;12234379.8600;4918674.6480;24609928.8171;
2134;519390;23829218.2229;15399802.2144;12367498.6552;20271057.7729;20021377.6718;22912607.8948;12234476.0647;4918350.4832;24608982.7531;
2134;519391;23829557.1281;15401896.6500;12365126.6498;20269993.9383;20020596.9162;22913979.8004;12234572.3966;4918026.4398;24608036.4180;
2134;519392;23829895.7309;15403991.0763;12362754.6330;20268929.7674;20019815.8197;22915351.4993;12234668.8558;4917702.5178;24607089.8119;
2134;519393;23830234.0312;15406085.4933;12360382.6047;20267865.2602;20019034.3823;22916722.9915;12234765.4423;4917378.7171;24606142.9348;
2134;519394;23830572.0292;15408179.9009;12358010.5651;20266800.4167;20018252.6040;22918094.2769;12234862.1561;4917055.0378;24605195.7868;
2134;519395;23830909.7246;15410274.2991;12355638.5141;20265735.2369;20017470.4848;22919465.3554;12234958.9973;4916731.4797;24604248.3678;
2134;519396;23831247.1174;15412368.6877;12353266.4518;20264669.7208;20016688.0247;22920836.2271;12235055.9659;4916408.0429;24603300.6781;
2134;519397;23831584.2077;15414463.0667;12350894.3784;20263603.8684;20015905.2237;22922206.8918;12235153.0619;4916084.7272;24602352.7175;
2134;519398;23831920.9954;15416557.4361;12348522.2939;20262537.6798;20015122.0817;22923577.3495;12235250.2854;4915761.5327;24601404.4861;
2134;519399;23832257.4805;15418651.7958;12346150.1982;20261471.1549;20014338.5988;22924947.6002;12235347.6364;4915438.4593;24600455.9840;
2134;519400;23832593.6628;15420746.1457;12343778.0916;20260404.2937;20013554.7749;22926317.6437;12235445.1150;4915115.5069;24599507.2113;
2134;519401;23832929.5425;15422840.4858;12341405.9741;20259337.0962;20012770.6101;22927687.4801;12235542.7211;4914792.6756;24598558.1679;
2134;519402;23833265.1193;15424934.8159;12339033.8457;20258269.5624;20011986.1043;22929057.1092;12235640.4548;4914469.9652;24597608.8540;
2134;519403;23833600.3934;15427029.1361;12336661.7064;20257201.6924;20011201.2575;22930426.5311;12235738.3162;4914147.3757;24596659.2695;
2134;519404;23833935.3646;15429123.4463;12334289.5565;20256133.4862;20010416.0697;22931795.7457;12235836.3053;4913824.9071;24595709.4145;
2134;519405;23834270.0330;15431217.7464;12331917.3958;20255064.9437;20009630.5409;22933164.7529;12235934.4220;4913502.5593;24594759.2891;
2134;519406;23834604.3985;15433312.0363;12329545.2246;20253996.0649;20008844.6711;22934533.5526;12236032.6665;4913180.3324;24593808.8933;
2134;519407;23834938.4610;15435406.3160;12327173.0428;20252926.8499;20008058.4603;22935902.1449;12236131.0388;4912858.2262;24592858.2271;
2134;519408;23835272.2205;15437500.5855;12324800.8505;20251857.2986;20007271.9085;22937270.5296;12236229.5389;4912536.2407;24591907.2907;
2134;519409;23835605.6770;15439594.8446;12322428.6479;20250787.4111;20006485.0156;22938638.7068;12236328.1668;4912214.3758;24590956.0839;
2134;519410;23835938.8305;15441689.0933;12320056.4348;20249717.1873;20005697.7816;22940006.6762;12236426.9226;4911892.6316;24590004.6070;
2134;519411;23836271.6808;15443783.3315;12317684.2115;20248646.6274;20004910.2067;22941374.4380;12236525.8064;4911571.0079;24589052.8598;
2134;519412;23836604.2280;15445877.5592;12315311.9779;20247575.7311;20004122.2906;22942741.9921;12236624.8181;4911249.5048;24588100.8426;
2134;519413;23836936.4721;15447971.7763;12312939.7342;20246504.4987;20003334.0335;22944109.3383;12236723.9577;4910928.1222;24587148.5553;
2134;519414;23837268.4129;15450065.9828;12310567.4804;20245432.9300;20002545.4353;22945476.4766;12236823.2254;4910606.8600;24586195.9979;
2134;519415;23837600.0506;15452160.1785;12308195.2166;20244361.0252;20001756.4960;22946843.4071;12236922.6211;4910285.7182;24585243.1706;
2134;519416;23837931.3849;15454254.3635;12305822.9428;20243288.7841;20000967.2155;22948210.1295;12237022.1449;4909964.6968;24584290.0733;
2134;519417;23838262.4159;15456348.5376;12303450.6591;20242216.2067;20000177.5940;22949576.6440;12237121.7968;4909643.7957;24583336.7061;
2134;519418;23838593.1435;15458442.7008;12301078.3656;20241143.2932;19999387.6314;22950942.9503;12237221.5769;4909323.0149;24582383.0690;
2134;519419;23838923.5678;15460536.8530;12298706.0623;20240070.0435;19998597.3276;22952309.0486;12237321.4851;4909002.3543;24581429.1622;
2134;519420;23839253.6886;15462630.9942;12296333.7493;20238996.4576;19997806.6827;22953674.9386;12237421.5216;4908681.8139;24580474.9855;
2134;519421;23839583.5060;15464725.1243;12293961.4266;20237922.5354;19997015.6967;22955040.6204;12237521.6863;4908361.3936;24579520.5392;
2134;519422;23839913.0198;15466819.2433;12291589.0944;20236848.2771;19996224.3695;22956406.0939;12237621.9793;4908041.0934;24578565.8232;
2134;519423;23840242.2302;15468913.3510;12289216.7526;20235773.6826;19995432.7011;22957771.3591;12237722.4006;4907720.9133;24577610.8376;
2134;519424;23840571.1369;15471007.4475;12286844.4014;20234698.7519;19994640.6915;22959136.4158;12237822.9503;4907400.8532;24576655.5824;
2134;519425;23840899.7400;15473101.5326;12284472.0409;20233623.4850;19993848.3408;22960501.2641;12237923.6284;4907080.9131;24575700.0576;
2134;519426;23841228.0395;15475195.6062;12282099.6710;20232547.8820;19993055.6489;22961865.9039;12238024.4349;4906761.0929;24574744.2634;
2134;519427;23841556.0353;15477289.6685;12279727.2918;20231471.9428;19992262.6158;22963230.3352;12238125.3698;4906441.3926;24573788.1997;
2134;519428;23841883.7274;15479383.7191;12277354.9035;20230395.6674;19991469.2414;22964594.5578;12238226.4332;4906121.8121;24572831.8666;
2134;519429;23842211.1157;15481477.7582;12274982.5060;20229319.0558;19990675.5259;22965958.5717;12238327.6251;4905802.3514;24571875.2642;
2134;519430;23842538.2002;15483571.7857;12272610.0994;20228242.1081;19989881.4691;22967322.3770;12238428.9456;4905483.0104;24570918.3925;
2134;519431;23842864.9808;15485665.8013;12270237.6839;20227164.8242;19989087.0711;22968685.9734;12238530.3947;4905163.7892;24569961.2515;
2134;519432;23843191.4576;15487759.8053;12267865.2594;20226087.2042;19988292.3319;22970049.3610;12238631.9724;4904844.6876;24569003.8412;
2134;519433;23843517.6305;15489853.7973;12265492.8261;20225009.2480;19987497.2514;22971412.5398;12238733.6788;4904525.7057;24568046.1619;
2134;519434;23843843.4994;15491947.7775;12263120.3840;20223930.9556;19986701.8296;22972775.5096;12238835.5138;4904206.8433;24567088.2133;
2134;519435;23844169.0644;15494041.7456;12260747.9331;20222852.3271;19985906.0665;22974138.2704;12238937.4776;4903888.1005;24566129.9958;
2134;519436;23844494.3253;15496135.7018;12258375.4735;20221773.3625;19985109.9622;22975500.8221;12239039.5701;4903569.4772;24565171.5091;
2134;519437;23844819.2822;15498229.6458;12256003.0054;20220694.0618;19984313.5166;22976863.1648;12239141.7914;4903250.9733;24564212.7535;
2134;519438;23845143.9350;15500323.5777;12253630.5286;20219614.4249;19983516.7297;22978225.2983;12239244.1415;4902932.5888;24563253.7290;
2134;519439;23845468.2836;15502417.4973;12251258.0434;20218534.4519;19982719.6015;22979587.2226;12239346.6205;4902614.3236;24562294.4355;
2134;519440;23845792.3281;15504511.4047;12248885.5498;20217454.1427;19981922.1319;22980948.9376;12239449.2284;4902296.1778;24561334.8732;
2134;519441;23846116.0684;15506605.2997;12246513.0478;20216373.4975;19981124.3211;22982310.4434;12239551.9652;4901978.1513;24560375.0421;
2134;519442;23846439.5044;15508699.1822;12244140.5376;20215292.5161;19980326.1689;22983671.7397;12239654.8310;4901660.2440;24559414.9423;
2134;519443;23846762.6361;15510793.0523;12241768.0191;20214211.1986;19979527.6754;22985032.8267;12239757.8257;4901342.4558;24558454.5737;
2134;519444;23847085.4636;15512886.9099;12239395.4925;20213129.5451;19978728.8405;22986393.7041;12239860.9495;4901024.7868;24557493.9365;
2134;519445;23847407.9867;15514980.7549;12237022.9577;20212047.5554;19977929.6643;22987754.3721;12239964.2023;4900707.2370;24556533.0306;
2134;519446;23847730.2054;15517074.5871;12234650.4149;20210965.2296;19977130.1467;22989114.8304;12240067.5843;4900389.8061;24555571.8562;
2134;519447;23848052.1196;15519168.4067;12232277.8642;20209882.5677;19976330.2877;22990475.0791;12240171.0953;4900072.4943;24554610.4132;
2134;519448;23848373.7294;15521262.2135;12229905.3056;20208799.5697;19975530.0873;22991835.1181;12240274.7355;4899755.3015;24553648.7017;
2134;519449;23848695.0347;15523356.0074;12227532.7391;20207716.2357;19974729.5456;22993194.9474;12240378.5049;4899438.2275;24552686.7218;
2134;519450;23849016.0355;15525449.7883;12225160.1648;20206632.5655;19973928.6624;22994554.5669;12240482.4035;4899121.2725;24551724.4735;
2134;519451;23849336.7317;15527543.5563;12222787.5829;20205548.5593;19973127.4378;22995913.9766;12240586.4314;4898804.4363;24550761.9569;
2134;519452;23849657.1233;15529637.3113;12220414.9932;20204464.2170;19972325.8718;22997273.1763;12240690.5886;4898487.7189;24549799.1720;
2134;519453;23849977.2102;15531731.0531;12218042.3960;20203379.5387;19971523.9644;22998632.1661;12240794.8751;4898171.1202;24548836.1188;
2134;519454;23850296.9925;15533824.7818;12215669.7913;20202294.5243;19970721.7156;22999990.9458;12240899.2909;4897854.6402;24547872.7973;
2134;519455;23850616.4700;15535918.4972;12213297.1792;20201209.1738;19969919.1253;23001349.5155;12241003.8362;4897538.2789;24546909.2078;
2134;519456;23850935.6428;15538012.1994;12210924.5596;20200123.4872;19969116.1935;23002707.8751;12241108.5109;4897222.0362;24545945.3501;
2134;519457;23851254.5108;15540105.8882;12208551.9328;20199037.4646;19968312.9203;23004066.0245;12241213.3150;4896905.9121;24544981.2243;
2134;519458;23851573.0739;15542199.5635;12206179.2986;20197951.1060;19967509.3056;23005423.9637;12241318.2486;4896589.9066;24544016.8305;
2134;519459;23851891.3322;15544293.2254;12203806.6573;20196864.4113;19966705.3495;23006781.6926;12241423.3118;4896274.0195;24543052.1687;
2134;519460;23852209.2856;15546386.8737;12201434.0089;20195777.3806;19965901.0518;23008139.2112;12241528.5045;4895958.2508;24542087.2390;
2134;519461;23852526.9340;15548480.5084;12199061.3533;20194690.0138;19965096.4127;23009496.5194;12241633.8268;4895642.6006;24541122.0414;
2134;519462;23852844.2775;15550574.1294;12196688.6908;20193602.3111;19964291.4321;23010853.6171;12241739.2787;4895327.0687;24540156.5760;
2134;519463;23853161.3159;15552667.7367;12194316.0214;20192514.2722;19963486.1099;23012210.5044;12241844.8603;4895011.6551;24539190.8427;
2134;519464;23853478.0493;15554761.3302;12191943.3450;20191425.8974;19962680.4462;23013567.1811;12241950.5715;4894696.3598;24538224.8417;
2134;519465;23853794.4776;15556854.9098;12189570.6619;20190337.1865;19961874.4410;23014923.6472;12242056.4125;4894381.1828;24537258.5730;
2134;519466;23854110.6008;15558948.4755;12187197.9720;20189248.1397;19961068.0943;23016279.9027;12242162.3833;4894066.1239;24536292.0367;
2134;519467;23854426.4188;15561042.0272;12184825.2754;20188158.7568;19960261.4060;23017635.9474;12242268.4839;4893751.1831;24535325.2327;
2134;519468;23854741.9317;15563135.5648;12182452.5723;20187069.0379;19959454.3761;23018991.7814;12242374.7142;4893436.3604;24534358.1611;
2134;519469;23855057.1393;15565229.0884;12180079.8625;20185978.9830;19958647.0047;23020347.4046;12242481.0745;4893121.6558;24533390.8220;
2134;519470;23855372.0416;15567322.5977;12177707.1463;20184888.5922;19957839.2917;23021702.8169;12242587.5646;4892807.0692;24532423.2155;
2134;519471;23855686.6386;15569416.0928;12175334.4237;20183797.8653;19957031.2372;23023058.0183;12242694.1846;4892492.6006;24531455.3415;
2134;519472;23856000.9303;15571509.5736;12172961.6947;20182706.8024;19956222.8410;23024413.0087;12242800.9347;4892178.2498;24530487.2001;
2134;519473;23856314.9166;15573603.0400;12170588.9594;20181615.4036;19955414.1033;23025767.7881;12242907.8146;4891864.0170;24529518.7914;
2134;519474;23856628.5975;15575696.4920;12168216.2179;20180523.6688;19954605.0239;23027122.3564;12243014.8247;4891549.9020;24528550.1154;
2134;519475;23856941.9729;15577789.9295;12165843.4702;20179431.5980;19953795.6030;23028476.7135;12243121.9648;4891235.9047;24527581.1722;
2134;519476;23857255.0428;15579883.3525;12163470.7164;20178339.1912;19952985.8404;23029830.8595;12243229.2349;4890922.0252;24526611.9617;
2134;519477;23857567.8073;15581976.7608;12161097.9566;20177246.4485;19952175.7362;23031184.7943;12243336.6352;4890608.2635;24525642.4841;
2134;519478;23857880.2661;15584070.1544;12158725.1908;20176153.3698;19951365.2904;23032538.5177;12243444.1657;4890294.6193;24524672.7394;
2134;519479;23858192.4194;15586163.5333;12156352.4191;20175059.9552;19950554.5029;23033892.0298;12243551.8263;4889981.0928;24523702.7276;
2134;519480;23858504.2670;15588256.8974;12153979.6415;20173966.2046;19949743.3737;23035245.3305;12243659.6172;4889667.6838;24522732.4488;
2134;519481;23858815.8089;15590350.2466;12151606.8582;20172872.1180;19948931.9029;23036598.4197;12243767.5383;4889354.3924;24521761.9030;
2134;519482;23859127.0452;15592443.5809;12149234.0692;20171777.6955;19948120.0904;23037951.2975;12243875.5897;4889041.2185;24520791.0903;
2134;519483;23859437.9757;15594536.9001;12146861.2745;20170682.9371;19947307.9363;23039303.9636;12243983.7715;4888728.1620;24519820.0107;
2134;519484;23859748.6004;15596630.2043;12144488.4742;20169587.8428;19946495.4404;23040656.4182;12244092.0835;4888415.2228;24518848.6643;
2134;519485;23860058.9193;15598723.4934;12142115.6684;20168492.4125;19945682.6029;23042008.6611;12244200.5260;4888102.4011;24517877.0511;
2134;519486;23860368.9323;15600816.7673;12139742.8572;20167396.6463;19944869.4237;23043360.6922;12244309.0989;4887789.6966;24516905.1711;
2134;519487;23860678.6395;15602910.0259;12137370.0405;20166300.5442;19944055.9027;23044712.5116;12244417.8023;4887477.1094;24515933.0245;
2134;519488;23860988.0407;15605003.2692;12134997.2185;20165204.1061;19943242.0400;23046064.1191;12244526.6361;4887164.6394;24514960.6112;
2134;519489;23861297.1359;15607096.4972;12132624.3913;20164107.3322;19942427.8356;23047415.5148;12244635.6005;4886852.2866;24513987.9313;
2134;519490;23861605.9252;15609189.7097;12130251.5588;20163010.2223;19941613.2895;23048766.6985;12244744.6954;4886540.0509;24513014.9848;
2134;519491;23861914.4084;15611282.9067;12127878.7213;20161912.7766;19940798.4016;23050117.6703;12244853.9209;4886227.9323;24512041.7719;
2134;519492;23862222.5856;15613376.0881;12125505.8786;20160814.9949;19939983.1720;23051468.4300;12244963.2770;4885915.9308;24511068.2924;
2134;519493;23862530.4566;15615469.2539;12123133.0310;20159716.8774;19939167.6006;23052818.9776;12245072.7638;4885604.0462;24510094.5466;
2134;519494;23862838.0215;15617562.4040;12120760.1784;20158618.4240;19938351.6875;23054169.3130;12245182.3813;4885292.2786;24509120.5344;
2134;519495;23863145.2803;15619655.5383;12118387.3209;20157519.6347;19937535.4325;23055519.4363;12245292.1295;4884980.6279;24508146.2558;
2134;519496;23863452.2328;15621748.6569;12116014.4586;20156420.5095;19936718.8358;23056869.3473;12245402.0084;4884669.0941;24507171.7109;
2134;519497;23863758.8790;15623841.7595;12113641.5915;20155321.0484;19935901.8973;23058219.0460;12245512.0181;4884357.6771;24506196.8999;
2134;519498;23864065.2190;15625934.8462;12111268.7198;20154221.2515;19935084.6170;23059568.5323;12245622.1587;4884046.3768;24505221.8226;
2134;519499;23864371.2526;15628027.9169;12108895.8435;20153121.1187;19934266.9949;23060917.8062;12245732.4301;4883735.1933;24504246.4792;
2134;519500;23864676.9799;15630120.9715;12106522.9626;20152020.6501;19933449.0310;23062266.8676;12245842.8323;4883424.1265;24503270.8697;
2134;519501;23864982.4007;15632214.0099;12104150.0772;20150919.8456;19932630.7252;23063615.7166;12245953.3655;4883113.1764;24502294.9941;
2134;519502;23865287.5152;15634307.0322;12101777.1873;20149818.7052;19931812.0776;23064964.3529;12246064.0297;4882802.3428;24501318.8526;
2134;519503;23865592.3231;15636400.0382;12099404.2931;20148717.2290;19930993.0882;23066312.7766;12246174.8248;4882491.6258;24500342.4450;
2134;519504;23865896.8246;15638493.0279;12097031.3946;20147615.4170;19930173.7570;23067660.9876;12246285.7509;4882181.0253;24499365.7716;
2134;519505;23866201.0195;15640586.0012;12094658.4919;20146513.2691;19929354.0838;23069008.9859;12246396.8081;4881870.5413;24498388.8323;
2134;519506;23866504.9079;15642678.9581;12092285.5850;20145410.7855;19928534.0688;23070356.7714;12246507.9964;4881560.1737;24497411.6272;
2134;519507;23866808.4896;15644771.8984;12089912.6740;20144307.9659;19927713.7120;23071704.3441;12246619.3158;4881249.9225;24496434.1563;
2134;519508;23867111.7646;15646864.8222;12087539.7589;20143204.8106;19926893.0133;23073051.7038;12246730.7663;4880939.7876;24495456.4196;
2134;519509;23867414.7330;15648957.7293;12085166.8399;20142101.3195;19926071.9726;23074398.8506;12246842.3480;4880629.7690;24494478.4173;
2134;519510;23867717.3947;15651050.6197;12082793.9169;20140997.4925;19925250.5901;23075745.7844;12246954.0609;4880319.8667;24493500.1494;
2134;519511;23868019.7496;15653143.4933;12080420.9901;20139893.3298;19924428.8657;23077092.5052;12247065.9051;4880010.0806;24492521.6159;
2134;519512;23868321.7977;15655236.3501;12078048.0596;20138788.8312;19923606.7994;23078439.0128;12247177.8806;4879700.4106;24491542.8168;
2134;519513;23868623.5389;15657329.1900;12075675.1252;20137683.9968;19922784.3911;23079785.3073;12247289.9873;4879390.8568;24490563.7522;
2134;519514;23868924.9733;15659422.0130;12073302.1873;20136578.8267;19921961.6410;23081131.3885;12247402.2254;4879081.4190;24489584.4222;
2134;519515;23869226.1008;15661514.8189;12070929.2457;20135473.3208;19921138.5489;23082477.2565;12247514.5949;4878772.0973;24488604.8267;
2134;519516;23869526.9214;15663607.6078;12068556.3006;20134367.4791;19920315.1148;23083822.9112;12247627.0958;4878462.8915;24487624.9660;
2134;519517;23869827.4349;15665700.3795;12066183.3521;20133261.3016;19919491.3388;23085168.3525;12247739.7281;4878153.8017;24486644.8399;
2134;519518;23870127.6415;15667793.1340;12063810.4001;20132154.7883;19918667.2209;23086513.5804;12247852.4919;4877844.8277;24485664.4485;
2134;519519;23870427.5410;15669885.8712;12061437.4448;20131047.9393;19917842.7610;23087858.5947;12247965.3872;4877535.9697;24484683.7919;
2134;519520;23870727.1334;15671978.5911;12059064.4862;20129940.7546;19917017.9591;23089203.3956;12248078.4141;4877227.2274;24483702.8701;
2134;519521;23871026.4187;15674071.2936;12056691.5245;20128833.2340;19916192.8152;23090547.9829;12248191.5725;4876918.6009;24482721.6833;
2134;519522;23871325.3969;15676163.9787;12054318.5595;20127725.3778;19915367.3294;23091892.3565;12248304.8625;4876610.0901;24481740.2313;
2134;519523;23871624.0678;15678256.6462;12051945.5915;20126617.1857;19914541.5015;23093236.5164;12248418.2842;4876301.6950;24480758.5143;
2134;519524;23871922.4315;15680349.2961;12049572.6205;20125508.6580;19913715.3317;23094580.4626;12248531.8375;4875993.4155;24479776.5323;
2134;519525;23872220.4880;15682441.9284;12047199.6465;20124399.7945;19912888.8198;23095924.1949;12248645.5226;4875685.2517;24478794.2854;
2134;519526;23872518.2371;15684534.5429;12044826.6697;20123290.5953;19912061.9660;23097267.7135;12248759.3394;4875377.2033;24477811.7735;
2134;519527;23872815.6790;15686627.1397;12042453.6900;20122181.0603;19911234.7701;23098611.0181;12248873.2879;4875069.2705;24476828.9968;
2134;519528;23873112.8134;15688719.7186;12040080.7076;20121071.1897;19910407.2321;23099954.1087;12248987.3683;4874761.4531;24475845.9554;
2134;519529;23873409.6404;15690812.2796;12037707.7224;20119960.9833;19909579.3522;23101296.9853;12249101.5804;4874453.7511;24474862.6491;
2134;519530;23873706.1600;15692904.8227;12035334.7347;20118850.4412;19908751.1302;23102639.6479;12249215.9245;4874146.1645;24473879.0782;
2134;519531;23874002.3721;15694997.3477;12032961.7443;20117739.5634;19907922.5661;23103982.0964;12249330.4004;4873838.6932;24472895.2426;
2134;519532;23874298.2767;15697089.8547;12030588.7515;20116628.3499;19907093.6599;23105324.3306;12249445.0083;4873531.3372;24471911.1423;
2134;519533;23874593.8737;15699182.3434;12028215.7562;20115516.8007;19906264.4117;23106666.3507;12249559.7482;4873224.0964;24470926.7775;
2134;519534;23874889.1632;15701274.8140;12025842.7586;20114404.9159;19905434.8214;23108008.1565;12249674.6200;4872916.9708;24469942.1482;
2134;519535;23875184.1450;15703367.2663;12023469.7586;20113292.6953;19904604.8891;23109349.7479;12249789.6239;4872609.9604;24468957.2544;
2134;519536;23875478.8192;15705459.7002;12021096.7564;20112180.1391;19903774.6146;23110691.1249;12249904.7598;4872303.0650;24467972.0962;
2134;519537;23875773.1856;15707552.1157;12018723.7520;20111067.2472;19902943.9981;23112032.2875;12250020.0279;4871996.2847;24466986.6735;
2134;519538;23876067.2443;15709644.5127;12016350.7455;20109954.0196;19902113.0394;23113373.2357;12250135.4280;4871689.6195;24466000.9866;
2134;519539;23876360.9953;15711736.8912;12013977.7369;20108840.4564;19901281.7386;23114713.9692;12250250.9603;4871383.0691;24465015.0353;
2134;519540;23876654.4384;15713829.2511;12011604.7264;20107726.5575;19900450.0957;23116054.4882;12250366.6249;4871076.6338;24464028.8198;
2134;519541;23876947.5738;15715921.5924;12009231.7139;20106612.3230;19899618.1106;23117394.7925;12250482.4216;4870770.3133;24463042.3401;
2134;519542;23877240.4012;15718013.9149;12006858.6996;20105497.7528;19898785.7835;23118734.8821;12250598.3506;4870464.1076;24462055.5963;
2134;519543;23877532.9207;15720106.2186;12004485.6834;20104382.8470;19897953.1141;23120074.7570;12250714.4119;4870158.0167;24461068.5883;
2134;519544;23877825.1323;15722198.5035;12002112.6656;20103267.6056;19897120.1027;23121414.4170;12250830.6055;4869852.0406;24460081.3163;
2134;519545;23878117.0359;15724290.7695;11999739.6460;20102152.0285;19896286.7490;23122753.8622;12250946.9314;4869546.1791;24459093.7802;
2134;519546;23878408.6315;15726383.0164;11997366.6249;20101036.1158;19895453.0532;23124093.0925;12251063.3898;4869240.4324;24458105.9802;
2134;519547;23878699.9190;15728475.2444;11994993.6022;20099919.8675;19894619.0153;23125432.1078;12251179.9806;4868934.8002;24457117.9163;
2134;519548;23878990.8984;15730567.4532;11992620.5781;20098803.2835;19893784.6351;23126770.9081;12251296.7038;4868629.2826;24456129.5885;
2134;519549;23879281.5697;15732659.6428;11990247.5525;20097686.3640;19892949.9128;23128109.4933;12251413.5595;4868323.8795;24455140.9969;
2134;519550;23879571.9328;15734751.8133;11987874.5256;20096569.1088;19892114.8482;23129447.8633;12251530.5477;4868018.5909;24454152.1415;
2134;519551;23879861.9878;15736843.9644;11985501.4974;20095451.5181;19891279.4415;23130786.0182;12251647.6685;4867713.4168;24453163.0223;
2134;519552;23880151.7345;15738936.0962;11983128.4680;20094333.5918;19890443.6925;23132123.9579;12251764.9218;4867408.3570;24452173.6395;
2134;519553;23880441.1729;15741028.2085;11980755.4374;20093215.3298;19889607.6013;23133461.6822;12251882.3078;4867103.4116;24451183.9930;
2134;519554;23880730.3030;15743120.3014;11978382.4057;20092096.7323;19888771.1679;23134799.1912;12251999.8264;4866798.5805;24450194.0829;
2134;519555;23881019.1248;15745212.3747;11976009.3730;20090977.7993;19887934.3923;23136136.4849;12252117.4777;4866493.8636;24449203.9093;
2134;519556;23881307.6382;15747304.4284;11973636.3394;20089858.5306;19887097.2744;23137473.5630;12252235.2617;4866189.2610;24448213.4722;
2134;519557;23881595.8432;15749396.4624;11971263.3048;20088738.9264;19886259.8143;23138810.4257;12252353.1785;4865884.7725;24447222.7716;
2134;519558;23881883.7398;15751488.4767;11968890.2694;20087618.9867;19885422.0120;23140147.0728;12252471.2280;4865580.3982;24446231.8076;
2134;519559;23882171.3278;15753580.4712;11966517.2333;20086498.7113;19884583.8673;23141483.5044;12252589.4103;4865276.1379;24445240.5803;
2134;519560;23882458.6074;15755672.4458;11964144.1964;20085378.1005;19883745.3804;23142819.7202;12252707.7255;4864971.9917;24444249.0896;
2134;519561;23882745.5784;15757764.4005;11961771.1589;20084257.1541;19882906.5512;23144155.7204;12252826.1735;4864667.9595;24443257.3357;
2134;519562;23883032.2408;15759856.3352;11959398.1208;20083135.8721;19882067.3798;23145491.5047;12252944.7545;4864364.0412;24442265.3185;
2134;519563;23883318.5945;15761948.2499;11957025.0822;20082014.2547;19881227.8660;23146827.0733;12253063.4684;4864060.2368;24441273.0382;
2134;519564;23883604.6396;15764040.1444;11954652.0431;20080892.3017;19880388.0100;23148162.4260;12253182.3152;4863756.5462;24440280.4947;
2134;519565;23883890.3761;15766132.0187;11952279.0037;20079770.0131;19879547.8116;23149497.5627;12253301.2951;4863452.9695;24439287.6882;
2134;519566;23884175.8037;15768223.8728;11949905.9639;20078647.3891;19878707.2710;23150832.4835;12253420.4080;4863149.5066;24438294.6186;
2134;519567;23884460.9226;15770315.7066;11947532.9239;20077524.4296;19877866.3880;23152167.1883;12253539.6540;4862846.1574;24437301.2860;
2134;519568;23884745.7327;15772407.5200;11945159.8836;20076401.1345;19877025.1627;23153501.6770;12253659.0330;4862542.9218;24436307.6905;
2134;519569;23885030.2340;15774499.3130;11942786.8433;20075277.5040;19876183.5950;23154835.9495;12253778.5452;4862239.7999;24435313.8321;
2134;519570;23885314.4264;15776591.0855;11940413.8029;20074153.5380;19875341.6851;23156170.0058;12253898.1906;4861936.7916;24434319.7108;
2134;519571;23885598.3099;15778682.8374;11938040.7625;20073029.2364;19874499.4327;23157503.8459;12254017.9691;4861633.8968;24433325.3268;
2134;519572;23885881.8844;15780774.5687;11935667.7221;20071904.5994;19873656.8381;23158837.4697;12254137.8809;4861331.1156;24432330.6799;
2134;519573;23886165.1499;15782866.2793;11933294.6819;20070779.6270;19872813.9010;23160170.8772;12254257.9259;4861028.4478;24431335.7704;
2134;519574;23886448.1065;15784957.9692;11930921.6418;20069654.3190;19871970.6216;23161504.0683;12254378.1043;4860725.8934;24430340.5982;
2134;519575;23886730.7540;15787049.6383;11928548.6020;20068528.6756;19871126.9998;23162837.0429;12254498.4159;4860423.4523;24429345.1634;
2134;519576;23887013.0923;15789141.2864;11926175.5626;20067402.6968;19870283.0357;23164169.8010;12254618.8609;4860121.1246;24428349.4660;
2134;519577;23887295.1216;15791232.9137;11923802.5235;20066276.3825;19869438.7291;23165502.3425;12254739.4393;4859818.9102;24427353.5061;
2134;519578;23887576.8417;15793324.5199;11921429.4848;20065149.7327;19868594.0802;23166834.6674;12254860.1511;4859516.8090;24426357.2837;
2134;519579;23887858.2526;15795416.1050;11919056.4467;20064022.7475;19867749.0888;23168166.7757;12254980.9964;4859214.8210;24425360.7989;
2134;519580;23888139.3543;15797507.6690;11916683.4091;20062895.4269;19866903.7551;23169498.6672;12255101.9752;4858912.9462;24424364.0517;
2134;519581;23888420.1467;15799599.2119;11914310.3722;20061767.7708;19866058.0789;23170830.3420;12255223.0874;4858611.1844;24423367.0422;
2134;519582;23888700.6298;15801690.7334;11911937.3360;20060639.7794;19865212.0603;23172161.8000;12255344.3332;4858309.5357;24422369.7704;
2134;519583;23888980.8036;15803782.2337;11909564.3005;20059511.4525;19864365.6993;23173493.0410;12255465.7126;4858008.0000;24421372.2363;
2134;519584;23889260.6680;15805873.7126;11907191.2659;20058382.7902;19863518.9958;23174824.0652;12255587.2257;4857706.5773;24420374.4400;
2134;519585;23889540.2230;15807965.1700;11904818.2322;20057253.7925;19862671.9499;23176154.8723;12255708.8723;4857405.2675;24419376.3816;
2134;519586;23889819.4685;15810056.6059;11902445.1994;20056124.4594;19861824.5616;23177485.4625;12255830.6526;4857104.0706;24418378.0611;
2134;519587;23890098.4046;15812148.0202;11900072.1677;20054994.7909;19860976.8308;23178815.8355;12255952.5667;4856802.9865;24417379.4785;
2134;519588;23890377.0312;15814239.4129;11897699.1370;20053864.7870;19860128.7575;23180145.9914;12256074.6145;4856502.0152;24416380.6340;
2134;519589;23890655.3482;15816330.7839;11895326.1075;20052734.4477;19859280.3417;23181475.9301;12256196.7960;4856201.1567;24415381.5274;
2134;519590;23890933.3556;15818422.1331;11892953.0792;20051603.7731;19858431.5835;23182805.6515;12256319.1114;4855900.4108;24414382.1590;
2134;519591;23891211.0534;15820513.4605;11890580.0522;20050472.7630;19857582.4828;23184135.1557;12256441.5606;4855599.7776;24413382.5287;
2134;519592;23891488.4416;15822604.7660;11888207.0265;20049341.4177;19856733.0396;23185464.4425;12256564.1437;4855299.2570;24412382.6365;
2134;519593;23891765.5200;15824696.0495;11885834.0022;20048209.7369;19855883.2539;23186793.5119;12256686.8606;4854998.8490;24411382.4826;
2134;519594;23892042.2888;15826787.3111;11883460.9794;20047077.7209;19855033.1257;23188122.3638;12256809.7115;4854698.5535;24410382.0670;
2134;519595;23892318.7477;15828878.5505;11881087.9581;20045945.3694;19854182.6550;23189450.9982;12256932.6964;4854398.3705;24409381.3896;
2134;519596;23892594.8969;15830969.7678;11878714.9385;20044812.6827;19853331.8418;23190779.4151;12257055.8152;4854098.2999;24408380.4507;
2134;519597;23892870.7363;15833060.9629;11876341.9205;20043679.6606;19852480.6860;23192107.6143;12257179.0681;4853798.3417;24407379.2501;
2134;519598;23893146.2657;15835152.1357;11873968.9042;20042546.3031;19851629.1877;23193435.5959;12257302.4551;4853498.4958;24406377.7880;
2134;519599;23893421.4853;15837243.2862;11871595.8897;20041412.6104;19850777.3469;23194763.3598;12257425.9761;4853198.7622;24405376.0645;
2134;519600;23893696.3949;15839334.4143;11869222.8771;20040278.5823;19849925.1635;23196090.9058;12257549.6313;4852899.1409;24404374.0794;
2134;519601;23893970.9946;15841425.5199;11866849.8663;20039144.2190;19849072.6376;23197418.2341;12257673.4206;4852599.6318;24403371.8330;
2134;519602;23894245.2843;15843516.6030;11864476.8576;20038009.5203;19848219.7692;23198745.3445;12257797.3441;4852300.2349;24402369.3252;
2134;519603;23894519.2639;15845607.6635;11862103.8509;20036874.4863;19847366.5581;23200072.2369;12257921.4019;4852000.9500;24401366.5562;
2134;519604;23894792.9334;15847698.7014;11859730.8463;20035739.1170;19846513.0045;23201398.9113;12258045.5938;4851701.7773;24400363.5258;
2134;519605;23895066.2928;15849789.7165;11857357.8439;20034603.4125;19845659.1083;23202725.3678;12258169.9201;4851402.7165;24399360.2343;
2134;519606;23895339.3421;15851880.7089;11854984.8437;20033467.3727;19844804.8696;23204051.6061;12258294.3807;4851103.7678;24398356.6815;
2134;519607;23895612.0812;15853971.6784;11852611.8459;20032330.9976;19843950.2882;23205377.6263;12258418.9756;4850804.9310;24397352.8677;
2134;519608;23895884.5101;15856062.6250;11850238.8504;20031194.2872;19843095.3642;23206703.4282;12258543.7049;4850506.2061;24396348.7928;
2134;519609;23896156.6287;15858153.5487;11847865.8573;20030057.2416;19842240.0977;23208029.0120;12258668.5686;4850207.5930;24395344.4569;
2134;519610;23896428.4370;15860244.4493;11845492.8667;20028919.8607;19841384.4885;23209354.3774;12258793.5668;4849909.0918;24394339.8599;
2134;519611;23896699.9350;15862335.3268;11843119.8787;20027782.1446;19840528.5367;23210679.5245;12258918.6994;4849610.7023;24393335.0021;
2134;519612;23896971.1227;15864426.1812;11840746.8933;20026644.0932;19839672.2423;23212004.4531;12259043.9666;4849312.4245;24392329.8834;
2134;519613;23897241.9999;15866517.0123;11838373.9106;20025505.7066;19838815.6053;23213329.1633;12259169.3683;4849014.2584;24391324.5038;
2134;519614;23897512.5668;15868607.8201;11836000.9306;20024366.9848;19837958.6256;23214653.6550;12259294.9045;4848716.2039;24390318.8635;
2134;519615;23897782.8231;15870698.6046;11833627.9535;20023227.9277;19837101.3033;23215977.9282;12259420.5754;4848418.2610;24389312.9624;
2134;519616;23898052.7690;15872789.3657;11831254.9792;20022088.5354;19836243.6383;23217301.9827;12259546.3808;4848120.4296;24388306.8006;
2134;519617;23898322.4043;15874880.1033;11828882.0078;20020948.8080;19835385.6307;23218625.8185;12259672.3210;4847822.7097;24387300.3781;
2134;519618;23898591.7290;15876970.8174;11826509.0395;20019808.7453;19834527.2804;23219949.4356;12259798.3958;4847525.1013;24386293.6951;
2134;519619;23898860.7432;15879061.5079;11824136.0742;20018668.3474;19833668.5874;23221272.8339;12259924.6054;4847227.6043;24385286.7515;
2134;519620;23899129.4467;15881152.1746;11821763.1121;20017527.6143;19832809.5518;23222596.0135;12260050.9497;4846930.2186;24384279.5474;
2134;519621;23899397.8395;15883242.8177;11819390.1532;20016386.5460;19831950.1735;23223918.9741;12260177.4288;4846632.9442;24383272.0829;
2134;519622;23899665.9217;15885333.4370;11817017.1975;20015245.1426;19831090.4525;23225241.7158;12260304.0428;4846335.7811;24382264.3579;
2134;519623;23899933.6930;15887424.0324;11814644.2452;20014103.4040;19830230.3888;23226564.2385;12260430.7916;4846038.7292;24381256.3726;
2134;519624;23900201.1536;15889514.6039;11812271.2962;20012961.3302;19829369.9824;23227886.5421;12260557.6753;4845741.7885;24380248.1269;
2134;519625;23900468.3034;15891605.1514;11809898.3507;20011818.9213;19828509.2333;23229208.6267;12260684.6939;4845444.9589;24379239.6210;
2134;519626;23900735.1424;15893695.6749;11807525.4087;20010676.1772;19827648.1415;23230530.4921;12260811.8474;4845148.2405;24378230.8548;
2134;519627;23901001.6704;15895786.1742;11805152.4703;20009533.0979;19826786.7070;23231852.1384;12260939.1360;4844851.6330;24377221.8285;
2134;519628;23901267.8875;15897876.6494;11802779.5355;20008389.6836;19825924.9298;23233173.5653;12261066.5595;4844555.1366;24376212.5420;
2134;519629;23901533.7937;15899967.1003;11800406.6045;20007245.9341;19825062.8098;23234494.7730;12261194.1181;4844258.7511;24375202.9955;
2134;519630;23901799.3889;15902057.5269;11798033.6772;20006101.8494;19824200.3471;23235815.7613;12261321.8118;4843962.4765;24374193.1889;
2134;519631;23902064.6730;15904147.9292;11795660.7537;20004957.4296;19823337.5416;23237136.5303;12261449.6405;4843666.3128;24373183.1223;
2134;519632;23902329.6461;15906238.3071;11793287.8342;20003812.6748;19822474.3934;23238457.0797;12261577.6045;4843370.2598;24372172.7958;
2134;519633;23902594.3082;15908328.6604;11790914.9186;20002667.5848;19821610.9024;23239777.4096;12261705.7035;4843074.3177;24371162.2094;
2134;519634;23902858.6590;15910418.9892;11788542.0070;20001522.1597;19820747.0687;23241097.5200;12261833.9378;4842778.4863;24370151.3632;
2134;519635;23903122.6987;15912509.2934;11786169.0995;20000376.3995;19819882.8922;23242417.4108;12261962.3074;4842482.7656;24369140.2571;
2134;519636;23903386.4273;15914599.5729;11783796.1962;19999230.3042;19819018.3729;23243737.0819;12262090.8121;4842187.1555;24368128.8913;
2134;519637;23903649.8445;15916689.8276;11781423.2971;19998083.8739;19818153.5109;23245056.5332;12262219.4522;4841891.6560;24367117.2658;
2134;519638;23903912.9505;15918780.0575;11779050.4023;19996937.1085;19817288.3060;23246375.7648;12262348.2276;4841596.2670;24366105.3806;
2134;519639;23904175.7453;15920870.2626;11776677.5118;19995790.0080;19816422.7584;23247694.7766;12262477.1384;4841300.9886;24365093.2358;
2134;519640;23904438.2286;15922960.4427;11774304.6258;19994642.5724;19815556.8680;23249013.5684;12262606.1846;4841005.8206;24364080.8315;
2134;519641;23904700.4006;15925050.5979;11771931.7442;19993494.8018;19814690.6347;23250332.1404;12262735.3661;4840710.7630;24363068.1676;
2134;519642;23904962.2612;15927140.7279;11769558.8671;19992346.6961;19813824.0587;23251650.4923;12262864.6832;4840415.8158;24362055.2443;
2134;519643;23905223.8103;15929230.8329;11767185.9947;19991198.2554;19812957.1398;23252968.6243;12262994.1357;4840120.9789;24361042.0615;
2134;519644;23905485.0480;15931320.9126;11764813.1269;19990049.4797;19812089.8781;23254286.5361;12263123.7237;4839826.2523;24360028.6194;
2134;519645;23905745.9742;15933410.9671;11762440.2638;19988900.3689;19811222.2736;23255604.2278;12263253.4473;4839531.6359;24359014.9179;
2134;519646;23906006.5888;15935500.9963;11760067.4056;19987750.9231;19810354.3262;23256921.6993;12263383.3065;4839237.1297;24358000.9571;
2134;519647;23906266.8918;15937591.0001;11757694.5522;19986601.1423;19809486.0361;23258238.9505;12263513.3013;4838942.7336;24356986.7372;
2134;519648;23906526.8832;15939680.9784;11755321.7037;19985451.0264;19808617.4030;23259555.9814;12263643.4317;4838648.4477;24355972.2580;
2134;519649;23906786.5630;15941770.9312;11752948.8602;19984300.5756;19807748.4271;23260872.7920;12263773.6978;4838354.2718;24354957.5197;
2134;519650;23907045.9310;15943860.8585;11750576.0217;19983149.7898;19806879.1084;23262189.3822;12263904.0996;4838060.2058;24353942.5223;
2134;519651;23907304.9874;15945950.7601;11748203.1884;19981998.6690;19806009.4467;23263505.7519;12264034.6371;4837766.2499;24352927.2658;
2134;519652;23907563.7320;15948040.6361;11745830.3602;19980847.2132;19805139.4422;23264821.9011;12264165.3104;4837472.4039;24351911.7504;
2134;519653;23907822.1648;15950130.4863;11743457.5373;19979695.4224;19804269.0949;23266137.8298;12264296.1195;4837178.6677;24350895.9760;
2134;519654;23908080.2858;15952220.3106;11741084.7197;19978543.2966;19803398.4046;23267453.5378;12264427.0644;4836885.0414;24349879.9427;
2134;519655;23908338.0949;15954310.1091;11738711.9074;19977390.8359;19802527.3715;23268769.0252;12264558.1452;4836591.5248;24348863.6505;
2134;519656;23908595.5921;15956399.8816;11736339.1006;19976238.0403;19801655.9954;23270084.2918;12264689.3619;4836298.1180;24347847.0996;
2134;519657;23908852.7774;15958489.6281;11733966.2993;19975084.9097;19800784.2765;23271399.3377;12264820.7145;4836004.8209;24346830.2899;
2134;519658;23909109.6508;15960579.3485;11731593.5035;19973931.4441;19799912.2146;23272714.1627;12264952.2031;4835711.6334;24345813.2214;
2134;519659;23909366.2121;15962669.0427;11729220.7134;19972777.6436;19799039.8099;23274028.7669;12265083.8276;4835418.5556;24344795.8943;
2134;519660;23909622.4614;15964758.7108;11726847.9289;19971623.5082;19798167.0622;23275343.1501;12265215.5882;4835125.5872;24343778.3086;
2134;519661;23909878.3986;15966848.3526;11724475.1502;19970469.0379;19797293.9716;23276657.3124;12265347.4848;4834832.7284;24342760.4643;
2134;519662;23910134.0238;15968937.9681;11722102.3773;19969314.2326;19796420.5381;23277971.2536;12265479.5175;4834539.9791;24341742.3615;
2134;519663;23910389.3368;15971027.5571;11719729.6103;19968159.0924;19795546.7616;23279284.9737;12265611.6863;4834247.3391;24340724.0002;
2134;519664;23910644.3376;15973117.1197;11717356.8492;19967003.6174;19794672.6422;23280598.4727;12265743.9913;4833954.8086;24339705.3804;
2134;519665;23910899.0262;15975206.6558;11714984.0941;19965847.8074;19793798.1798;23281911.7505;12265876.4324;4833662.3874;24338686.5023;
2134;519666;23911153.4026;15977296.1653;11712611.3451;19964691.6625;19792923.3745;23283224.8070;12266009.0097;4833370.0754;24337667.3659;
2134;519667;23911407.4667;15979385.6481;11710238.6023;19963535.1828;19792048.2262;23284537.6423;12266141.7233;4833077.8727;24336647.9712;
2134;519668;23911661.2185;15981475.1042;11707865.8656;19962378.3682;19791172.7350;23285850.2562;12266274.5732;4832785.7792;24335628.3182;
2134;519669;23911914.6580;15983564.5336;11705493.1352;19961221.2187;19790296.9008;23287162.6487;12266407.5593;4832493.7948;24334608.4070;
2134;519670;23912167.7850;15985653.9361;11703120.4111;19960063.7344;19789420.7236;23288474.8197;12266540.6818;4832201.9196;24333588.2377;
2134;519671;23912420.5997;15987743.3117;11700747.6934;19958905.9152;19788544.2034;23289786.7693;12266673.9406;4831910.1534;24332567.8103;
2134;519672;23912673.1019;15989832.6603;11698374.9821;19957747.7612;19787667.3403;23291098.4973;12266807.3358;4831618.4962;24331547.1248;
2134;519673;23912925.2917;15991921.9819;11696002.2774;19956589.2723;19786790.1341;23292410.0036;12266940.8674;4831326.9480;24330526.1814;
2134;519674;23913177.1689;15994011.2764;11693629.5793;19955430.4486;19785912.5850;23293721.2883;12267074.5355;4831035.5087;24329504.9800;
2134;519675;23913428.7335;15996100.5437;11691256.8877;19954271.2901;19785034.6928;23295032.3513;12267208.3401;4830744.1783;24328483.5206;
2134;519676;23913679.9856;15998189.7838;11688884.2029;19953111.7967;19784156.4577;23296343.1925;12267342.2812;4830452.9567;24327461.8034;
2134;519677;23913930.9251;16000278.9966;11686511.5249;19951951.9686;19783277.8795;23297653.8119;12267476.3589;4830161.8439;24326439.8284;
2134;519678;23914181.5519;16002368.1821;11684138.8537;19950791.8056;19782398.9583;23298964.2095;12267610.5731;4829870.8398;24325417.5957;
2134;519679;23914431.8660;16004457.3402;11681766.1894;19949631.3078;19781519.6941;23300274.3851;12267744.9239;4829579.9444;24324395.1052;
2134;519680;23914681.8674;16006546.4708;11679393.5320;19948470.4753;19780640.0868;23301584.3387;12267879.4114;4829289.1577;24323372.3570;
2134;519681;23914931.5561;16008635.5738;11677020.8817;19947309.3080;19779760.1365;23302894.0703;12268014.0355;4828998.4796;24322349.3512;
2134;519682;23915180.9319;16010724.6492;11674648.2385;19946147.8058;19778879.8432;23304203.5798;12268148.7964;4828707.9100;24321326.0879;
2134;519683;23915429.9949;16012813.6970;11672275.6024;19944985.9690;19777999.2068;23305512.8672;12268283.6940;4828417.4490;24320302.5670;
2134;519684;23915678.7451;16014902.7170;11669902.9735;19943823.7973;19777118.2273;23306821.9324;12268418.7283;4828127.0964;24319278.7886;
2134;519685;23915927.1824;16016991.7093;11667530.3519;19942661.2909;19776236.9048;23308130.7753;12268553.8995;4827836.8523;24318254.7528;
2134;519686;23916175.3067;16019080.6737;11665157.7377;19941498.4498;19775355.2393;23309439.3960;12268689.2074;4827546.7165;24317230.4596;
2134;519687;23916423.1181;16021169.6101;11662785.1309;19940335.2739;19774473.2306;23310747.7943;12268824.6523;4827256.6891;24316205.9091;
2134;519688;23916670.6165;16023258.5186;11660412.5315;19939171.7633;19773590.8789;23312055.9702;12268960.2340;4826966.7699;24315181.1013;
2134;519689;23916917.8018;16025347.3990;11658039.9397;19938007.9179;19772708.1841;23313363.9237;12269095.9526;4826676.9590;24314156.0362;
2134;519690;23917164.6741;16027436.2513;11655667.3554;19936843.7379;19771825.1462;23314671.6546;12269231.8082;4826387.2563;24313130.7140;
2134;519691;23917411.2333;16029525.0754;11653294.7789;19935679.2231;19770941.7652;23315979.1631;12269367.8008;4826097.6617;24312105.1346;
2134;519692;23917657.4793;16031613.8713;11650922.2100;19934514.3736;19770058.0411;23317286.4489;12269503.9304;4825808.1753;24311079.2981;
2134;519693;23917903.4122;16033702.6389;11648549.6490;19933349.1895;19769173.9739;23318593.5120;12269640.1970;4825518.7969;24310053.2045;
2134;519694;23918149.0319;16035791.3781;11646177.0958;19932183.6706;19768289.5636;23319900.3525;12269776.6007;4825229.5265;24309026.8540;
2134;519695;23918394.3383;16037880.0889;11643804.5505;19931017.8170;19767404.8102;23321206.9702;12269913.1415;4824940.3641;24308000.2465;
2134;519696;23918639.3315;16039968.7712;11641432.0132;19929851.6288;19766519.7137;23322513.3650;12270049.8194;4824651.3096;24306973.3820;
2134;519697;23918884.0113;16042057.4249;11639059.4839;19928685.1059;19765634.2740;23323819.5370;12270186.6346;4824362.3630;24305946.2607;
2134;519698;23919128.3779;16044146.0500;11636686.9628;19927518.2484;19764748.4912;23325125.4861;12270323.5869;4824073.5243;24304918.8826;
2134;519699;23919372.4310;16046234.6464;11634314.4498;19926351.0562;19763862.3653;23326431.2122;12270460.6764;4823784.7933;24303891.2478;
2134;519700;23919616.1707;16048323.2141;11631941.9450;19925183.5293;19762975.8962;23327736.7153;12270597.9032;4823496.1700;24302863.3562;
2134;519701;23919859.5970;16050411.7529;11629569.4486;19924015.6678;19762089.0840;23329041.9954;12270735.2673;4823207.6545;24301835.2079;
2134;519702;23920102.7099;16052500.2629;11627196.9605;19922847.4717;19761201.9286;23330347.0522;12270872.7687;4822919.2466;24300806.8030;
2134;519703;23920345.5092;16054588.7440;11624824.4808;19921678.9409;19760314.4301;23331651.8860;12271010.4074;4822630.9463;24299778.1416;
2134;519704;23920587.9949;16056677.1960;11622452.0096;19920510.0756;19759426.5884;23332956.4964;12271148.1836;4822342.7536;24298749.2236;
2134;519705;23920830.1671;16058765.6190;11620079.5470;19919340.8756;19758538.4036;23334260.8836;12271286.0971;4822054.6684;24297720.0491;
2134;519706;23921072.0257;16060854.0128;11617707.0930;19918171.3410;19757649.8755;23335565.0475;12271424.1481;4821766.6906;24296690.6182;
2134;519707;23921313.5706;16062942.3774;11615334.6477;19917001.4719;19756761.0043;23336868.9880;12271562.3366;4821478.8203;24295660.9309;
2134;519708;23921554.8018;16065030.7128;11612962.2111;19915831.2681;19755871.7899;23338172.7050;12271700.6626;4821191.0574;24294630.9873;
2134;519709;23921795.7193;16067119.0188;11610589.7833;19914660.7298;19754982.2324;23339476.1986;12271839.1261;4820903.4018;24293600.7873;
2134;519710;23922036.3231;16069207.2955;11608217.3644;19913489.8568;19754092.3316;23340779.4686;12271977.7271;4820615.8535;24292570.3312;
2134;519711;23922276.6131;16071295.5427;11605844.9544;19912318.6494;19753202.0876;23342082.5150;12272116.4658;4820328.4124;24291539.6188;
2134;519712;23922516.5893;16073383.7604;11603472.5535;19911147.1073;19752311.5004;23343385.3377;12272255.3421;4820041.0785;24290508.6503;
2134;519713;23922756.2516;16075471.9486;11601100.1616;19909975.2307;19751420.5700;23344687.9368;12272394.3561;4819753.8518;24289477.4257;
2134;519714;23922995.6000;16077560.1070;11598727.7788;19908803.0196;19750529.2964;23345990.3121;12272533.5077;4819466.7322;24288445.9450;
2134;519715;23923234.6345;16079648.2358;11596355.4052;19907630.4740;19749637.6796;23347292.4636;12272672.7971;4819179.7196;24287414.2084;
2134;519716;23923473.3551;16081736.3348;11593983.0408;19906457.5938;19748745.7195;23348594.3912;12272812.2242;4818892.8141;24286382.2157;
2134;519717;23923711.7617;16083824.4040;11591610.6858;19905284.3790;19747853.4163;23349896.0950;12272951.7892;4818606.0155;24285349.9672;
2134;519718;23923949.8542;16085912.4433;11589238.3402;19904110.8298;19746960.7697;23351197.5747;12273091.4919;4818319.3238;24284317.4628;
2134;519719;23924187.6327;16088000.4526;11586866.0040;19902936.9461;19746067.7800;23352498.8305;12273231.3324;4818032.7391;24283284.7026;
2134;519720;23924425.0971;16090088.4319;11584493.6773;19901762.7279;19745174.4470;23353799.8622;12273371.3109;4817746.2611;24282251.6867;
2134;519721;23924662.2474;16092176.3811;11582121.3601;19900588.1752;19744280.7707;23355100.6698;12273511.4272;4817459.8900;24281218.4150;
2134;519722;23924899.0835;16094264.3002;11579749.0526;19899413.2880;19743386.7512;23356401.2532;12273651.6815;4817173.6256;24280184.8876;
2134;519723;23925135.6054;16096352.1891;11577376.7548;19898238.0663;19742492.3884;23357701.6124;12273792.0737;4816887.4678;24279151.1046;
2134;519724;23925371.8131;16098440.0476;11575004.4668;19897062.5101;19741597.6824;23359001.7473;12273932.6040;4816601.4168;24278117.0661;
2134;519725;23925607.7066;16100527.8759;11572632.1886;19895886.6195;19740702.6331;23360301.6579;12274073.2722;4816315.4723;24277082.7720;
2134;519726;23925843.2857;16102615.6737;11570259.9203;19894710.3945;19739807.2405;23361601.3441;12274214.0785;4816029.6344;24276048.2225;
2134;519727;23926078.5505;16104703.4411;11567887.6619;19893533.8350;19738911.5047;23362900.8059;12274355.0229;4815743.9030;24275013.4175;
2134;519728;23926313.5010;16106791.1779;11565515.4135;19892356.9411;19738015.4255;23364200.0432;12274496.1055;4815458.2781;24273978.3571;
2134;519729;23926548.1370;16108878.8841;11563143.1753;19891179.7127;19737119.0031;23365499.0559;12274637.3261;4815172.7596;24272943.0414;
2134;519730;23926782.4587;16110966.5597;11560770.9471;19890002.1499;19736222.2373;23366797.8441;12274778.6850;4814887.3474;24271907.4704;
2134;519731;23927016.4658;16113054.2045;11558398.7292;19888824.2527;19735325.1283;23368096.4077;12274920.1821;4814602.0416;24270871.6442;
2134;519732;23927250.1585;16115141.8186;11556026.5215;19887646.0211;19734427.6760;23369394.7465;12275061.8174;4814316.8421;24269835.5628;
2134;519733;23927483.5366;16117229.4018;11553654.3242;19886467.4551;19733529.8803;23370692.8606;12275203.5909;4814031.7489;24268799.2262;
2134;519734;23927716.6002;16119316.9541;11551282.1373;19885288.5547;19732631.7413;23371990.7499;12275345.5028;4813746.7618;24267762.6345;
2134;519735;23927949.3492;16121404.4754;11548909.9608;19884109.3200;19731733.2591;23373288.4144;12275487.5530;4813461.8808;24266725.7878;
2134;519736;23928181.7835;16123491.9657;11546537.7949;19882929.7508;19730834.4335;23374585.8540;12275629.7416;4813177.1060;24265688.6861;
2134;519737;23928413.9032;16125579.4248;11544165.6395;19881749.8473;19729935.2645;23375883.0686;12275772.0685;4812892.4372;24264651.3295;
2134;519738;23928645.7082;16127666.8528;11541793.4948;19880569.6094;19729035.7522;23377180.0583;12275914.5339;4812607.8745;24263613.7179;
2134;519739;23928877.1984;16129754.2496;11539421.3608;19879389.0372;19728135.8966;23378476.8228;12276057.1378;4812323.4177;24262575.8515;
2134;519740;23929108.3739;16131841.6151;11537049.2376;19878208.1306;19727235.6977;23379773.3623;12276199.8801;4812039.0668;24261537.7302;
2134;519741;23929339.2346;16133928.9492;11534677.1252;19877026.8897;19726335.1554;23381069.6766;12276342.7609;4811754.8218;24260499.3543;
2134;519742;23929569.7804;16136016.2519;11532305.0237;19875845.3145;19725434.2697;23382365.7657;12276485.7803;4811470.6826;24259460.7236;
2134;519743;23929800.0114;16138103.5230;11529932.9332;19874663.4050;19724533.0407;23383661.6296;12276628.9382;4811186.6492;24258421.8382;
2134;519744;23930029.9274;16140190.7627;11527560.8538;19873481.1611;19723631.4683;23384957.2681;12276772.2348;4810902.7215;24257382.6982;
2134;519745;23930259.5286;16142277.9707;11525188.7854;19872298.5829;19722729.5526;23386252.6813;12276915.6700;4810618.8996;24256343.3037;
2134;519746;23930488.8147;16144365.1471;11522816.7282;19871115.6705;19721827.2935;23387547.8690;12277059.2438;4810335.1832;24255303.6546;
2134;519747;23930717.7859;16146452.2917;11520444.6822;19869932.4237;19720924.6910;23388842.8313;12277202.9564;4810051.5725;24254263.7511;
2134;519748;23930946.4420;16148539.4045;11518072.6475;19868748.8427;19720021.7451;23390137.5681;12277346.8077;4809768.0673;24253223.5931;
2134;519749;23931174.7831;16150626.4854;11515700.6241;19867564.9274;19719118.4558;23391432.0793;12277490.7977;4809484.6677;24252183.1808;
2134;519750;23931402.8090;16152713.5344;11513328.6122;19866380.6778;19718214.8232;23392726.3648;12277634.9265;4809201.3735;24251142.5141;
2134;519751;23931630.5198;16154800.5514;11510956.6117;19865196.0940;19717310.8471;23394020.4247;12277779.1942;4808918.1847;24250101.5931;
2134;519752;23931857.9154;16156887.5363;11508584.6228;19864011.1759;19716406.5277;23395314.2589;12277923.6006;4808635.1013;24249060.4180;
2134;519753;23932084.9959;16158974.4891;11506212.6454;19862825.9236;19715501.8648;23396607.8673;12278068.1460;4808352.1232;24248018.9886;
2134;519754;23932311.7611;16161061.4097;11503840.6798;19861640.3370;19714596.8585;23397901.2498;12278212.8303;4808069.2503;24246977.3051;
2134;519755;23932538.2110;16163148.2981;11501468.7258;19860454.4163;19713691.5089;23399194.4065;12278357.6535;4807786.4828;24245935.3675;
2134;519756;23932764.3456;16165235.1542;11499096.7837;19859268.1613;19712785.8158;23400487.3372;12278502.6157;4807503.8204;24244893.1759;
2134;519757;23932990.1648;16167321.9778;11496724.8534;19858081.5721;19711879.7792;23401780.0420;12278647.7169;4807221.2631;24243850.7303;
2134;519758;23933215.6687;16169408.7691;11494352.9350;19856894.6487;19710973.3993;23403072.5207;12278792.9571;4806938.8109;24242808.0307;
2134;519759;23933440.8572;16171495.5278;11491981.0287;19855707.3911;19710066.6759;23404364.7733;12278938.3363;4806656.4638;24241765.0772;
2134;519760;23933665.7303;16173582.2539;11489609.1343;19854519.7993;19709159.6091;23405656.7998;12279083.8547;4806374.2217;24240721.8699;
2134;519761;23933890.2878;16175668.9474;11487237.2521;19853331.8733;19708252.1988;23406948.6000;12279229.5122;4806092.0846;24239678.4088;
2134;519762;23934114.5299;16177755.6082;11484865.3820;19852143.6132;19707344.4451;23408240.1741;12279375.3088;4805810.0523;24238634.6940;
2134;519763;23934338.4564;16179842.2363;11482493.5242;19850955.0189;19706436.3480;23409531.5218;12279521.2446;4805528.1249;24237590.7254;
2134;519764;23934562.0674;16181928.8315;11480121.6787;19849766.0905;19705527.9074;23410822.6432;12279667.3196;4805246.3024;24236546.5032;
2134;519765;23934785.3627;16184015.3938;11477749.8456;19848576.8279;19704619.1233;23412113.5382;12279813.5338;4804964.5846;24235502.0273;
2134;519766;23935008.3424;16186101.9232;11475378.0249;19847387.2312;19703709.9957;23413404.2067;12279959.8874;4804682.9715;24234457.2980;
2134;519767;23935231.0064;16188188.4196;11473006.2166;19846197.3004;19702800.5247;23414694.6487;12280106.3802;4804401.4632;24233412.3151;
2134;519768;23935453.3547;16190274.8829;11470634.4209;19845007.0354;19701890.7103;23415984.8642;12280253.0123;4804120.0594;24232367.0787;
2134;519769;23935675.3873;16192361.3130;11468262.6379;19843816.4363;19700980.5523;23417274.8531;12280399.7839;4803838.7603;24231321.5889;
2134;519770;23935897.1041;16194447.7099;11465890.8675;19842625.5032;19700070.0509;23418564.6153;12280546.6948;4803557.5657;24230275.8458;
2134;519771;23936118.5051;16196534.0736;11463519.1099;19841434.2359;19699159.2060;23419854.1507;12280693.7451;4803276.4756;24229229.8493;
2134;519772;23936339.5902;16198620.4039;11461147.3651;19840242.6345;19698248.0175;23421143.4595;12280840.9349;4802995.4899;24228183.5996;
2134;519773;23936560.3595;16200706.7008;11458775.6331;19839050.6991;19697336.4856;23422432.5414;12280988.2641;4802714.6087;24227137.0966;
2134;519774;23936780.8128;16202792.9642;11456403.9141;19837858.4296;19696424.6102;23423721.3964;12281135.7329;4802433.8318;24226090.3405;
2134;519775;23937000.9503;16204879.1941;11454032.2081;19836665.8260;19695512.3913;23425010.0245;12281283.3412;4802153.1592;24225043.3313;
2134;519776;23937220.7717;16206965.3905;11451660.5151;19835472.8884;19694599.8289;23426298.4257;12281431.0891;4801872.5909;24223996.0689;
2134;519777;23937440.2771;16209051.5531;11449288.8353;19834279.6167;19693686.9230;23427586.5998;12281578.9765;4801592.1268;24222948.5536;
2134;519778;23937659.4665;16211137.6821;11446917.1686;19833086.0110;19692773.6735;23428874.5469;12281727.0037;4801311.7669;24221900.7852;
2134;519779;23937878.3398;16213223.7773;11444545.5153;19831892.0713;19691860.0806;23430162.2668;12281875.1704;4801031.5112;24220852.7640;
2134;519780;23938096.8970;16215309.8386;11442173.8752;19830697.7975;19690946.1441;23431449.7595;12282023.4769;4800751.3595;24219804.4898;
2134;519781;23938315.1381;16217395.8660;11439802.2485;19829503.1898;19690031.8641;23432737.0251;12282171.9231;4800471.3118;24218755.9628;
2134;519782;23938533.0629;16219481.8594;11437430.6352;19828308.2480;19689117.2405;23434024.0633;12282320.5090;4800191.3682;24217707.1830;
2134;519783;23938750.6716;16221567.8188;11435059.0355;19827112.9722;19688202.2734;23435310.8742;12282469.2347;4799911.5285;24216658.1505;
2134;519784;23938967.9640;16223653.7441;11432687.4493;19825917.3625;19687286.9628;23436597.4577;12282618.1002;4799631.7927;24215608.8653;
2134;519785;23939184.9402;16225739.6352;11430315.8767;19824721.4187;19686371.3086;23437883.8138;12282767.1056;4799352.1607;24214559.3274;
2134;519786;23939401.6000;16227825.4921;11427944.3179;19823525.1410;19685455.3109;23439169.9424;12282916.2508;4799072.6326;24213509.5370;
2134;519787;23939617.9435;16229911.3147;11425572.7728;19822328.5294;19684538.9696;23440455.8435;12283065.5359;4798793.2082;24212459.4940;
2134;519788;23939833.9706;16231997.1030;11423201.2415;19821131.5837;19683622.2848;23441741.5170;12283214.9610;4798513.8875;24211409.1985;
2134;519789;23940049.6813;16234082.8568;11420829.7241;19819934.3042;19682705.2564;23443026.9628;12283364.5260;4798234.6705;24210358.6505;
2134;519790;23940265.0756;16236168.5762;11418458.2207;19818736.6907;19681787.8844;23444312.1809;12283514.2310;4797955.5571;24209307.8502;
2134;519791;23940480.1534;16238254.2610;11416086.7312;19817538.7432;19680870.1689;23445597.1713;12283664.0761;4797676.5474;24208256.7975;
2134;519792;23940694.9147;16240339.9111;11413715.2559;19816340.4619;19679952.1097;23446881.9339;12283814.0611;4797397.6411;24207205.4925;
2134;519793;23940909.3594;16242425.5266;11411343.7947;19815141.8466;19679033.7071;23448166.4686;12283964.1863;4797118.8383;24206153.9352;
2134;519794;23941123.4876;16244511.1074;11408972.3476;19813942.8975;19678114.9608;23449450.7755;12284114.4516;4796840.1390;24205102.1257;
2134;519795;23941337.2991;16246596.6533;11406600.9149;19812743.6144;19677195.8709;23450734.8543;12284264.8570;4796561.5430;24204050.0641;
2134;519796;23941550.7941;16248682.1644;11404229.4965;19811543.9975;19676276.4375;23452018.7052;12284415.4025;4796283.0504;24202997.7503;
2134;519797;23941763.9723;16250767.6406;11401858.0924;19810344.0466;19675356.6604;23453302.3281;12284566.0883;4796004.6612;24201945.1845;
2134;519798;23941976.8338;16252853.0818;11399486.7029;19809143.7620;19674436.5398;23454585.7228;12284716.9143;4795726.3751;24200892.3667;
2134;519799;23942189.3786;16254938.4879;11397115.3278;19807943.1434;19673516.0755;23455868.8893;12284867.8806;4795448.1923;24199839.2969;
2134;519800;23942401.6066;16257023.8588;11394743.9673;19806742.1910;19672595.2676;23457151.8277;12285018.9871;4795170.1126;24198785.9752;
2134;519801;23942613.5178;16259109.1946;11392372.6215;19805540.9048;19671674.1162;23458434.5378;12285170.2340;4794892.1361;24197732.4016;
2134;519802;23942825.1122;16261194.4952;11390001.2904;19804339.2847;19670752.6211;23459717.0195;12285321.6212;4794614.2626;24196678.5762;
2134;519803;23943036.3897;16263279.7604;11387629.9740;19803137.3308;19669830.7824;23460999.2730;12285473.1488;4794336.4922;24195624.4990;
2134;519804;23943247.3503;16265364.9902;11385258.6725;19801935.0431;19668908.6001;23462281.2979;12285624.8167;4794058.8247;24194570.1701;
2134;519805;23943457.9939;16267450.1846;11382887.3859;19800732.4215;19667986.0741;23463563.0945;12285776.6252;4793781.2601;24193515.5895;
2134;519806;23943668.3206;16269535.3435;11380516.1142;19799529.4662;19667063.2045;23464844.6625;12285928.5741;4793503.7985;24192460.7573;
2134;519807;23943878.3303;16271620.4668;11378144.8576;19798326.1771;19666139.9913;23466126.0019;12286080.6635;4793226.4397;24191405.6735;
2134;519808;23944088.0229;16273705.5545;11375773.6161;19797122.5542;19665216.4344;23467407.1127;12286232.8934;4792949.1837;24190350.3382;
2134;519809;23944297.3985;16275790.6065;11373402.3897;19795918.5975;19664292.5339;23468687.9949;12286385.2638;4792672.0304;24189294.7514;
2134;519810;23944506.4569;16277875.6228;11371031.1785;19794714.3071;19663368.2898;23469968.6483;12286537.7749;4792394.9798;24188238.9131;
2134;519811;23944715.1982;16279960.6032;11368659.9826;19793509.6829;19662443.7020;23471249.0729;12286690.4266;4792118.0319;24187182.8235;
2134;519812;23944923.6224;16282045.5477;11366288.8020;19792304.7249;19661518.7705;23472529.2687;12286843.2189;4791841.1866;24186126.4825;
2134;519813;23945131.7293;16284130.4562;11363917.6369;19791099.4332;19660593.4954;23473809.2356;12286996.1519;4791564.4439;24185069.8903;
2134;519814;23945339.5190;16286215.3288;11361546.4872;19789893.8078;19659667.8766;23475088.9736;12287149.2255;4791287.8036;24184013.0468;
2134;519815;23945546.9914;16288300.1652;11359175.3530;19788687.8487;19658741.9142;23476368.4826;12287302.4400;4791011.2659;24182955.9521;
2134;519816;23945754.1466;16290384.9656;11356804.2344;19787481.5558;19657815.6081;23477647.7626;12287455.7951;4790734.8305;24181898.6063;
2134;519817;23945960.9843;16292469.7297;11354433.1315;19786274.9293;19656888.9583;23478926.8135;12287609.2911;4790458.4976;24180841.0093;
2134;519818;23946167.5048;16294554.4575;11352062.0444;19785067.9690;19655961.9649;23480205.6353;12287762.9279;4790182.2670;24179783.1614;
2134;519819;23946373.7078;16296639.1490;11349690.9729;19783860.6751;19655034.6277;23481484.2278;12287916.7055;4789906.1386;24178725.0624;
2134;519820;23946579.5934;16298723.8041;11347319.9174;19782653.0475;19654106.9469;23482762.5911;12288070.6241;4789630.1125;24177666.7125;
2134;519821;23946785.1615;16300808.4227;11344948.8777;19781445.0862;19653178.9224;23484040.7252;12288224.6835;4789354.1886;24176608.1117;
2134;519822;23946990.4121;16302893.0048;11342577.8541;19780236.7913;19652250.5542;23485318.6299;12288378.8839;4789078.3669;24175549.2600;
2134;519823;23947195.3452;16304977.5503;11340206.8464;19779028.1627;19651321.8423;23486596.3052;12288533.2252;4788802.6472;24174490.1575;
2134;519824;23947399.9607;16307062.0592;11337835.8549;19777819.2005;19650392.7867;23487873.7510;12288687.7076;4788527.0296;24173430.8043;
2134;519825;23947604.2586;16309146.5313;11335464.8795;19776609.9046;19649463.3874;23489150.9673;12288842.3309;4788251.5140;24172371.2003;
2134;519826;23947808.2389;16311230.9667;11333093.9204;19775400.2751;19648533.6444;23490427.9541;12288997.0954;4787976.1004;24171311.3457;
2134;519827;23948011.9015;16313315.3652;11330722.9775;19774190.3120;19647603.5576;23491704.7113;12289152.0009;4787700.7887;24170251.2405;
2134;519828;23948215.2464;16315399.7268;11328352.0510;19772980.0153;19646673.1272;23492981.2389;12289307.0475;4787425.5789;24169190.8847;
2134;519829;23948418.2736;16317484.0514;11325981.1409;19771769.3850;19645742.3531;23494257.5367;12289462.2353;4787150.4708;24168130.2784;
2134;519830;23948620.9831;16319568.3390;11323610.2473;19770558.4211;19644811.2352;23495533.6048;12289617.5642;4786875.4646;24167069.4217;
2134;519831;23948823.3747;16321652.5895;11321239.3702;19769347.1236;19643879.7736;23496809.4431;12289773.0344;4786600.5601;24166008.3145;
2134;519832;23949025.4485;16323736.8028;11318868.5097;19768135.4926;19642947.9683;23498085.0515;12289928.6457;4786325.7572;24164946.9570;
2134;519833;23949227.2044;16325820.9788;11316497.6659;19766923.5279;19642015.8192;23499360.4301;12290084.3984;4786051.0560;24163885.3491;
2134;519834;23949428.6425;16327905.1176;11314126.8389;19765711.2298;19641083.3264;23500635.5786;12290240.2923;4785776.4564;24162823.4910;
2134;519835;23949629.7626;16329989.2190;11311756.0286;19764498.5981;19640150.4899;23501910.4972;12290396.3276;4785501.9584;24161761.3827;
2134;519836;23949830.5648;16332073.2830;11309385.2352;19763285.6328;19639217.3096;23503185.1856;12290552.5042;4785227.5618;24160699.0241;
2134;519837;23950031.0489;16334157.3096;11307014.4587;19762072.3341;19638283.7856;23504459.6440;12290708.8222;4784953.2667;24159636.4155;
2134;519838;23950231.2151;16336241.2985;11304643.6992;19760858.7018;19637349.9178;23505733.8722;12290865.2816;4784679.0730;24158573.5568;
2134;519839;23950431.0631;16338325.2499;11302272.9567;19759644.7360;19636415.7063;23507007.8702;12291021.8824;4784404.9806;24157510.4480;
2134;519840;23950630.5931;16340409.1635;11299902.2314;19758430.4367;19635481.1510;23508281.6379;12291178.6248;4784130.9896;24156447.0893;
2134;519841;23950829.8050;16342493.0395;11297531.5232;19757215.8039;19634546.2520;23509555.1753;12291335.5086;4783857.0998;24155383.4807;
2134;519842;23951028.6987;16344576.8776;11295160.8322;19756000.8377;19633611.0092;23510828.4823;12291492.5339;4783583.3113;24154319.6221;
2134;519843;23951227.2742;16346660.6778;11292790.1586;19754785.5380;19632675.4226;23512101.5590;12291649.7008;4783309.6239;24153255.5138;
2134;519844;23951425.5315;16348744.4401;11290419.5023;19753569.9048;19631739.4923;23513374.4051;12291807.0093;4783036.0377;24152191.1556;
2134;519845;23951623.4706;16350828.1645;11288048.8635;19752353.9381;19630803.2182;23514647.0207;12291964.4594;4782762.5525;24151126.5477;
2134;519846;23951821.0913;16352911.8507;11285678.2421;19751137.6380;19629866.6003;23515919.4057;12292122.0511;4782489.1684;24150061.6901;
2134;519847;23952018.3938;16354995.4988;11283307.6383;19749921.0045;19628929.6386;23517191.5601;12292279.7845;4782215.8852;24148996.5829;
2134;519848;23952215.3779;16357079.1088;11280937.0521;19748704.0376;19627992.3332;23518463.4839;12292437.6596;4781942.7030;24147931.2261;
2134;519849;23952412.0436;16359162.6805;11278566.4836;19747486.7372;19627054.6839;23519735.1768;12292595.6765;4781669.6217;24146865.6198;
2134;519850;23952608.3909;16361246.2138;11276195.9328;19746269.1034;19626116.6909;23521006.6391;12292753.8351;4781396.6413;24145799.7640;
2134;519851;23952804.4197;16363329.7088;11273825.3998;19745051.1363;19625178.3541;23522277.8704;12292912.1355;4781123.7616;24144733.6587;
2134;519852;23953000.1300;16365413.1653;11271454.8847;19743832.8357;19624239.6734;23523548.8709;12293070.5777;4780850.9827;24143667.3040;
2134;519853;23953195.5219;16367496.5834;11269084.3875;19742614.2018;19623300.6490;23524819.6405;12293229.1617;4780578.3045;24142600.7000;
2134;519854;23953390.5952;16369579.9628;11266713.9084;19741395.2345;19622361.2808;23526090.1791;12293387.8877;4780305.7270;24141533.8467;
2134;519855;23953585.3499;16371663.3037;11264343.4472;19740175.9338;19621421.5688;23527360.4866;12293546.7555;4780033.2500;24140466.7442;
2134;519856;23953779.7860;16373746.6058;11261973.0042;19738956.2998;19620481.5129;23528630.5631;12293705.7653;4779760.8737;24139399.3924;
2134;519857;23953973.9034;16375829.8691;11259602.5794;19737736.3324;19619541.1133;23529900.4084;12293864.9171;4779488.5979;24138331.7915;
2134;519858;23954167.7022;16377913.0936;11257232.1728;19736516.0318;19618600.3698;23531170.0225;12294024.2108;4779216.4225;24137263.9415;
2134;519859;23954361.1823;16379996.2793;11254861.7846;19735295.3977;19617659.2825;23532439.4054;12294183.6466;4778944.3476;24136195.8424;
2134;519860;23954554.3436;16382079.4260;11252491.4147;19734074.4304;19616717.8514;23533708.5570;12294343.2244;4778672.3731;24135127.4944;
2134;519861;23954747.1861;16384162.5336;11250121.0632;19732853.1298;19615776.0765;23534977.4772;12294502.9443;4778400.4989;24134058.8974;
2134;519862;23954939.7099;16386245.6022;11247750.7303;19731631.4959;19614833.9577;23536246.1661;12294662.8063;4778128.7250;24132990.0514;
2134;519863;23955131.9148;16388328.6316;11245380.4159;19730409.5286;19613891.4951;23537514.6235;12294822.8105;4777857.0513;24131920.9567;
2134;519864;23955323.8008;16390411.6218;11243010.1201;19729187.2282;19612948.6887;23538782.8494;12294982.9568;4777585.4778;24130851.6131;
2134;519865;23955515.3679;16392494.5727;11240639.8430;19727964.5944;19612005.5384;23540050.8437;12295143.2453;4777314.0045;24129782.0207;
2134;519866;23955706.6161;16394577.4843;11238269.5847;19726741.6274;19611062.0443;23541318.6065;12295303.6760;4777042.6313;24128712.1797;
2134;519867;23955897.5453;16396660.3565;11235899.3452;19725518.3271;19610118.2063;23542586.1376;12295464.2490;4776771.3582;24127642.0899;
2134;519868;23956088.1555;16398743.1892;11233529.1245;19724294.6936;19609174.0245;23543853.4370;12295624.9643;4776500.1850;24126571.7516;
2134;519869;23956278.4467;16400825.9824;11231158.9228;19723070.7269;19608229.4988;23545120.5046;12295785.8219;4776229.1118;24125501.1647;
2134;519870;23956468.4188;16402908.7360;11228788.7401;19721846.4269;19607284.6293;23546387.3405;12295946.8219;4775958.1386;24124430.3293;
2134;519871;23956658.0718;16404991.4499;11226418.5765;19720621.7938;19606339.4159;23547653.9445;12296107.9642;4775687.2652;24123359.2454;
2134;519872;23956847.4057;16407074.1241;11224048.4320;19719396.8274;19605393.8587;23548920.3165;12296269.2489;4775416.4916;24122287.9131;
2134;519873;23957036.4204;16409156.7585;11221678.3067;19718171.5278;19604447.9576;23550186.4567;12296430.6760;4775145.8178;24121216.3324;
2134;519874;23957225.1159;16411239.3531;11219308.2006;19716945.8951;19603501.7127;23551452.3648;12296592.2456;4774875.2438;24120144.5035;
2134;519875;23957413.4922;16413321.9077;11216938.1139;19715719.9292;19602555.1238;23552718.0408;12296753.9577;4774604.7694;24119072.4262;
2134;519876;23957601.5493;16415404.4224;11214568.0465;19714493.6301;19601608.1911;23553983.4847;12296915.8123;4774334.3947;24118000.1007;
2134;519877;23957789.2870;16417486.8970;11212197.9986;19713266.9979;19600660.9145;23555248.6965;12297077.8095;4774064.1195;24116927.5271;
2134;519878;23957976.7054;16419569.3315;11209827.9702;19712040.0325;19599713.2941;23556513.6761;12297239.9492;4773793.9439;24115854.7053;
2134;519879;23958163.8045;16421651.7258;11207457.9613;19710812.7340;19598765.3297;23557778.4234;12297402.2315;4773523.8678;24114781.6354;
2134;519880;23958350.5841;16423734.0799;11205087.9721;19709585.1024;19597817.0215;23559042.9384;12297564.6565;4773253.8912;24113708.3176;
2134;519881;23958537.0444;16425816.3937;11202718.0026;19708357.1376;19596868.3694;23560307.2210;12297727.2241;4772984.0140;24112634.7517;
2134;519882;23958723.1851;16427898.6671;11200348.0529;19707128.8398;19595919.3734;23561571.2712;12297889.9344;4772714.2361;24111560.9379;
2134;519883;23958909.0064;16429980.9001;11197978.1230;19705900.2088;19594970.0335;23562835.0889;12298052.7874;4772444.5575;24110486.8762;
2134;519884;23959094.5082;16432063.0927;11195608.2129;19704671.2448;19594020.3497;23564098.6741;12298215.7832;4772174.9782;24109412.5667;
2134;519885;23959279.6904;16434145.2446;11193238.3228;19703441.9477;19593070.3220;23565362.0267;12298378.9217;4771905.4981;24108338.0095;
2134;519886;23959464.5531;16436227.3560;11190868.4527;19702212.3175;19592119.9504;23566625.1467;12298542.2031;4771636.1172;24107263.2045;
2134;519887;23959649.0961;16438309.4266;11188498.6027;19700982.3543;19591169.2349;23567888.0341;12298705.6273;4771366.8354;24106188.1518;
2134;519888;23959833.3195;16440391.4565;11186128.7729;19699752.0580;19590218.1755;23569150.6887;12298869.1943;4771097.6527;24105112.8514;
2134;519889;23960017.2232;16442473.4456;11183758.9632;19698521.4287;19589266.7722;23570413.1105;12299032.9043;4770828.5690;24104037.3035;
2134;519890;23960200.8072;16444555.3938;11181389.1738;19697290.4663;19588315.0250;23571675.2996;12299196.7572;4770559.5843;24102961.5081;
2134;519891;23960384.0714;16446637.3011;11179019.4047;19696059.1709;19587362.9339;23572937.2557;12299360.7530;4770290.6985;24101885.4651;
2134;519892;23960567.0159;16448719.1674;11176649.6560;19694827.5426;19586410.4988;23574198.9789;12299524.8918;4770021.9116;24100809.1748;
2134;519893;23960749.6405;16450800.9926;11174279.9278;19693595.5812;19585457.7198;23575460.4691;12299689.1735;4769753.2236;24099732.6370;
2134;519894;23960931.9454;16452882.7766;11171910.2200;19692363.2868;19584504.5969;23576721.7263;12299853.5984;4769484.6344;24098655.8519;
2134;519895;23961113.9303;16454964.5195;11169540.5329;19691130.6595;19583551.1301;23577982.7504;12300018.1663;4769216.1439;24097578.8195;
2134;519896;23961295.5953;16457046.2211;11167170.8664;19689897.6992;19582597.3193;23579243.5414;12300182.8773;4768947.7521;24096501.5398;
2134;519897;23961476.9404;16459127.8814;11164801.2206;19688664.4059;19581643.1646;23580504.0992;12300347.7314;4768679.4590;24095424.0130;
2134;519898;23961657.9656;16461209.5003;11162431.5955;19687430.7796;19580688.6660;23581764.4238;12300512.7286;4768411.2645;24094346.2390;
2134;519899;23961838.6707;16463291.0777;11160061.9913;19686196.8205;19579733.8234;23583024.5151;12300677.8691;4768143.1686;24093268.2179;
2134;519900;23962019.0558;16465372.6137;11157692.4080;19684962.5284;19578778.6369;23584284.3730;12300843.1527;4767875.1711;24092189.9498;
2134;519901;23962199.1208;16467454.1080;11155322.8456;19683727.9034;19577823.1065;23585543.9976;12301008.5796;4767607.2722;24091111.4347;
2134;519902;23962378.8658;16469535.5607;11152953.3043;19682492.9454;19576867.2321;23586803.3887;12301174.1497;4767339.4716;24090032.6726;
2134;519903;23962558.2906;16471616.9717;11150583.7840;19681257.6546;19575911.0137;23588062.5464;12301339.8632;4767071.7695;24088953.6637;
2134;519904;23962737.3952;16473698.3410;11148214.2849;19680022.0309;19574954.4515;23589321.4705;12301505.7199;4766804.1657;24087874.4078;
2134;519905;23962916.1797;16475779.6683;11145844.8070;19678786.0743;19573997.5452;23590580.1610;12301671.7200;4766536.6601;24086794.9052;
2134;519906;23963094.6439;16477860.9538;11143475.3503;19677549.7848;19573040.2950;23591838.6178;12301837.8635;4766269.2528;24085715.1559;
2134;519907;23963272.7879;16479942.1973;11141105.9150;19676313.1625;19572082.7009;23593096.8410;12302004.1504;4766001.9437;24084635.1598;
2134;519908;23963450.6115;16482023.3988;11138736.5011;19675076.2073;19571124.7627;23594354.8304;12302170.5807;4765734.7327;24083554.9171;
2134;519909;23963628.1149;16484104.5582;11136367.1086;19673838.9192;19570166.4806;23595612.5861;12302337.1545;4765467.6198;24082474.4277;
2134;519910;23963805.2979;16486185.6755;11133997.7377;19672601.2984;19569207.8546;23596870.1078;12302503.8718;4765200.6050;24081393.6918;
2134;519911;23963982.1605;16488266.7505;11131628.3883;19671363.3447;19568248.8846;23598127.3957;12302670.7326;4764933.6882;24080312.7095;
2134;519912;23964158.7027;16490347.7833;11129259.0606;19670125.0582;19567289.5706;23599384.4497;12302837.7370;4764666.8693;24079231.4806;
2134;519913;23964334.9245;16492428.7736;11126889.7546;19668886.4389;19566329.9126;23600641.2696;12303004.8849;4764400.1483;24078150.0053;
2134;519914;23964510.8257;16494509.7216;11124520.4704;19667647.4868;19565369.9107;23601897.8555;12303172.1765;4764133.5252;24077068.2837;
2134;519915;23964686.4065;16496590.6271;11122151.2080;19666408.2019;19564409.5648;23603154.2073;12303339.6116;4763866.9999;24075986.3158;
2134;519916;23964861.6667;16498671.4901;11119781.9675;19665168.5843;19563448.8749;23604410.3250;12303507.1905;4763600.5724;24074904.1016;
2134;519917;23965036.6063;16500752.3104;11117412.7490;19663928.6339;19562487.8410;23605666.2084;12303674.9130;4763334.2426;24073821.6412;
2134;519918;23965211.2254;16502833.0881;11115043.5525;19662688.3508;19561526.4631;23606921.8576;12303842.7793;4763068.0105;24072738.9347;
2134;519919;23965385.5238;16504913.8231;11112674.3781;19661447.7349;19560564.7412;23608177.2725;12304010.7893;4762801.8760;24071655.9820;
2134;519920;23965559.5015;16506994.5152;11110305.2258;19660206.7862;19559602.6754;23609432.4531;12304178.9431;4762535.8390;24070572.7833;
2134;519921;23965733.1585;16509075.1645;11107936.0957;19658965.5049;19558640.2656;23610687.3992;12304347.2407;4762269.8996;24069489.3385;
2134;519922;23965906.4948;16511155.7709;11105566.9879;19657723.8908;19557677.5117;23611942.1109;12304515.6821;4762004.0577;24068405.6478;
2134;519923;23966079.5103;16513236.3343;11103197.9025;19656481.9441;19556714.4139;23613196.5881;12304684.2674;4761738.3133;24067321.7112;
2134;519924;23966252.2050;16515316.8546;11100828.8395;19655239.6646;19555750.9720;23614450.8307;12304852.9966;4761472.6662;24066237.5287;
2134;519925;23966424.5789;16517397.3318;11098459.7989;19653997.0525;19554787.1862;23615704.8387;12305021.8697;4761207.1165;24065153.1004;
2134;519926;23966596.6319;16519477.7658;11096090.7808;19652754.1077;19553823.0564;23616958.6121;12305190.8867;4760941.6640;24064068.4263;
2134;519927;23966768.3640;16521558.1566;11093721.7854;19651510.8302;19552858.5825;23618212.1507;12305360.0477;4760676.3089;24062983.5065;
2134;519928;23966939.7752;16523638.5041;11091352.8125;19650267.2201;19551893.7646;23619465.4546;12305529.3528;4760411.0509;24061898.3410;
2134;519929;23967110.8654;16525718.8082;11088983.8624;19649023.2773;19550928.6028;23620718.5237;12305698.8018;4760145.8901;24060812.9299;
2134;519930;23967281.6347;16527799.0688;11086614.9351;19647779.0020;19549963.0969;23621971.3579;12305868.3949;4759880.8264;24059727.2733;
2134;519931;23967452.0829;16529879.2860;11084246.0306;19646534.3939;19548997.2470;23623223.9572;12306038.1322;4759615.8597;24058641.3711;
2134;519932;23967622.2101;16531959.4596;11081877.1491;19645289.4533;19548031.0531;23624476.3215;12306208.0135;4759350.9901;24057555.2234;
2134;519933;23967792.0162;16534039.5896;11079508.2905;19644044.1801;19547064.5151;23625728.4509;12306378.0390;4759086.2174;24056468.8304;
2134;519934;23967961.5011;16536119.6758;11077139.4549;19642798.5743;19546097.6332;23626980.3451;12306548.2086;4758821.5417;24055382.1919;
2134;519935;23968130.6650;16538199.7183;11074770.6424;19641552.6359;19545130.4072;23628232.0043;12306718.5225;4758556.9628;24054295.3081;
2134;519936;23968299.5076;16540279.7170;11072401.8531;19640306.3650;19544162.8371;23629483.4283;12306888.9806;4758292.4808;24053208.1791;
2134;519937;23968468.0290;16542359.6718;11070033.0869;19639059.7615;19543194.9231;23630734.6170;12307059.5829;4758028.0955;24052120.8048;
2134;519938;23968636.2292;16544439.5827;11067664.3441;19637812.8254;19542226.6650;23631985.5705;12307230.3296;4757763.8070;24051033.1854;
2134;519939;23968804.1081;16546519.4495;11065295.6246;19636565.5568;19541258.0629;23633236.2887;12307401.2205;4757499.6152;24049945.3208;
2134;519940;23968971.6657;16548599.2723;11062926.9285;19635317.9557;19540289.1168;23634486.7715;12307572.2558;4757235.5200;24048857.2111;
2134;519941;23969138.9020;16550679.0509;11060558.2559;19634070.0221;19539319.8266;23635737.0189;12307743.4355;4756971.5214;24047768.8564;
2134;519942;23969305.8169;16552758.7853;11058189.6068;19632821.7560;19538350.1923;23636987.0309;12307914.7595;4756707.6193;24046680.2568;
2134;519943;23969472.4104;16554838.4755;11055820.9813;19631573.1573;19537380.2141;23638236.8073;12308086.2280;4756443.8138;24045591.4122;
2134;519944;23969638.6825;16556918.1213;11053452.3795;19630324.2262;19536409.8917;23639486.3481;12308257.8410;4756180.1047;24044502.3227;
2134;519945;23969804.6331;16558997.7227;11051083.8013;19629074.9626;19535439.2254;23640735.6533;12308429.5984;4755916.4920;24043412.9884;
2134;519946;23969970.2622;16561077.2796;11048715.2470;19627825.3665;19534468.2150;23641984.7229;12308601.5004;4755652.9757;24042323.4093;
2134;519947;23970135.5697;16563156.7920;11046346.7165;19626575.4380;19533496.8605;23643233.5567;12308773.5469;4755389.5556;24041233.5855;
2134;519948;23970300.5558;16565236.2599;11043978.2099;19625325.1771;19532525.1620;23644482.1547;12308945.7379;4755126.2319;24040143.5170;
2134;519949;23970465.2202;16567315.6830;11041609.7273;19624074.5837;19531553.1194;23645730.5169;12309118.0736;4754863.0043;24039053.2038;
2134;519950;23970629.5630;16569395.0615;11039241.2687;19622823.6578;19530580.7328;23646978.6433;12309290.5539;4754599.8729;24037962.6461;
2134;519951;23970793.5841;16571474.3952;11036872.8342;19621572.3996;19529608.0021;23648226.5337;12309463.1788;4754336.8377;24036871.8439;
2134;519952;23970957.2836;16573553.6840;11034504.4239;19620320.8090;19528634.9274;23649474.1882;12309635.9484;4754073.8985;24035780.7971;
2134;519953;23971120.6614;16575632.9279;11032136.0378;19619068.8860;19527661.5086;23650721.6066;12309808.8628;4753811.0553;24034689.5059;
2134;519954;23971283.7174;16577712.1268;11029767.6760;19617816.6306;19526687.7457;23651968.7889;12309981.9218;4753548.3082;24033597.9704;
2134;519955;23971446.4516;16579791.2807;11027399.3385;19616564.0428;19525713.6387;23653215.7351;12310155.1257;4753285.6569;24032506.1905;
2134;519956;23971608.8640;16581870.3895;11025031.0254;19615311.1226;19524739.1877;23654462.4452;12310328.4743;4753023.1016;24031414.1663;
2134;519957;23971770.9546;16583949.4531;11022662.7368;19614057.8702;19523764.3927;23655708.9190;12310501.9677;4752760.6421;24030321.8979;
2134;519958;23971932.7233;16586028.4715;11020294.4728;19612804.2853;19522789.2535;23656955.1565;12310675.6060;4752498.2783;24029229.3853;
2134;519959;23972094.1700;16588107.4446;11017926.2333;19611550.3682;19521813.7703;23658201.1577;12310849.3892;4752236.0104;24028136.6285;
2134;519960;23972255.2949;16590186.3723;11015558.0185;19610296.1187;19520837.9430;23659446.9225;12311023.3173;4751973.8381;24027043.6277;
2134;519961;23972416.0978;16592265.2547;11013189.8284;19609041.5369;19519861.7716;23660692.4509;12311197.3903;4751711.7615;24025950.3828;
2134;519962;23972576.5787;16594344.0915;11010821.6631;19607786.6229;19518885.2561;23661937.7428;12311371.6083;4751449.7804;24024856.8939;
2134;519963;23972736.7375;16596422.8827;11008453.5227;19606531.3765;19517908.3966;23663182.7982;12311545.9713;4751187.8950;24023763.1611;
2134;519964;23972896.5743;16598501.6284;11006085.4071;19605275.7979;19516931.1930;23664427.6170;12311720.4793;4750926.1050;24022669.1844;
2134;519965;23973056.0890;16600580.3284;11003717.3166;19604019.8870;19515953.6453;23665672.1992;12311895.1323;4750664.4105;24021574.9639;
2134;519966;23973215.2816;16602658.9826;11001349.2510;19602763.6438;19514975.7535;23666916.5446;12312069.9304;4750402.8114;24020480.4995;
2134;519967;23973374.1520;16604737.5910;10998981.2106;19601507.0684;19513997.5176;23668160.6534;12312244.8736;4750141.3077;24019385.7914;
2134;519968;23973532.7002;16606816.1536;10996613.1953;19600250.1608;19513018.9376;23669404.5253;12312419.9619;4749879.8993;24018290.8397;
2134;519969;23973690.9262;16608894.6702;10994245.2053;19598992.9209;19512040.0135;23670648.1605;12312595.1954;4749618.5862;24017195.6443;
2134;519970;23973848.8300;16610973.1408;10991877.2405;19597735.3489;19511060.7454;23671891.5587;12312770.5741;4749357.3683;24016100.2052;
2134;519971;23974006.4115;16613051.5653;10989509.3011;19596477.4446;19510081.1331;23673134.7200;12312946.0980;4749096.2456;24015004.5227;
2134;519972;23974163.6707;16615129.9437;10987141.3871;19595219.2082;19509101.1768;23674377.6443;12313121.7671;4748835.2180;24013908.5966;
2134;519973;23974320.6075;16617208.2759;10984773.4986;19593960.6395;19508120.8763;23675620.3316;12313297.5816;4748574.2855;24012812.4271;
2134;519974;23974477.2219;16619286.5619;10982405.6356;19592701.7387;19507140.2317;23676862.7818;12313473.5413;4748313.4481;24011716.0142;
2134;519975;23974633.5140;16621364.8015;10980037.7982;19591442.5058;19506159.2431;23678104.9948;12313649.6463;4748052.7056;24010619.3580;
2134;519976;23974789.4836;16623442.9948;10977669.9865;19590182.9407;19505177.9103;23679346.9707;12313825.8967;4747792.0580;24009522.4585;
2134;519977;23974945.1307;16625521.1416;10975302.2005;19588923.0434;19504196.2335;23680588.7093;12314002.2924;4747531.5054;24008425.3157;
2134;519978;23975100.4554;16627599.2419;10972934.4402;19587662.8141;19503214.2125;23681830.2107;12314178.8336;4747271.0476;24007327.9297;
2134;519979;23975255.4575;16629677.2956;10970566.7059;19586402.2526;19502231.8474;23683071.4747;12314355.5202;4747010.6846;24006230.3006;
2134;519980;23975410.1370;16631755.3026;10968198.9974;19585141.3590;19501249.1382;23684312.5013;12314532.3522;4746750.4164;24005132.4283;
2134;519981;23975564.4940;16633833.2630;10965831.3149;19583880.1333;19500266.0849;23685553.2904;12314709.3298;4746490.2429;24004034.3131;
2134;519982;23975718.5283;16635911.1766;10963463.6585;19582618.5756;19499282.6875;23686793.8421;12314886.4529;4746230.1640;24002935.9548;
2134;519983;23975872.2400;16637989.0433;10961096.0282;19581356.6858;19498298.9459;23688034.1562;12315063.7215;4745970.1797;24001837.3536;
2134;519984;23976025.6289;16640066.8632;10958728.4240;19580094.4639;19497314.8603;23689274.2328;12315241.1357;4745710.2900;24000738.5094;
2134;519985;23976178.6952;16642144.6360;10956360.8460;19578831.9099;19496330.4305;23690514.0717;12315418.6955;4745450.4949;23999639.4225;
2134;519986;23976331.4387;16644222.3619;10953993.2944;19577569.0240;19495345.6566;23691753.6729;12315596.4009;4745190.7941;23998540.0927;
2134;519987;23976483.8595;16646300.0407;10951625.7691;19576305.8060;19494360.5386;23692993.0364;12315774.2520;4744931.1879;23997440.5202;
2134;519988;23976635.9574;16648377.6723;10949258.2702;19575042.2560;19493375.0764;23694232.1620;12315952.2488;4744671.6759;23996340.7050;
2134;519989;23976787.7325;16650455.2567;10946890.7977;19573778.3739;19492389.2702;23695471.0499;12316130.3913;4744412.2584;23995240.6471;
2134;519990;23976939.1847;16652532.7938;10944523.3518;19572514.1599;19491403.1198;23696709.6998;12316308.6795;4744152.9351;23994140.3466;
2134;519991;23977090.3140;16654610.2835;10942155.9325;19571249.6139;19490416.6253;23697948.1118;12316487.1135;4743893.7060;23993039.8036;
2134;519992;23977241.1203;16656687.7259;10939788.5399;19569984.7360;19489429.7866;23699186.2858;12316665.6933;4743634.5711;23991939.0180;
2134;519993;23977391.6038;16658765.1208;10937421.1740;19568719.5260;19488442.6038;23700424.2217;12316844.4189;4743375.5303;23990837.9900;
2134;519994;23977541.7642;16660842.4681;10935053.8349;19567453.9841;19487455.0769;23701661.9196;12317023.2903;4743116.5837;23989736.7197;
2134;519995;23977691.6015;16662919.7678;10932686.5227;19566188.1103;19486467.2059;23702899.3793;12317202.3077;4742857.7311;23988635.2069;
2134;519996;23977841.1159;16664997.0199;10930319.2373;19564921.9046;19485478.9907;23704136.6008;12317381.4709;4742598.9724;23987533.4519;
2134;519997;23977990.3071;16667074.2242;10927951.9789;19563655.3669;19484490.4314;23705373.5841;12317560.7801;4742340.3078;23986431.4546;
2134;519998;23978139.1752;16669151.3807;10925584.7476;19562388.4973;19483501.5280;23706610.3291;12317740.2353;4742081.7370;23985329.2151;
2134;519999;23978287.7201;16671228.4894;10923217.5434;19561121.2959;19482512.2804;23707846.8357;12317919.8364;4741823.2601;23984226.7334;
2134;520000;23978435.9419;16673305.5501;10920850.3663;19559853.7625;19481522.6886;23709083.1039;12318099.5835;4741564.8770;23983124.0096;
2134;520001;23978583.8405;16675382.5628;10918483.2165;19558585.8973;19480532.7528;23710319.1337;12318279.4767;4741306.5876;23982021.0438;
2134;520002;23978731.4158;16677459.5275;10916116.0939;19557317.7002;19479542.4727;23711554.9250;12318459.5160;4741048.3919;23980917.8360;
2134;520003;23978878.6678;16679536.4441;10913748.9987;19556049.1713;19478551.8486;23712790.4777;12318639.7013;4740790.2900;23979814.3862;
2134;520004;23979025.5965;16681613.3125;10911381.9309;19554780.3105;19477560.8803;23714025.7919;12318820.0328;4740532.2816;23978710.6945;
2134;520005;23979172.2019;16683690.1326;10909014.8906;19553511.1179;19476569.5678;23715260.8674;12319000.5105;4740274.3668;23977606.7610;
2134;520006;23979318.4839;16685766.9045;10906647.8779;19552241.5935;19475577.9112;23716495.7041;12319181.1343;4740016.5455;23976502.5857;
2134;520007;23979464.4425;16687843.6279;10904280.8927;19550971.7372;19474585.9105;23717730.3022;12319361.9043;4739758.8177;23975398.1686;
2134;520008;23979610.0777;16689920.3030;10901913.9352;19549701.5492;19473593.5656;23718964.6614;12319542.8206;4739501.1834;23974293.5098;
2134;520009;23979755.3895;16691996.9295;10899547.0054;19548431.0294;19472600.8765;23720198.7818;12319723.8831;4739243.6424;23973188.6093;
2134;520010;23979900.3777;16694073.5074;10897180.1034;19547160.1778;19471607.8433;23721432.6633;12319905.0920;4738986.1947;23972083.4672;
2134;520011;23980045.0424;16696150.0367;10894813.2292;19545888.9945;19470614.4660;23722666.3059;12320086.4471;4738728.8403;23970978.0836;
2134;520012;23980189.3836;16698226.5174;10892446.3830;19544617.4794;19469620.7445;23723899.7094;12320267.9486;4738471.5792;23969872.4585;
2134;520013;23980333.4011;16700302.9492;10890079.5648;19543345.6326;19468626.6788;23725132.8739;12320449.5965;4738214.4112;23968766.5919;
2134;520014;23980477.0951;16702379.3322;10887712.7745;19542073.4540;19467632.2690;23726365.7993;12320631.3907;4737957.3364;23967660.4839;
2134;520015;23980620.4654;16704455.6664;10885346.0124;19540800.9437;19466637.5150;23727598.4856;12320813.3314;4737700.3547;23966554.1345;
2134;520016;23980763.5120;16706531.9516;10882979.2785;19539528.1018;19465642.4169;23728830.9326;12320995.4186;4737443.4660;23965447.5439;
2134;520017;23980906.2350;16708608.1878;10880612.5727;19538254.9281;19464646.9746;23730063.1404;12321177.6522;4737186.6703;23964340.7119;
2134;520018;23981048.6341;16710684.3749;10878245.8953;19536981.4227;19463651.1881;23731295.1089;12321360.0323;4736929.9676;23963233.6388;
2134;520019;23981190.7096;16712760.5128;10875879.2462;19535707.5857;19462655.0575;23732526.8380;12321542.5590;4736673.3578;23962126.3245;
2134;520020;23981332.4612;16714836.6016;10873512.6255;19534433.4170;19461658.5827;23733758.3278;12321725.2323;4736416.8408;23961018.7691;
2134;520021;23981473.8889;16716912.6410;10871146.0333;19533158.9167;19460661.7637;23734989.5781;12321908.0521;4736160.4167;23959910.9727;
2134;520022;23981614.9929;16718988.6312;10868779.4697;19531884.0847;19459664.6006;23736220.5889;12322091.0185;4735904.0853;23958802.9352;
2134;520023;23981755.7729;16721064.5719;10866412.9346;19530608.9212;19458667.0933;23737451.3601;12322274.1316;4735647.8466;23957694.6568;
2134;520024;23981896.2290;16723140.4631;10864046.4282;19529333.4259;19457669.2418;23738681.8917;12322457.3914;4735391.7006;23956586.1375;
2134;520025;23982036.3612;16725216.3049;10861679.9505;19528057.5991;19456671.0462;23739912.1837;12322640.7979;4735135.6472;23955477.3773;
2134;520026;23982176.1693;16727292.0970;10859313.5017;19526781.4407;19455672.5064;23741142.2360;12322824.3511;4734879.6863;23954368.3763;
2134;520027;23982315.6535;16729367.8395;10856947.0816;19525504.9508;19454673.6224;23742372.0485;12323008.0511;4734623.8180;23953259.1345;
2134;520028;23982454.8136;16731443.5322;10854580.6905;19524228.1292;19453674.3943;23743601.6213;12323191.8978;4734368.0422;23952149.6521;
2134;520029;23982593.6496;16733519.1752;10852214.3283;19522950.9761;19452674.8220;23744830.9541;12323375.8914;4734112.3588;23951039.9290;
2134;520030;23982732.1615;16735594.7683;10849847.9952;19521673.4915;19451674.9055;23746060.0471;12323560.0318;4733856.7678;23949929.9652;
2134;520031;23982870.3493;16737670.3115;10847481.6912;19520395.6753;19450674.6448;23747288.9001;12323744.3190;4733601.2691;23948819.7610;
2134;520032;23983008.2129;16739745.8047;10845115.4163;19519117.5276;19449674.0400;23748517.5132;12323928.7532;4733345.8627;23947709.3162;
2134;520033;23983145.7524;16741821.2479;10842749.1707;19517839.0484;19448673.0910;23749745.8861;12324113.3342;4733090.5485;23946598.6309;
2134;520034;23983282.9675;16743896.6410;10840382.9544;19516560.2376;19447671.7978;23750974.0190;12324298.0623;4732835.3266;23945487.7052;
2134;520035;23983419.8585;16745971.9839;10838016.7674;19515281.0954;19446670.1604;23752201.9117;12324482.9372;4732580.1967;23944376.5392;
2134;520036;23983556.4251;16748047.2766;10835650.6098;19514001.6218;19445668.1788;23753429.5642;12324667.9592;4732325.1590;23943265.1329;
2134;520037;23983692.6674;16750122.5189;10833284.4817;19512721.8166;19444665.8531;23754656.9765;12324853.1282;4732070.2133;23942153.4863;
2134;520038;23983828.5854;16752197.7109;10830918.3831;19511441.6800;19443663.1832;23755884.1484;12325038.4443;4731815.3596;23941041.5995;
2134;520039;23983964.1790;16754272.8525;10828552.3141;19510161.2120;19442660.1691;23757111.0800;12325223.9075;4731560.5979;23939929.4725;
2134;520040;23984099.4481;16756347.9435;10826186.2748;19508880.4125;19441656.8108;23758337.7712;12325409.5177;4731305.9281;23938817.1055;
2134;520041;23984234.3929;16758422.9840;10823820.2652;19507599.2816;19440653.1083;23759564.2220;12325595.2751;4731051.3501;23937704.4984;
2134;520042;23984369.0131;16760497.9739;10821454.2854;19506317.8193;19439649.0617;23760790.4322;12325781.1797;4730796.8639;23936591.6512;
2134;520043;23984503.3089;16762572.9131;10819088.3354;19505036.0256;19438644.6709;23762016.4019;12325967.2314;4730542.4695;23935478.5641;
2134;520044;23984637.2801;16764647.8016;10816722.4154;19503753.9005;19437639.9358;23763242.1310;12326153.4304;4730288.1668;23934365.2371;
2134;520045;23984770.9267;16766722.6392;10814356.5253;19502471.4441;19436634.8566;23764467.6194;12326339.7766;4730033.9558;23933251.6703;
2134;520046;23984904.2488;16768797.4260;10811990.6653;19501188.6563;19435629.4332;23765692.8672;12326526.2701;4729779.8364;23932137.8636;
2134;520047;23985037.2462;16770872.1618;10809624.8353;19499905.5371;19434623.6657;23766917.8741;12326712.9109;4729525.8085;23931023.8172;
2134;520048;23985169.9190;16772946.8466;10807259.0355;19498622.0866;19433617.5539;23768142.6403;12326899.6990;4729271.8722;23929909.5310;
2134;520049;23985302.2670;16775021.4804;10804893.2659;19497338.3048;19432611.0979;23769367.1656;12327086.6345;4729018.0274;23928795.0052;
2134;520050;23985434.2904;16777096.0630;10802527.5267;19496054.1917;19431604.2978;23770591.4501;12327273.7173;4728764.2739;23927680.2398;
2134;520051;23985565.9890;16779170.5944;10800161.8177;19494769.7473;19430597.1534;23771815.4935;12327460.9476;4728510.6119;23926565.2349;
2134;520052;23985697.3629;16781245.0745;10797796.1392;19493484.9716;19429589.6649;23773039.2960;12327648.3252;4728257.0412;23925449.9904;
2134;520053;23985828.4119;16783319.5033;10795430.4911;19492199.8646;19428581.8322;23774262.8574;12327835.8504;4728003.5618;23924334.5065;
2134;520054;23985959.1361;16785393.8807;10793064.8736;19490914.4263;19427573.6553;23775486.1777;12328023.5230;4727750.1736;23923218.7832;
2134;520055;23986089.5354;16787468.2067;10790699.2867;19489628.6568;19426565.1342;23776709.2569;12328211.3431;4727496.8766;23922102.8205;
2134;520056;23986219.6098;16789542.4811;10788333.7304;19488342.5560;19425556.2689;23777932.0948;12328399.3108;4727243.6707;23920986.6185;
2134;520057;23986349.3593;16791616.7040;10785968.2048;19487056.1240;19424547.0594;23779154.6915;12328587.4261;4726990.5560;23919870.1772;
2134;520058;23986478.7839;16793690.8752;10783602.7101;19485769.3608;19423537.5057;23780377.0470;12328775.6889;4726737.5322;23918753.4967;
2134;520059;23986607.8834;16795764.9947;10781237.2461;19484482.2664;19422527.6078;23781599.1610;12328964.0994;4726484.5995;23917636.5771;
2134;520060;23986736.6579;16797839.0624;10778871.8131;19483194.8408;19421517.3657;23782821.0337;12329152.6575;4726231.7577;23916519.4184;
2134;520061;23986865.1074;16799913.0783;10776506.4111;19481907.0840;19420506.7794;23784042.6649;12329341.3633;4725979.0069;23915402.0206;
2134;520062;23986993.2318;16801987.0422;10774141.0400;19480618.9960;19419495.8489;23785264.0546;12329530.2168;4725726.3469;23914284.3838;
2134;520063;23987121.0311;16804060.9542;10771775.7001;19479330.5769;19418484.5743;23786485.2027;12329719.2180;4725473.7776;23913166.5081;
2134;520064;23987248.5052;16806134.8142;10769410.3913;19478041.8266;19417472.9554;23787706.1092;12329908.3670;4725221.2992;23912048.3934;
2134;520065;23987375.6542;16808208.6220;10767045.1138;19476752.7452;19416460.9923;23788926.7741;12330097.6637;4724968.9114;23910930.0399;
2134;520066;23987502.4779;16810282.3777;10764679.8675;19475463.3326;19415448.6850;23790147.1973;12330287.1083;4724716.6144;23909811.4476;
2134;520067;23987628.9764;16812356.0812;10762314.6525;19474173.5890;19414436.0336;23791367.3788;12330476.7007;4724464.4079;23908692.6165;
2134;520068;23987755.1497;16814429.7324;10759949.4690;19472883.5142;19413423.0379;23792587.3184;12330666.4410;4724212.2920;23907573.5467;
2134;520069;23987880.9977;16816503.3312;10757584.3169;19471593.1084;19412409.6980;23793807.0162;12330856.3291;4723960.2666;23906454.2383;
2134;520070;23988006.5203;16818576.8776;10755219.1964;19470302.3715;19411396.0140;23795026.4721;12331046.3652;4723708.3317;23905334.6913;
2134;520071;23988131.7176;16820650.3715;10752854.1075;19469011.3035;19410381.9857;23796245.6861;12331236.5492;4723456.4872;23904214.9057;
2134;520072;23988256.5895;16822723.8128;10750489.0502;19467719.9044;19409367.6132;23797464.6580;12331426.8812;4723204.7331;23903094.8816;
2134;520073;23988381.1360;16824797.2016;10748124.0246;19466428.1744;19408352.8965;23798683.3879;12331617.3612;4722953.0693;23901974.6190;
2134;520074;23988505.3571;16826870.5377;10745759.0308;19465136.1133;19407337.8356;23799901.8757;12331807.9892;4722701.4958;23900854.1181;
2134;520075;23988629.2527;16828943.8210;10743394.0688;19463843.7211;19406322.4306;23801120.1213;12331998.7653;4722450.0126;23899733.3788;
2134;520076;23988752.8228;16831017.0515;10741029.1388;19462550.9980;19405306.6813;23802338.1248;12332189.6894;4722198.6195;23898612.4012;
2134;520077;23988876.0673;16833090.2292;10738664.2407;19461257.9439;19404290.5878;23803555.8860;12332380.7616;4721947.3165;23897491.1853;
2134;520078;23988998.9863;16835163.3539;10736299.3746;19459964.5588;19403274.1501;23804773.4049;12332571.9820;4721696.1037;23896369.7312;
2134;520079;23989121.5797;16837236.4256;10733934.5406;19458670.8427;19402257.3682;23805990.6815;12332763.3505;4721444.9808;23895248.0390;
2134;520080;23989243.8474;16839309.4443;10731569.7388;19457376.7957;19401240.2421;23807207.7156;12332954.8673;4721193.9480;23894126.1087;
2134;520081;23989365.7895;16841382.4098;10729204.9692;19456082.4178;19400222.7718;23808424.5073;12333146.5322;4720943.0051;23893003.9403;
2134;520082;23989487.4060;16843455.3221;10726840.2318;19454787.7089;19399204.9573;23809641.0565;12333338.3453;4720692.1521;23891881.5339;
2134;520083;23989608.6967;16845528.1812;10724475.5268;19453492.6690;19398186.7986;23810857.3632;12333530.3067;4720441.3890;23890758.8896;
2134;520084;23989729.6616;16847600.9870;10722110.8542;19452197.2983;19397168.2957;23812073.4273;12333722.4165;4720190.7156;23889636.0074;
2134;520085;23989850.3008;16849673.7393;10719746.2141;19450901.5967;19396149.4485;23813289.2487;12333914.6745;4719940.1321;23888512.8873;
2134;520086;23989970.6142;16851746.4383;10717381.6064;19449605.5642;19395130.2572;23814504.8274;12334107.0809;4719689.6382;23887389.5294;
2134;520087;23990090.6017;16853819.0837;10715017.0314;19448309.2008;19394110.7217;23815720.1634;12334299.6356;4719439.2339;23886265.9337;
2134;520088;23990210.2634;16855891.6755;10712652.4890;19447012.5066;19393090.8419;23816935.2566;12334492.3387;4719188.9193;23885142.1004;
2134;520089;23990329.5992;16857964.2137;10710287.9793;19445715.4815;19392070.6180;23818150.1069;12334685.1903;4718938.6943;23884018.0294;
2134;520090;23990448.6091;16860036.6982;10707923.5024;19444418.1256;19391050.0498;23819364.7144;12334878.1903;4718688.5587;23882893.7208;
2134;520091;23990567.2930;16862109.1289;10705559.0584;19443120.4389;19390029.1375;23820579.0789;12335071.3388;4718438.5126;23881769.1747;
2134;520092;23990685.6509;16864181.5058;10703194.6472;19441822.4213;19389007.8809;23821793.2004;12335264.6358;4718188.5560;23880644.3911;
2134;520093;23990803.6828;16866253.8288;10700830.2690;19440524.0730;19387986.2801;23823007.0788;12335458.0813;4717938.6887;23879519.3700;
2134;520094;23990921.3887;16868326.0978;10698465.9238;19439225.3939;19386964.3352;23824220.7142;12335651.6754;4717688.9107;23878394.1115;
2134;520095;23991038.7685;16870398.3128;10696101.6116;19437926.3840;19385942.0460;23825434.1064;12335845.4180;4717439.2220;23877268.6157;
2134;520096;23991155.8222;16872470.4737;10693737.3327;19436627.0433;19384919.4126;23826647.2555;12336039.3093;4717189.6225;23876142.8826;
2134;520097;23991272.5497;16874542.5804;10691373.0869;19435327.3719;19383896.4350;23827860.1613;12336233.3492;4716940.1123;23875016.9122;
2134;520098;23991388.9511;16876614.6330;10689008.8744;19434027.3697;19382873.1132;23829072.8238;12336427.5377;4716690.6911;23873890.7046;
2134;520099;23991505.0263;16878686.6312;10686644.6952;19432727.0369;19381849.4472;23830285.2429;12336621.8750;4716441.3590;23872764.2599;
2134;520100;23991620.7753;16880758.5751;10684280.5495;19431426.3733;19380825.4370;23831497.4187;12336816.3609;4716192.1159;23871637.5781;
2134;520101;23991736.1980;16882830.4646;10681916.4371;19430125.3790;19379801.0825;23832709.3510;12337010.9956;4715942.9619;23870510.6593;
2134;520102;23991851.2945;16884902.2996;10679552.3583;19428824.0540;19378776.3839;23833921.0399;12337205.7791;4715693.8967;23869383.5034;
2134;520103;23991966.0646;16886974.0800;10677188.3131;19427522.3984;19377751.3411;23835132.4852;12337400.7114;4715444.9205;23868256.1106;
2134;520104;23992080.5084;16889045.8059;10674824.3015;19426220.4121;19376725.9540;23836343.6869;12337595.7924;4715196.0331;23867128.4810;
2134;520105;23992194.6258;16891117.4771;10672460.3237;19424918.0951;19375700.2228;23837554.6449;12337791.0224;4714947.2345;23866000.6144;
2134;520106;23992308.4168;16893189.0935;10670096.3796;19423615.4476;19374674.1473;23838765.3593;12337986.4012;4714698.5246;23864872.5111;
2134;520107;23992421.8814;16895260.6552;10667732.4693;19422312.4693;19373647.7276;23839975.8300;12338181.9289;4714449.9035;23863744.1711;
2134;520108;23992535.0195;16897332.1620;10665368.5929;19421009.1605;19372620.9638;23841186.0568;12338377.6055;4714201.3709;23862615.5943;
2134;520109;23992647.8311;16899403.6138;10663004.7504;19419705.5211;19371593.8557;23842396.0398;12338573.4310;4713952.9270;23861486.7809;
2134;520110;23992760.3162;16901475.0107;10660640.9420;19418401.5511;19370566.4034;23843605.7790;12338769.4056;4713704.5716;23860357.7309;
2134;520111;23992872.4747;16903546.3525;10658277.1676;19417097.2505;19369538.6069;23844815.2742;12338965.5292;4713456.3048;23859228.4444;
2134;520112;23992984.3067;16905617.6392;10655913.4274;19415792.6193;19368510.4662;23846024.5254;12339161.8017;4713208.1264;23858098.9214;
2134;520113;23993095.8121;16907688.8707;10653549.7214;19414487.6576;19367481.9813;23847233.5326;12339358.2234;4712960.0364;23856969.1619;
2134;520114;23993206.9908;16909760.0470;10651186.0496;19413182.3654;19366453.1522;23848442.2956;12339554.7941;4712712.0347;23855839.1661;
2134;520115;23993317.8428;16911831.1679;10648822.4122;19411876.7426;19365423.9789;23849650.8146;12339751.5139;4712464.1214;23854708.9339;
2134;520116;23993428.3682;16913902.2335;10646458.8092;19410570.7894;19364394.4614;23850859.0894;12339948.3829;4712216.2964;23853578.4654;
2134;520117;23993538.5668;16915973.2436;10644095.2406;19409264.5056;19363364.5997;23852067.1199;12340145.4010;4711968.5595;23852447.7607;
2134;520118;23993648.4387;16918044.1982;10641731.7065;19407957.8913;19362334.3937;23853274.9062;12340342.5683;4711720.9108;23851316.8198;
2134;520119;23993757.9837;16920115.0973;10639368.2070;19406650.9466;19361303.8436;23854482.4481;12340539.8849;4711473.3503;23850185.6428;
2134;520120;23993867.2020;16922185.9407;10637004.7421;19405343.6714;19360272.9493;23855689.7456;12340737.3506;4711225.8778;23849054.2297;
2134;520121;23993976.0934;16924256.7284;10634641.3119;19404036.0657;19359241.7107;23856896.7987;12340934.9657;4710978.4933;23847922.5805;
2134;520122;23994084.6579;16926327.4604;10632277.9164;19402728.1297;19358210.1280;23858103.6074;12341132.7300;4710731.1968;23846790.6954;
2134;520123;23994192.8956;16928398.1365;10629914.5558;19401419.8631;19357178.2011;23859310.1715;12341330.6437;4710483.9882;23845658.5743;
2134;520124;23994300.8062;16930468.7567;10627551.2301;19400111.2662;19356145.9299;23860516.4910;12341528.7067;4710236.8676;23844526.2173;
2134;520125;23994408.3900;16932539.3210;10625187.9393;19398802.3389;19355113.3146;23861722.5659;12341726.9190;4709989.8347;23843393.6246;
2134;520126;23994515.6467;16934609.8293;10622824.6835;19397493.0812;19354080.3550;23862928.3961;12341925.2808;4709742.8896;23842260.7960;
2134;520127;23994622.5764;16936680.2814;10620461.4628;19396183.4931;19353047.0513;23864133.9816;12342123.7920;4709496.0323;23841127.7317;
2134;520128;23994729.1790;16938750.6774;10618098.2772;19394873.5747;19352013.4033;23865339.3223;12342322.4526;4709249.2626;23839994.4317;
2134;520129;23994835.4546;16940821.0173;10615735.1268;19393563.3259;19350979.4112;23866544.4182;12342521.2627;4709002.5806;23838860.8961;
2134;520130;23994941.4030;16942891.3008;10613372.0117;19392252.7468;19349945.0748;23867749.2692;12342720.2223;4708755.9862;23837727.1249;
2134;520131;23995047.0243;16944961.5280;10611008.9319;19390941.8373;19348910.3942;23868953.8753;12342919.3314;4708509.4793;23836593.1182;
2134;520132;23995152.3185;16947031.6988;10608645.8874;19389630.5976;19347875.3695;23870158.2364;12343118.5901;4708263.0599;23835458.8760;
2134;520133;23995257.2854;16949101.8131;10606282.8784;19388319.0275;19346840.0005;23871362.3525;12343317.9984;4708016.7280;23834324.3983;
2134;520134;23995361.9251;16951171.8708;10603919.9049;19387007.1272;19345804.2874;23872566.2235;12343517.5563;4707770.4834;23833189.6853;
2134;520135;23995466.2375;16953241.8720;10601556.9669;19385694.8966;19344768.2300;23873769.8493;12343717.2638;4707524.3262;23832054.7370;
2134;520136;23995570.2227;16955311.8165;10599194.0646;19384382.3357;19343731.8285;23874973.2301;12343917.1209;4707278.2563;23830919.5534;
2134;520137;23995673.8805;16957381.7043;10596831.1980;19383069.4446;19342695.0827;23876176.3656;12344117.1278;4707032.2736;23829784.1345;
2134;520138;23995777.2110;16959451.5353;10594468.3671;19381756.2233;19341657.9928;23877379.2558;12344317.2843;4706786.3782;23828648.4805;
2134;520139;23995880.2141;16961521.3094;10592105.5720;19380442.6717;19340620.5586;23878581.9007;12344517.5906;4706540.5699;23827512.5914;
2134;520140;23995982.8898;16963591.0267;10589742.8128;19379128.7899;19339582.7803;23879784.3002;12344718.0467;4706294.8487;23826376.4672;
2134;520141;23996085.2380;16965660.6869;10587380.0895;19377814.5780;19338544.6578;23880986.4543;12344918.6525;4706049.2146;23825240.1079;
2134;520142;23996187.2588;16967730.2901;10585017.4023;19376500.0358;19337506.1910;23882188.3630;12345119.4082;4705803.6675;23824103.5137;
2134;520143;23996288.9521;16969799.8361;10582654.7510;19375185.1635;19336467.3801;23883390.0261;12345320.3137;4705558.2073;23822966.6846;
2134;520144;23996390.3178;16971869.3250;10580292.1360;19373869.9610;19335428.2250;23884591.4437;12345521.3690;4705312.8341;23821829.6206;
2134;520145;23996491.3560;16973938.7567;10577929.5570;19372554.4284;19334388.7257;23885792.6156;12345722.5743;4705067.5477;23820692.3218;
2134;520146;23996592.0667;16976008.1310;10575567.0144;19371238.5657;19333348.8822;23886993.5419;12345923.9295;4704822.3481;23819554.7882;
2134;520147;23996692.4497;16978077.4480;10573204.5080;19369922.3728;19332308.6945;23888194.2225;12346125.4346;4704577.2353;23818417.0199;
2134;520148;23996792.5050;16980146.7075;10570842.0380;19368605.8498;19331268.1626;23889394.6573;12346327.0897;4704332.2093;23817279.0169;
2134;520149;23996892.2327;16982215.9095;10568479.6044;19367288.9968;19330227.2865;23890594.8462;12346528.8947;4704087.2699;23816140.7793;
2134;520150;23996991.6327;16984285.0540;10566117.2073;19365971.8136;19329186.0663;23891794.7894;12346730.8498;4703842.4171;23815002.3072;
2134;520151;23997090.7050;16986354.1408;10563754.8468;19364654.3004;19328144.5018;23892994.4866;12346932.9550;4703597.6509;23813863.6005;
2134;520152;23997189.4495;16988423.1700;10561392.5229;19363336.4572;19327102.5932;23894193.9378;12347135.2102;4703352.9712;23812724.6594;
2134;520153;23997287.8662;16990492.1413;10559030.2357;19362018.2839;19326060.3403;23895393.1431;12347337.6155;4703108.3780;23811585.4838;
2134;520154;23997385.9551;16992561.0549;10556667.9852;19360699.7806;19325017.7433;23896592.1023;12347540.1709;4702863.8713;23810446.0739;
2134;520155;23997483.7161;16994629.9106;10554305.7715;19359380.9472;19323974.8021;23897790.8154;12347742.8765;4702619.4509;23809306.4297;
2134;520156;23997581.1493;16996698.7083;10551943.5947;19358061.7839;19322931.5167;23898989.2823;12347945.7323;4702375.1169;23808166.5512;
2134;520157;23997678.2546;16998767.4480;10549581.4547;19356742.2906;19321887.8871;23900187.5030;12348148.7382;4702130.8691;23807026.4385;
2134;520158;23997775.0319;17000836.1297;10547219.3518;19355422.4673;19320843.9134;23901385.4774;12348351.8944;4701886.7076;23805886.0916;
2134;520159;23997871.4812;17002904.7532;10544857.2859;19354102.3140;19319799.5954;23902583.2056;12348555.2008;4701642.6322;23804745.5107;
2134;520160;23997967.6026;17004973.3184;10542495.2572;19352781.8308;19318754.9333;23903780.6874;12348758.6576;4701398.6430;23803604.6956;
2134;520161;23998063.3959;17007041.8254;10540133.2656;19351461.0177;19317709.9270;23904977.9228;12348962.2646;4701154.7399;23802463.6466;
2134;520162;23998158.8612;17009110.2741;10537771.3112;19350139.8746;19316664.5765;23906174.9117;12349166.0219;4700910.9229;23801322.3636;
2134;520163;23998253.9984;17011178.6644;10535409.3941;19348818.4017;19315618.8818;23907371.6542;12349369.9296;4700667.1918;23800180.8467;
2134;520164;23998348.8075;17013246.9962;10533047.5144;19347496.5988;19314572.8430;23908568.1500;12349573.9877;4700423.5467;23799039.0959;
2134;520165;23998443.2885;17015315.2695;10530685.6721;19346174.4661;19313526.4600;23909764.3993;12349778.1962;4700179.9875;23797897.1114;
2134;520166;23998537.4413;17017383.4842;10528323.8673;19344852.0034;19312479.7328;23910960.4020;12349982.5552;4699936.5141;23796754.8931;
2134;520167;23998631.2659;17019451.6402;10525962.1000;19343529.2110;19311432.6614;23912156.1579;12350187.0645;4699693.1266;23795612.4410;
2134;520168;23998724.7623;17021519.7375;10523600.3704;19342206.0887;19310385.2458;23913351.6671;12350391.7244;4699449.8248;23794469.7554;
2134;520169;23998817.9304;17023587.7760;10521238.6784;19340882.6365;19309337.4861;23914546.9295;12350596.5348;4699206.6086;23793326.8361;
2134;520170;23998910.7702;17025655.7557;10518877.0241;19339558.8546;19308289.3822;23915741.9450;12350801.4957;4698963.4782;23792183.6833;
2134;520171;23999003.2817;17027723.6764;10516515.4076;19338234.7428;19307240.9341;23916936.7137;12351006.6072;4698720.4334;23791040.2970;
2134;520172;23999095.4649;17029791.5382;10514153.8290;19336910.3013;19306192.1419;23918131.2354;12351211.8692;4698477.4741;23789896.6772;
2134;520173;23999187.3197;17031859.3409;10511792.2882;19335585.5299;19305143.0055;23919325.5101;12351417.2819;4698234.6003;23788752.8240;
2134;520174;23999278.8461;17033927.0845;10509430.7855;19334260.4288;19304093.5249;23920519.5378;12351622.8452;4697991.8120;23787608.7375;
2134;520175;23999370.0440;17035994.7690;10507069.3208;19332934.9980;19303043.7001;23921713.3184;12351828.5592;4697749.1091;23786464.4177;
2134;520176;23999460.9135;17038062.3942;10504707.8942;19331609.2374;19301993.5312;23922906.8518;12352034.4239;4697506.4916;23785319.8646;
2134;520177;23999551.4545;17040129.9601;10502346.5057;19330283.1471;19300943.0181;23924100.1381;12352240.4392;4697263.9594;23784175.0784;
2134;520178;23999641.6670;17042197.4666;10499985.1555;19328956.7271;19299892.1608;23925293.1771;12352446.6054;4697021.5124;23783030.0590;
2134;520179;23999731.5510;17044264.9137;10497623.8435;19327629.9774;19298840.9594;23926485.9688;12352652.9222;4696779.1507;23781884.8065;
2134;520180;23999821.1064;17046332.3013;10495262.5699;19326302.8980;19297789.4138;23927678.5132;12352859.3899;4696536.8741;23780739.3210;
2134;520181;23999910.3332;17048399.6294;10492901.3347;19324975.4890;19296737.5241;23928870.8102;12353066.0084;4696294.6827;23779593.6025;
2134;520182;23999999.2313;17050466.8978;10490540.1380;19323647.7503;19295685.2901;23930062.8598;12353272.7777;4696052.5764;23778447.6510;
2134;520183;24000087.8008;17052534.1065;10488178.9798;19322319.6819;19294632.7121;23931254.6619;12353479.6979;4695810.5550;23777301.4667;
2134;520184;24000176.0416;17054601.2555;10485817.8601;19320991.2839;19293579.7898;23932446.2164;12353686.7690;4695568.6187;23776155.0495;
2134;520185;24000263.9536;17056668.3447;10483456.7792;19319662.5563;19292526.5234;23933637.5234;12353893.9910;4695326.7673;23775008.3995;
2134;520186;24000351.5370;17058735.3740;10481095.7369;19318333.4991;19291472.9129;23934828.5827;12354101.3640;4695085.0007;23773861.5168;
2134;520187;24000438.7915;17060802.3433;10478734.7335;19317004.1123;19290418.9582;23936019.3944;12354308.8879;4694843.3190;23772714.4014;
2134;520188;24000525.7172;17062869.2527;10476373.7688;19315674.3959;19289364.6593;23937209.9583;12354516.5628;4694601.7221;23771567.0534;
2134;520189;24000612.3141;17064936.1019;10474012.8431;19314344.3500;19288310.0163;23938400.2745;12354724.3888;4694360.2099;23770419.4728;
2134;520190;24000698.5822;17067002.8910;10471651.9563;19313013.9745;19287255.0291;23939590.3428;12354932.3657;4694118.7824;23769271.6596;
2134;520191;24000784.5213;17069069.6200;10469291.1086;19311683.2695;19286199.6978;23940780.1633;12355140.4938;4693877.4395;23768123.6140;
2134;520192;24000870.1315;17071136.2886;10466930.2999;19310352.2350;19285144.0224;23941969.7358;12355348.7729;4693636.1813;23766975.3360;
2134;520193;24000955.4128;17073202.8969;10464569.5304;19309020.8709;19284088.0027;23943159.0603;12355557.2032;4693395.0075;23765826.8255;
2134;520194;24001040.3651;17075269.4449;10462208.8001;19307689.1774;19283031.6390;23944348.1369;12355765.7846;4693153.9183;23764678.0828;
2134;520195;24001124.9884;17077335.9323;10459848.1090;19306357.1544;19281974.9311;23945536.9653;12355974.5172;4692912.9135;23763529.1077;
2134;520196;24001209.2826;17079402.3593;10457487.4573;19305024.8019;19280917.8790;23946725.5457;12356183.4010;4692671.9931;23762379.9005;
2134;520197;24001293.2478;17081468.7256;10455126.8450;19303692.1199;19279860.4828;23947913.8778;12356392.4360;4692431.1570;23761230.4611;
2134;520198;24001376.8839;17083535.0313;10452766.2721;19302359.1085;19278802.7425;23949101.9618;12356601.6222;4692190.4052;23760080.7895;
2134;520199;24001460.1909;17085601.2763;10450405.7388;19301025.7677;19277744.6580;23950289.7975;12356810.9598;4691949.7377;23758930.8859;
