week;tow;PRN10;PRN16;PRN18;PRN20;PRN23;PRN26;PRN27;PRN29;PRN31;
2134;518400;10657585.9969;-7661424.3509;8979758.0985;15444472.5301;16515650.1842;584185.0302;-17630628.5511;22116792.0063;-5582999.0470;
2134;518401;10658310.3610;-7659586.2302;8980841.5946;15444456.2423;16515671.8564;585471.2208;-17628639.1373;22118472.8195;-5582463.7407;
2134;518402;10659034.4677;-7657748.2872;8981925.2871;15444439.8194;16515693.3312;586757.1762;-17626649.4309;22120153.3455;-5581928.2530;
2134;518403;10659758.3170;-7655910.5220;8983009.1761;15444423.2614;16515714.6086;588042.8965;-17624659.4321;22121833.5843;-5581392.5837;
2134;518404;10660481.9089;-7654072.9344;8984093.2617;15444406.5685;16515735.6888;589328.3815;-17622669.1408;22123513.5357;-5580856.7329;
2134;518405;10661205.2435;-7652235.5246;8985177.5437;15444389.7407;16515756.5717;590613.6314;-17620678.5571;22125193.1997;-5580320.7005;
2134;518406;10661928.3207;-7650398.2926;8986262.0222;15444372.7780;16515777.2575;591898.6461;-17618687.6810;22126872.5763;-5579784.4864;
2134;518407;10662651.1407;-7648561.2385;8987346.6972;15444355.6804;16515797.7461;593183.4256;-17616696.5126;22128551.6654;-5579248.0906;
2134;518408;10663373.7034;-7646724.3622;8988431.5686;15444338.4481;16515818.0376;594467.9700;-17614705.0520;22130230.4670;-5578711.5131;
2134;518409;10664096.0089;-7644887.6639;8989516.6365;15444321.0810;16515838.1320;595752.2792;-17612713.2991;22131908.9810;-5578174.7539;
2134;518410;10664818.0572;-7643051.1435;8990601.9008;15444303.5793;16515858.0295;597036.3532;-17610721.2541;22133587.2074;-5577637.8128;
2134;518411;10665539.8483;-7641214.8011;8991687.3616;15444285.9429;16515877.7300;598320.1920;-17608728.9170;22135265.1461;-5577100.6900;
2134;518412;10666261.3822;-7639378.6367;8992773.0189;15444268.1719;16515897.2336;599603.7957;-17606736.2878;22136942.7970;-5576563.3852;
2134;518413;10666982.6591;-7637542.6505;8993858.8726;15444250.2664;16515916.5403;600887.1642;-17604743.3665;22138620.1602;-5576025.8986;
2134;518414;10667703.6788;-7635706.8423;8994944.9227;15444232.2263;16515935.6503;602170.2976;-17602750.1533;22140297.2356;-5575488.2300;
2134;518415;10668424.4415;-7633871.2122;8996031.1692;15444214.0519;16515954.5634;603453.1958;-17600756.6481;22141974.0230;-5574950.3794;
2134;518416;10669144.9471;-7632035.7604;8997117.6122;15444195.7430;16515973.2798;604735.8589;-17598762.8510;22143650.5226;-5574412.3469;
2134;518417;10669865.1957;-7630200.4868;8998204.2515;15444177.2998;16515991.7996;606018.2868;-17596768.7621;22145326.7342;-5573874.1322;
2134;518418;10670585.1874;-7628365.3914;8999291.0873;15444158.7223;16516010.1228;607300.4795;-17594774.3814;22147002.6577;-5573335.7355;
2134;518419;10671304.9220;-7626530.4744;9000378.1195;15444140.0105;16516028.2493;608582.4371;-17592779.7090;22148678.2931;-5572797.1567;
2134;518420;10672024.3998;-7624695.7356;9001465.3480;15444121.1645;16516046.1793;609864.1596;-17590784.7448;22150353.6405;-5572258.3956;
2134;518421;10672743.6206;-7622861.1753;9002552.7729;15444102.1844;16516063.9129;611145.6469;-17588789.4889;22152028.6996;-5571719.4524;
2134;518422;10673462.5846;-7621026.7934;9003640.3943;15444083.0702;16516081.4500;612426.8990;-17586793.9415;22153703.4705;-5571180.3270;
2134;518423;10674181.2917;-7619192.5899;9004728.2119;15444063.8219;16516098.7907;613707.9160;-17584798.1025;22155377.9532;-5570641.0192;
2134;518424;10674899.7420;-7617358.5649;9005816.2260;15444044.4396;16516115.9351;614988.6979;-17582801.9719;22157052.1475;-5570101.5292;
2134;518425;10675617.9355;-7615524.7184;9006904.4364;15444024.9233;16516132.8832;616269.2446;-17580805.5499;22158726.0534;-5569561.8568;
2134;518426;10676335.8722;-7613691.0505;9007992.8432;15444005.2732;16516149.6350;617549.5562;-17578808.8365;22160399.6709;-5569022.0020;
2134;518427;10677053.5522;-7611857.5612;9009081.4463;15443985.4891;16516166.1907;618829.6327;-17576811.8317;22162072.9999;-5568481.9648;
2134;518428;10677770.9754;-7610024.2505;9010170.2457;15443965.5713;16516182.5502;620109.4740;-17574814.5355;22163746.0404;-5567941.7451;
2134;518429;10678488.1420;-7608191.1186;9011259.2415;15443945.5197;16516198.7135;621389.0802;-17572816.9480;22165418.7923;-5567401.3430;
2134;518430;10679205.0520;-7606358.1653;9012348.4336;15443925.3343;16516214.6809;622668.4513;-17570819.0693;22167091.2555;-5566860.7583;
2134;518431;10679921.7053;-7604525.3908;9013437.8220;15443905.0153;16516230.4522;623947.5873;-17568820.8994;22168763.4301;-5566319.9910;
2134;518432;10680638.1020;-7602692.7951;9014527.4067;15443884.5627;16516246.0275;625226.4881;-17566822.4384;22170435.3160;-5565779.0411;
2134;518433;10681354.2421;-7600860.3782;9015617.1878;15443863.9765;16516261.4069;626505.1538;-17564823.6863;22172106.9130;-5565237.9086;
2134;518434;10682070.1257;-7599028.1401;9016707.1651;15443843.2568;16516276.5905;627783.5844;-17562824.6430;22173778.2213;-5564696.5933;
2134;518435;10682785.7527;-7597196.0810;9017797.3387;15443822.4036;16516291.5782;629061.7799;-17560825.3088;22175449.2406;-5564155.0954;
2134;518436;10683501.1233;-7595364.2008;9018887.7086;15443801.4169;16516306.3701;630339.7402;-17558825.6836;22177119.9711;-5563613.4147;
2134;518437;10684216.2374;-7593532.4996;9019978.2748;15443780.2969;16516320.9664;631617.4655;-17556825.7675;22178790.4125;-5563071.5512;
2134;518438;10684931.0950;-7591700.9775;9021069.0373;15443759.0436;16516335.3669;632894.9556;-17554825.5606;22180460.5650;-5562529.5049;
2134;518439;10685645.6963;-7589869.6343;9022159.9960;15443737.6570;16516349.5718;634172.2106;-17552825.0628;22182130.4283;-5561987.2757;
2134;518440;10686360.0412;-7588038.4703;9023251.1510;15443716.1372;16516363.5811;635449.2305;-17550824.2742;22183800.0025;-5561444.8636;
2134;518441;10687074.1297;-7586207.4854;9024342.5023;15443694.4841;16516377.3949;636726.0153;-17548823.1949;22185469.2875;-5560902.2686;
2134;518442;10687787.9619;-7584376.6797;9025434.0497;15443672.6980;16516391.0132;638002.5651;-17546821.8249;22187138.2833;-5560359.4905;
2134;518443;10688501.5377;-7582546.0531;9026525.7935;15443650.7787;16516404.4360;639278.8797;-17544820.1643;22188806.9899;-5559816.5295;
2134;518444;10689214.8573;-7580715.6059;9027617.7334;15443628.7264;16516417.6634;640554.9592;-17542818.2130;22190475.4070;-5559273.3854;
2134;518445;10689927.9207;-7578885.3379;9028709.8696;15443606.5411;16516430.6955;641830.8036;-17540815.9713;22192143.5349;-5558730.0582;
2134;518446;10690640.7279;-7577055.2492;9029802.2020;15443584.2229;16516443.5323;643106.4129;-17538813.4390;22193811.3732;-5558186.5479;
2134;518447;10691353.2788;-7575225.3399;9030894.7306;15443561.7718;16516456.1738;644381.7872;-17536810.6163;22195478.9221;-5557642.8544;
2134;518448;10692065.5736;-7573395.6099;9031987.4554;15443539.1878;16516468.6201;645656.9263;-17534807.5031;22197146.1815;-5557098.9778;
2134;518449;10692777.6123;-7571566.0594;9033080.3764;15443516.4711;16516480.8713;646931.8304;-17532804.0996;22198813.1513;-5556554.9179;
2134;518450;10693489.3948;-7569736.6884;9034173.4936;15443493.6216;16516492.9273;648206.4994;-17530800.4058;22200479.8315;-5556010.6747;
2134;518451;10694200.9213;-7567907.4969;9035266.8070;15443470.6394;16516504.7883;649480.9333;-17528796.4218;22202146.2220;-5555466.2482;
2134;518452;10694912.1917;-7566078.4849;9036360.3166;15443447.5245;16516516.4542;650755.1321;-17526792.1475;22203812.3227;-5554921.6383;
2134;518453;10695623.2061;-7564249.6525;9037454.0223;15443424.2771;16516527.9252;652029.0959;-17524787.5830;22205478.1337;-5554376.8451;
2134;518454;10696333.9645;-7562420.9997;9038547.9242;15443400.8971;16516539.2013;653302.8245;-17522782.7284;22207143.6549;-5553831.8684;
2134;518455;10697044.4670;-7560592.5266;9039642.0222;15443377.3846;16516550.2824;654576.3181;-17520777.5838;22208808.8861;-5553286.7083;
2134;518456;10697754.7134;-7558764.2332;9040736.3164;15443353.7396;16516561.1688;655849.5767;-17518772.1491;22210473.8275;-5552741.3647;
2134;518457;10698464.7040;-7556936.1195;9041830.8068;15443329.9623;16516571.8603;657122.6002;-17516766.4244;22212138.4789;-5552195.8375;
2134;518458;10699174.4387;-7555108.1856;9042925.4933;15443306.0525;16516582.3571;658395.3886;-17514760.4098;22213802.8402;-5551650.1268;
2134;518459;10699883.9175;-7553280.4315;9044020.3759;15443282.0105;16516592.6592;659667.9419;-17512754.1053;22215466.9115;-5551104.2325;
2134;518460;10700593.1406;-7551452.8572;9045115.4546;15443257.8362;16516602.7667;660940.2602;-17510747.5109;22217130.6926;-5550558.1545;
2134;518461;10701302.1078;-7549625.4628;9046210.7294;15443233.5297;16516612.6796;662212.3434;-17508740.6267;22218794.1836;-5550011.8929;
2134;518462;10702010.8192;-7547798.2483;9047306.2004;15443209.0910;16516622.3980;663484.1916;-17506733.4528;22220457.3843;-5549465.4475;
2134;518463;10702719.2749;-7545971.2138;9048401.8674;15443184.5203;16516631.9218;664755.8047;-17504725.9892;22222120.2948;-5548918.8184;
2134;518464;10703427.4748;-7544144.3593;9049497.7306;15443159.8174;16516641.2512;666027.1828;-17502718.2359;22223782.9149;-5548372.0055;
2134;518465;10704135.4191;-7542317.6848;9050593.7898;15443134.9825;16516650.3861;667298.3258;-17500710.1931;22225445.2447;-5547825.0087;
2134;518466;10704843.1077;-7540491.1904;9051690.0451;15443110.0157;16516659.3268;668569.2338;-17498701.8606;22227107.2840;-5547277.8281;
2134;518467;10705550.5407;-7538664.8761;9052786.4965;15443084.9169;16516668.0731;669839.9068;-17496693.2386;22228769.0329;-5546730.4636;
2134;518468;10706257.7180;-7536838.7419;9053883.1440;15443059.6863;16516676.6251;671110.3447;-17494684.3272;22230430.4913;-5546182.9152;
2134;518469;10706964.6398;-7535012.7880;9054979.9875;15443034.3239;16516684.9829;672380.5475;-17492675.1263;22232091.6590;-5545635.1828;
2134;518470;10707671.3060;-7533187.0142;9056077.0270;15443008.8296;16516693.1466;673650.5154;-17490665.6361;22233752.5362;-5545087.2663;
2134;518471;10708377.7167;-7531361.4207;9057174.2626;15442983.2037;16516701.1161;674920.2482;-17488655.8565;22235413.1227;-5544539.1659;
2134;518472;10709083.8719;-7529536.0075;9058271.6942;15442957.4461;16516708.8916;676189.7460;-17486645.7877;22237073.4184;-5543990.8813;
2134;518473;10709789.7717;-7527710.7746;9059369.3219;15442931.5568;16516716.4730;677459.0087;-17484635.4296;22238733.4234;-5543442.4126;
2134;518474;10710495.4160;-7525885.7221;9060467.1456;15442905.5360;16516723.8605;678728.0365;-17482624.7823;22240393.1376;-5542893.7598;
2134;518475;10711200.8049;-7524060.8499;9061565.1653;15442879.3836;16516731.0540;679996.8292;-17480613.8459;22242052.5609;-5542344.9228;
2134;518476;10711905.9384;-7522236.1583;9062663.3810;15442853.0998;16516738.0537;681265.3869;-17478602.6204;22243711.6933;-5541795.9015;
2134;518477;10712610.8165;-7520411.6471;9063761.7927;15442826.6845;16516744.8595;682533.7095;-17476591.1058;22245370.5347;-5541246.6960;
2134;518478;10713315.4393;-7518587.3164;9064860.4004;15442800.1378;16516751.4715;683801.7972;-17474579.3022;22247029.0850;-5540697.3061;
2134;518479;10714019.8068;-7516763.1663;9065959.2041;15442773.4598;16516757.8897;685069.6499;-17472567.2097;22248687.3444;-5540147.7319;
2134;518480;10714723.9191;-7514939.1968;9067058.2038;15442746.6505;16516764.1143;686337.2675;-17470554.8283;22250345.3126;-5539597.9734;
2134;518481;10715427.7761;-7513115.4079;9068157.3994;15442719.7100;16516770.1453;687604.6502;-17468542.1580;22252002.9896;-5539048.0304;
2134;518482;10716131.3779;-7511291.7996;9069256.7910;15442692.6383;16516775.9826;688871.7978;-17466529.1989;22253660.3754;-5538497.9030;
2134;518483;10716834.7244;-7509468.3721;9070356.3786;15442665.4354;16516781.6264;690138.7105;-17464515.9510;22255317.4700;-5537947.5911;
2134;518484;10717537.8159;-7507645.1253;9071456.1621;15442638.1015;16516787.0766;691405.3881;-17462502.4144;22256974.2732;-5537397.0946;
2134;518485;10718240.6522;-7505822.0593;9072556.1416;15442610.6365;16516792.3334;692671.8308;-17460488.5891;22258630.7851;-5536846.4136;
2134;518486;10718943.2333;-7503999.1741;9073656.3170;15442583.0405;16516797.3968;693938.0384;-17458474.4752;22260287.0055;-5536295.5480;
2134;518487;10719645.5595;-7502176.4697;9074756.6883;15442555.3135;16516802.2669;695204.0111;-17456460.0727;22261942.9345;-5535744.4978;
2134;518488;10720347.6305;-7500353.9463;9075857.2555;15442527.4557;16516806.9436;696469.7488;-17454445.3817;22263598.5720;-5535193.2629;
2134;518489;10721049.4466;-7498531.6037;9076958.0187;15442499.4670;16516811.4271;697735.2515;-17452430.4023;22265253.9179;-5534641.8433;
2134;518490;10721751.0076;-7496709.4422;9078058.9778;15442471.3475;16516815.7173;699000.5193;-17450415.1343;22266908.9722;-5534090.2389;
2134;518491;10722452.3137;-7494887.4616;9079160.1327;15442443.0973;16516819.8144;700265.5520;-17448399.5780;22268563.7349;-5533538.4498;
2134;518492;10723153.3648;-7493065.6621;9080261.4836;15442414.7164;16516823.7183;701530.3498;-17446383.7334;22270218.2058;-5532986.4759;
2134;518493;10723854.1611;-7491244.0436;9081363.0303;15442386.2048;16516827.4292;702794.9126;-17444367.6004;22271872.3850;-5532434.3171;
2134;518494;10724554.7024;-7489422.6063;9082464.7729;15442357.5626;16516830.9470;704059.2405;-17442351.1792;22273526.2723;-5531881.9734;
2134;518495;10725254.9889;-7487601.3501;9083566.7114;15442328.7898;16516834.2719;705323.3334;-17440334.4698;22275179.8678;-5531329.4447;
2134;518496;10725955.0206;-7485780.2751;9084668.8457;15442299.8866;16516837.4038;706587.1913;-17438317.4722;22276833.1714;-5530776.7312;
2134;518497;10726654.7975;-7483959.3813;9085771.1759;15442270.8528;16516840.3428;707850.8143;-17436300.1866;22278486.1831;-5530223.8326;
2134;518498;10727354.3196;-7482138.6687;9086873.7020;15442241.6887;16516843.0890;709114.2023;-17434282.6128;22280138.9027;-5529670.7489;
2134;518499;10728053.5869;-7480318.1375;9087976.4239;15442212.3942;16516845.6424;710377.3553;-17432264.7511;22281791.3303;-5529117.4803;
2134;518500;10728752.5996;-7478497.7876;9089079.3416;15442182.9694;16516848.0030;711640.2734;-17430246.6014;22283443.4657;-5528564.0264;
2134;518501;10729451.3576;-7476677.6191;9090182.4551;15442153.4143;16516850.1710;712902.9566;-17428228.1637;22285095.3091;-5528010.3875;
2134;518502;10730149.8609;-7474857.6319;9091285.7645;15442123.7290;16516852.1463;714165.4048;-17426209.4382;22286746.8602;-5527456.5634;
2134;518503;10730848.1096;-7473037.8262;9092389.2696;15442093.9136;16516853.9290;715427.6181;-17424190.4249;22288398.1190;-5526902.5540;
2134;518504;10731546.1037;-7471218.2020;9093492.9706;15442063.9680;16516855.5192;716689.5964;-17422171.1238;22290049.0856;-5526348.3594;
2134;518505;10732243.8432;-7469398.7594;9094596.8674;15442033.8924;16516856.9168;717951.3399;-17420151.5350;22291699.7598;-5525793.9795;
2134;518506;10732941.3282;-7467579.4982;9095700.9599;15442003.6867;16516858.1220;719212.8483;-17418131.6585;22293350.1416;-5525239.4143;
2134;518507;10733638.5586;-7465760.4187;9096805.2482;15441973.3511;16516859.1348;720474.1219;-17416111.4943;22295000.2309;-5524684.6637;
2134;518508;10734335.5346;-7463941.5208;9097909.7323;15441942.8855;16516859.9552;721735.1605;-17414091.0426;22296650.0278;-5524129.7277;
2134;518509;10735032.2561;-7462122.8045;9099014.4122;15441912.2901;16516860.5833;722995.9642;-17412070.3033;22298299.5321;-5523574.6063;
2134;518510;10735728.7232;-7460304.2700;9100119.2878;15441881.5648;16516861.0191;724256.5330;-17410049.2766;22299948.7438;-5523019.2994;
2134;518511;10736424.9359;-7458485.9172;9101224.3592;15441850.7098;16516861.2627;725516.8668;-17408027.9623;22301597.6628;-5522463.8070;
2134;518512;10737120.8942;-7456667.7462;9102329.6263;15441819.7251;16516861.3141;726776.9658;-17406006.3607;22303246.2892;-5521908.1290;
2134;518513;10737816.5982;-7454849.7570;9103435.0891;15441788.6106;16516861.1734;728036.8298;-17403984.4718;22304894.6228;-5521352.2655;
2134;518514;10738512.0478;-7453031.9496;9104540.7477;15441757.3665;16516860.8406;729296.4589;-17401962.2955;22306542.6636;-5520796.2163;
2134;518515;10739207.2432;-7451214.3241;9105646.6020;15441725.9929;16516860.3158;730555.8532;-17399939.8320;22308190.4116;-5520239.9815;
2134;518516;10739902.1843;-7449396.8806;9106752.6520;15441694.4897;16516859.5990;731815.0125;-17397917.0812;22309837.8666;-5519683.5610;
2134;518517;10740596.8712;-7447579.6190;9107858.8977;15441662.8571;16516858.6903;733073.9369;-17395894.0433;22311485.0288;-5519126.9547;
2134;518518;10741291.3038;-7445762.5394;9108965.3390;15441631.0950;16516857.5897;734332.6265;-17393870.7183;22313131.8979;-5518570.1627;
2134;518519;10741985.4823;-7443945.6418;9110071.9761;15441599.2035;16516856.2973;735591.0811;-17391847.1062;22314778.4740;-5518013.1849;
2134;518520;10742679.4067;-7442128.9263;9111178.8089;15441567.1826;16516854.8130;736849.3009;-17389823.2071;22316424.7570;-5517456.0213;
2134;518521;10743373.0769;-7440312.3930;9112285.8373;15441535.0325;16516853.1370;738107.2857;-17387799.0211;22318070.7469;-5516898.6718;
2134;518522;10744066.4930;-7438496.0417;9113393.0614;15441502.7532;16516851.2693;739365.0357;-17385774.5481;22319716.4436;-5516341.1364;
2134;518523;10744759.6551;-7436679.8727;9114500.4811;15441470.3446;16516849.2100;740622.5509;-17383749.7882;22321361.8471;-5515783.4150;
2134;518524;10745452.5632;-7434863.8858;9115608.0965;15441437.8070;16516846.9591;741879.8311;-17381724.7415;22323006.9572;-5515225.5077;
2134;518525;10746145.2172;-7433048.0812;9116715.9076;15441405.1402;16516844.5166;743136.8765;-17379699.4080;22324651.7741;-5514667.4143;
2134;518526;10746837.6173;-7431232.4589;9117823.9142;15441372.3444;16516841.8826;744393.6870;-17377673.7878;22326296.2975;-5514109.1349;
2134;518527;10747529.7634;-7429417.0190;9118932.1165;15441339.4195;16516839.0571;745650.2626;-17375647.8809;22327940.5275;-5513550.6693;
2134;518528;10748221.6556;-7427601.7614;9120040.5145;15441306.3658;16516836.0403;746906.6034;-17373621.6874;22329584.4641;-5512992.0177;
2134;518529;10748913.2939;-7425786.6862;9121149.1080;15441273.1831;16516832.8321;748162.7093;-17371595.2072;22331228.1071;-5512433.1799;
2134;518530;10749604.6783;-7423971.7934;9122257.8971;15441239.8716;16516829.4325;749418.5803;-17369568.4405;22332871.4565;-5511874.1559;
2134;518531;10750295.8089;-7422157.0831;9123366.8818;15441206.4313;16516825.8417;750674.2165;-17367541.3874;22334514.5123;-5511314.9456;
2134;518532;10750986.6857;-7420342.5553;9124476.0621;15441172.8622;16516822.0597;751929.6179;-17365514.0477;22336157.2744;-5510755.5491;
2134;518533;10751677.3088;-7418528.2101;9125585.4380;15441139.1645;16516818.0865;753184.7844;-17363486.4217;22337799.7428;-5510195.9663;
2134;518534;10752367.6780;-7416714.0474;9126695.0094;15441105.3381;16516813.9222;754439.7161;-17361458.5093;22339441.9174;-5509636.1971;
2134;518535;10753057.7936;-7414900.0674;9127804.7764;15441071.3830;16516809.5668;755694.4129;-17359430.3106;22341083.7982;-5509076.2416;
2134;518536;10753747.6554;-7413086.2700;9128914.7390;15441037.2995;16516805.0203;756948.8749;-17357401.8257;22342725.3851;-5508516.0996;
2134;518537;10754437.2637;-7411272.6553;9130024.8971;15441003.0874;16516800.2829;758203.1021;-17355373.0545;22344366.6781;-5507955.7712;
2134;518538;10755126.6182;-7409459.2234;9131135.2507;15440968.7468;16516795.3546;759457.0944;-17353343.9972;22346007.6771;-5507395.2563;
2134;518539;10755815.7192;-7407645.9742;9132245.7999;15440934.2779;16516790.2354;760710.8519;-17351314.6538;22347648.3821;-5506834.5549;
2134;518540;10756504.5666;-7405832.9078;9133356.5446;15440899.6806;16516784.9253;761964.3746;-17349285.0243;22349288.7930;-5506273.6669;
2134;518541;10757193.1604;-7404020.0243;9134467.4848;15440864.9549;16516779.4245;763217.6625;-17347255.1087;22350928.9098;-5505712.5923;
2134;518542;10757881.5007;-7402207.3236;9135578.6205;15440830.1011;16516773.7329;764470.7156;-17345224.9072;22352568.7325;-5505151.3310;
2134;518543;10758569.5875;-7400394.8059;9136689.9518;15440795.1190;16516767.8506;765723.5338;-17343194.4198;22354208.2609;-5504589.8831;
2134;518544;10759257.4209;-7398582.4710;9137801.4785;15440760.0087;16516761.7777;766976.1173;-17341163.6465;22355847.4950;-5504028.2485;
2134;518545;10759945.0008;-7396770.3192;9138913.2006;15440724.7703;16516755.5141;768228.4659;-17339132.5873;22357486.4349;-5503466.4272;
2134;518546;10760632.3274;-7394958.3504;9140025.1183;15440689.4039;16516749.0601;769480.5798;-17337101.2424;22359125.0804;-5502904.4190;
2134;518547;10761319.4005;-7393146.5647;9141137.2314;15440653.9094;16516742.4155;770732.4588;-17335069.6118;22360763.4314;-5502342.2241;
2134;518548;10762006.2203;-7391334.9620;9142249.5400;15440618.2870;16516735.5804;771984.1031;-17333037.6954;22362401.4880;-5501779.8423;
2134;518549;10762692.7868;-7389523.5425;9143362.0440;15440582.5366;16516728.5550;773235.5125;-17331005.4934;22364039.2501;-5501217.2736;
2134;518550;10763379.1000;-7387712.3062;9144474.7435;15440546.6584;16516721.3392;774486.6872;-17328973.0059;22365676.7177;-5500654.5180;
2134;518551;10764065.1599;-7385901.2530;9145587.6384;15440510.6523;16516713.9331;775737.6271;-17326940.2328;22367313.8906;-5500091.5755;
2134;518552;10764750.9666;-7384090.3831;9146700.7287;15440474.5185;16516706.3367;776988.3322;-17324907.1741;22368950.7689;-5499528.4459;
2134;518553;10765436.5201;-7382279.6965;9147814.0145;15440438.2570;16516698.5501;778238.8026;-17322873.8301;22370587.3525;-5498965.1293;
2134;518554;10766121.8204;-7380469.1932;9148927.4956;15440401.8677;16516690.5734;779489.0381;-17320840.2006;22372223.6413;-5498401.6257;
2134;518555;10766806.8676;-7378658.8732;9150041.1722;15440365.3509;16516682.4065;780739.0389;-17318806.2858;22373859.6353;-5497837.9349;
2134;518556;10767491.6616;-7376848.7366;9151155.0441;15440328.7065;16516674.0496;781988.8050;-17316772.0857;22375495.3345;-5497274.0570;
2134;518557;10768176.2026;-7375038.7835;9152269.1115;15440291.9345;16516665.5026;783238.3362;-17314737.6003;22377130.7388;-5496709.9919;
2134;518558;10768860.4905;-7373229.0138;9153383.3742;15440255.0351;16516656.7656;784487.6328;-17312702.8297;22378765.8481;-5496145.7397;
2134;518559;10769544.5254;-7371419.4276;9154497.8322;15440218.0082;16516647.8388;785736.6945;-17310667.7740;22380400.6624;-5495581.3001;
2134;518560;10770228.3072;-7369610.0249;9155612.4857;15440180.8539;16516638.7220;786985.5215;-17308632.4331;22382035.1817;-5495016.6733;
2134;518561;10770911.8361;-7367800.8058;9156727.3345;15440143.5724;16516629.4154;788234.1138;-17306596.8072;22383669.4059;-5494451.8592;
2134;518562;10771595.1121;-7365991.7703;9157842.3786;15440106.1635;16516619.9191;789482.4713;-17304560.8962;22385303.3349;-5493886.8577;
2134;518563;10772278.1351;-7364182.9184;9158957.6180;15440068.6274;16516610.2330;790730.5941;-17302524.7003;22386936.9688;-5493321.6688;
2134;518564;10772960.9052;-7362374.2502;9160073.0528;15440030.9641;16516600.3572;791978.4822;-17300488.2195;22388570.3074;-5492756.2925;
2134;518565;10773643.4225;-7360565.7657;9161188.6829;15439993.1737;16516590.2917;793226.1355;-17298451.4538;22390203.3507;-5492190.7287;
2134;518566;10774325.6869;-7358757.4650;9162304.5083;15439955.2561;16516580.0367;794473.5541;-17296414.4033;22391836.0987;-5491624.9775;
2134;518567;10775007.6986;-7356949.3480;9163420.5291;15439917.2116;16516569.5921;795720.7380;-17294377.0679;22393468.5513;-5491059.0387;
2134;518568;10775689.4575;-7355141.4149;9164536.7451;15439879.0400;16516558.9581;796967.6872;-17292339.4479;22395100.7085;-5490492.9123;
2134;518569;10776370.9636;-7353333.6656;9165653.1564;15439840.7415;16516548.1346;798214.4016;-17290301.5432;22396732.5702;-5489926.5983;
2134;518570;10777052.2170;-7351526.1003;9166769.7629;15439802.3162;16516537.1217;799460.8813;-17288263.3538;22398364.1363;-5489360.0967;
2134;518571;10777733.2178;-7349718.7188;9167886.5648;15439763.7639;16516525.9194;800707.1264;-17286224.8799;22399995.4069;-5488793.4074;
2134;518572;10778413.9658;-7347911.5213;9169003.5618;15439725.0849;16516514.5278;801953.1367;-17284186.1214;22401626.3818;-5488226.5304;
2134;518573;10779094.4613;-7346104.5078;9170120.7542;15439686.2792;16516502.9470;803198.9123;-17282147.0784;22403257.0611;-5487659.4656;
2134;518574;10779774.7041;-7344297.6784;9171238.1418;15439647.3467;16516491.1770;804444.4532;-17280107.7510;22404887.4446;-5487092.2131;
2134;518575;10780454.6944;-7342491.0330;9172355.7246;15439608.2876;16516479.2178;805689.7594;-17278068.1392;22406517.5324;-5486524.7727;
2134;518576;10781134.4322;-7340684.5718;9173473.5026;15439569.1019;16516467.0695;806934.8310;-17276028.2430;22408147.3243;-5485957.1445;
2134;518577;10781813.9174;-7338878.2946;9174591.4759;15439529.7896;16516454.7321;808179.6678;-17273988.0626;22409776.8204;-5485389.3283;
2134;518578;10782493.1501;-7337072.2017;9175709.6444;15439490.3509;16516442.2057;809424.2700;-17271947.5979;22411406.0205;-5484821.3243;
2134;518579;10783172.1304;-7335266.2930;9176828.0080;15439450.7856;16516429.4904;810668.6375;-17269906.8490;22413034.9247;-5484253.1323;
2134;518580;10783850.8583;-7333460.5685;9177946.5669;15439411.0940;16516416.5861;811912.7703;-17267865.8159;22414663.5329;-5483684.7522;
2134;518581;10784529.3337;-7331655.0283;9179065.3209;15439371.2761;16516403.4930;813156.6685;-17265824.4987;22416291.8450;-5483116.1842;
2134;518582;10785207.5568;-7329849.6725;9180184.2702;15439331.3318;16516390.2110;814400.3320;-17263782.8975;22417919.8610;-5482547.4281;
2134;518583;10785885.5276;-7328044.5010;9181303.4145;15439291.2612;16516376.7403;815643.7608;-17261741.0123;22419547.5808;-5481978.4838;
2134;518584;10786563.2461;-7326239.5139;9182422.7541;15439251.0645;16516363.0808;816886.9550;-17259698.8431;22421175.0044;-5481409.3514;
2134;518585;10787240.7122;-7324434.7112;9183542.2888;15439210.7416;16516349.2326;818129.9145;-17257656.3900;22422802.1317;-5480840.0309;
2134;518586;10787917.9262;-7322630.0930;9184662.0186;15439170.2926;16516335.1959;819372.6394;-17255613.6530;22424428.9628;-5480270.5221;
2134;518587;10788594.8879;-7320825.6594;9185781.9436;15439129.7175;16516320.9705;820615.1296;-17253570.6322;22426055.4974;-5479700.8251;
2134;518588;10789271.5974;-7319021.4102;9186902.0636;15439089.0165;16516306.5566;821857.3852;-17251527.3277;22427681.7357;-5479130.9397;
2134;518589;10789948.0547;-7317217.3456;9188022.3788;15439048.1894;16516291.9542;823099.4061;-17249483.7394;22429307.6775;-5478560.8661;
2134;518590;10790624.2599;-7315413.4657;9189142.8891;15439007.2365;16516277.1634;824341.1925;-17247439.8674;22430933.3229;-5477990.6041;
2134;518591;10791300.2130;-7313609.7704;9190263.5945;15438966.1577;16516262.1842;825582.7441;-17245395.7119;22432558.6716;-5477420.1537;
2134;518592;10791975.9141;-7311806.2598;9191384.4950;15438924.9530;16516247.0166;826824.0612;-17243351.2727;22434183.7238;-5476849.5149;
2134;518593;10792651.3630;-7310002.9339;9192505.5906;15438883.6226;16516231.6607;828065.1436;-17241306.5500;22435808.4793;-5476278.6876;
2134;518594;10793326.5600;-7308199.7927;9193626.8812;15438842.1665;16516216.1166;829305.9915;-17239261.5439;22437432.9382;-5475707.6718;
2134;518595;10794001.5050;-7306396.8364;9194748.3669;15438800.5847;16516200.3843;830546.6047;-17237216.2543;22439057.1002;-5475136.4675;
2134;518596;10794676.1980;-7304594.0648;9195870.0477;15438758.8773;16516184.4639;831786.9833;-17235170.6813;22440680.9655;-5474565.0746;
2134;518597;10795350.6391;-7302791.4782;9196991.9235;15438717.0444;16516168.3553;833027.1273;-17233124.8250;22442304.5340;-5473993.4931;
2134;518598;10796024.8283;-7300989.0764;9198113.9943;15438675.0859;16516152.0587;834267.0367;-17231078.6854;22443927.8056;-5473421.7229;
2134;518599;10796698.7656;-7299186.8596;9199236.2602;15438633.0019;16516135.5741;835506.7115;-17229032.2626;22445550.7802;-5472849.7641;
2134;518600;10797372.4511;-7297384.8278;9200358.7211;15438590.7925;16516118.9015;836746.1517;-17226985.5566;22447173.4578;-5472277.6165;
2134;518601;10798045.8847;-7295582.9809;9201481.3770;15438548.4578;16516102.0411;837985.3573;-17224938.5674;22448795.8384;-5471705.2802;
2134;518602;10798719.0666;-7293781.3191;9202604.2279;15438505.9977;16516084.9927;839224.3284;-17222891.2951;22450417.9220;-5471132.7551;
2134;518603;10799391.9967;-7291979.8424;9203727.2737;15438463.4123;16516067.7566;840463.0648;-17220843.7398;22452039.7084;-5470560.0412;
2134;518604;10800064.6751;-7290178.5508;9204850.5146;15438420.7018;16516050.3327;841701.5667;-17218795.9015;22453661.1976;-5469987.1384;
2134;518605;10800737.1018;-7288377.4443;9205973.9504;15438377.8660;16516032.7210;842939.8340;-17216747.7803;22455282.3896;-5469414.0468;
2134;518606;10801409.2768;-7286576.5230;9207097.5813;15438334.9051;16516014.9217;844177.8668;-17214699.3761;22456903.2843;-5468840.7662;
2134;518607;10802081.2002;-7284775.7870;9208221.4070;15438291.8191;16515996.9348;845415.6650;-17212650.6891;22458523.8817;-5468267.2966;
2134;518608;10802752.8720;-7282975.2362;9209345.4277;15438248.6081;16515978.7603;846653.2286;-17210601.7193;22460144.1817;-5467693.6381;
2134;518609;10803424.2922;-7281174.8707;9210469.6434;15438205.2722;16515960.3983;847890.5577;-17208552.4668;22461764.1843;-5467119.7905;
2134;518610;10804095.4609;-7279374.6905;9211594.0540;15438161.8113;16515941.8488;849127.6522;-17206502.9315;22463383.8894;-5466545.7538;
2134;518611;10804766.3780;-7277574.6957;9212718.6595;15438118.2255;16515923.1118;850364.5122;-17204453.1136;22465003.2970;-5465971.5280;
2134;518612;10805437.0436;-7275774.8863;9213843.4599;15438074.5148;16515904.1875;851601.1377;-17202403.0131;22466622.4071;-5465397.1131;
2134;518613;10806107.4578;-7273975.2624;9214968.4552;15438030.6794;16515885.0759;852837.5286;-17200352.6300;22468241.2195;-5464822.5090;
2134;518614;10806777.6205;-7272175.8239;9216093.6454;15437986.7193;16515865.7770;854073.6849;-17198301.9644;22469859.7343;-5464247.7157;
2134;518615;10807447.5319;-7270376.5709;9217219.0305;15437942.6344;16515846.2908;855309.6068;-17196251.0163;22471477.9514;-5463672.7331;
2134;518616;10808117.1919;-7268577.5034;9218344.6105;15437898.4250;16515826.6175;856545.2941;-17194199.7858;22473095.8707;-5463097.5613;
2134;518617;10808786.6005;-7266778.6215;9219470.3853;15437854.0909;16515806.7570;857780.7469;-17192148.2730;22474713.4922;-5462522.2001;
2134;518618;10809455.7578;-7264979.9253;9220596.3550;15437809.6323;16515786.7094;859015.9652;-17190096.4778;22476330.8159;-5461946.6496;
2134;518619;10810124.6638;-7263181.4147;9221722.5196;15437765.0492;16515766.4748;860250.9490;-17188044.4004;22477947.8416;-5461370.9097;
2134;518620;10810793.3186;-7261383.0897;9222848.8790;15437720.3417;16515746.0532;861485.6983;-17185992.0407;22479564.5695;-5460794.9804;
2134;518621;10811461.7221;-7259584.9505;9223975.4332;15437675.5098;16515725.4447;862720.2131;-17183939.3989;22481180.9993;-5460218.8616;
2134;518622;10812129.8745;-7257786.9971;9225102.1823;15437630.5535;16515704.6492;863954.4933;-17181886.4749;22482797.1310;-5459642.5533;
2134;518623;10812797.7756;-7255989.2294;9226229.1261;15437585.4729;16515683.6669;865188.5391;-17179833.2689;22484412.9647;-5459066.0554;
2134;518624;10813465.4257;-7254191.6476;9227356.2648;15437540.2681;16515662.4979;866422.3504;-17177779.7808;22486028.5002;-5458489.3680;
2134;518625;10814132.8246;-7252394.2516;9228483.5982;15437494.9391;16515641.1420;867655.9273;-17175726.0108;22487643.7376;-5457912.4910;
2134;518626;10814799.9725;-7250597.0416;9229611.1265;15437449.4860;16515619.5995;868889.2696;-17173671.9588;22489258.6767;-5457335.4244;
2134;518627;10815466.8693;-7248800.0174;9230738.8495;15437403.9087;16515597.8703;870122.3775;-17171617.6250;22490873.3175;-5456758.1681;
2134;518628;10816133.5150;-7247003.1793;9231866.7673;15437358.2074;16515575.9544;871355.2509;-17169563.0093;22492487.6600;-5456180.7220;
2134;518629;10816799.9098;-7245206.5271;9232994.8798;15437312.3822;16515553.8521;872587.8898;-17167508.1118;22494101.7041;-5455603.0862;
2134;518630;10817466.0536;-7243410.0610;9234123.1871;15437266.4329;16515531.5632;873820.2943;-17165452.9326;22495715.4498;-5455025.2607;
2134;518631;10818131.9465;-7241613.7809;9235251.6892;15437220.3598;16515509.0879;875052.4643;-17163397.4717;22497328.8970;-5454447.2453;
2134;518632;10818797.5885;-7239817.6870;9236380.3860;15437174.1628;16515486.4261;876284.3998;-17161341.7292;22498942.0456;-5453869.0401;
2134;518633;10819462.9796;-7238021.7792;9237509.2775;15437127.8420;16515463.5780;877516.1010;-17159285.7051;22500554.8957;-5453290.6450;
2134;518634;10820128.1199;-7236226.0576;9238638.3637;15437081.3974;16515440.5435;878747.5676;-17157229.3994;22502167.4472;-5452712.0599;
2134;518635;10820793.0094;-7234430.5222;9239767.6446;15437034.8292;16515417.3228;879978.7999;-17155172.8123;22503779.7000;-5452133.2849;
2134;518636;10821457.6481;-7232635.1731;9240897.1202;15436988.1373;16515393.9159;881209.7977;-17153115.9437;22505391.6541;-5451554.3200;
2134;518637;10822122.0360;-7230840.0102;9242026.7905;15436941.3218;16515370.3228;882440.5611;-17151058.7937;22507003.3094;-5450975.1649;
2134;518638;10822786.1732;-7229045.0337;9243156.6554;15436894.3827;16515346.5436;883671.0900;-17149001.3623;22508614.6659;-5450395.8199;
2134;518639;10823450.0597;-7227250.2435;9244286.7151;15436847.3201;16515322.5783;884901.3845;-17146943.6497;22510225.7236;-5449816.2847;
2134;518640;10824113.6955;-7225455.6397;9245416.9694;15436800.1341;16515298.4270;886131.4447;-17144885.6558;22511836.4823;-5449236.5594;
2134;518641;10824777.0807;-7223661.2224;9246547.4183;15436752.8246;16515274.0897;887361.2704;-17142827.3807;22513446.9421;-5448656.6439;
2134;518642;10825440.2153;-7221866.9915;9247678.0619;15436705.3918;16515249.5664;888590.8617;-17140768.8245;22515057.1029;-5448076.5382;
2134;518643;10826103.0993;-7220072.9471;9248808.9001;15436657.8357;16515224.8573;889820.2186;-17138709.9872;22516666.9646;-5447496.2423;
2134;518644;10826765.7328;-7218279.0892;9249939.9329;15436610.1563;16515199.9624;891049.3411;-17136650.8688;22518276.5272;-5446915.7560;
2134;518645;10827428.1158;-7216485.4180;9251071.1604;15436562.3537;16515174.8817;892278.2292;-17134591.4694;22519885.7907;-5446335.0795;
2134;518646;10828090.2482;-7214691.9333;9252202.5824;15436514.4280;16515149.6152;893506.8830;-17132531.7890;22521494.7550;-5445754.2127;
2134;518647;10828752.1302;-7212898.6352;9253334.1990;15436466.3791;16515124.1630;894735.3023;-17130471.8277;22523103.4200;-5445173.1554;
2134;518648;10829413.7618;-7211105.5239;9254466.0103;15436418.2072;16515098.5253;895963.4873;-17128411.5856;22524711.7858;-5444591.9077;
2134;518649;10830075.1430;-7209312.5992;9255598.0161;15436369.9122;16515072.7019;897191.4379;-17126351.0627;22526319.8522;-5444010.4696;
2134;518650;10830736.2738;-7207519.8613;9256730.2164;15436321.4943;16515046.6929;898419.1541;-17124290.2590;22527927.6192;-5443428.8410;
2134;518651;10831397.1543;-7205727.3102;9257862.6113;15436272.9535;16515020.4985;899646.6360;-17122229.1746;22529535.0868;-5442847.0219;
2134;518652;10832057.7844;-7203934.9459;9258995.2008;15436224.2898;16514994.1187;900873.8835;-17120167.8095;22531142.2549;-5442265.0122;
2134;518653;10832718.1643;-7202142.7684;9260127.9848;15436175.5032;16514967.5534;902100.8967;-17118106.1638;22532749.1235;-5441682.8119;
2134;518654;10833378.2940;-7200350.7778;9261260.9633;15436126.5940;16514940.8028;903327.6755;-17116044.2376;22534355.6924;-5441100.4210;
2134;518655;10834038.1734;-7198558.9742;9262394.1363;15436077.5619;16514913.8669;904554.2200;-17113982.0308;22535961.9618;-5440517.8395;
2134;518656;10834697.8026;-7196767.3575;9263527.5039;15436028.4073;16514886.7457;905780.5301;-17111919.5436;22537567.9315;-5439935.0672;
2134;518657;10835357.1817;-7194975.9278;9264661.0659;15435979.1300;16514859.4394;907006.6059;-17109856.7759;22539173.6015;-5439352.1042;
2134;518658;10836016.3106;-7193184.6851;9265794.8224;15435929.7301;16514831.9478;908232.4474;-17107793.7279;22540778.9717;-5438768.9504;
2134;518659;10836675.1894;-7191393.6295;9266928.7735;15435880.2077;16514804.2712;909458.0545;-17105730.3996;22542384.0421;-5438185.6058;
2134;518660;10837333.8182;-7189602.7610;9268062.9189;15435830.5628;16514776.4095;910683.4274;-17103666.7910;22543988.8126;-5437602.0704;
2134;518661;10837992.1969;-7187812.0796;9269197.2589;15435780.7955;16514748.3628;911908.5659;-17101602.9021;22545593.2832;-5437018.3441;
2134;518662;10838650.3256;-7186021.5854;9270331.7933;15435730.9058;16514720.1312;913133.4701;-17099538.7331;22547197.4538;-5436434.4269;
2134;518663;10839308.2044;-7184231.2783;9271466.5221;15435680.8938;16514691.7146;914358.1400;-17097474.2840;22548801.3245;-5435850.3188;
2134;518664;10839965.8331;-7182441.1586;9272601.4454;15435630.7595;16514663.1132;915582.5756;-17095409.5548;22550404.8951;-5435266.0197;
2134;518665;10840623.2120;-7180651.2261;9273736.5630;15435580.5030;16514634.3270;916806.7769;-17093344.5455;22552008.1655;-5434681.5295;
2134;518666;10841280.3410;-7178861.4809;9274871.8751;15435530.1243;16514605.3559;918030.7440;-17091279.2563;22553611.1359;-5434096.8484;
2134;518667;10841937.2201;-7177071.9230;9276007.3816;15435479.6235;16514576.2002;919254.4767;-17089213.6872;22555213.8060;-5433511.9761;
2134;518668;10842593.8494;-7175282.5525;9277143.0825;15435429.0006;16514546.8598;920477.9752;-17087147.8381;22556816.1759;-5432926.9127;
2134;518669;10843250.2288;-7173493.3694;9278278.9778;15435378.2556;16514517.3348;921701.2394;-17085081.7093;22558418.2455;-5432341.6581;
2134;518670;10843906.3585;-7171704.3738;9279415.0675;15435327.3887;16514487.6252;922924.2693;-17083015.3006;22560020.0147;-5431756.2124;
2134;518671;10844562.2385;-7169915.5657;9280551.3515;15435276.3999;16514457.7311;924147.0650;-17080948.6123;22561621.4836;-5431170.5755;
2134;518672;10845217.8687;-7168126.9450;9281687.8298;15435225.2891;16514427.6525;925369.6264;-17078881.6442;22563222.6520;-5430584.7472;
2134;518673;10845873.2493;-7166338.5120;9282824.5025;15435174.0566;16514397.3895;926591.9535;-17076814.3965;22564823.5200;-5429998.7277;
2134;518674;10846528.3802;-7164550.2665;9283961.3696;15435122.7022;16514366.9421;927814.0464;-17074746.8692;22566424.0874;-5429412.5169;
2134;518675;10847183.2615;-7162762.2086;9285098.4310;15435071.2261;16514336.3104;929035.9051;-17072679.0624;22568024.3542;-5428826.1146;
2134;518676;10847837.8932;-7160974.3384;9286235.6866;15435019.6283;16514305.4944;930257.5295;-17070610.9761;22569624.3204;-5428239.5210;
2134;518677;10848492.2753;-7159186.6559;9287373.1366;15434967.9089;16514274.4942;931478.9197;-17068542.6104;22571223.9860;-5427652.7360;
2134;518678;10849146.4079;-7157399.1611;9288510.7809;15434916.0679;16514243.3097;932700.0756;-17066473.9652;22572823.3508;-5427065.7595;
2134;518679;10849800.2910;-7155611.8541;9289648.6195;15434864.1054;16514211.9412;933920.9974;-17064405.0408;22574422.4148;-5426478.5914;
2134;518680;10850453.9247;-7153824.7348;9290786.6524;15434812.0213;16514180.3885;935141.6849;-17062335.8370;22576021.1780;-5425891.2319;
2134;518681;10851107.3088;-7152037.8034;9291924.8795;15434759.8159;16514148.6519;936362.1382;-17060266.3540;22577619.6404;-5425303.6807;
2134;518682;10851760.4436;-7150251.0599;9293063.3009;15434707.4890;16514116.7312;937582.3573;-17058196.5918;22579217.8019;-5424715.9380;
2134;518683;10852413.3290;-7148464.5043;9294201.9165;15434655.0408;16514084.6266;938802.3422;-17056126.5505;22580815.6624;-5424128.0036;
2134;518684;10853065.9651;-7146678.1366;9295340.7263;15434602.4713;16514052.3381;940022.0929;-17054056.2300;22582413.2218;-5423539.8775;
2134;518685;10853718.3518;-7144891.9568;9296479.7304;15434549.7805;16514019.8658;941241.6094;-17051985.6306;22584010.4803;-5422951.5597;
2134;518686;10854370.4892;-7143105.9651;9297618.9287;15434496.9686;16513987.2096;942460.8917;-17049914.7521;22585607.4376;-5422363.0502;
2134;518687;10855022.3774;-7141320.1614;9298758.3212;15434444.0355;16513954.3697;943679.9398;-17047843.5947;22587204.0938;-5421774.3489;
2134;518688;10855674.0163;-7139534.5458;9299897.9079;15434390.9813;16513921.3462;944898.7538;-17045772.1584;22588800.4488;-5421185.4557;
2134;518689;10856325.4061;-7137749.1183;9301037.6888;15434337.8061;16513888.1389;946117.3336;-17043700.4432;22590396.5025;-5420596.3707;
2134;518690;10856976.5466;-7135963.8789;9302177.6639;15434284.5099;16513854.7481;947335.6792;-17041628.4492;22591992.2550;-5420007.0938;
2134;518691;10857627.4380;-7134178.8277;9303317.8332;15434231.0927;16513821.1737;948553.7907;-17039556.1765;22593587.7061;-5419417.6250;
2134;518692;10858278.0804;-7132393.9648;9304458.1966;15434177.5546;16513787.4159;949771.6680;-17037483.6251;22595182.8558;-5418827.9642;
2134;518693;10858928.4736;-7130609.2900;9305598.7541;15434123.8957;16513753.4745;950989.3112;-17035410.7950;22596777.7041;-5418238.1115;
2134;518694;10859578.6178;-7128824.8036;9306739.5058;15434070.1160;16513719.3498;952206.7202;-17033337.6864;22598372.2510;-5417648.0667;
2134;518695;10860228.5129;-7127040.5055;9307880.4516;15434016.2155;16513685.0417;953423.8951;-17031264.2991;22599966.4963;-5417057.8298;
2134;518696;10860878.1591;-7125256.3957;9309021.5916;15433962.1943;16513650.5503;954640.8358;-17029190.6334;22601560.4400;-5416467.4009;
2134;518697;10861527.5563;-7123472.4743;9310162.9256;15433908.0525;16513615.8756;955857.5424;-17027116.6893;22603154.0821;-5415876.7798;
2134;518698;10862176.7046;-7121688.7413;9311304.4537;15433853.7901;16513581.0178;957074.0149;-17025042.4667;22604747.4225;-5415285.9665;
2134;518699;10862825.6040;-7119905.1968;9312446.1760;15433799.4071;16513545.9767;958290.2533;-17022967.9657;22606340.4612;-5414694.9610;
2134;518700;10863474.2545;-7118121.8408;9313588.0923;15433744.9036;16513510.7526;959506.2576;-17020893.1865;22607933.1982;-5414103.7633;
2134;518701;10864122.6562;-7116338.6733;9314730.2027;15433690.2797;16513475.3454;960722.0277;-17018818.1290;22609525.6333;-5413512.3734;
2134;518702;10864770.8091;-7114555.6943;9315872.5071;15433635.5353;16513439.7552;961937.5638;-17016742.7933;22611117.7666;-5412920.7911;
2134;518703;10865418.7132;-7112772.9040;9317015.0056;15433580.6706;16513403.9820;963152.8657;-17014667.1794;22612709.5979;-5412329.0165;
2134;518704;10866066.3685;-7110990.3023;9318157.6981;15433525.6856;16513368.0259;964367.9336;-17012591.2875;22614301.1274;-5411737.0495;
2134;518705;10866713.7752;-7109207.8892;9319300.5846;15433470.5804;16513331.8869;965582.7674;-17010515.1175;22615892.3548;-5411144.8900;
2134;518706;10867360.9331;-7107425.6649;9320443.6652;15433415.3549;16513295.5651;966797.3671;-17008438.6694;22617483.2802;-5410552.5382;
2134;518707;10868007.8424;-7105643.6292;9321586.9398;15433360.0093;16513259.0605;968011.7328;-17006361.9434;22619073.9034;-5409959.9938;
2134;518708;10868654.5030;-7103861.7824;9322730.4084;15433304.5435;16513222.3732;969225.8643;-17004284.9395;22620664.2246;-5409367.2570;
2134;518709;10869300.9151;-7102080.1243;9323874.0709;15433248.9577;16513185.5033;970439.7618;-17002207.6578;22622254.2435;-5408774.3276;
2134;518710;10869947.0786;-7100298.6551;9325017.9275;15433193.2519;16513148.4507;971653.4253;-17000130.0982;22623843.9602;-5408181.2056;
2134;518711;10870592.9936;-7098517.3747;9326161.9780;15433137.4261;16513111.2155;972866.8547;-16998052.2608;22625433.3747;-5407587.8910;
2134;518712;10871238.6600;-7096736.2833;9327306.2224;15433081.4804;16513073.7978;974080.0500;-16995974.1458;22627022.4868;-5406994.3837;
2134;518713;10871884.0780;-7094955.3807;9328450.6608;15433025.4149;16513036.1976;975293.0113;-16993895.7531;22628611.2965;-5406400.6838;
2134;518714;10872529.2475;-7093174.6672;9329595.2932;15432969.2295;16512998.4150;976505.7386;-16991817.0828;22630199.8038;-5405806.7911;
2134;518715;10873174.1687;-7091394.1427;9330740.1194;15432912.9244;16512960.4500;977718.2318;-16989738.1349;22631788.0086;-5405212.7056;
2134;518716;10873818.8414;-7089613.8072;9331885.1396;15432856.4996;16512922.3027;978930.4910;-16987658.9095;22633375.9109;-5404618.4274;
2134;518717;10874463.2658;-7087833.6607;9333030.3537;15432799.9551;16512883.9731;980142.5162;-16985579.4066;22634963.5106;-5404023.9563;
2134;518718;10875107.4419;-7086053.7034;9334175.7617;15432743.2909;16512845.4613;981354.3074;-16983499.6263;22636550.8078;-5403429.2924;
2134;518719;10875751.3696;-7084273.9353;9335321.3636;15432686.5072;16512806.7673;982565.8646;-16981419.5687;22638137.8022;-5402834.4356;
2134;518720;10876395.0491;-7082494.3563;9336467.1593;15432629.6040;16512767.8911;983777.1878;-16979339.2337;22639724.4940;-5402239.3858;
2134;518721;10877038.4804;-7080714.9665;9337613.1489;15432572.5814;16512728.8329;984988.2770;-16977258.6215;22641310.8830;-5401644.1431;
2134;518722;10877681.6635;-7078935.7660;9338759.3324;15432515.4393;16512689.5926;986199.1322;-16975177.7320;22642896.9692;-5401048.7074;
2134;518723;10878324.5984;-7077156.7547;9339905.7097;15432458.1778;16512650.1703;987409.7534;-16973096.5654;22644482.7526;-5400453.0787;
2134;518724;10878967.2852;-7075377.9328;9341052.2809;15432400.7970;16512610.5661;988620.1406;-16971015.1217;22646068.2330;-5399857.2568;
2134;518725;10879609.7238;-7073599.3002;9342199.0458;15432343.2970;16512570.7800;989830.2939;-16968933.4009;22647653.4106;-5399261.2419;
2134;518726;10880251.9144;-7071820.8570;9343346.0046;15432285.6777;16512530.8120;991040.2131;-16966851.4031;22649238.2851;-5398665.0338;
2134;518727;10880893.8570;-7070042.6033;9344493.1572;15432227.9393;16512490.6623;992249.8985;-16964769.1283;22650822.8566;-5398068.6326;
2134;518728;10881535.5515;-7068264.5389;9345640.5036;15432170.0817;16512450.3308;993459.3498;-16962686.5766;22652407.1250;-5397472.0381;
2134;518729;10882176.9980;-7066486.6641;9346788.0437;15432112.1050;16512409.8176;994668.5673;-16960603.7480;22653991.0903;-5396875.2504;
2134;518730;10882818.1966;-7064708.9788;9347935.7777;15432054.0094;16512369.1228;995877.5507;-16958520.6426;22655574.7524;-5396278.2694;
2134;518731;10883459.1472;-7062931.4830;9349083.7053;15431995.7947;16512328.2463;997086.3003;-16956437.2605;22657158.1112;-5395681.0952;
2134;518732;10884099.8500;-7061154.1769;9350231.8268;15431937.4612;16512287.1883;998294.8159;-16954353.6016;22658741.1669;-5395083.7275;
2134;518733;10884740.3049;-7059377.0603;9351380.1420;15431879.0087;16512245.9488;999503.0976;-16952269.6660;22660323.9191;-5394486.1665;
2134;518734;10885380.5119;-7057600.1335;9352528.6509;15431820.4375;16512204.5279;1000711.1453;-16950185.4539;22661906.3681;-5393888.4121;
2134;518735;10886020.4712;-7055823.3963;9353677.3535;15431761.7474;16512162.9256;1001918.9592;-16948100.9651;22663488.5136;-5393290.4642;
2134;518736;10886660.1826;-7054046.8488;9354826.2498;15431702.9387;16512121.1418;1003126.5391;-16946016.1999;22665070.3556;-5392692.3228;
2134;518737;10887299.6464;-7052270.4911;9355975.3399;15431644.0112;16512079.1768;1004333.8851;-16943931.1581;22666651.8942;-5392093.9879;
2134;518738;10887938.8624;-7050494.3232;9357124.6236;15431584.9652;16512037.0306;1005540.9972;-16941845.8400;22668233.1292;-5391495.4595;
2134;518739;10888577.8307;-7048718.3451;9358274.1010;15431525.8005;16511994.7031;1006747.8755;-16939760.2455;22669814.0606;-5390896.7375;
2134;518740;10889216.5514;-7046942.5569;9359423.7721;15431466.5173;16511952.1945;1007954.5198;-16937674.3746;22671394.6883;-5390297.8218;
2134;518741;10889855.0245;-7045166.9586;9360573.6368;15431407.1157;16511909.5047;1009160.9303;-16935588.2275;22672975.0124;-5389698.7125;
2134;518742;10890493.2500;-7043391.5502;9361723.6952;15431347.5956;16511866.6339;1010367.1069;-16933501.8041;22674555.0327;-5389099.4095;
2134;518743;10891131.2279;-7041616.3318;9362873.9472;15431287.9571;16511823.5821;1011573.0496;-16931415.1046;22676134.7492;-5388499.9128;
2134;518744;10891768.9583;-7039841.3033;9364024.3928;15431228.2003;16511780.3493;1012778.7585;-16929328.1290;22677714.1619;-5387900.2223;
2134;518745;10892406.4412;-7038066.4649;9365175.0320;15431168.3252;16511736.9357;1013984.2335;-16927240.8773;22679293.2707;-5387300.3380;
2134;518746;10893043.6766;-7036291.8166;9366325.8649;15431108.3319;16511693.3411;1015189.4746;-16925153.3495;22680872.0756;-5386700.2599;
2134;518747;10893680.6646;-7034517.3584;9367476.8913;15431048.2204;16511649.5657;1016394.4820;-16923065.5458;22682450.5765;-5386099.9879;
2134;518748;10894317.4052;-7032743.0903;9368628.1113;15430987.9907;16511605.6096;1017599.2554;-16920977.4662;22684028.7734;-5385499.5221;
2134;518749;10894953.8985;-7030969.0124;9369779.5249;15430927.6430;16511561.4727;1018803.7951;-16918889.1107;22685606.6663;-5384898.8623;
2134;518750;10895590.1443;-7029195.1247;9370931.1321;15430867.1773;16511517.1552;1020008.1009;-16916800.4794;22687184.2550;-5384298.0085;
2134;518751;10896226.1429;-7027421.4272;9372082.9328;15430806.5935;16511472.6570;1021212.1729;-16914711.5723;22688761.5395;-5383696.9607;
2134;518752;10896861.8942;-7025647.9200;9373234.9270;15430745.8918;16511427.9783;1022416.0111;-16912622.3895;22690338.5199;-5383095.7189;
2134;518753;10897497.3982;-7023874.6031;9374387.1148;15430685.0723;16511383.1191;1023619.6154;-16910532.9310;22691915.1960;-5382494.2830;
2134;518754;10898132.6550;-7022101.4765;9375539.4961;15430624.1349;16511338.0794;1024822.9860;-16908443.1968;22693491.5677;-5381892.6530;
2134;518755;10898767.6647;-7020328.5404;9376692.0709;15430563.0797;16511292.8592;1026026.1228;-16906353.1871;22695067.6352;-5381290.8289;
2134;518756;10899402.4271;-7018555.7946;9377844.8392;15430501.9067;16511247.4587;1027229.0257;-16904262.9019;22696643.3982;-5380688.8106;
2134;518757;10900036.9425;-7016783.2392;9378997.8009;15430440.6161;16511201.8779;1028431.6949;-16902172.3412;22698218.8568;-5380086.5981;
2134;518758;10900671.2107;-7015010.8744;9380150.9562;15430379.2079;16511156.1168;1029634.1303;-16900081.5051;22699794.0109;-5379484.1914;
2134;518759;10901305.2319;-7013238.7000;9381304.3049;15430317.6820;16511110.1754;1030836.3320;-16897990.3936;22701368.8605;-5378881.5904;
2134;518760;10901939.0060;-7011466.7162;9382457.8471;15430256.0386;16511064.0539;1032038.2999;-16895899.0068;22702943.4055;-5378278.7950;
2134;518761;10902572.5332;-7009694.9230;9383611.5827;15430194.2777;16511017.7523;1033240.0340;-16893807.3447;22704517.6459;-5377675.8054;
2134;518762;10903205.8133;-7007923.3203;9384765.5117;15430132.3994;16510971.2705;1034441.5344;-16891715.4074;22706091.5816;-5377072.6213;
2134;518763;10903838.8465;-7006151.9084;9385919.6342;15430070.4037;16510924.6088;1035642.8010;-16889623.1949;22707665.2126;-5376469.2429;
2134;518764;10904471.6328;-7004380.6871;9387073.9500;15430008.2906;16510877.7670;1036843.8338;-16887530.7073;22709238.5388;-5375865.6699;
2134;518765;10905104.1723;-7002609.6565;9388228.4593;15429946.0603;16510830.7453;1038044.6330;-16885437.9447;22710811.5602;-5375261.9026;
2134;518766;10905736.4649;-7000838.8166;9389383.1620;15429883.7127;16510783.5438;1039245.1984;-16883344.9070;22712384.2767;-5374657.9406;
2134;518767;10906368.5106;-6999068.1675;9390538.0580;15429821.2479;16510736.1624;1040445.5301;-16881251.5943;22713956.6883;-5374053.7842;
2134;518768;10907000.3096;-6997297.7093;9391693.1474;15429758.6660;16510688.6012;1041645.6280;-16879158.0067;22715528.7950;-5373449.4331;
2134;518769;10907631.8618;-6995527.4419;9392848.4302;15429695.9670;16510640.8603;1042845.4923;-16877064.1442;22717100.5967;-5372844.8875;
2134;518770;10908263.1673;-6993757.3653;9394003.9063;15429633.1509;16510592.9396;1044045.1229;-16874970.0069;22718672.0933;-5372240.1472;
2134;518771;10908894.2261;-6991987.4797;9395159.5757;15429570.2178;16510544.8394;1045244.5197;-16872875.5948;22720243.2848;-5371635.2122;
2134;518772;10909525.0382;-6990217.7851;9396315.4385;15429507.1678;16510496.5596;1046443.6829;-16870780.9081;22721814.1712;-5371030.0825;
2134;518773;10910155.6037;-6988448.2814;9397471.4945;15429444.0009;16510448.1002;1047642.6124;-16868685.9466;22723384.7524;-5370424.7580;
2134;518774;10910785.9226;-6986678.9687;9398627.7439;15429380.7171;16510399.4613;1048841.3082;-16866590.7105;22724955.0284;-5369819.2387;
2134;518775;10911415.9949;-6984909.8471;9399784.1866;15429317.3166;16510350.6430;1050039.7703;-16864495.1998;22726524.9991;-5369213.5246;
2134;518776;10912045.8207;-6983140.9165;9400940.8225;15429253.7992;16510301.6453;1051237.9988;-16862399.4147;22728094.6644;-5368607.6157;
2134;518777;10912675.4000;-6981372.1771;9402097.6517;15429190.1652;16510252.4682;1052435.9936;-16860303.3550;22729664.0244;-5368001.5119;
2134;518778;10913304.7328;-6979603.6288;9403254.6742;15429126.4146;16510203.1119;1053633.7547;-16858207.0209;22731233.0790;-5367395.2131;
2134;518779;10913933.8192;-6977835.2718;9404411.8899;15429062.5473;16510153.5763;1054831.2822;-16856110.4125;22732801.8281;-5366788.7194;
2134;518780;10914562.6591;-6976067.1059;9405569.2988;15428998.5635;16510103.8615;1056028.5761;-16854013.5297;22734370.2717;-5366182.0307;
2134;518781;10915191.2527;-6974299.1313;9406726.9010;15428934.4632;16510053.9676;1057225.6363;-16851916.3727;22735938.4097;-5365575.1469;
2134;518782;10915819.5999;-6972531.3479;9407884.6964;15428870.2464;16510003.8945;1058422.4629;-16849818.9414;22737506.2421;-5364968.0681;
2134;518783;10916447.7007;-6970763.7559;9409042.6850;15428805.9133;16509953.6424;1059619.0559;-16847721.2360;22739073.7689;-5364360.7943;
2134;518784;10917075.5553;-6968996.3552;9410200.8667;15428741.4637;16509903.2114;1060815.4152;-16845623.2564;22740640.9900;-5363753.3252;
2134;518785;10917703.1637;-6967229.1459;9411359.2417;15428676.8979;16509852.6013;1062011.5410;-16843525.0028;22742207.9053;-5363145.6610;
2134;518786;10918330.5258;-6965462.1281;9412517.8098;15428612.2158;16509801.8124;1063207.4331;-16841426.4752;22743774.5149;-5362537.8016;
2134;518787;10918957.6417;-6963695.3017;9413676.5711;15428547.4176;16509750.8446;1064403.0917;-16839327.6736;22745340.8186;-5361929.7470;
2134;518788;10919584.5114;-6961928.6667;9414835.5255;15428482.5031;16509699.6980;1065598.5166;-16837228.5980;22746906.8164;-5361321.4971;
2134;518789;10920211.1350;-6960162.2233;9415994.6731;15428417.4726;16509648.3727;1066793.7080;-16835129.2486;22748472.5083;-5360713.0519;
2134;518790;10920837.5125;-6958395.9715;9417154.0137;15428352.3260;16509596.8686;1067988.6658;-16833029.6254;22750037.8942;-5360104.4114;
2134;518791;10921463.6439;-6956629.9112;9418313.5475;15428287.0634;16509545.1859;1069183.3900;-16830929.7284;22751602.9741;-5359495.5755;
2134;518792;10922089.5293;-6954864.0425;9419473.2744;15428221.6848;16509493.3246;1070377.8807;-16828829.5577;22753167.7479;-5358886.5442;
2134;518793;10922715.1687;-6953098.3655;9420633.1944;15428156.1904;16509441.2848;1071572.1378;-16826729.1134;22754732.2157;-5358277.3175;
2134;518794;10923340.5621;-6951332.8802;9421793.3075;15428090.5801;16509389.0664;1072766.1613;-16824628.3954;22756296.3772;-5357667.8953;
2134;518795;10923965.7095;-6949567.5866;9422953.6136;15428024.8539;16509336.6695;1073959.9514;-16822527.4038;22757860.2325;-5357058.2776;
2134;518796;10924590.6110;-6947802.4848;9424114.1128;15427959.0120;16509284.0943;1075153.5078;-16820426.1387;22759423.7816;-5356448.4644;
2134;518797;10925215.2667;-6946037.5747;9425274.8050;15427893.0544;16509231.3407;1076346.8308;-16818324.6002;22760987.0244;-5355838.4556;
2134;518798;10925839.6764;-6944272.8565;9426435.6903;15427826.9812;16509178.4088;1077539.9202;-16816222.7883;22762549.9609;-5355228.2511;
2134;518799;10926463.8404;-6942508.3301;9427596.7686;15427760.7923;16509125.2986;1078732.7761;-16814120.7029;22764112.5909;-5354617.8511;
2134;518800;10927087.7586;-6940743.9956;9428758.0399;15427694.4879;16509072.0102;1079925.3985;-16812018.3443;22765674.9145;-5354007.2554;
2134;518801;10927711.4310;-6938979.8531;9429919.5042;15427628.0680;16509018.5437;1081117.7874;-16809915.7124;22767236.9317;-5353396.4639;
2134;518802;10928334.8577;-6937215.9024;9431081.1615;15427561.5326;16508964.8990;1082309.9427;-16807812.8073;22768798.6423;-5352785.4767;
2134;518803;10928958.0386;-6935452.1438;9432243.0117;15427494.8818;16508911.0763;1083501.8646;-16805709.6290;22770360.0463;-5352174.2938;
2134;518804;10929580.9740;-6933688.5772;9433405.0550;15427428.1156;16508857.0756;1084693.5530;-16803606.1776;22771921.1437;-5351562.9150;
2134;518805;10930203.6636;-6931925.2026;9434567.2911;15427361.2341;16508802.8968;1085885.0080;-16801502.4532;22773481.9344;-5350951.3404;
2134;518806;10930826.1077;-6930162.0201;9435729.7203;15427294.2374;16508748.5402;1087076.2294;-16799398.4557;22775042.4184;-5350339.5699;
2134;518807;10931448.3062;-6928399.0298;9436892.3423;15427227.1254;16508694.0057;1088267.2174;-16797294.1853;22776602.5956;-5349727.6035;
2134;518808;10932070.2592;-6926636.2316;9438055.1573;15427159.8983;16508639.2934;1089457.9720;-16795189.6420;22778162.4661;-5349115.4412;
2134;518809;10932691.9666;-6924873.6256;9439218.1652;15427092.5560;16508584.4034;1090648.4930;-16793084.8258;22779722.0297;-5348503.0828;
2134;518810;10933313.4286;-6923111.2118;9440381.3660;15427025.0988;16508529.3356;1091838.7807;-16790979.7367;22781281.2863;-5347890.5285;
2134;518811;10933934.6451;-6921348.9902;9441544.7597;15426957.5264;16508474.0901;1093028.8349;-16788874.3750;22782840.2361;-5347277.7781;
2134;518812;10934555.6162;-6919586.9610;9442708.3462;15426889.8392;16508418.6670;1094218.6557;-16786768.7405;22784398.8788;-5346664.8317;
2134;518813;10935176.3419;-6917825.1240;9443872.1256;15426822.0370;16508363.0664;1095408.2430;-16784662.8334;22785957.2145;-5346051.6891;
2134;518814;10935796.8223;-6916063.4794;9445036.0979;15426754.1199;16508307.2882;1096597.5969;-16782556.6536;22787515.2432;-5345438.3504;
2134;518815;10936417.0574;-6914302.0272;9446200.2630;15426686.0880;16508251.3325;1097786.7174;-16780450.2013;22789072.9646;-5344824.8155;
2134;518816;10937037.0471;-6912540.7675;9447364.6209;15426617.9414;16508195.1995;1098975.6045;-16778343.4765;22790630.3790;-5344211.0843;
2134;518817;10937656.7916;-6910779.7001;9448529.1716;15426549.6800;16508138.8890;1100164.2583;-16776236.4793;22792187.4860;-5343597.1570;
2134;518818;10938276.2909;-6909018.8253;9449693.9152;15426481.3040;16508082.4012;1101352.6786;-16774129.2096;22793744.2859;-5342983.0333;
2134;518819;10938895.5450;-6907258.1430;9450858.8515;15426412.8133;16508025.7362;1102540.8655;-16772021.6676;22795300.7784;-5342368.7133;
2134;518820;10939514.5539;-6905497.6532;9452023.9807;15426344.2081;16507968.8939;1103728.8191;-16769913.8533;22796856.9635;-5341754.1970;
2134;518821;10940133.3177;-6903737.3560;9453189.3026;15426275.4884;16507911.8745;1104916.5393;-16767805.7667;22798412.8412;-5341139.4843;
2134;518822;10940751.8363;-6901977.2514;9454354.8172;15426206.6542;16507854.6779;1106104.0261;-16765697.4079;22799968.4115;-5340524.5752;
2134;518823;10941370.1099;-6900217.3395;9455520.5246;15426137.7056;16507797.3042;1107291.2796;-16763588.7770;22801523.6743;-5339909.4696;
2134;518824;10941988.1385;-6898457.6203;9456686.4248;15426068.6426;16507739.7536;1108478.2997;-16761479.8739;22803078.6295;-5339294.1676;
2134;518825;10942605.9221;-6896698.0937;9457852.5176;15425999.4653;16507682.0259;1109665.0865;-16759370.6988;22804633.2772;-5338678.6690;
2134;518826;10943223.4607;-6894938.7600;9459018.8032;15425930.1737;16507624.1213;1110851.6399;-16757261.2518;22806187.6172;-5338062.9738;
2134;518827;10943840.7543;-6893179.6190;9460185.2815;15425860.7679;16507566.0399;1112037.9600;-16755151.5327;22807741.6495;-5337447.0821;
2134;518828;10944457.8030;-6891420.6708;9461351.9525;15425791.2479;16507507.7816;1113224.0468;-16753041.5418;22809295.3741;-5336830.9938;
2134;518829;10945074.6069;-6889661.9155;9462518.8161;15425721.6138;16507449.3465;1114409.9003;-16750931.2790;22810848.7909;-5336214.7088;
2134;518830;10945691.1659;-6887903.3530;9463685.8724;15425651.8656;16507390.7347;1115595.5205;-16748820.7444;22812401.8999;-5335598.2271;
2134;518831;10946307.4801;-6886144.9835;9464853.1214;15425582.0034;16507331.9462;1116780.9074;-16746709.9381;22813954.7011;-5334981.5487;
2134;518832;10946923.5495;-6884386.8069;9466020.5630;15425512.0273;16507272.9811;1117966.0609;-16744598.8601;22815507.1943;-5334364.6735;
2134;518833;10947539.3741;-6882628.8233;9467188.1973;15425441.9372;16507213.8394;1119150.9812;-16742487.5104;22817059.3796;-5333747.6016;
2134;518834;10948154.9540;-6880871.0327;9468356.0241;15425371.7332;16507154.5211;1120335.6682;-16740375.8891;22818611.2568;-5333130.3328;
2134;518835;10948770.2892;-6879113.4352;9469524.0436;15425301.4154;16507095.0264;1121520.1220;-16738263.9963;22820162.8260;-5332512.8672;
2134;518836;10949385.3798;-6877356.0307;9470692.2557;15425230.9839;16507035.3552;1122704.3424;-16736151.8320;22821714.0871;-5331895.2047;
2134;518837;10950000.2257;-6875598.8194;9471860.6603;15425160.4386;16506975.5077;1123888.3297;-16734039.3963;22823265.0401;-5331277.3453;
2134;518838;10950614.8271;-6873841.8012;9473029.2575;15425089.7796;16506915.4838;1125072.0836;-16731926.6892;22824815.6849;-5330659.2889;
2134;518839;10951229.1839;-6872084.9761;9474198.0473;15425019.0070;16506855.2836;1126255.6043;-16729813.7107;22826366.0214;-5330041.0355;
2134;518840;10951843.2961;-6870328.3443;9475367.0297;15424948.1209;16506794.9072;1127438.8918;-16727700.4609;22827916.0497;-5329422.5851;
2134;518841;10952457.1639;-6868571.9058;9476536.2045;15424877.1212;16506734.3546;1128621.9461;-16725586.9399;22829465.7697;-5328803.9376;
2134;518842;10953070.7871;-6866815.6605;9477705.5719;15424806.0080;16506673.6259;1129804.7671;-16723473.1477;22831015.1812;-5328185.0931;
2134;518843;10953684.1660;-6865059.6085;9478875.1318;15424734.7814;16506612.7211;1130987.3549;-16721359.0844;22832564.2844;-5327566.0514;
2134;518844;10954297.3004;-6863303.7498;9480044.8842;15424663.4414;16506551.6402;1132169.7095;-16719244.7500;22834113.0791;-5326946.8125;
2134;518845;10954910.1905;-6861548.0846;9481214.8291;15424591.9881;16506490.3834;1133351.8309;-16717130.1446;22835661.5653;-5326327.3765;
2134;518846;10955522.8362;-6859792.6127;9482384.9665;15424520.4216;16506428.9506;1134533.7191;-16715015.2681;22837209.7429;-5325707.7433;
2134;518847;10956135.2376;-6858037.3343;9483555.2964;15424448.7418;16506367.3419;1135715.3741;-16712900.1208;22838757.6119;-5325087.9127;
2134;518848;10956747.3947;-6856282.2493;9484725.8187;15424376.9488;16506305.5574;1136896.7959;-16710784.7025;22840305.1723;-5324467.8849;
2134;518849;10957359.3076;-6854527.3579;9485896.5334;15424305.0427;16506243.5971;1138077.9846;-16708669.0135;22841852.4240;-5323847.6598;
2134;518850;10957970.9762;-6852772.6600;9487067.4406;15424233.0235;16506181.4611;1139258.9401;-16706553.0536;22843399.3670;-5323227.2373;
2134;518851;10958582.4007;-6851018.1557;9488238.5401;15424160.8913;16506119.1493;1140439.6624;-16704436.8230;22844946.0011;-5322606.6174;
2134;518852;10959193.5810;-6849263.8450;9489409.8321;15424088.6461;16506056.6619;1141620.1516;-16702320.3218;22846492.3265;-5321985.8001;
2134;518853;10959804.5173;-6847509.7279;9490581.3165;15424016.2879;16505993.9990;1142800.4077;-16700203.5499;22848038.3430;-5321364.7854;
2134;518854;10960415.2094;-6845755.8045;9491752.9933;15423943.8169;16505931.1605;1143980.4306;-16698086.5074;22849584.0505;-5320743.5731;
2134;518855;10961025.6574;-6844002.0747;9492924.8624;15423871.2331;16505868.1464;1145160.2203;-16695969.1944;22851129.4491;-5320122.1633;
2134;518856;10961635.8615;-6842248.5388;9494096.9239;15423798.5364;16505804.9570;1146339.7770;-16693851.6109;22852674.5387;-5319500.5560;
2134;518857;10962245.8215;-6840495.1966;9495269.1778;15423725.7271;16505741.5921;1147519.1005;-16691733.7570;22854219.3192;-5318878.7510;
2134;518858;10962855.5376;-6838742.0481;9496441.6240;15423652.8051;16505678.0519;1148698.1909;-16689615.6328;22855763.7906;-5318256.7485;
2134;518859;10963465.0097;-6836989.0936;9497614.2625;15423579.7704;16505614.3364;1149877.0483;-16687497.2382;22857307.9529;-5317634.5482;
2134;518860;10964074.2380;-6835236.3329;9498787.0933;15423506.6231;16505550.4457;1151055.6725;-16685378.5733;22858851.8060;-5317012.1503;
2134;518861;10964683.2224;-6833483.7661;9499960.1164;15423433.3634;16505486.3798;1152234.0636;-16683259.6383;22860395.3498;-5316389.5547;
2134;518862;10965291.9629;-6831731.3932;9501133.3318;15423359.9911;16505422.1387;1153412.2217;-16681140.4330;22861938.5844;-5315766.7613;
2134;518863;10965900.4597;-6829979.2143;9502306.7394;15423286.5064;16505357.7225;1154590.1467;-16679020.9577;22863481.5096;-5315143.7701;
2134;518864;10966508.7127;-6828227.2293;9503480.3394;15423212.9093;16505293.1313;1155767.8386;-16676901.2122;22865024.1254;-5314520.5811;
2134;518865;10967116.7219;-6826475.4384;9504654.1315;15423139.1999;16505228.3650;1156945.2975;-16674781.1968;22866566.4319;-5313897.1942;
2134;518866;10967724.4875;-6824723.8416;9505828.1160;15423065.3782;16505163.4239;1158122.5233;-16672660.9114;22868108.4288;-5313273.6094;
2134;518867;10968332.0093;-6822972.4389;9507002.2926;15422991.4442;16505098.3078;1159299.5161;-16670540.3561;22869650.1163;-5312649.8267;
2134;518868;10968939.2876;-6821221.2303;9508176.6614;15422917.3981;16505033.0169;1160476.2759;-16668419.5309;22871191.4941;-5312025.8460;
2134;518869;10969546.3222;-6819470.2158;9509351.2225;15422843.2399;16504967.5511;1161652.8026;-16666298.4359;22872732.5624;-5311401.6674;
2134;518870;10970153.1132;-6817719.3956;9510525.9757;15422768.9695;16504901.9107;1162829.0963;-16664177.0711;22874273.3211;-5310777.2907;
2134;518871;10970759.6607;-6815968.7695;9511700.9212;15422694.5871;16504836.0955;1164005.1570;-16662055.4367;22875813.7700;-5310152.7159;
2134;518872;10971365.9647;-6814218.3377;9512876.0588;15422620.0928;16504770.1057;1165180.9847;-16659933.5326;22877353.9092;-5309527.9431;
2134;518873;10971972.0252;-6812468.1003;9514051.3885;15422545.4865;16504703.9413;1166356.5794;-16657811.3588;22878893.7386;-5308902.9721;
2134;518874;10972577.8422;-6810718.0571;9515226.9104;15422470.7683;16504637.6023;1167531.9411;-16655688.9156;22880433.2582;-5308277.8030;
2134;518875;10973183.4158;-6808968.2083;9516402.6244;15422395.9383;16504571.0888;1168707.0698;-16653566.2028;22881972.4679;-5307652.4357;
2134;518876;10973788.7461;-6807218.5538;9517578.5305;15422320.9965;16504504.4009;1169881.9655;-16651443.2206;22883511.3677;-5307026.8701;
2134;518877;10974393.8330;-6805469.0938;9518754.6287;15422245.9429;16504437.5385;1171056.6283;-16649319.9689;22885049.9576;-5306401.1063;
2134;518878;10974998.6765;-6803719.8283;9519930.9190;15422170.7777;16504370.5019;1172231.0581;-16647196.4479;22886588.2374;-5305775.1442;
2134;518879;10975603.2768;-6801970.7572;9521107.4014;15422095.5008;16504303.2909;1173405.2550;-16645072.6577;22888126.2071;-5305148.9838;
2134;518880;10976207.6338;-6800221.8806;9522284.0759;15422020.1124;16504235.9056;1174579.2189;-16642948.5981;22889663.8668;-5304522.6250;
2134;518881;10976811.7476;-6798473.1986;9523460.9424;15421944.6124;16504168.3462;1175752.9499;-16640824.2694;22891201.2163;-5303896.0678;
2134;518882;10977415.6182;-6796724.7112;9524638.0009;15421869.0009;16504100.6126;1176926.4479;-16638699.6715;22892738.2556;-5303269.3122;
2134;518883;10978019.2456;-6794976.4184;9525815.2515;15421793.2779;16504032.7049;1178099.7131;-16636574.8046;22894274.9846;-5302642.3582;
2134;518884;10978622.6299;-6793228.3202;9526992.6941;15421717.4436;16503964.6231;1179272.7453;-16634449.6686;22895811.4034;-5302015.2056;
2134;518885;10979225.7712;-6791480.4167;9528170.3287;15421641.4980;16503896.3674;1180445.5446;-16632324.2636;22897347.5119;-5301387.8546;
2134;518886;10979828.6693;-6789732.7079;9529348.1553;15421565.4410;16503827.9377;1181618.1110;-16630198.5896;22898883.3100;-5300760.3049;
2134;518887;10980431.3244;-6787985.1939;9530526.1739;15421489.2728;16503759.3340;1182790.4445;-16628072.6468;22900418.7976;-5300132.5567;
2134;518888;10981033.7365;-6786237.8746;9531704.3844;15421412.9935;16503690.5566;1183962.5451;-16625946.4351;22901953.9748;-5299504.6098;
2134;518889;10981635.9057;-6784490.7502;9532882.7869;15421336.6029;16503621.6053;1185134.4129;-16623819.9547;22903488.8415;-5298876.4643;
2134;518890;10982237.8319;-6782743.8205;9534061.3814;15421260.1013;16503552.4802;1186306.0478;-16621693.2055;22905023.3976;-5298248.1201;
2134;518891;10982839.5152;-6780997.0858;9535240.1678;15421183.4887;16503483.1815;1187477.4498;-16619566.1876;22906557.6431;-5297619.5772;
2134;518892;10983440.9556;-6779250.5459;9536419.1460;15421106.7651;16503413.7091;1188648.6190;-16617438.9011;22908091.5780;-5296990.8355;
2134;518893;10984042.1532;-6777504.2010;9537598.3162;15421029.9305;16503344.0631;1189819.5553;-16615311.3461;22909625.2022;-5296361.8950;
2134;518894;10984643.1080;-6775758.0511;9538777.6783;15420952.9850;16503274.2435;1190990.2588;-16613183.5225;22911158.5157;-5295732.7557;
2134;518895;10985243.8200;-6774012.0961;9539957.2323;15420875.9287;16503204.2504;1192160.7295;-16611055.4304;22912691.5183;-5295103.4176;
2134;518896;10985844.2892;-6772266.3362;9541136.9781;15420798.7616;16503134.0839;1193330.9673;-16608927.0699;22914224.2102;-5294473.8805;
2134;518897;10986444.5158;-6770520.7714;9542316.9158;15420721.4837;16503063.7440;1194500.9724;-16606798.4410;22915756.5911;-5293844.1446;
2134;518898;10987044.4997;-6768775.4016;9543497.0453;15420644.0952;16502993.2307;1195670.7446;-16604669.5438;22917288.6612;-5293214.2097;
2134;518899;10987644.2409;-6767030.2270;9544677.3667;15420566.5960;16502922.5441;1196840.2840;-16602540.3783;22918820.4203;-5292584.0757;
2134;518900;10988243.7395;-6765285.2475;9545857.8799;15420488.9862;16502851.6842;1198009.5907;-16600410.9446;22920351.8683;-5291953.7428;
2134;518901;10988842.9955;-6763540.4633;9547038.5849;15420411.2659;16502780.6511;1199178.6645;-16598281.2427;22921883.0054;-5291323.2108;
2134;518902;10989442.0090;-6761795.8742;9548219.4816;15420333.4351;16502709.4449;1200347.5056;-16596151.2727;22923413.8313;-5290692.4797;
2134;518903;10990040.7800;-6760051.4804;9549400.5702;15420255.4939;16502638.0656;1201516.1139;-16594021.0347;22924944.3461;-5290061.5495;
2134;518904;10990639.3084;-6758307.2819;9550581.8505;15420177.4422;16502566.5132;1202684.4894;-16591890.5286;22926474.5496;-5289430.4202;
2134;518905;10991237.5945;-6756563.2788;9551763.3226;15420099.2802;16502494.7878;1203852.6322;-16589759.7546;22928004.4420;-5288799.0917;
2134;518906;10991835.6381;-6754819.4709;9552944.9864;15420021.0079;16502422.8894;1205020.5423;-16587628.7127;22929534.0231;-5288167.5639;
2134;518907;10992433.4393;-6753075.8585;9554126.8420;15419942.6254;16502350.8181;1206188.2196;-16585497.4029;22931063.2928;-5287535.8369;
2134;518908;10993030.9981;-6751332.4415;9555308.8892;15419864.1327;16502278.5740;1207355.6642;-16583365.8253;22932592.2512;-5286903.9106;
2134;518909;10993628.3147;-6749589.2199;9556491.1282;15419785.5298;16502206.1570;1208522.8761;-16581233.9799;22934120.8982;-5286271.7850;
2134;518910;10994225.3889;-6747846.1938;9557673.5588;15419706.8168;16502133.5673;1209689.8552;-16579101.8668;22935649.2337;-5285639.4600;
2134;518911;10994822.2209;-6746103.3632;9558856.1812;15419627.9938;16502060.8049;1210856.6017;-16576969.4861;22937177.2577;-5285006.9357;
2134;518912;10995418.8107;-6744360.7282;9560038.9952;15419549.0608;16501987.8698;1212023.1154;-16574836.8378;22938704.9701;-5284374.2119;
2134;518913;10996015.1582;-6742618.2888;9561222.0008;15419470.0179;16501914.7621;1213189.3965;-16572703.9219;22940232.3710;-5283741.2887;
2134;518914;10996611.2636;-6740876.0449;9562405.1981;15419390.8650;16501841.4819;1214355.4449;-16570570.7385;22941759.4602;-5283108.1660;
2134;518915;10997207.1269;-6739133.9967;9563588.5870;15419311.6023;16501768.0291;1215521.2606;-16568437.2877;22943286.2378;-5282474.8438;
2134;518916;10997802.7481;-6737392.1442;9564772.1676;15419232.2298;16501694.4039;1216686.8437;-16566303.5695;22944812.7036;-5281841.3220;
2134;518917;10998398.1272;-6735650.4874;9565955.9397;15419152.7476;16501620.6063;1217852.1940;-16564169.5839;22946338.8576;-5281207.6006;
2134;518918;10998993.2643;-6733909.0263;9567139.9035;15419073.1556;16501546.6363;1219017.3118;-16562035.3311;22947864.6998;-5280573.6797;
2134;518919;10999588.1594;-6732167.7609;9568324.0588;15418993.4541;16501472.4940;1220182.1969;-16559900.8110;22949390.2302;-5279939.5591;
2134;518920;11000182.8125;-6730426.6914;9569508.4056;15418913.6429;16501398.1794;1221346.8494;-16557766.0237;22950915.4486;-5279305.2388;
2134;518921;11000777.2237;-6728685.8177;9570692.9440;15418833.7222;16501323.6926;1222511.2692;-16555630.9693;22952440.3551;-5278670.7188;
2134;518922;11001371.3930;-6726945.1399;9571877.6740;15418753.6919;16501249.0337;1223675.4565;-16553495.6477;22953964.9496;-5278035.9990;
2134;518923;11001965.3204;-6725204.6580;9573062.5955;15418673.5523;16501174.2026;1224839.4111;-16551360.0592;22955489.2320;-5277401.0795;
2134;518924;11002559.0060;-6723464.3720;9574247.7085;15418593.3032;16501099.1995;1226003.1331;-16549224.2037;22957013.2023;-5276765.9601;
2134;518925;11003152.4497;-6721724.2820;9575433.0130;15418512.9448;16501024.0244;1227166.6225;-16547088.0812;22958536.8606;-5276130.6410;
2134;518926;11003745.6517;-6719984.3879;9576618.5089;15418432.4771;16500948.6773;1228329.8794;-16544951.6919;22960060.2066;-5275495.1219;
2134;518927;11004338.6120;-6718244.6899;9577804.1964;15418351.9001;16500873.1583;1229492.9037;-16542815.0357;22961583.2404;-5274859.4029;
2134;518928;11004931.3305;-6716505.1879;9578990.0753;15418271.2139;16500797.4674;1230655.6954;-16540678.1128;22963105.9620;-5274223.4840;
2134;518929;11005523.8074;-6714765.8821;9580176.1457;15418190.4186;16500721.6048;1231818.2545;-16538540.9231;22964628.3712;-5273587.3651;
2134;518930;11006116.0427;-6713026.7723;9581362.4075;15418109.5142;16500645.5703;1232980.5811;-16536403.4668;22966150.4681;-5272951.0462;
2134;518931;11006708.0363;-6711287.8587;9582548.8607;15418028.5008;16500569.3642;1234142.6752;-16534265.7439;22967672.2525;-5272314.5272;
2134;518932;11007299.7883;-6709549.1413;9583735.5053;15417947.3783;16500492.9864;1235304.5367;-16532127.7543;22969193.7245;-5271677.8082;
2134;518933;11007891.2989;-6707810.6201;9584922.3413;15417866.1469;16500416.4369;1236466.1657;-16529989.4983;22970714.8841;-5271040.8891;
2134;518934;11008482.5679;-6706072.2951;9586109.3687;15417784.8066;16500339.7159;1237627.5622;-16527850.9758;22972235.7311;-5270403.7698;
2134;518935;11009073.5954;-6704334.1664;9587296.5875;15417703.3574;16500262.8234;1238788.7261;-16525712.1869;22973756.2655;-5269766.4504;
2134;518936;11009664.3815;-6702596.2340;9588483.9976;15417621.7995;16500185.7595;1239949.6576;-16523573.1316;22975276.4872;-5269128.9307;
2134;518937;11010254.9261;-6700858.4980;9589671.5991;15417540.1328;16500108.5241;1241110.3565;-16521433.8100;22976796.3964;-5268491.2109;
2134;518938;11010845.2294;-6699120.9583;9590859.3919;15417458.3574;16500031.1174;1242270.8230;-16519294.2222;22978315.9927;-5267853.2907;
2134;518939;11011435.2913;-6697383.6151;9592047.3760;15417376.4733;16499953.5393;1243431.0570;-16517154.3681;22979835.2764;-5267215.1703;
2134;518940;11012025.1119;-6695646.4682;9593235.5514;15417294.4807;16499875.7900;1244591.0586;-16515014.2479;22981354.2472;-5266576.8495;
2134;518941;11012614.6913;-6693909.5179;9594423.9182;15417212.3795;16499797.8695;1245750.8276;-16512873.8616;22982872.9052;-5265938.3283;
2134;518942;11013204.0294;-6692172.7640;9595612.4761;15417130.1698;16499719.7778;1246910.3643;-16510733.2093;22984391.2502;-5265299.6067;
2134;518943;11013793.1262;-6690436.2067;9596801.2254;15417047.8516;16499641.5150;1248069.6684;-16508592.2909;22985909.2824;-5264660.6847;
2134;518944;11014381.9819;-6688699.8459;9597990.1659;15416965.4250;16499563.0811;1249228.7402;-16506451.1066;22987427.0015;-5264021.5623;
2134;518945;11014970.5964;-6686963.6818;9599179.2977;15416882.8901;16499484.4762;1250387.5795;-16504309.6564;22988944.4076;-5263382.2393;
2134;518946;11015558.9699;-6685227.7142;9600368.6206;15416800.2469;16499405.7004;1251546.1864;-16502167.9404;22990461.5007;-5262742.7158;
2134;518947;11016147.1022;-6683491.9433;9601558.1348;15416717.4955;16499326.7537;1252704.5609;-16500025.9586;22991978.2806;-5262102.9918;
2134;518948;11016734.9935;-6681756.3691;9602747.8402;15416634.6358;16499247.6360;1253862.7029;-16497883.7110;22993494.7474;-5261463.0671;
2134;518949;11017322.6437;-6680020.9916;9603937.7368;15416551.6680;16499168.3476;1255020.6126;-16495741.1977;22995010.9009;-5260822.9418;
2134;518950;11017910.0530;-6678285.8109;9605127.8245;15416468.5921;16499088.8884;1256178.2899;-16493598.4189;22996526.7412;-5260182.6159;
2134;518951;11018497.2213;-6676550.8270;9606318.1035;15416385.4081;16499009.2585;1257335.7349;-16491455.3744;22998042.2682;-5259542.0893;
2134;518952;11019084.1487;-6674816.0398;9607508.5735;15416302.1161;16498929.4580;1258492.9474;-16489312.0644;22999557.4819;-5258901.3619;
2134;518953;11019670.8352;-6673081.4496;9608699.2347;15416218.7162;16498849.4868;1259649.9276;-16487168.4889;23001072.3822;-5258260.4338;
2134;518954;11020257.2808;-6671347.0561;9609890.0870;15416135.2084;16498769.3450;1260806.6755;-16485024.6480;23002586.9690;-5257619.3048;
2134;518955;11020843.4856;-6669612.8597;9611081.1304;15416051.5927;16498689.0328;1261963.1910;-16482880.5417;23004101.2424;-5256977.9751;
2134;518956;11021429.4496;-6667878.8601;9612272.3649;15415967.8692;16498608.5501;1263119.4741;-16480736.1701;23005615.2022;-5256336.4445;
2134;518957;11022015.1729;-6666145.0575;9613463.7905;15415884.0380;16498527.8969;1264275.5250;-16478591.5332;23007128.8485;-5255694.7130;
2134;518958;11022600.6554;-6664411.4519;9614655.4072;15415800.0991;16498447.0735;1265431.3435;-16476446.6311;23008642.1812;-5255052.7806;
2134;518959;11023185.8973;-6662678.0434;9615847.2149;15415716.0525;16498366.0797;1266586.9297;-16474301.4639;23010155.2002;-5254410.6472;
2134;518960;11023770.8985;-6660944.8319;9617039.2136;15415631.8983;16498284.9156;1267742.2836;-16472156.0315;23011667.9055;-5253768.3129;
2134;518961;11024355.6590;-6659211.8175;9618231.4034;15415547.6366;16498203.5813;1268897.4052;-16470010.3341;23013180.2971;-5253125.7775;
2134;518962;11024940.1790;-6657479.0002;9619423.7842;15415463.2673;16498122.0769;1270052.2946;-16467864.3716;23014692.3749;-5252483.0410;
2134;518963;11025524.4584;-6655746.3802;9620616.3560;15415378.7906;16498040.4023;1271206.9516;-16465718.1442;23016204.1388;-5251840.1035;
2134;518964;11026108.4973;-6654013.9572;9621809.1188;15415294.2065;16497958.5577;1272361.3764;-16463571.6519;23017715.5889;-5251196.9649;
2134;518965;11026692.2957;-6652281.7316;9623002.0725;15415209.5151;16497876.5431;1273515.5689;-16461424.8948;23019226.7251;-5250553.6251;
2134;518966;11027275.8536;-6650549.7031;9624195.2172;15415124.7163;16497794.3585;1274669.5292;-16459277.8728;23020737.5473;-5249910.0841;
2134;518967;11027859.1711;-6648817.8720;9625388.5529;15415039.8103;16497712.0040;1275823.2573;-16457130.5861;23022248.0554;-5249266.3420;
2134;518968;11028442.2482;-6647086.2382;9626582.0795;15414954.7971;16497629.4797;1276976.7531;-16454983.0347;23023758.2496;-5248622.3985;
2134;518969;11029025.0849;-6645354.8017;9627775.7970;15414869.6767;16497546.7855;1278130.0167;-16452835.2186;23025268.1296;-5247978.2538;
2134;518970;11029607.6813;-6643623.5626;9628969.7054;15414784.4493;16497463.9216;1279283.0480;-16450687.1379;23026777.6955;-5247333.9078;
2134;518971;11030190.0374;-6641892.5209;9630163.8047;15414699.1147;16497380.8880;1280435.8472;-16448538.7927;23028286.9472;-5246689.3605;
2134;518972;11030772.1532;-6640161.6767;9631358.0949;15414613.6732;16497297.6847;1281588.4142;-16446390.1831;23029795.8846;-5246044.6117;
2134;518973;11031354.0288;-6638431.0299;9632552.5760;15414528.1247;16497214.3118;1282740.7490;-16444241.3089;23031304.5078;-5245399.6616;
2134;518974;11031935.6642;-6636700.5806;9633747.2479;15414442.4693;16497130.7693;1283892.8516;-16442092.1704;23032812.8167;-5244754.5100;
2134;518975;11032517.0595;-6634970.3289;9634942.1106;15414356.7071;16497047.0573;1285044.7220;-16439942.7676;23034320.8112;-5244109.1569;
2134;518976;11033098.2146;-6633240.2747;9636137.1642;15414270.8381;16496963.1759;1286196.3602;-16437793.1005;23035828.4913;-5243463.6023;
2134;518977;11033679.1296;-6631510.4181;9637332.4086;15414184.8623;16496879.1250;1287347.7664;-16435643.1691;23037335.8569;-5242817.8462;
2134;518978;11034259.8045;-6629780.7592;9638527.8438;15414098.7798;16496794.9048;1288498.9403;-16433492.9736;23038842.9081;-5242171.8886;
2134;518979;11034840.2394;-6628051.2979;9639723.4698;15414012.5906;16496710.5153;1289649.8821;-16431342.5140;23040349.6447;-5241525.7293;
2134;518980;11035420.4343;-6626322.0343;9640919.2865;15413926.2948;16496625.9565;1290800.5918;-16429191.7902;23041856.0667;-5240879.3684;
2134;518981;11036000.3893;-6624592.9684;9642115.2940;15413839.8925;16496541.2286;1291951.0694;-16427040.8025;23043362.1740;-5240232.8058;
2134;518982;11036580.1043;-6622864.1003;9643311.4923;15413753.3837;16496456.3314;1293101.3149;-16424889.5508;23044867.9667;-5239586.0415;
2134;518983;11037159.5794;-6621135.4300;9644507.8812;15413666.7684;16496371.2652;1294251.3283;-16422738.0352;23046373.4447;-5238939.0755;
2134;518984;11037738.8146;-6619406.9575;9645704.4609;15413580.0467;16496286.0299;1295401.1095;-16420586.2557;23047878.6079;-5238291.9077;
2134;518985;11038317.8100;-6617678.6828;9646901.2313;15413493.2187;16496200.6255;1296550.6587;-16418434.2124;23049383.4564;-5237644.5381;
2134;518986;11038896.5656;-6615950.6060;9648098.1924;15413406.2844;16496115.0523;1297699.9758;-16416281.9054;23050887.9899;-5236996.9667;
2134;518987;11039475.0814;-6614222.7271;9649295.3442;15413319.2438;16496029.3101;1298849.0609;-16414129.3346;23052392.2086;-5236349.1934;
2134;518988;11040053.3575;-6612495.0462;9650492.6866;15413232.0970;16495943.3990;1299997.9139;-16411976.5002;23053896.1123;-5235701.2183;
2134;518989;11040631.3939;-6610767.5632;9651690.2197;15413144.8440;16495857.3192;1301146.5348;-16409823.4022;23055399.7010;-5235053.0412;
2134;518990;11041209.1906;-6609040.2783;9652887.9434;15413057.4850;16495771.0706;1302294.9237;-16407670.0407;23056902.9747;-5234404.6621;
2134;518991;11041786.7477;-6607313.1913;9654085.8577;15412970.0198;16495684.6533;1303443.0806;-16405516.4156;23058405.9334;-5233756.0811;
2134;518992;11042364.0652;-6605586.3024;9655283.9626;15412882.4487;16495598.0673;1304591.0054;-16403362.5271;23059908.5769;-5233107.2980;
2134;518993;11042941.1431;-6603859.6117;9656482.2582;15412794.7717;16495511.3127;1305738.6983;-16401208.3752;23061410.9052;-5232458.3129;
2134;518994;11043517.9815;-6602133.1190;9657680.7443;15412706.9887;16495424.3896;1306886.1591;-16399053.9600;23062912.9184;-5231809.1257;
2134;518995;11044094.5803;-6600406.8245;9658879.4209;15412619.0998;16495337.2980;1308033.3879;-16396899.2815;23064414.6163;-5231159.7364;
2134;518996;11044670.9397;-6598680.7282;9660078.2882;15412531.1052;16495250.0379;1309180.3848;-16394744.3398;23065915.9989;-5230510.1449;
2134;518997;11045247.0597;-6596954.8301;9661277.3459;15412443.0048;16495162.6094;1310327.1496;-16392589.1348;23067417.0662;-5229860.3513;
2134;518998;11045822.9403;-6595229.1303;9662476.5942;15412354.7987;16495075.0125;1311473.6825;-16390433.6668;23068917.8180;-5229210.3554;
2134;518999;11046398.5815;-6593503.6287;9663676.0330;15412266.4869;16494987.2474;1312619.9835;-16388277.9356;23070418.2545;-5228560.1573;
2134;519000;11046973.9833;-6591778.3255;9664875.6623;15412178.0696;16494899.3140;1313766.0525;-16386121.9415;23071918.3755;-5227909.7569;
2134;519001;11047549.1459;-6590053.2206;9666075.4821;15412089.5467;16494811.2124;1314911.8895;-16383965.6844;23073418.1810;-5227259.1542;
2134;519002;11048124.0691;-6588328.3140;9667275.4924;15412000.9182;16494722.9426;1316057.4946;-16381809.1643;23074917.6709;-5226608.3491;
2134;519003;11048698.7532;-6586603.6059;9668475.6931;15411912.1844;16494634.5047;1317202.8678;-16379652.3814;23076416.8452;-5225957.3417;
2134;519004;11049273.1980;-6584879.0962;9669676.0842;15411823.3451;16494545.8988;1318348.0091;-16377495.3357;23077915.7038;-5225306.1318;
2134;519005;11049847.4037;-6583154.7850;9670876.6658;15411734.4004;16494457.1249;1319492.9185;-16375338.0272;23079414.2468;-5224654.7196;
2134;519006;11050421.3702;-6581430.6722;9672077.4378;15411645.3505;16494368.1830;1320637.5960;-16373180.4560;23080912.4740;-5224003.1048;
2134;519007;11050995.0976;-6579706.7580;9673278.4002;15411556.1953;16494279.0732;1321782.0415;-16371022.6222;23082410.3855;-5223351.2876;
2134;519008;11051568.5860;-6577983.0424;9674479.5530;15411466.9349;16494189.7956;1322926.2553;-16368864.5257;23083907.9811;-5222699.2678;
2134;519009;11052141.8353;-6576259.5253;9675680.8961;15411377.5693;16494100.3502;1324070.2371;-16366706.1667;23085405.2609;-5222047.0454;
2134;519010;11052714.8456;-6574536.2069;9676882.4297;15411288.0986;16494010.7370;1325213.9871;-16364547.5452;23086902.2248;-5221394.6204;
2134;519011;11053287.6169;-6572813.0871;9678084.1535;15411198.5229;16493920.9561;1326357.5052;-16362388.6612;23088398.8727;-5220741.9929;
2134;519012;11053860.1493;-6571090.1660;9679286.0677;15411108.8422;16493831.0075;1327500.7915;-16360229.5149;23089895.2046;-5220089.1626;
2134;519013;11054432.4428;-6569367.4436;9680488.1722;15411019.0565;16493740.8914;1328643.8460;-16358070.1062;23091391.2204;-5219436.1296;
2134;519014;11055004.4974;-6567644.9199;9681690.4670;15410929.1659;16493650.6077;1329786.6686;-16355910.4352;23092886.9202;-5218782.8940;
2134;519015;11055576.3132;-6565922.5950;9682892.9521;15410839.1705;16493560.1565;1330929.2594;-16353750.5020;23094382.3039;-5218129.4555;
2134;519016;11056147.8902;-6564200.4689;9684095.6275;15410749.0702;16493469.5379;1332071.6184;-16351590.3066;23095877.3713;-5217475.8143;
2134;519017;11056719.2284;-6562478.5417;9685298.4931;15410658.8652;16493378.7519;1333213.7456;-16349429.8491;23097372.1226;-5216821.9702;
2134;519018;11057290.3279;-6560756.8133;9686501.5490;15410568.5555;16493287.7985;1334355.6411;-16347269.1295;23098866.5576;-5216167.9233;
2134;519019;11057861.1887;-6559035.2838;9687704.7951;15410478.1411;16493196.6778;1335497.3047;-16345108.1479;23100360.6762;-5215513.6735;
2134;519020;11058431.8108;-6557313.9533;9688908.2314;15410387.6222;16493105.3899;1336638.7366;-16342946.9043;23101854.4786;-5214859.2208;
2134;519021;11059002.1943;-6555592.8217;9690111.8579;15410296.9986;16493013.9347;1337779.9367;-16340785.3987;23103347.9645;-5214204.5651;
2134;519022;11059572.3391;-6553871.8891;9691315.6746;15410206.2706;16492922.3125;1338920.9051;-16338623.6314;23104841.1340;-5213549.7064;
2134;519023;11060142.2454;-6552151.1555;9692519.6815;15410115.4381;16492830.5231;1340061.6417;-16336461.6021;23106333.9870;-5212894.6447;
2134;519024;11060711.9132;-6550430.6209;9693723.8786;15410024.5012;16492738.5667;1341202.1467;-16334299.3112;23107826.5235;-5212239.3800;
2134;519025;11061281.3424;-6548710.2855;9694928.2658;15409933.4599;16492646.4433;1342342.4198;-16332136.7585;23109318.7435;-5211583.9122;
2134;519026;11061850.5332;-6546990.1491;9696132.8431;15409842.3144;16492554.1529;1343482.4613;-16329973.9442;23110810.6468;-5210928.2413;
2134;519027;11062419.4855;-6545270.2119;9697337.6106;15409751.0646;16492461.6957;1344622.2711;-16327810.8682;23112302.2334;-5210272.3672;
2134;519028;11062988.1995;-6543550.4738;9698542.5682;15409659.7106;16492369.0716;1345761.8491;-16325647.5308;23113793.5034;-5209616.2900;
2134;519029;11063556.6751;-6541830.9350;9699747.7158;15409568.2524;16492276.2807;1346901.1955;-16323483.9318;23115284.4566;-5208960.0095;
2134;519030;11064124.9123;-6540111.5954;9700953.0535;15409476.6901;16492183.3230;1348040.3102;-16321320.0713;23116775.0930;-5208303.5258;
2134;519031;11064692.9113;-6538392.4550;9702158.5813;15409385.0238;16492090.1987;1349179.1933;-16319155.9495;23118265.4126;-5207646.8389;
2134;519032;11065260.6719;-6536673.5140;9703364.2992;15409293.2534;16491996.9077;1350317.8447;-16316991.5663;23119755.4153;-5206989.9486;
2134;519033;11065828.1944;-6534954.7722;9704570.2070;15409201.3791;16491903.4502;1351456.2644;-16314826.9219;23121245.1011;-5206332.8550;
2134;519034;11066395.4786;-6533236.2299;9705776.3049;15409109.4009;16491809.8261;1352594.4525;-16312662.0162;23122734.4699;-5205675.5581;
2134;519035;11066962.5247;-6531517.8869;9706982.5928;15409017.3189;16491716.0355;1353732.4090;-16310496.8493;23124223.5218;-5205018.0577;
2134;519036;11067529.3326;-6529799.7433;9708189.0707;15408925.1330;16491622.0784;1354870.1339;-16308331.4213;23125712.2565;-5204360.3539;
2134;519037;11068095.9024;-6528081.7991;9709395.7386;15408832.8434;16491527.9550;1356007.6271;-16306165.7323;23127200.6742;-5203702.4467;
2134;519038;11068662.2342;-6526364.0545;9710602.5964;15408740.4500;16491433.6652;1357144.8888;-16303999.7822;23128688.7748;-5203044.3359;
2134;519039;11069228.3279;-6524646.5093;9711809.6442;15408647.9531;16491339.2092;1358281.9188;-16301833.5711;23130176.5581;-5202386.0216;
2134;519040;11069794.1837;-6522929.1637;9713016.8819;15408555.3525;16491244.5869;1359418.7173;-16299667.0991;23131664.0243;-5201727.5038;
2134;519041;11070359.8014;-6521212.0177;9714224.3095;15408462.6483;16491149.7984;1360555.2842;-16297500.3663;23133151.1731;-5201068.7824;
2134;519042;11070925.1813;-6519495.0712;9715431.9271;15408369.8407;16491054.8438;1361691.6195;-16295333.3726;23134638.0047;-5200409.8574;
2134;519043;11071490.3232;-6517778.3244;9716639.7345;15408276.9296;16490959.7230;1362827.7233;-16293166.1182;23136124.5189;-5199750.7287;
2134;519044;11072055.2273;-6516061.7772;9717847.7318;15408183.9151;16490864.4363;1363963.5956;-16290998.6031;23137610.7157;-5199091.3963;
2134;519045;11072619.8936;-6514345.4297;9719055.9190;15408090.7972;16490768.9835;1365099.2363;-16288830.8273;23139096.5951;-5198431.8602;
2134;519046;11073184.3220;-6512629.2820;9720264.2960;15407997.5761;16490673.3649;1366234.6455;-16286662.7909;23140582.1569;-5197772.1204;
2134;519047;11073748.5127;-6510913.3340;9721472.8628;15407904.2516;16490577.5803;1367369.8231;-16284494.4940;23142067.4013;-5197112.1767;
2134;519048;11074312.4656;-6509197.5857;9722681.6195;15407810.8240;16490481.6299;1368504.7693;-16282325.9366;23143552.3281;-5196452.0293;
2134;519049;11074876.1809;-6507482.0373;9723890.5660;15407717.2932;16490385.5137;1369639.4840;-16280157.1187;23145036.9372;-5195791.6780;
2134;519050;11075439.6585;-6505766.6887;9725099.7022;15407623.6593;16490289.2318;1370773.9672;-16277988.0405;23146521.2287;-5195131.1229;
2134;519051;11076002.8985;-6504051.5400;9726309.0283;15407529.9224;16490192.7842;1371908.2189;-16275818.7019;23148005.2025;-5194470.3638;
2134;519052;11076565.9008;-6502336.5912;9727518.5441;15407436.0825;16490096.1710;1373042.2391;-16273649.1030;23149488.8585;-5193809.4008;
2134;519053;11077128.6656;-6500621.8423;9728728.2496;15407342.1396;16489999.3922;1374176.0279;-16271479.2439;23150972.1968;-5193148.2339;
2134;519054;11077691.1929;-6498907.2934;9729938.1449;15407248.0938;16489902.4478;1375309.5853;-16269309.1246;23152455.2172;-5192486.8629;
2134;519055;11078253.4827;-6497192.9445;9731148.2299;15407153.9451;16489805.3380;1376442.9112;-16267138.7452;23153937.9197;-5191825.2879;
2134;519056;11078815.5351;-6495478.7955;9732358.5046;15407059.6936;16489708.0628;1377576.0056;-16264968.1058;23155420.3043;-5191163.5089;
2134;519057;11079377.3500;-6493764.8467;9733568.9690;15406965.3394;16489610.6221;1378708.8687;-16262797.2063;23156902.3710;-5190501.5257;
2134;519058;11079938.9275;-6492051.0979;9734779.6230;15406870.8825;16489513.0161;1379841.5003;-16260626.0468;23158384.1196;-5189839.3384;
2134;519059;11080500.2676;-6490337.5492;9735990.4668;15406776.3229;16489415.2449;1380973.9006;-16258454.6275;23159865.5502;-5189176.9470;
2134;519060;11081061.3705;-6488624.2007;9737201.5001;15406681.6607;16489317.3084;1382106.0694;-16256282.9483;23161346.6627;-5188514.3513;
2134;519061;11081622.2360;-6486911.0524;9738412.7231;15406586.8960;16489219.2068;1383238.0069;-16254111.0092;23162827.4570;-5187851.5515;
2134;519062;11082182.8643;-6485198.1042;9739624.1357;15406492.0288;16489120.9400;1384369.7130;-16251938.8105;23164307.9332;-5187188.5474;
2134;519063;11082743.2553;-6483485.3563;9740835.7379;15406397.0591;16489022.5081;1385501.1878;-16249766.3520;23165788.0912;-5186525.3390;
2134;519064;11083303.4092;-6481772.8086;9742047.5297;15406301.9870;16488923.9112;1386632.4312;-16247593.6339;23167267.9308;-5185861.9263;
2134;519065;11083863.3259;-6480060.4613;9743259.5111;15406206.8125;16488825.1494;1387763.4432;-16245420.6562;23168747.4522;-5185198.3092;
2134;519066;11084423.0055;-6478348.3142;9744471.6820;15406111.5358;16488726.2226;1388894.2239;-16243247.4189;23170226.6552;-5184534.4878;
2134;519067;11084982.4480;-6476636.3675;9745684.0425;15406016.1568;16488627.1309;1390024.7733;-16241073.9222;23171705.5398;-5183870.4619;
2134;519068;11085541.6535;-6474924.6212;9746896.5925;15405920.6756;16488527.8744;1391155.0914;-16238900.1660;23173184.1060;-5183206.2316;
2134;519069;11086100.6219;-6473213.0753;9748109.3320;15405825.0922;16488428.4532;1392285.1782;-16236726.1504;23174662.3537;-5182541.7969;
2134;519070;11086659.3534;-6471501.7299;9749322.2610;15405729.4067;16488328.8672;1393415.0337;-16234551.8755;23176140.2828;-5181877.1576;
2134;519071;11087217.8479;-6469790.5849;9750535.3795;15405633.6192;16488229.1165;1394544.6579;-16232377.3414;23177617.8934;-5181212.3138;
2134;519072;11087776.1055;-6468079.6404;9751748.6875;15405537.7297;16488129.2013;1395674.0509;-16230202.5480;23179095.1853;-5180547.2654;
2134;519073;11088334.1262;-6466368.8964;9752962.1849;15405441.7382;16488029.1214;1396803.2126;-16228027.4955;23180572.1587;-5179882.0124;
2134;519074;11088891.9100;-6464658.3531;9754175.8717;15405345.6448;16487928.8770;1397932.1430;-16225852.1838;23182048.8133;-5179216.5548;
2134;519075;11089449.4570;-6462948.0103;9755389.7480;15405249.4496;16487828.4682;1399060.8422;-16223676.6131;23183525.1491;-5178550.8925;
2134;519076;11090006.7673;-6461237.8681;9756603.8137;15405153.1525;16487727.8949;1400189.3101;-16221500.7833;23185001.1662;-5177885.0256;
2134;519077;11090563.8408;-6459527.9266;9757818.0688;15405056.7538;16487627.1573;1401317.5469;-16219324.6947;23186476.8644;-5177218.9539;
2134;519078;11091120.6776;-6457818.1857;9759032.5133;15404960.2533;16487526.2554;1402445.5524;-16217148.3471;23187952.2438;-5176552.6774;
2134;519079;11091677.2777;-6456108.6456;9760247.1471;15404863.6511;16487425.1892;1403573.3267;-16214971.7406;23189427.3042;-5175886.1962;
2134;519080;11092233.6411;-6454399.3062;9761461.9703;15404766.9474;16487323.9587;1404700.8698;-16212794.8754;23190902.0457;-5175219.5101;
2134;519081;11092789.7680;-6452690.1676;9762676.9828;15404670.1421;16487222.5641;1405828.1818;-16210617.7514;23192376.4682;-5174552.6192;
2134;519082;11093345.6583;-6450981.2298;9763892.1846;15404573.2353;16487121.0054;1406955.2625;-16208440.3688;23193850.5716;-5173885.5234;
2134;519083;11093901.3120;-6449272.4928;9765107.5758;15404476.2270;16487019.2826;1408082.1121;-16206262.7275;23195324.3559;-5173218.2227;
2134;519084;11094456.7292;-6447563.9567;9766323.1562;15404379.1174;16486917.3959;1409208.7306;-16204084.8276;23196797.8211;-5172550.7171;
2134;519085;11095011.9100;-6445855.6215;9767538.9259;15404281.9064;16486815.3451;1410335.1179;-16201906.6692;23198270.9672;-5171883.0064;
2134;519086;11095566.8543;-6444147.4871;9768754.8849;15404184.5941;16486713.1304;1411461.2741;-16199728.2523;23199743.7940;-5171215.0908;
2134;519087;11096121.5622;-6442439.5538;9769971.0331;15404087.1805;16486610.7519;1412587.1991;-16197549.5770;23201216.3015;-5170546.9701;
2134;519088;11096676.0337;-6440731.8214;9771187.3706;15403989.6657;16486508.2096;1413712.8931;-16195370.6433;23202688.4897;-5169878.6443;
2134;519089;11097230.2689;-6439024.2900;9772403.8972;15403892.0498;16486405.5035;1414838.3559;-16193191.4513;23204160.3586;-5169210.1135;
2134;519090;11097784.2677;-6437316.9597;9773620.6131;15403794.3328;16486302.6337;1415963.5877;-16191012.0011;23205631.9081;-5168541.3775;
2134;519091;11098338.0304;-6435609.8305;9774837.5181;15403696.5147;16486199.6002;1417088.5883;-16188832.2926;23207103.1382;-5167872.4364;
2134;519092;11098891.5567;-6433902.9023;9776054.6124;15403598.5957;16486096.4031;1418213.3579;-16186652.3260;23208574.0487;-5167203.2900;
2134;519093;11099444.8469;-6432196.1753;9777271.8957;15403500.5757;16485993.0425;1419337.8964;-16184472.1013;23210044.6398;-5166533.9384;
2134;519094;11099997.9009;-6430489.6494;9778489.3683;15403402.4547;16485889.5184;1420462.2039;-16182291.6185;23211514.9113;-5165864.3816;
2134;519095;11100550.7188;-6428783.3247;9779707.0299;15403304.2330;16485785.8308;1421586.2803;-16180110.8777;23212984.8632;-5165194.6195;
2134;519096;11101103.3005;-6427077.2012;9780924.8807;15403205.9104;16485681.9798;1422710.1257;-16177929.8790;23214454.4954;-5164524.6520;
2134;519097;11101655.6462;-6425371.2790;9782142.9205;15403107.4871;16485577.9654;1423833.7401;-16175748.6224;23215923.8079;-5163854.4792;
2134;519098;11102207.7559;-6423665.5581;9783361.1495;15403008.9631;16485473.7877;1424957.1235;-16173567.1080;23217392.8007;-5163184.1010;
2134;519099;11102759.6296;-6421960.0385;9784579.5675;15402910.3384;16485369.4468;1426080.2758;-16171385.3358;23218861.4737;-5162513.5174;
2134;519100;11103311.2673;-6420254.7202;9785798.1745;15402811.6131;16485264.9427;1427203.1972;-16169203.3058;23220329.8269;-5161842.7284;
2134;519101;11103862.6691;-6418549.6032;9787016.9706;15402712.7873;16485160.2754;1428325.8876;-16167021.0182;23221797.8602;-5161171.7339;
2134;519102;11104413.8349;-6416844.6877;9788235.9558;15402613.8610;16485055.4451;1429448.3470;-16164838.4730;23223265.5737;-5160500.5339;
2134;519103;11104964.7650;-6415139.9736;9789455.1299;15402514.8342;16484950.4516;1430570.5755;-16162655.6702;23224732.9671;-5159829.1283;
2134;519104;11105515.4592;-6413435.4609;9790674.4930;15402415.7070;16484845.2952;1431692.5730;-16160472.6099;23226200.0406;-5159157.5172;
2134;519105;11106065.9176;-6411731.1498;9791894.0451;15402316.4795;16484739.9759;1432814.3395;-16158289.2921;23227666.7940;-5158485.7004;
2134;519106;11106616.1402;-6410027.0401;9793113.7861;15402217.1517;16484634.4936;1433935.8752;-16156105.7169;23229133.2274;-5157813.6780;
2134;519107;11107166.1271;-6408323.1320;9794333.7161;15402117.7236;16484528.8485;1435057.1799;-16153921.8844;23230599.3406;-5157141.4500;
2134;519108;11107715.8784;-6406619.4255;9795553.8351;15402018.1954;16484423.0406;1436178.2537;-16151737.7945;23232065.1337;-5156469.0163;
2134;519109;11108265.3940;-6404915.9205;9796774.1429;15401918.5670;16484317.0699;1437299.0966;-16149553.4474;23233530.6065;-5155796.3768;
2134;519110;11108814.6739;-6403212.6172;9797994.6396;15401818.8384;16484210.9366;1438419.7086;-16147368.8431;23234995.7591;-5155123.5316;
2134;519111;11109363.7183;-6401509.5156;9799215.3253;15401719.0099;16484104.6406;1439540.0898;-16145183.9817;23236460.5914;-5154450.4806;
2134;519112;11109912.5271;-6399806.6156;9800436.1998;15401619.0813;16483998.1820;1440660.2400;-16142998.8632;23237925.1034;-5153777.2238;
2134;519113;11110461.1004;-6398103.9174;9801657.2631;15401519.0528;16483891.5609;1441780.1594;-16140813.4877;23239389.2950;-5153103.7611;
2134;519114;11111009.4383;-6396401.4209;9802878.5153;15401418.9244;16483784.7772;1442899.8480;-16138627.8552;23240853.1661;-5152430.0925;
2134;519115;11111557.5406;-6394699.1262;9804099.9563;15401318.6962;16483677.8312;1444019.3057;-16136441.9657;23242316.7168;-5151756.2181;
2134;519116;11112105.4076;-6392997.0333;9805321.5861;15401218.3681;16483570.7227;1445138.5326;-16134255.8194;23243779.9470;-5151082.1377;
2134;519117;11112653.0392;-6391295.1423;9806543.4047;15401117.9403;16483463.4519;1446257.5287;-16132069.4163;23245242.8566;-5150407.8513;
2134;519118;11113200.4354;-6389593.4531;9807765.4121;15401017.4128;16483356.0188;1447376.2940;-16129882.7564;23246705.4457;-5149733.3589;
2134;519119;11113747.5963;-6387891.9658;9808987.6083;15400916.7857;16483248.4235;1448494.8285;-16127695.8397;23248167.7141;-5149058.6604;
2134;519120;11114294.5220;-6386190.6804;9810209.9932;15400816.0589;16483140.6660;1449613.1322;-16125508.6665;23249629.6618;-5148383.7559;
2134;519121;11114841.2124;-6384489.5970;9811432.5668;15400715.2326;16483032.7464;1450731.2051;-16123321.2366;23251091.2888;-5147708.6453;
2134;519122;11115387.6676;-6382788.7156;9812655.3291;15400614.3069;16482924.6647;1451849.0472;-16121133.5502;23252552.5950;-5147033.3286;
2134;519123;11115933.8876;-6381088.0362;9813878.2802;15400513.2816;16482816.4209;1452966.6586;-16118945.6073;23254013.5804;-5146357.8057;
2134;519124;11116479.8725;-6379387.5589;9815101.4199;15400412.1570;16482708.0152;1454084.0393;-16116757.4079;23255474.2450;-5145682.0766;
2134;519125;11117025.6222;-6377687.2836;9816324.7483;15400310.9330;16482599.4475;1455201.1892;-16114568.9521;23256934.5887;-5145006.1413;
2134;519126;11117571.1369;-6375987.2104;9817548.2654;15400209.6098;16482490.7179;1456318.1084;-16112380.2400;23258394.6114;-5144329.9998;
2134;519127;11118116.4166;-6374287.3393;9818771.9711;15400108.1872;16482381.8265;1457434.7969;-16110191.2717;23259854.3132;-5143653.6519;
2134;519128;11118661.4613;-6372587.6705;9819995.8654;15400006.6655;16482272.7734;1458551.2547;-16108002.0471;23261313.6939;-5142977.0978;
2134;519129;11119206.2710;-6370888.2038;9821219.9483;15399905.0447;16482163.5585;1459667.4817;-16105812.5663;23262772.7536;-5142300.3373;
2134;519130;11119750.8458;-6369188.9393;9822444.2199;15399803.3247;16482054.1819;1460783.4782;-16103622.8294;23264231.4921;-5141623.3704;
2134;519131;11120295.1856;-6367489.8770;9823668.6800;15399701.5057;16481944.6437;1461899.2439;-16101432.8365;23265689.9096;-5140946.1971;
2134;519132;11120839.2906;-6365791.0171;9824893.3286;15399599.5877;16481834.9439;1463014.7790;-16099242.5875;23267148.0058;-5140268.8174;
2134;519133;11121383.1608;-6364092.3594;9826118.1658;15399497.5708;16481725.0826;1464130.0834;-16097052.0826;23268605.7808;-5139591.2312;
2134;519134;11121926.7962;-6362393.9041;9827343.1916;15399395.4550;16481615.0598;1465245.1572;-16094861.3217;23270063.2345;-5138913.4385;
2134;519135;11122470.1968;-6360695.6512;9828568.4058;15399293.2403;16481504.8756;1466360.0004;-16092670.3050;23271520.3669;-5138235.4392;
2134;519136;11123013.3627;-6358997.6006;9829793.8086;15399190.9268;16481394.5301;1467474.6129;-16090479.0325;23272977.1779;-5137557.2334;
2134;519137;11123556.2939;-6357299.7525;9831019.3998;15399088.5146;16481284.0232;1468588.9949;-16088287.5043;23274433.6675;-5136878.8210;
2134;519138;11124098.9905;-6355602.1069;9832245.1796;15398986.0037;16481173.3550;1469703.1462;-16086095.7204;23275889.8357;-5136200.2020;
2134;519139;11124641.4524;-6353904.6637;9833471.1477;15398883.3942;16481062.5256;1470817.0670;-16083903.6808;23277345.6823;-5135521.3764;
2134;519140;11125183.6798;-6352207.4230;9834697.3043;15398780.6860;16480951.5350;1471930.7571;-16081711.3857;23278801.2075;-5134842.3440;
2134;519141;11125725.6726;-6350510.3849;9835923.6493;15398677.8793;16480840.3834;1473044.2168;-16079518.8350;23280256.4111;-5134163.1049;
2134;519142;11126267.4309;-6348813.5493;9837150.1828;15398574.9742;16480729.0706;1474157.4458;-16077326.0289;23281711.2930;-5133483.6591;
2134;519143;11126808.9547;-6347116.9163;9838376.9046;15398471.9705;16480617.5969;1475270.4443;-16075132.9673;23283165.8533;-5132804.0065;
2134;519144;11127350.2440;-6345420.4860;9839603.8148;15398368.8685;16480505.9621;1476383.2123;-16072939.6504;23284620.0919;-5132124.1471;
2134;519145;11127891.2989;-6343724.2583;9840830.9134;15398265.6682;16480394.1665;1477495.7498;-16070746.0781;23286074.0087;-5131444.0808;
2134;519146;11128432.1195;-6342028.2333;9842058.2003;15398162.3695;16480282.2100;1478608.0567;-16068552.2506;23287527.6038;-5130763.8077;
2134;519147;11128972.7057;-6340332.4110;9843285.6755;15398058.9726;16480170.0927;1479720.1332;-16066358.1679;23288980.8770;-5130083.3277;
2134;519148;11129513.0576;-6338636.7915;9844513.3390;15397955.4775;16480057.8146;1480831.9792;-16064163.8300;23290433.8284;-5129402.6407;
2134;519149;11130053.1752;-6336941.3747;9845741.1909;15397851.8843;16479945.3758;1481943.5947;-16061969.2371;23291886.4578;-5128721.7468;
2134;519150;11130593.0586;-6335246.1608;9846969.2310;15397748.1930;16479832.7764;1483054.9797;-16059774.3891;23293338.7653;-5128040.6459;
2134;519151;11131132.7078;-6333551.1496;9848197.4594;15397644.4036;16479720.0163;1484166.1342;-16057579.2861;23294790.7507;-5127359.3379;
2134;519152;11131672.1228;-6331856.3414;9849425.8760;15397540.5163;16479607.0957;1485277.0584;-16055383.9281;23296242.4142;-5126677.8229;
2134;519153;11132211.3037;-6330161.7360;9850654.4809;15397436.5310;16479494.0146;1486387.7520;-16053188.3153;23297693.7555;-5125996.1009;
2134;519154;11132750.2504;-6328467.3335;9851883.2740;15397332.4478;16479380.7730;1487498.2153;-16050992.4477;23299144.7747;-5125314.1717;
2134;519155;11133288.9631;-6326773.1340;9853112.2553;15397228.2668;16479267.3711;1488608.4481;-16048796.3253;23300595.4718;-5124632.0353;
2134;519156;11133827.4418;-6325079.1375;9854341.4247;15397123.9880;16479153.8087;1489718.4506;-16046599.9481;23302045.8466;-5123949.6918;
2134;519157;11134365.6865;-6323385.3440;9855570.7824;15397019.6114;16479040.0861;1490828.2226;-16044403.3163;23303495.8992;-5123267.1411;
2134;519158;11134903.6972;-6321691.7535;9856800.3282;15396915.1372;16478926.2032;1491937.7643;-16042206.4299;23304945.6295;-5122584.3831;
2134;519159;11135441.4740;-6319998.3660;9858030.0621;15396810.5653;16478812.1601;1493047.0756;-16040009.2889;23306395.0375;-5121901.4178;
2134;519160;11135979.0169;-6318305.1817;9859259.9842;15396705.8958;16478697.9569;1494156.1565;-16037811.8935;23307844.1230;-5121218.2453;
2134;519161;11136516.3259;-6316612.2004;9860490.0944;15396601.1288;16478583.5935;1495265.0071;-16035614.2435;23309292.8862;-5120534.8654;
2134;519162;11137053.4011;-6314919.4224;9861720.3926;15396496.2643;16478469.0702;1496373.6274;-16033416.3392;23310741.3268;-5119851.2782;
2134;519163;11137590.2426;-6313226.8475;9862950.8790;15396391.3024;16478354.3868;1497482.0173;-16031218.1805;23312189.4450;-5119167.4836;
2134;519164;11138126.8502;-6311534.4758;9864181.5534;15396286.2431;16478239.5434;1498590.1769;-16029019.7676;23313637.2406;-5118483.4815;
2134;519165;11138663.2242;-6309842.3073;9865412.4158;15396181.0864;16478124.5402;1499698.1062;-16026821.1004;23315084.7136;-5117799.2720;
2134;519166;11139199.3644;-6308150.3421;9866643.4663;15396075.8325;16478009.3772;1500805.8052;-16024622.1790;23316531.8640;-5117114.8550;
2134;519167;11139735.2711;-6306458.5802;9867874.7048;15395970.4813;16477894.0543;1501913.2739;-16022423.0035;23317978.6918;-5116430.2305;
2134;519168;11140270.9441;-6304767.0217;9869106.1313;15395865.0329;16477778.5717;1503020.5124;-16020223.5740;23319425.1967;-5115745.3984;
2134;519169;11140806.3835;-6303075.6664;9870337.7458;15395759.4874;16477662.9294;1504127.5206;-16018023.8904;23320871.3790;-5115060.3588;
2134;519170;11141341.5894;-6301384.5146;9871569.5482;15395653.8448;16477547.1275;1505234.2985;-16015823.9528;23322317.2384;-5114375.1116;
2134;519171;11141876.5617;-6299693.5662;9872801.5386;15395548.1052;16477431.1660;1506340.8462;-16013623.7614;23323762.7750;-5113689.6567;
2134;519172;11142411.3006;-6298002.8212;9874033.7169;15395442.2685;16477315.0449;1507447.1637;-16011423.3161;23325207.9887;-5113003.9942;
2134;519173;11142945.8061;-6296312.2796;9875266.0831;15395336.3350;16477198.7644;1508553.2509;-16009222.6169;23326652.8794;-5112318.1239;
2134;519174;11143480.0781;-6294621.9416;9876498.6372;15395230.3045;16477082.3244;1509659.1080;-16007021.6641;23328097.4472;-5111632.0459;
2134;519175;11144014.1168;-6292931.8071;9877731.3792;15395124.1772;16476965.7251;1510764.7348;-16004820.4575;23329541.6920;-5110945.7602;
2134;519176;11144547.9222;-6291241.8761;9878964.3091;15395017.9532;16476848.9664;1511870.1315;-16002618.9973;23330985.6137;-5110259.2667;
2134;519177;11145081.4942;-6289552.1487;9880197.4269;15394911.6324;16476732.0484;1512975.2980;-16000417.2836;23332429.2123;-5109572.5654;
2134;519178;11145614.8330;-6287862.6250;9881430.7324;15394805.2149;16476614.9712;1514080.2343;-15998215.3163;23333872.4878;-5108885.6562;
2134;519179;11146147.9385;-6286173.3048;9882664.2258;15394698.7008;16476497.7348;1515184.9405;-15996013.0955;23335315.4401;-5108198.5391;
2134;519180;11146680.8109;-6284484.1883;9883897.9070;15394592.0901;16476380.3393;1516289.4166;-15993810.6213;23336758.0692;-5107511.2141;
2134;519181;11147213.4501;-6282795.2756;9885131.7760;15394485.3828;16476262.7847;1517393.6625;-15991607.8937;23338200.3750;-5106823.6812;
2134;519182;11147745.8562;-6281106.5665;9886365.8327;15394378.5791;16476145.0711;1518497.6783;-15989404.9128;23339642.3575;-5106135.9403;
2134;519183;11148278.0291;-6279418.0612;9887600.0773;15394271.6789;16476027.1985;1519601.4640;-15987201.6787;23341084.0166;-5105447.9914;
2134;519184;11148809.9691;-6277729.7597;9888834.5095;15394164.6824;16475909.1670;1520705.0196;-15984998.1913;23342525.3523;-5104759.8345;
2134;519185;11149341.6760;-6276041.6620;9890069.1295;15394057.5895;16475790.9766;1521808.3451;-15982794.4508;23343966.3647;-5104071.4695;
2134;519186;11149873.1499;-6274353.7681;9891303.9372;15393950.4004;16475672.6274;1522911.4405;-15980590.4572;23345407.0535;-5103382.8964;
2134;519187;11150404.3909;-6272666.0781;9892538.9325;15393843.1150;16475554.1194;1524014.3059;-15978386.2106;23346847.4188;-5102694.1152;
2134;519188;11150935.3989;-6270978.5920;9893774.1156;15393735.7334;16475435.4527;1525116.9412;-15976181.7110;23348287.4606;-5102005.1258;
2134;519189;11151466.1741;-6269291.3098;9895009.4863;15393628.2557;16475316.6273;1526219.3465;-15973976.9584;23349727.1787;-5101315.9282;
2134;519190;11151996.7164;-6267604.2316;9896245.0446;15393520.6819;16475197.6434;1527321.5218;-15971771.9530;23351166.5732;-5100626.5225;
2134;519191;11152527.0259;-6265917.3573;9897480.7906;15393413.0121;16475078.5008;1528423.4670;-15969566.6947;23352605.6440;-5099936.9085;
2134;519192;11153057.1027;-6264230.6871;9898716.7242;15393305.2463;16474959.1997;1529525.1823;-15967361.1837;23354044.3911;-5099247.0862;
2134;519193;11153586.9467;-6262544.2209;9899952.8454;15393197.3846;16474839.7402;1530626.6675;-15965155.4199;23355482.8144;-5098557.0556;
2134;519194;11154116.5580;-6260857.9587;9901189.1541;15393089.4269;16474720.1223;1531727.9228;-15962949.4035;23356920.9139;-5097866.8166;
2134;519195;11154645.9366;-6259171.9007;9902425.6505;15392981.3735;16474600.3460;1532828.9481;-15960743.1345;23358358.6896;-5097176.3693;
2134;519196;11155175.0826;-6257486.0468;9903662.3343;15392873.2243;16474480.4114;1533929.7434;-15958536.6129;23359796.1413;-5096485.7136;
2134;519197;11155703.9960;-6255800.3970;9904899.2057;15392764.9793;16474360.3185;1535030.3088;-15956329.8388;23361233.2691;-5095794.8495;
2134;519198;11156232.6768;-6254114.9514;9906136.2646;15392656.6387;16474240.0674;1536130.6442;-15954122.8123;23362670.0730;-5095103.7769;
2134;519199;11156761.1252;-6252429.7100;9907373.5110;15392548.2024;16474119.6582;1537230.7497;-15951915.5334;23364106.5528;-5094412.4958;
2134;519200;11157289.3410;-6250744.6728;9908610.9449;15392439.6706;16473999.0908;1538330.6254;-15949708.0022;23365542.7085;-5093721.0062;
2134;519201;11157817.3243;-6249059.8400;9909848.5662;15392331.0432;16473878.3654;1539430.2711;-15947500.2187;23366978.5401;-5093029.3081;
2134;519202;11158345.0752;-6247375.2114;9911086.3750;15392222.3204;16473757.4820;1540529.6869;-15945292.1829;23368414.0476;-5092337.4014;
2134;519203;11158872.5938;-6245690.7871;9912324.3713;15392113.5021;16473636.4407;1541628.8728;-15943083.8950;23369849.2309;-5091645.2861;
2134;519204;11159399.8800;-6244006.5672;9913562.5549;15392004.5884;16473515.2414;1542727.8289;-15940875.3549;23371284.0900;-5090952.9621;
2134;519205;11159926.9338;-6242322.5516;9914800.9259;15391895.5794;16473393.8843;1543826.5551;-15938666.5628;23372718.6248;-5090260.4294;
2134;519206;11160453.7554;-6240638.7405;9916039.4844;15391786.4752;16473272.3694;1544925.0514;-15936457.5187;23374152.8353;-5089567.6881;
2134;519207;11160980.3448;-6238955.1338;9917278.2301;15391677.2757;16473150.6967;1546023.3179;-15934248.2227;23375586.7214;-5088874.7380;
2134;519208;11161506.7019;-6237271.7315;9918517.1633;15391567.9810;16473028.8664;1547121.3546;-15932038.6747;23377020.2831;-5088181.5792;
2134;519209;11162032.8269;-6235588.5338;9919756.2837;15391458.5912;16472906.8784;1548219.1615;-15929828.8749;23378453.5204;-5087488.2116;
2134;519210;11162558.7197;-6233905.5405;9920995.5915;15391349.1064;16472784.7328;1549316.7386;-15927618.8233;23379886.4332;-5086794.6351;
2134;519211;11163084.3804;-6232222.7519;9922235.0866;15391239.5265;16472662.4297;1550414.0859;-15925408.5199;23381319.0215;-5086100.8498;
2134;519212;11163609.8090;-6230540.1677;9923474.7690;15391129.8516;16472539.9691;1551511.2034;-15923197.9649;23382751.2852;-5085406.8557;
2134;519213;11164135.0056;-6228857.7882;9924714.6386;15391020.0818;16472417.3510;1552608.0912;-15920987.1583;23384183.2243;-5084712.6526;
2134;519214;11164659.9702;-6227175.6134;9925954.6955;15390910.2171;16472294.5756;1553704.7491;-15918776.1000;23385614.8387;-5084018.2406;
2134;519215;11165184.7028;-6225493.6432;9927194.9396;15390800.2576;16472171.6428;1554801.1774;-15916564.7903;23387046.1285;-5083323.6196;
2134;519216;11165709.2035;-6223811.8776;9928435.3709;15390690.2034;16472048.5527;1555897.3759;-15914353.2291;23388477.0935;-5082628.7896;
2134;519217;11166233.4723;-6222130.3168;9929675.9895;15390580.0544;16471925.3054;1556993.3447;-15912141.4165;23389907.7338;-5081933.7505;
2134;519218;11166757.5093;-6220448.9608;9930916.7952;15390469.8107;16471801.9009;1558089.0838;-15909929.3525;23391338.0492;-5081238.5024;
2134;519219;11167281.3144;-6218767.8095;9932157.7881;15390359.4724;16471678.3393;1559184.5932;-15907717.0372;23392768.0398;-5080543.0453;
2134;519220;11167804.8877;-6217086.8630;9933398.9681;15390249.0395;16471554.6206;1560279.8729;-15905504.4707;23394197.7054;-5079847.3790;
2134;519221;11168328.2293;-6215406.1213;9934640.3353;15390138.5121;16471430.7449;1561374.9230;-15903291.6530;23395627.0462;-5079151.5035;
2134;519222;11168851.3392;-6213725.5845;9935881.8895;15390027.8903;16471306.7122;1562469.7433;-15901078.5842;23397056.0619;-5078455.4189;
2134;519223;11169374.2174;-6212045.2526;9937123.6309;15389917.1740;16471182.5225;1563564.3340;-15898865.2642;23398484.7527;-5077759.1250;
2134;519224;11169896.8639;-6210365.1256;9938365.5594;15389806.3633;16471058.1760;1564658.6951;-15896651.6933;23399913.1183;-5077062.6219;
2134;519225;11170419.2788;-6208685.2035;9939607.6749;15389695.4583;16470933.6727;1565752.8266;-15894437.8714;23401341.1589;-5076365.9096;
2134;519226;11170941.4622;-6207005.4864;9940849.9775;15389584.4591;16470809.0125;1566846.7284;-15892223.7985;23402768.8743;-5075668.9879;
2134;519227;11171463.4140;-6205325.9743;9942092.4671;15389473.3656;16470684.1957;1567940.4007;-15890009.4748;23404196.2645;-5074971.8569;
2134;519228;11171985.1343;-6203646.6672;9943335.1438;15389362.1780;16470559.2222;1569033.8433;-15887794.9003;23405623.3295;-5074274.5165;
2134;519229;11172506.6231;-6201967.5652;9944578.0074;15389250.8962;16470434.0921;1570127.0564;-15885580.0750;23407050.0692;-5073576.9668;
2134;519230;11173027.8805;-6200288.6683;9945821.0580;15389139.5203;16470308.8054;1571220.0399;-15883364.9991;23408476.4836;-5072879.2076;
2134;519231;11173548.9065;-6198609.9764;9947064.2956;15389028.0505;16470183.3622;1572312.7938;-15881149.6725;23409902.5727;-5072181.2390;
2134;519232;11174069.7011;-6196931.4897;9948307.7202;15388916.4867;16470057.7625;1573405.3182;-15878934.0952;23411328.3363;-5071483.0609;
2134;519233;11174590.2644;-6195253.2082;9949551.3317;15388804.8289;16469932.0064;1574497.6131;-15876718.2675;23412753.7745;-5070784.6733;
2134;519234;11175110.5964;-6193575.1319;9950795.1300;15388693.0773;16469806.0940;1575589.6784;-15874502.1893;23414178.8872;-5070086.0761;
2134;519235;11175630.6972;-6191897.2608;9952039.1153;15388581.2319;16469680.0252;1576681.5142;-15872285.8606;23415603.6744;-5069387.2694;
2134;519236;11176150.5667;-6190219.5949;9953283.2875;15388469.2927;16469553.8002;1577773.1205;-15870069.2816;23417028.1361;-5068688.2530;
2134;519237;11176670.2051;-6188542.1343;9954527.6466;15388357.2597;16469427.4189;1578864.4974;-15867852.4523;23418452.2721;-5067989.0271;
2134;519238;11177189.6123;-6186864.8790;9955772.1925;15388245.1331;16469300.8815;1579955.6448;-15865635.3727;23419876.0825;-5067289.5914;
2134;519239;11177708.7883;-6185187.8291;9957016.9252;15388132.9129;16469174.1881;1581046.5627;-15863418.0429;23421299.5672;-5066589.9461;
2134;519240;11178227.7333;-6183510.9845;9958261.8447;15388020.5992;16469047.3385;1582137.2511;-15861200.4630;23422722.7262;-5065890.0911;
2134;519241;11178746.4473;-6181834.3453;9959506.9511;15387908.1919;16468920.3329;1583227.7101;-15858982.6329;23424145.5594;-5065190.0263;
2134;519242;11179264.9302;-6180157.9115;9960752.2442;15387795.6911;16468793.1714;1584317.9397;-15856764.5528;23425568.0668;-5064489.7517;
2134;519243;11179783.1822;-6178481.6832;9961997.7241;15387683.0969;16468665.8540;1585407.9399;-15854546.2227;23426990.2483;-5063789.2673;
2134;519244;11180301.2033;-6176805.6603;9963243.3907;15387570.4094;16468538.3808;1586497.7106;-15852327.6427;23428412.1039;-5063088.5731;
2134;519245;11180818.9934;-6175129.8429;9964489.2441;15387457.6285;16468410.7517;1587587.2520;-15850108.8128;23429833.6336;-5062387.6690;
2134;519246;11181336.5527;-6173454.2311;9965735.2842;15387344.7544;16468282.9669;1588676.5640;-15847889.7331;23431254.8374;-5061686.5550;
2134;519247;11181853.8811;-6171778.8248;9966981.5110;15387231.7871;16468155.0264;1589765.6466;-15845670.4036;23432675.7151;-5060985.2311;
2134;519248;11182370.9787;-6170103.6241;9968227.9245;15387118.7266;16468026.9303;1590854.4999;-15843450.8245;23434096.2667;-5060283.6972;
2134;519249;11182887.8456;-6168428.6290;9969474.5246;15387005.5730;16467898.6785;1591943.1238;-15841230.9956;23435516.4923;-5059581.9534;
2134;519250;11183404.4818;-6166753.8395;9970721.3114;15386892.3263;16467770.2713;1593031.5184;-15839010.9171;23436936.3917;-5058879.9995;
2134;519251;11183920.8873;-6165079.2557;9971968.2848;15386778.9866;16467641.7085;1594119.6837;-15836790.5891;23438355.9649;-5058177.8355;
2134;519252;11184437.0621;-6163404.8776;9973215.4448;15386665.5539;16467512.9903;1595207.6196;-15834570.0116;23439775.2119;-5057475.4615;
2134;519253;11184953.0063;-6161730.7053;9974462.7914;15386552.0284;16467384.1167;1596295.3263;-15832349.1847;23441194.1326;-5056772.8774;
2134;519254;11185468.7199;-6160056.7386;9975710.3246;15386438.4099;16467255.0878;1597382.8037;-15830128.1084;23442612.7270;-5056070.0831;
2134;519255;11185984.2030;-6158382.9778;9976958.0444;15386324.6987;16467125.9036;1598470.0518;-15827906.7827;23444030.9951;-5055367.0787;
2134;519256;11186499.4555;-6156709.4227;9978205.9507;15386210.8947;16466996.5641;1599557.0706;-15825685.2078;23445448.9367;-5054663.8641;
2134;519257;11187014.4776;-6155036.0735;9979454.0435;15386096.9980;16466867.0695;1600643.8602;-15823463.3837;23446866.5520;-5053960.4392;
2134;519258;11187529.2693;-6153362.9302;9980702.3229;15385983.0086;16466737.4197;1601730.4206;-15821241.3103;23448283.8408;-5053256.8041;
2134;519259;11188043.8305;-6151689.9927;9981950.7887;15385868.9266;16466607.6149;1602816.7517;-15819018.9879;23449700.8030;-5052552.9587;
2134;519260;11188558.1614;-6150017.2611;9983199.4410;15385754.7520;16466477.6551;1603902.8537;-15816796.4165;23451117.4387;-5051848.9030;
2134;519261;11189072.2620;-6148344.7355;9984448.2798;15385640.4850;16466347.5402;1604988.7264;-15814573.5960;23452533.7478;-5051144.6369;
2134;519262;11189586.1322;-6146672.4159;9985697.3050;15385526.1254;16466217.2705;1606074.3699;-15812350.5266;23453949.7303;-5050440.1605;
2134;519263;11190099.7722;-6145000.3023;9986946.5167;15385411.6735;16466086.8458;1607159.7843;-15810127.2083;23455365.3861;-5049735.4736;
2134;519264;11190613.1820;-6143328.3946;9988195.9147;15385297.1292;16465956.2664;1608244.9695;-15807903.6411;23456780.7152;-5049030.5764;
2134;519265;11191126.3616;-6141656.6931;9989445.4992;15385182.4926;16465825.5322;1609329.9255;-15805679.8252;23458195.7175;-5048325.4686;
2134;519266;11191639.3110;-6139985.1976;9990695.2700;15385067.7638;16465694.6432;1610414.6524;-15803455.7606;23459610.3930;-5047620.1504;
2134;519267;11192152.0303;-6138313.9082;9991945.2272;15384952.9427;16465563.5996;1611499.1502;-15801231.4472;23461024.7417;-5046914.6216;
2134;519268;11192664.5195;-6136642.8250;9993195.3707;15384838.0295;16465432.4014;1612583.4189;-15799006.8853;23462438.7634;-5046208.8823;
2134;519269;11193176.7787;-6134971.9479;9994445.7006;15384723.0241;16465301.0486;1613667.4584;-15796782.0748;23463852.4583;-5045502.9324;
2134;519270;11193688.8079;-6133301.2770;9995696.2167;15384607.9267;16465169.5413;1614751.2689;-15794557.0158;23465265.8262;-5044796.7719;
2134;519271;11194200.6071;-6131630.8123;9996946.9191;15384492.7374;16465037.8795;1615834.8503;-15792331.7084;23466678.8671;-5044090.4007;
2134;519272;11194712.1764;-6129960.5539;9998197.8078;15384377.4560;16464906.0634;1616918.2026;-15790106.1526;23468091.5809;-5043383.8189;
2134;519273;11195223.5157;-6128290.5018;9999448.8828;15384262.0827;16464774.0928;1618001.3259;-15787880.3484;23469503.9677;-5042677.0264;
2134;519274;11195734.6252;-6126620.6559;10000700.1440;15384146.6176;16464641.9680;1619084.2201;-15785654.2959;23470916.0273;-5041970.0231;
2134;519275;11196245.5049;-6124951.0164;10001951.5914;15384031.0607;16464509.6889;1620166.8853;-15783427.9952;23472327.7597;-5041262.8091;
2134;519276;11196756.1548;-6123281.5832;10003203.2250;15383915.4120;16464377.2556;1621249.3214;-15781201.4464;23473739.1650;-5040555.3843;
2134;519277;11197266.5749;-6121612.3564;10004455.0448;15383799.6717;16464244.6682;1622331.5286;-15778974.6494;23475150.2429;-5039847.7486;
2134;519278;11197776.7653;-6119943.3360;10005707.0508;15383683.8396;16464111.9266;1623413.5068;-15776747.6043;23476560.9936;-5039139.9022;
2134;519279;11198286.7260;-6118274.5221;10006959.2429;15383567.9160;16463979.0310;1624495.2560;-15774520.3113;23477971.4170;-5038431.8448;
2134;519280;11198796.4571;-6116605.9146;10008211.6212;15383451.9008;16463845.9814;1625576.7762;-15772292.7703;23479381.5130;-5037723.5765;
2134;519281;11199305.9585;-6114937.5136;10009464.1856;15383335.7941;16463712.7779;1626658.0675;-15770064.9814;23480791.2815;-5037015.0973;
2134;519282;11199815.2304;-6113269.3192;10010716.9360;15383219.5960;16463579.4205;1627739.1298;-15767836.9446;23482200.7226;-5036306.4072;
2134;519283;11200324.2727;-6111601.3313;10011969.8726;15383103.3064;16463445.9092;1628819.9632;-15765608.6601;23483609.8362;-5035597.5060;
2134;519284;11200833.0855;-6109933.5499;10013222.9952;15382986.9255;16463312.2441;1629900.5676;-15763380.1278;23485018.6223;-5034888.3938;
2134;519285;11201341.6688;-6108265.9752;10014476.3039;15382870.4533;16463178.4253;1630980.9432;-15761151.3479;23486427.0808;-5034179.0706;
2134;519286;11201850.0227;-6106598.6070;10015729.7985;15382753.8899;16463044.4528;1632061.0899;-15758922.3203;23487835.2116;-5033469.5362;
2134;519287;11202358.1472;-6104931.4456;10016983.4792;15382637.2352;16462910.3267;1633141.0077;-15756693.0452;23489243.0148;-5032759.7908;
2134;519288;11202866.0424;-6103264.4908;10018237.3459;15382520.4894;16462776.0470;1634220.6966;-15754463.5226;23490650.4903;-5032049.8342;
2134;519289;11203373.7082;-6101597.7427;10019491.3986;15382403.6525;16462641.6137;1635300.1566;-15752233.7525;23492057.6381;-5031339.6664;
2134;519290;11203881.1447;-6099931.2014;10020745.6372;15382286.7245;16462507.0270;1636379.3878;-15750003.7349;23493464.4580;-5030629.2875;
2134;519291;11204388.3520;-6098264.8668;10022000.0618;15382169.7056;16462372.2868;1637458.3902;-15747773.4701;23494870.9502;-5029918.6973;
2134;519292;11204895.3300;-6096598.7391;10023254.6723;15382052.5957;16462237.3933;1638537.1638;-15745542.9580;23496277.1144;-5029207.8958;
2134;519293;11205402.0789;-6094932.8181;10024509.4687;15381935.3949;16462102.3464;1639615.7085;-15743312.1986;23497682.9508;-5028496.8830;
2134;519294;11205908.5986;-6093267.1040;10025764.4510;15381818.1032;16461967.1463;1640694.0245;-15741081.1920;23499088.4592;-5027785.6590;
2134;519295;11206414.8892;-6091601.5967;10027019.6191;15381700.7208;16461831.7929;1641772.1116;-15738849.9384;23500493.6397;-5027074.2235;
2134;519296;11206920.9507;-6089936.2964;10028274.9732;15381583.2476;16461696.2864;1642849.9700;-15736618.4376;23501898.4921;-5026362.5768;
2134;519297;11207426.7832;-6088271.2030;10029530.5130;15381465.6837;16461560.6267;1643927.5997;-15734386.6898;23503303.0164;-5025650.7185;
2134;519298;11207932.3867;-6086606.3165;10030786.2387;15381348.0292;16461424.8140;1645005.0006;-15732154.6951;23504707.2126;-5024938.6489;
2134;519299;11208437.7613;-6084941.6371;10032042.1501;15381230.2840;16461288.8482;1646082.1727;-15729922.4535;23506111.0807;-5024226.3678;
2134;519300;11208942.9068;-6083277.1646;10033298.2474;15381112.4483;16461152.7295;1647159.1162;-15727689.9650;23507514.6205;-5023513.8752;
2134;519301;11209447.8235;-6081612.8992;10034554.5304;15380994.5222;16461016.4579;1648235.8309;-15725457.2297;23508917.8322;-5022801.1711;
2134;519302;11209952.5114;-6079948.8408;10035810.9992;15380876.5055;16460880.0334;1649312.3169;-15723224.2477;23510320.7156;-5022088.2554;
2134;519303;11210456.9704;-6078284.9895;10037067.6537;15380758.3985;16460743.4561;1650388.5743;-15720991.0191;23511723.2706;-5021375.1281;
2134;519304;11210961.2006;-6076621.3454;10038324.4939;15380640.2012;16460606.7260;1651464.6030;-15718757.5437;23513125.4973;-5020661.7892;
2134;519305;11211465.2021;-6074957.9083;10039581.5198;15380521.9135;16460469.8432;1652540.4030;-15716523.8219;23514527.3956;-5019948.2387;
2134;519306;11211968.9749;-6073294.6785;10040838.7314;15380403.5356;16460332.8078;1653615.9744;-15714289.8535;23515928.9655;-5019234.4765;
2134;519307;11212472.5189;-6071631.6558;10042096.1286;15380285.0675;16460195.6198;1654691.3171;-15712055.6386;23517330.2069;-5018520.5026;
2134;519308;11212975.8344;-6069968.8404;10043353.7115;15380166.5093;16460058.2792;1655766.4312;-15709821.1773;23518731.1197;-5017806.3170;
2134;519309;11213478.9212;-6068306.2322;10044611.4800;15380047.8610;16459920.7861;1656841.3167;-15707586.4697;23520131.7040;-5017091.9196;
2134;519310;11213981.7795;-6066643.8313;10045869.4342;15379929.1226;16459783.1406;1657915.9737;-15705351.5158;23521531.9597;-5016377.3104;
2134;519311;11214484.4092;-6064981.6378;10047127.5739;15379810.2942;16459645.3426;1658990.4020;-15703116.3156;23522931.8868;-5015662.4894;
2134;519312;11214986.8105;-6063319.6515;10048385.8991;15379691.3759;16459507.3923;1660064.6018;-15700880.8693;23524331.4852;-5014947.4566;
2134;519313;11215488.9832;-6061657.8726;10049644.4100;15379572.3677;16459369.2897;1661138.5730;-15698645.1768;23525730.7549;-5014232.2119;
2134;519314;11215990.9276;-6059996.3011;10050903.1064;15379453.2697;16459231.0349;1662212.3156;-15696409.2383;23527129.6958;-5013516.7552;
2134;519315;11216492.6436;-6058334.9370;10052161.9882;15379334.0819;16459092.6279;1663285.8298;-15694173.0538;23528528.3079;-5012801.0867;
2134;519316;11216994.1312;-6056673.7803;10053421.0556;15379214.8043;16458954.0687;1664359.1154;-15691936.6232;23529926.5912;-5012085.2062;
2134;519317;11217495.3905;-6055012.8312;10054680.3085;15379095.4371;16458815.3575;1665432.1725;-15689699.9468;23531324.5456;-5011369.1137;
2134;519318;11217996.4215;-6053352.0895;10055939.7468;15378975.9802;16458676.4942;1666505.0011;-15687463.0245;23532722.1710;-5010652.8091;
2134;519319;11218497.2243;-6051691.5553;10057199.3706;15378856.4337;16458537.4789;1667577.6012;-15685225.8565;23534119.4675;-5009936.2926;
2134;519320;11218997.7988;-6050031.2287;10058459.1799;15378736.7977;16458398.3117;1668649.9729;-15682988.4427;23535516.4350;-5009219.5639;
2134;519321;11219498.1452;-6048371.1096;10059719.1745;15378617.0722;16458258.9927;1669722.1161;-15680750.7832;23536913.0735;-5008502.6231;
2134;519322;11219998.2635;-6046711.1982;10060979.3545;15378497.2572;16458119.5217;1670794.0309;-15678512.8781;23538309.3828;-5007785.4702;
2134;519323;11220498.1536;-6045051.4943;10062239.7199;15378377.3529;16457979.8991;1671865.7172;-15676274.7274;23539705.3631;-5007068.1051;
2134;519324;11220997.8157;-6043391.9982;10063500.2706;15378257.3593;16457840.1246;1672937.1751;-15674036.3312;23541101.0141;-5006350.5279;
2134;519325;11221497.2498;-6041732.7097;10064761.0067;15378137.2763;16457700.1985;1674008.4046;-15671797.6895;23542496.3360;-5005632.7384;
2134;519326;11221996.4559;-6040073.6289;10066021.9282;15378017.1041;16457560.1208;1675079.4058;-15669558.8024;23543891.3286;-5004914.7366;
2134;519327;11222495.4340;-6038414.7559;10067283.0349;15377896.8427;16457419.8915;1676150.1785;-15667319.6700;23545285.9919;-5004196.5226;
2134;519328;11222994.1842;-6036756.0906;10068544.3269;15377776.4922;16457279.5107;1677220.7229;-15665080.2922;23546680.3259;-5003478.0962;
2134;519329;11223492.7066;-6035097.6331;10069805.8042;15377656.0527;16457138.9784;1678291.0389;-15662840.6693;23548074.3306;-5002759.4576;
2134;519330;11223991.0010;-6033439.3834;10071067.4667;15377535.5240;16456998.2947;1679361.1266;-15660600.8011;23549468.0058;-5002040.6065;
2134;519331;11224489.0677;-6031781.3416;10072329.3145;15377414.9064;16456857.4597;1680430.9860;-15658360.6879;23550861.3516;-5001321.5431;
2134;519332;11224986.9066;-6030123.5076;10073591.3474;15377294.1999;16456716.4733;1681500.6170;-15656120.3295;23552254.3679;-5000602.2672;
2134;519333;11225484.5178;-6028465.8816;10074853.5656;15377173.4045;16456575.3357;1682570.0197;-15653879.7261;23553647.0546;-4999882.7788;
2134;519334;11225981.9013;-6026808.4634;10076115.9689;15377052.5202;16456434.0468;1683639.1942;-15651638.8778;23555039.4118;-4999163.0780;
2134;519335;11226479.0571;-6025151.2532;10077378.5575;15376931.5472;16456292.6068;1684708.1404;-15649397.7846;23556431.4394;-4998443.1647;
2134;519336;11226975.9853;-6023494.2510;10078641.3311;15376810.4854;16456151.0157;1685776.8583;-15647156.4465;23557823.1373;-4997723.0388;
2134;519337;11227472.6859;-6021837.4568;10079904.2899;15376689.3350;16456009.2736;1686845.3480;-15644914.8636;23559214.5055;-4997002.7003;
2134;519338;11227969.1589;-6020180.8706;10081167.4338;15376568.0959;16455867.3804;1687913.6094;-15642673.0360;23560605.5440;-4996282.1492;
2134;519339;11228465.4045;-6018524.4924;10082430.7627;15376446.7682;16455725.3363;1688981.6426;-15640430.9637;23561996.2528;-4995561.3856;
2134;519340;11228961.4225;-6016868.3224;10083694.2768;15376325.3520;16455583.1413;1690049.4476;-15638188.6468;23563386.6317;-4994840.4092;
2134;519341;11229457.2131;-6015212.3604;10084957.9759;15376203.8474;16455440.7954;1691117.0244;-15635946.0853;23564776.6808;-4994119.2202;
2134;519342;11229952.7763;-6013556.6066;10086221.8600;15376082.2543;16455298.2987;1692184.3730;-15633703.2792;23566166.4000;-4993397.8184;
2134;519343;11230448.1121;-6011901.0610;10087485.9291;15375960.5728;16455155.6513;1693251.4934;-15631460.2288;23567555.7892;-4992676.2039;
2134;519344;11230943.2206;-6010245.7235;10088750.1833;15375838.8030;16455012.8532;1694318.3857;-15629216.9339;23568944.8485;-4991954.3766;
2134;519345;11231438.1018;-6008590.5943;10090014.6224;15375716.9449;16454869.9045;1695385.0498;-15626973.3947;23570333.5777;-4991232.3365;
2134;519346;11231932.7557;-6006935.6733;10091279.2465;15375594.9986;16454726.8052;1696451.4858;-15624729.6111;23571721.9769;-4990510.0836;
2134;519347;11232427.1825;-6005280.9605;10092544.0555;15375472.9641;16454583.5553;1697517.6937;-15622485.5834;23573110.0461;-4989787.6178;
2134;519348;11232921.3820;-6003626.4561;10093809.0495;15375350.8415;16454440.1550;1698583.6735;-15620241.3114;23574497.7850;-4989064.9392;
2134;519349;11233415.3543;-6001972.1599;10095074.2283;15375228.6309;16454296.6042;1699649.4252;-15617996.7954;23575885.1939;-4988342.0476;
2134;519350;11233909.0996;-6000318.0722;10096339.5921;15375106.3321;16454152.9030;1700714.9488;-15615752.0352;23577272.2725;-4987618.9431;
2134;519351;11234402.6178;-5998664.1928;10097605.1407;15374983.9455;16454009.0515;1701780.2443;-15613507.0311;23578659.0208;-4986895.6255;
2134;519352;11234895.9089;-5997010.5218;10098870.8741;15374861.4709;16453865.0497;1702845.3118;-15611261.7830;23580045.4388;-4986172.0950;
2134;519353;11235388.9730;-5995357.0592;10100136.7924;15374738.9084;16453720.8977;1703910.1512;-15609016.2910;23581431.5266;-4985448.3515;
2134;519354;11235881.8102;-5993703.8050;10101402.8956;15374616.2581;16453576.5956;1704974.7626;-15606770.5551;23582817.2839;-4984724.3949;
2134;519355;11236374.4204;-5992050.7594;10102669.1835;15374493.5200;16453432.1433;1706039.1460;-15604524.5754;23584202.7108;-4984000.2251;
2134;519356;11236866.8037;-5990397.9223;10103935.6562;15374370.6942;16453287.5409;1707103.3014;-15602278.3521;23585587.8073;-4983275.8423;
2134;519357;11237358.9602;-5988745.2936;10105202.3136;15374247.7807;16453142.7885;1708167.2288;-15600031.8850;23586972.5733;-4982551.2463;
2134;519358;11237850.8899;-5987092.8736;10106469.1558;15374124.7796;16452997.8862;1709230.9283;-15597785.1743;23588357.0087;-4981826.4372;
2134;519359;11238342.5927;-5985440.6621;10107736.1828;15374001.6909;16452852.8339;1710294.3997;-15595538.2201;23589741.1136;-4981101.4148;
2134;519360;11238834.0688;-5983788.6593;10109003.3944;15373878.5148;16452707.6318;1711357.6432;-15593291.0223;23591124.8879;-4980376.1792;
2134;519361;11239325.3182;-5982136.8650;10110270.7907;15373755.2511;16452562.2798;1712420.6588;-15591043.5811;23592508.3315;-4979650.7303;
2134;519362;11239816.3410;-5980485.2795;10111538.3717;15373631.9000;16452416.7781;1713483.4465;-15588795.8964;23593891.4444;-4978925.0682;
2134;519363;11240307.1370;-5978833.9026;10112806.1373;15373508.4616;16452271.1267;1714546.0062;-15586547.9685;23595274.2265;-4978199.1927;
2134;519364;11240797.7065;-5977182.7345;10114074.0876;15373384.9358;16452125.3257;1715608.3381;-15584299.7972;23596656.6779;-4977473.1039;
2134;519365;11241288.0494;-5975531.7751;10115342.2225;15373261.3228;16451979.3750;1716670.4421;-15582051.3827;23598038.7985;-4976746.8017;
2134;519366;11241778.1658;-5973881.0244;10116610.5420;15373137.6225;16451833.2748;1717732.3182;-15579802.7251;23599420.5883;-4976020.2860;
2134;519367;11242268.0557;-5972230.4826;10117879.0460;15373013.8351;16451687.0251;1718793.9664;-15577553.8243;23600802.0471;-4975293.5570;
2134;519368;11242757.7192;-5970580.1495;10119147.7347;15372889.9606;16451540.6259;1719855.3868;-15575304.6804;23602183.1750;-4974566.6145;
2134;519369;11243247.1562;-5968930.0254;10120416.6078;15372765.9990;16451394.0773;1720916.5794;-15573055.2936;23603563.9719;-4973839.4585;
2134;519370;11243736.3668;-5967280.1101;10121685.6655;15372641.9503;16451247.3794;1721977.5441;-15570805.6638;23604944.4379;-4973112.0889;
2134;519371;11244225.3511;-5965630.4037;10122954.9077;15372517.8147;16451100.5322;1723038.2811;-15568555.7911;23606324.5727;-4972384.5058;
2134;519372;11244714.1091;-5963980.9062;10124224.3344;15372393.5922;16450953.5358;1724098.7903;-15566305.6755;23607704.3765;-4971656.7092;
2134;519373;11245202.6408;-5962331.6176;10125493.9455;15372269.2829;16450806.3901;1725159.0717;-15564055.3172;23609083.8491;-4970928.6989;
2134;519374;11245690.9463;-5960682.5381;10126763.7411;15372144.8867;16450659.0953;1726219.1253;-15561804.7162;23610462.9906;-4970200.4750;
2134;519375;11246179.0256;-5959033.6676;10128033.7211;15372020.4037;16450511.6515;1727278.9512;-15559553.8724;23611841.8009;-4969472.0374;
2134;519376;11246666.8787;-5957385.0060;10129303.8855;15371895.8341;16450364.0586;1728338.5493;-15557302.7861;23613220.2799;-4968743.3861;
2134;519377;11247154.5057;-5955736.5536;10130574.2343;15371771.1778;16450216.3167;1729397.9197;-15555051.4572;23614598.4276;-4968014.5212;
2134;519378;11247641.9066;-5954088.3102;10131844.7675;15371646.4348;16450068.4259;1730457.0624;-15552799.8858;23615976.2439;-4967285.4424;
2134;519379;11248129.0814;-5952440.2759;10133115.4851;15371521.6053;16449920.3862;1731515.9774;-15550548.0719;23617353.7289;-4966556.1499;
2134;519380;11248616.0302;-5950792.4508;10134386.3870;15371396.6893;16449772.1977;1732574.6648;-15548296.0157;23618730.8825;-4965826.6436;
2134;519381;11249102.7531;-5949144.8348;10135657.4732;15371271.6869;16449623.8604;1733633.1244;-15546043.7171;23620107.7047;-4965096.9234;
2134;519382;11249589.2500;-5947497.4280;10136928.7437;15371146.5980;16449475.3744;1734691.3564;-15543791.1762;23621484.1953;-4964366.9894;
2134;519383;11250075.5210;-5945850.2305;10138200.1984;15371021.4227;16449326.7398;1735749.3608;-15541538.3931;23622860.3544;-4963636.8414;
2134;519384;11250561.5662;-5944203.2421;10139471.8375;15370896.1612;16449177.9565;1736807.1375;-15539285.3679;23624236.1820;-4962906.4796;
2134;519385;11251047.3855;-5942556.4630;10140743.6608;15370770.8134;16449029.0246;1737864.6867;-15537032.1005;23625611.6779;-4962175.9038;
2134;519386;11251532.9790;-5940909.8933;10142015.6683;15370645.3793;16448879.9442;1738922.0082;-15534778.5911;23626986.8422;-4961445.1140;
2134;519387;11252018.3468;-5939263.5328;10143287.8600;15370519.8592;16448730.7154;1739979.1021;-15532524.8397;23628361.6748;-4960714.1102;
2134;519388;11252503.4888;-5937617.3817;10144560.2359;15370394.2529;16448581.3381;1741035.9685;-15530270.8463;23629736.1756;-4959982.8924;
2134;519389;11252988.4052;-5935971.4399;10145832.7960;15370268.5605;16448431.8125;1742092.6073;-15528016.6111;23631110.3447;-4959251.4605;
2134;519390;11253473.0959;-5934325.7076;10147105.5403;15370142.7822;16448282.1386;1743149.0185;-15525762.1340;23632484.1820;-4958519.8146;
2134;519391;11253957.5610;-5932680.1846;10148378.4686;15370016.9179;16448132.3164;1744205.2022;-15523507.4151;23633857.6875;-4957787.9545;
2134;519392;11254441.8005;-5931034.8711;10149651.5811;15369890.9677;16447982.3461;1745261.1584;-15521252.4545;23635230.8610;-4957055.8802;
2134;519393;11254925.8145;-5929389.7671;10150924.8777;15369764.9316;16447832.2275;1746316.8871;-15518997.2523;23636603.7026;-4956323.5918;
2134;519394;11255409.6030;-5927744.8726;10152198.3583;15369638.8097;16447681.9609;1747372.3883;-15516741.8085;23637976.2123;-4955591.0892;
2134;519395;11255893.1660;-5926100.1876;10153472.0230;15369512.6021;16447531.5462;1748427.6620;-15514486.1231;23639348.3899;-4954858.3723;
2134;519396;11256376.5036;-5924455.7121;10154745.8717;15369386.3087;16447380.9836;1749482.7083;-15512230.1962;23640720.2355;-4954125.4412;
2134;519397;11256859.6159;-5922811.4463;10156019.9045;15369259.9298;16447230.2730;1750537.5271;-15509974.0278;23642091.7490;-4953392.2958;
2134;519398;11257342.5027;-5921167.3900;10157294.1213;15369133.4652;16447079.4145;1751592.1184;-15507717.6181;23643462.9304;-4952658.9360;
2134;519399;11257825.1643;-5919523.5433;10158568.5220;15369006.9150;16446928.4081;1752646.4824;-15505460.9671;23644833.7796;-4951925.3619;
2134;519400;11258307.6006;-5917879.9063;10159843.1067;15368880.2794;16446777.2540;1753700.6189;-15503204.0748;23646204.2966;-4951191.5735;
2134;519401;11258789.8116;-5916236.4790;10161117.8754;15368753.5583;16446625.9521;1754754.5280;-15500946.9413;23647574.4814;-4950457.5706;
2134;519402;11259271.7974;-5914593.2614;10162392.8279;15368626.7518;16446474.5026;1755808.2098;-15498689.5666;23648944.3339;-4949723.3533;
2134;519403;11259753.5581;-5912950.2535;10163667.9644;15368499.8599;16446322.9054;1756861.6642;-15496431.9509;23650313.8540;-4948988.9216;
2134;519404;11260235.0937;-5911307.4554;10164943.2848;15368372.8828;16446171.1607;1757914.8912;-15494174.0940;23651683.0418;-4948254.2753;
2134;519405;11260716.4041;-5909664.8671;10166218.7890;15368245.8204;16446019.2684;1758967.8908;-15491915.9962;23653051.8972;-4947519.4145;
2134;519406;11261197.4895;-5908022.4885;10167494.4771;15368118.6728;16445867.2286;1760020.6632;-15489657.6575;23654420.4202;-4946784.3392;
2134;519407;11261678.3499;-5906380.3198;10168770.3490;15367991.4400;16445715.0415;1761073.2082;-15487399.0779;23655788.6107;-4946049.0493;
2134;519408;11262158.9853;-5904738.3610;10170046.4048;15367864.1222;16445562.7069;1762125.5260;-15485140.2575;23657156.4686;-4945313.5449;
2134;519409;11262639.3957;-5903096.6121;10171322.6443;15367736.7193;16445410.2250;1763177.6164;-15482881.1963;23658523.9940;-4944577.8257;
2134;519410;11263119.5813;-5901455.0730;10172599.0676;15367609.2314;16445257.5959;1764229.4796;-15480621.8944;23659891.1868;-4943841.8920;
2134;519411;11263599.5420;-5899813.7439;10173875.6746;15367481.6585;16445104.8195;1765281.1155;-15478362.3518;23661258.0469;-4943105.7435;
2134;519412;11264079.2778;-5898172.6248;10175152.4654;15367354.0008;16444951.8960;1766332.5241;-15476102.5687;23662624.5744;-4942369.3803;
2134;519413;11264558.7889;-5896531.7156;10176429.4399;15367226.2582;16444798.8254;1767383.7056;-15473842.5450;23663990.7691;-4941632.8024;
2134;519414;11265038.0752;-5894891.0164;10177706.5981;15367098.4308;16444645.6077;1768434.6598;-15471582.2809;23665356.6311;-4940896.0097;
2134;519415;11265517.1367;-5893250.5273;10178983.9400;15366970.5187;16444492.2430;1769485.3868;-15469321.7763;23666722.1603;-4940159.0022;
2134;519416;11265995.9736;-5891610.2483;10180261.4656;15366842.5219;16444338.7314;1770535.8866;-15467061.0314;23668087.3567;-4939421.7799;
2134;519417;11266474.5859;-5889970.1793;10181539.1748;15366714.4404;16444185.0728;1771586.1592;-15464800.0461;23669452.2202;-4938684.3427;
2134;519418;11266952.9735;-5888330.3205;10182817.0676;15366586.2743;16444031.2674;1772636.2047;-15462538.8206;23670816.7507;-4937946.6907;
2134;519419;11267431.1366;-5886690.6718;10184095.1440;15366458.0237;16443877.3152;1773686.0230;-15460277.3549;23672180.9484;-4937208.8237;
2134;519420;11267909.0751;-5885051.2333;10185373.4040;15366329.6887;16443723.2162;1774735.6142;-15458015.6490;23673544.8130;-4936470.7418;
2134;519421;11268386.7891;-5883412.0049;10186651.8475;15366201.2691;16443568.9706;1775784.9783;-15455753.7031;23674908.3446;-4935732.4449;
2134;519422;11268864.2787;-5881772.9868;10187930.4746;15366072.7652;16443414.5783;1776834.1153;-15453491.5171;23676271.5431;-4934993.9330;
2134;519423;11269341.5438;-5880134.1789;10189209.2853;15365944.1769;16443260.0394;1777883.0251;-15451229.0912;23677634.4085;-4934255.2061;
2134;519424;11269818.5846;-5878495.5813;10190488.2794;15365815.5044;16443105.3540;1778931.7079;-15448966.4253;23678996.9407;-4933516.2641;
2134;519425;11270295.4010;-5876857.1940;10191767.4570;15365686.7476;16442950.5221;1779980.1636;-15446703.5196;23680359.1398;-4932777.1071;
2134;519426;11270771.9931;-5875219.0170;10193046.8181;15365557.9066;16442795.5438;1781028.3923;-15444440.3741;23681721.0056;-4932037.7350;
2134;519427;11271248.3609;-5873581.0504;10194326.3627;15365428.9814;16442640.4191;1782076.3940;-15442176.9888;23683082.5382;-4931298.1477;
2134;519428;11271724.5045;-5871943.2941;10195606.0906;15365299.9722;16442485.1480;1783124.1686;-15439913.3639;23684443.7374;-4930558.3452;
2134;519429;11272200.4239;-5870305.7482;10196886.0020;15365170.8790;16442329.7307;1784171.7162;-15437649.4993;23685804.6033;-4929818.3276;
2134;519430;11272676.1191;-5868668.4127;10198166.0968;15365041.7017;16442174.1671;1785219.0368;-15435385.3951;23687165.1359;-4929078.0947;
2134;519431;11273151.5902;-5867031.2877;10199446.3750;15364912.4405;16442018.4574;1786266.1304;-15433121.0514;23688525.3350;-4928337.6466;
2134;519432;11273626.8372;-5865394.3732;10200726.8365;15364783.0955;16441862.6015;1787312.9971;-15430856.4683;23689885.2006;-4927596.9832;
2134;519433;11274101.8602;-5863757.6691;10202007.4813;15364653.6666;16441706.5996;1788359.6368;-15428591.6457;23691244.7327;-4926856.1045;
2134;519434;11274576.6591;-5862121.1756;10203288.3095;15364524.1539;16441550.4517;1789406.0495;-15426326.5838;23692603.9313;-4926115.0105;
2134;519435;11275051.2341;-5860484.8926;10204569.3209;15364394.5574;16441394.1578;1790452.2354;-15424061.2826;23693962.7963;-4925373.7011;
2134;519436;11275525.5851;-5858848.8202;10205850.5157;15364264.8773;16441237.7179;1791498.1943;-15421795.7421;23695321.3277;-4924632.1764;
2134;519437;11275999.7122;-5857212.9584;10207131.8936;15364135.1136;16441081.1323;1792543.9263;-15419529.9625;23696679.5254;-4923890.4362;
2134;519438;11276473.6155;-5855577.3073;10208413.4549;15364005.2663;16440924.4008;1793589.4315;-15417263.9437;23698037.3894;-4923148.4805;
2134;519439;11276947.2949;-5853941.8667;10209695.1993;15363875.3354;16440767.5235;1794634.7097;-15414997.6859;23699394.9197;-4922406.3094;
2134;519440;11277420.7505;-5852306.6369;10210977.1270;15363745.3211;16440610.5006;1795679.7612;-15412731.1891;23700752.1162;-4921663.9228;
2134;519441;11277893.9824;-5850671.6177;10212259.2378;15363615.2233;16440453.3320;1796724.5857;-15410464.4533;23702108.9789;-4920921.3207;
2134;519442;11278366.9906;-5849036.8093;10213541.5318;15363485.0421;16440296.0178;1797769.1835;-15408197.4786;23703465.5077;-4920178.5030;
2134;519443;11278839.7751;-5847402.2116;10214824.0089;15363354.7776;16440138.5580;1798813.5544;-15405930.2651;23704821.7027;-4919435.4697;
2134;519444;11279312.3359;-5845767.8247;10216106.6692;15363224.4299;16439980.9528;1799857.6986;-15403662.8128;23706177.5637;-4918692.2208;
2134;519445;11279784.6732;-5844133.6486;10217389.5125;15363093.9989;16439823.2021;1800901.6159;-15401395.1217;23707533.0907;-4917948.7563;
2134;519446;11280256.7869;-5842499.6833;10218672.5390;15362963.4847;16439665.3060;1801945.3065;-15399127.1920;23708888.2837;-4917205.0761;
2134;519447;11280728.6770;-5840865.9289;10219955.7485;15362832.8874;16439507.2646;1802988.7704;-15396859.0237;23710243.1427;-4916461.1802;
2134;519448;11281200.3437;-5839232.3854;10221239.1410;15362702.2070;16439349.0778;1804032.0075;-15394590.6168;23711597.6676;-4915717.0685;
2134;519449;11281671.7869;-5837599.0527;10222522.7166;15362571.4436;16439190.7459;1805075.0178;-15392321.9714;23712951.8583;-4914972.7412;
2134;519450;11282143.0067;-5835965.9310;10223806.4752;15362440.5972;16439032.2687;1806117.8015;-15390053.0876;23714305.7149;-4914228.1980;
2134;519451;11282614.0031;-5834333.0202;10225090.4168;15362309.6678;16438873.6465;1807160.3584;-15387783.9654;23715659.2373;-4913483.4391;
2134;519452;11283084.7762;-5832700.3205;10226374.5413;15362178.6556;16438714.8791;1808202.6887;-15385514.6048;23717012.4254;-4912738.4643;
2134;519453;11283555.3260;-5831067.8317;10227658.8488;15362047.5606;16438555.9668;1809244.7923;-15383245.0060;23718365.2792;-4911993.2736;
2134;519454;11284025.6525;-5829435.5539;10228943.3392;15361916.3828;16438396.9094;1810286.6693;-15380975.1689;23719717.7988;-4911247.8671;
2134;519455;11284495.7558;-5827803.4872;10230228.0125;15361785.1223;16438237.7071;1811328.3196;-15378705.0937;23721069.9839;-4910502.2446;
2134;519456;11284965.6358;-5826171.6316;10231512.8687;15361653.7791;16438078.3600;1812369.7432;-15376434.7804;23722421.8347;-4909756.4062;
2134;519457;11285435.2928;-5824539.9871;10232797.9078;15361522.3533;16437918.8680;1813410.9403;-15374164.2290;23723773.3510;-4909010.3518;
2134;519458;11285904.7266;-5822908.5537;10234083.1297;15361390.8449;16437759.2313;1814451.9108;-15371893.4397;23725124.5328;-4908264.0814;
2134;519459;11286373.9373;-5821277.3314;10235368.5345;15361259.2540;16437599.4499;1815492.6546;-15369622.4124;23726475.3801;-4907517.5950;
2134;519460;11286842.9250;-5819646.3204;10236654.1221;15361127.5806;16437439.5238;1816533.1720;-15367351.1472;23727825.8929;-4906770.8925;
2134;519461;11287311.6897;-5818015.5205;10237939.8924;15360995.8247;16437279.4531;1817573.4627;-15365079.6442;23729176.0711;-4906023.9740;
2134;519462;11287780.2314;-5816384.9319;10239225.8456;15360863.9866;16437119.2378;1818613.5269;-15362807.9035;23730525.9146;-4905276.8393;
2134;519463;11288248.5502;-5814754.5545;10240511.9815;15360732.0660;16436958.8780;1819653.3646;-15360535.9250;23731875.4234;-4904529.4885;
2134;519464;11288716.6461;-5813124.3884;10241798.3001;15360600.0633;16436798.3738;1820692.9758;-15358263.7089;23733224.5976;-4903781.9215;
2134;519465;11289184.5192;-5811494.4336;10243084.8014;15360467.9783;16436637.7252;1821732.3605;-15355991.2552;23734573.4370;-4903034.1384;
2134;519466;11289652.1694;-5809864.6901;10244371.4855;15360335.8111;16436476.9322;1822771.5187;-15353718.5639;23735921.9416;-4902286.1390;
2134;519467;11290119.5969;-5808235.1580;10245658.3522;15360203.5618;16436315.9949;1823810.4504;-15351445.6352;23737270.1114;-4901537.9233;
2134;519468;11290586.8016;-5806605.8372;10246945.4015;15360071.2305;16436154.9134;1824849.1556;-15349172.4691;23738617.9463;-4900789.4914;
2134;519469;11291053.7836;-5804976.7279;10248232.6335;15359938.8171;16435993.6877;1825887.6345;-15346899.0655;23739965.4463;-4900040.8432;
2134;519470;11291520.5430;-5803347.8300;10249520.0481;15359806.3217;16435832.3178;1826925.8869;-15344625.4247;23741312.6113;-4899291.9786;
2134;519471;11291987.0797;-5801719.1435;10250807.6453;15359673.7445;16435670.8039;1827963.9129;-15342351.5466;23742659.4414;-4898542.8977;
2134;519472;11292453.3938;-5800090.6686;10252095.4251;15359541.0854;16435509.1459;1829001.7125;-15340077.4314;23744005.9365;-4897793.6004;
2134;519473;11292919.4854;-5798462.4051;10253383.3874;15359408.3444;16435347.3440;1830039.2857;-15337803.0790;23745352.0964;-4897044.0866;
2134;519474;11293385.3545;-5796834.3531;10254671.5323;15359275.5217;16435185.3981;1831076.6325;-15335528.4895;23746697.9213;-4896294.3565;
2134;519475;11293851.0010;-5795206.5127;10255959.8597;15359142.6173;16435023.3083;1832113.7530;-15333253.6630;23748043.4111;-4895544.4098;
2134;519476;11294316.4252;-5793578.8839;10257248.3695;15359009.6312;16434861.0747;1833150.6472;-15330978.5995;23749388.5657;-4894794.2467;
2134;519477;11294781.6269;-5791951.4667;10258537.0619;15358876.5635;16434698.6974;1834187.3150;-15328703.2991;23750733.3850;-4894043.8670;
2134;519478;11295246.6063;-5790324.2611;10259825.9367;15358743.4143;16434536.1763;1835223.7565;-15326427.7618;23752077.8691;-4893293.2708;
2134;519479;11295711.3634;-5788697.2671;10261114.9940;15358610.1835;16434373.5115;1836259.9718;-15324151.9878;23753422.0179;-4892542.4580;
2134;519480;11296175.8981;-5787070.4849;10262404.2336;15358476.8713;16434210.7031;1837295.9607;-15321875.9770;23754765.8314;-4891791.4285;
2134;519481;11296640.2106;-5785443.9143;10263693.6557;15358343.4776;16434047.7512;1838331.7234;-15319599.7295;23756109.3095;-4891040.1825;
2134;519482;11297104.3009;-5783817.5555;10264983.2601;15358210.0026;16433884.6557;1839367.2598;-15317323.2454;23757452.4522;-4890288.7198;
2134;519483;11297568.1690;-5782191.4084;10266273.0469;15358076.4463;16433721.4168;1840402.5700;-15315046.5247;23758795.2595;-4889537.0404;
2134;519484;11298031.8150;-5780565.4731;10267563.0161;15357942.8087;16433558.0345;1841437.6540;-15312769.5675;23760137.7313;-4888785.1442;
2134;519485;11298495.2389;-5778939.7495;10268853.1675;15357809.0899;16433394.5088;1842472.5117;-15310492.3739;23761479.8675;-4888033.0314;
2134;519486;11298958.4407;-5777314.2378;10270143.5013;15357675.2900;16433230.8399;1843507.1433;-15308214.9439;23762821.6682;-4887280.7017;
2134;519487;11299421.4205;-5775688.9380;10271434.0173;15357541.4089;16433067.0276;1844541.5487;-15305937.2775;23764163.1333;-4886528.1553;
2134;519488;11299884.1783;-5774063.8500;10272724.7156;15357407.4468;16432903.0722;1845575.7279;-15303659.3748;23765504.2627;-4885775.3920;
2134;519489;11300346.7142;-5772438.9740;10274015.5961;15357273.4037;16432738.9736;1846609.6810;-15301381.2359;23766845.0565;-4885022.4118;
2134;519490;11300809.0281;-5770814.3098;10275306.6589;15357139.2796;16432574.7320;1847643.4080;-15299102.8609;23768185.5145;-4884269.2148;
2134;519491;11301271.1202;-5769189.8576;10276597.9038;15357005.0746;16432410.3472;1848676.9088;-15296824.2497;23769525.6368;-4883515.8009;
2134;519492;11301732.9904;-5767565.6174;10277889.3310;15356870.7888;16432245.8195;1849710.1835;-15294545.4025;23770865.4233;-4882762.1700;
2134;519493;11302194.6389;-5765941.5892;10279180.9402;15356736.4221;16432081.1489;1850743.2322;-15292266.3192;23772204.8740;-4882008.3222;
2134;519494;11302656.0655;-5764317.7729;10280472.7317;15356601.9747;16431916.3354;1851776.0547;-15289987.0000;23773543.9888;-4881254.2573;
2134;519495;11303117.2705;-5762694.1688;10281764.7052;15356467.4466;16431751.3790;1852808.6512;-15287707.4450;23774882.7677;-4880499.9755;
2134;519496;11303578.2538;-5761070.7767;10283056.8608;15356332.8379;16431586.2799;1853841.0217;-15285427.6541;23776221.2106;-4879745.4766;
2134;519497;11304039.0154;-5759447.5967;10284349.1986;15356198.1485;16431421.0380;1854873.1661;-15283147.6274;23777559.3176;-4878990.7606;
2134;519498;11304499.5554;-5757824.6288;10285641.7183;15356063.3786;16431255.6535;1855905.0845;-15280867.3651;23778897.0885;-4878235.8275;
2134;519499;11304959.8738;-5756201.8731;10286934.4202;15355928.5282;16431090.1263;1856936.7769;-15278586.8670;23780234.5234;-4877480.6773;
2134;519500;11305419.9708;-5754579.3295;10288227.3040;15355793.5973;16430924.4566;1857968.2433;-15276306.1334;23781571.6221;-4876725.3100;
2134;519501;11305879.8462;-5752956.9981;10289520.3698;15355658.5861;16430758.6443;1858999.4838;-15274025.1642;23782908.3848;-4875969.7254;
2134;519502;11306339.5001;-5751334.8790;10290813.6176;15355523.4945;16430592.6896;1860030.4983;-15271743.9596;23784244.8112;-4875213.9236;
2134;519503;11306798.9327;-5749712.9721;10292107.0474;15355388.3225;16430426.5925;1861061.2868;-15269462.5195;23785580.9014;-4874457.9046;
2134;519504;11307258.1438;-5748091.2774;10293400.6591;15355253.0704;16430260.3530;1862091.8495;-15267180.8440;23786916.6554;-4873701.6684;
2134;519505;11307717.1336;-5746469.7951;10294694.4527;15355117.7380;16430093.9712;1863122.1862;-15264898.9333;23788252.0731;-4872945.2148;
2134;519506;11308175.9021;-5744848.5250;10295988.4282;15354982.3255;16429927.4471;1864152.2970;-15262616.7872;23789587.1545;-4872188.5439;
2134;519507;11308634.4494;-5743227.4673;10297282.5857;15354846.8329;16429760.7808;1865182.1819;-15260334.4060;23790921.8994;-4871431.6557;
2134;519508;11309092.7754;-5741606.6220;10298576.9249;15354711.2602;16429593.9724;1866211.8410;-15258051.7896;23792256.3080;-4870674.5501;
2134;519509;11309550.8802;-5739985.9891;10299871.4460;15354575.6076;16429427.0219;1867241.2742;-15255768.9382;23793590.3802;-4869917.2271;
2134;519510;11310008.7638;-5738365.5685;10301166.1489;15354439.8750;16429259.9293;1868270.4816;-15253485.8517;23794924.1158;-4869159.6866;
2134;519511;11310466.4264;-5736745.3604;10302461.0336;15354304.0625;16429092.6947;1869299.4631;-15251202.5303;23796257.5149;-4868401.9287;
2134;519512;11310923.8678;-5735125.3648;10303756.1001;15354168.1701;16428925.3182;1870328.2189;-15248918.9739;23797590.5775;-4867643.9533;
2134;519513;11311381.0883;-5733505.5817;10305051.3484;15354032.1980;16428757.7998;1871356.7488;-15246635.1827;23798923.3035;-4866885.7604;
2134;519514;11311838.0877;-5731886.0110;10306346.7783;15353896.1461;16428590.1396;1872385.0530;-15244351.1566;23800255.6928;-4866127.3500;
2134;519515;11312294.8661;-5730266.6529;10307642.3900;15353760.0146;16428422.3376;1873413.1314;-15242066.8959;23801587.7454;-4865368.7220;
2134;519516;11312751.4237;-5728647.5074;10308938.1834;15353623.8033;16428254.3938;1874440.9841;-15239782.4004;23802919.4614;-4864609.8764;
2134;519517;11313207.7603;-5727028.5744;10310234.1585;15353487.5125;16428086.3084;1875468.6110;-15237497.6704;23804250.8406;-4863850.8132;
2134;519518;11313663.8761;-5725409.8541;10311530.3152;15353351.1422;16427918.0813;1876496.0123;-15235212.7057;23805581.8830;-4863091.5323;
2134;519519;11314119.7711;-5723791.3463;10312826.6536;15353214.6924;16427749.7127;1877523.1878;-15232927.5066;23806912.5885;-4862332.0338;
2134;519520;11314575.4453;-5722173.0513;10314123.1735;15353078.1631;16427581.2025;1878550.1376;-15230642.0729;23808242.9572;-4861572.3175;
2134;519521;11315030.8988;-5720554.9689;10315419.8751;15352941.5544;16427412.5509;1879576.8618;-15228356.4049;23809572.9890;-4860812.3836;
2134;519522;11315486.1315;-5718937.0992;10316716.7583;15352804.8664;16427243.7578;1880603.3603;-15226070.5026;23810902.6839;-4860052.2318;
2134;519523;11315941.1437;-5717319.4423;10318013.8230;15352668.0991;16427074.8234;1881629.6331;-15223784.3659;23812232.0418;-4859291.8623;
2134;519524;11316395.9351;-5715701.9981;10319311.0692;15352531.2526;16426905.7477;1882655.6803;-15221497.9951;23813561.0626;-4858531.2750;
2134;519525;11316850.5061;-5714084.7667;10320608.4969;15352394.3268;16426736.5307;1883681.5020;-15219211.3900;23814889.7464;-4857770.4698;
2134;519526;11317304.8564;-5712467.7481;10321906.1062;15352257.3220;16426567.1725;1884707.0980;-15216924.5509;23816218.0931;-4857009.4468;
2134;519527;11317758.9863;-5710850.9423;10323203.8969;15352120.2380;16426397.6731;1885732.4684;-15214637.4777;23817546.1027;-4856248.2059;
2134;519528;11318212.8956;-5709234.3493;10324501.8690;15351983.0750;16426228.0326;1886757.6133;-15212350.1705;23818873.7751;-4855486.7471;
2134;519529;11318666.5846;-5707617.9693;10325800.0226;15351845.8331;16426058.2511;1887782.5326;-15210062.6294;23820201.1103;-4854725.0703;
2134;519530;11319120.0532;-5706001.8021;10327098.3576;15351708.5122;16425888.3286;1888807.2264;-15207774.8544;23821528.1082;-4853963.1755;
2134;519531;11319573.3014;-5704385.8479;10328396.8740;15351571.1124;16425718.2651;1889831.6947;-15205486.8455;23822854.7689;-4853201.0628;
2134;519532;11320026.3292;-5702770.1066;10329695.5718;15351433.6338;16425548.0608;1890855.9374;-15203198.6029;23824181.0922;-4852438.7320;
2134;519533;11320479.1369;-5701154.5782;10330994.4509;15351296.0763;16425377.7156;1891879.9547;-15200910.1266;23825507.0782;-4851676.1832;
2134;519534;11320931.7242;-5699539.2629;10332293.5113;15351158.4402;16425207.2296;1892903.7465;-15198621.4167;23826832.7268;-4850913.4163;
2134;519535;11321384.0914;-5697924.1606;10333592.7531;15351020.7254;16425036.6029;1893927.3128;-15196332.4731;23828158.0380;-4850150.4313;
2134;519536;11321836.2384;-5696309.2713;10334892.1761;15350882.9319;16424865.8354;1894950.6537;-15194043.2960;23829483.0116;-4849387.2281;
2134;519537;11322288.1653;-5694694.5951;10336191.7804;15350745.0599;16424694.9274;1895973.7691;-15191753.8854;23830807.6478;-4848623.8068;
2134;519538;11322739.8720;-5693080.1320;10337491.5660;15350607.1093;16424523.8788;1896996.6592;-15189464.2414;23832131.9464;-4847860.1673;
2134;519539;11323191.3588;-5691465.8820;10338791.5328;15350469.0803;16424352.6896;1898019.3238;-15187174.3641;23833455.9074;-4847096.3096;
2134;519540;11323642.6255;-5689851.8451;10340091.6808;15350330.9728;16424181.3600;1899041.7631;-15184884.2534;23834779.5308;-4846332.2336;
2134;519541;11324093.6723;-5688238.0214;10341392.0099;15350192.7870;16424009.8899;1900063.9770;-15182593.9095;23836102.8165;-4845567.9394;
2134;519542;11324544.4991;-5686624.4109;10342692.5203;15350054.5228;16423838.2795;1901085.9655;-15180303.3323;23837425.7645;-4844803.4269;
2134;519543;11324995.1060;-5685011.0136;10343993.2117;15349916.1803;16423666.5288;1902107.7287;-15178012.5221;23838748.3748;-4844038.6960;
2134;519544;11325445.4931;-5683397.8296;10345294.0844;15349777.7596;16423494.6378;1903129.2666;-15175721.4788;23840070.6473;-4843273.7468;
2134;519545;11325895.6603;-5681784.8588;10346595.1381;15349639.2608;16423322.6066;1904150.5791;-15173430.2024;23841392.5820;-4842508.5792;
2134;519546;11326345.6078;-5680172.1012;10347896.3729;15349500.6838;16423150.4352;1905171.6664;-15171138.6931;23842714.1789;-4841743.1933;
2134;519547;11326795.3355;-5678559.5570;10349197.7887;15349362.0287;16422978.1237;1906192.5284;-15168846.9509;23844035.4378;-4840977.5888;
2134;519548;11327244.8435;-5676947.2261;10350499.3856;15349223.2956;16422805.6721;1907213.1651;-15166554.9758;23845356.3588;-4840211.7660;
2134;519549;11327694.1318;-5675335.1086;10351801.1635;15349084.4845;16422633.0806;1908233.5766;-15164262.7680;23846676.9419;-4839445.7246;
2134;519550;11328143.2005;-5673723.2044;10353103.1224;15348945.5956;16422460.3491;1909253.7629;-15161970.3274;23847997.1869;-4838679.4648;
2134;519551;11328592.0497;-5672111.5137;10354405.2623;15348806.6287;16422287.4777;1910273.7239;-15159677.6541;23849317.0939;-4837912.9864;
2134;519552;11329040.6792;-5670500.0364;10355707.5832;15348667.5840;16422114.4665;1911293.4598;-15157384.7483;23850636.6629;-4837146.2894;
2134;519553;11329489.0893;-5668888.7725;10357010.0850;15348528.4616;16421941.3155;1912312.9704;-15155091.6098;23851955.8937;-4836379.3739;
2134;519554;11329937.2799;-5667277.7221;10358312.7677;15348389.2614;16421768.0247;1913332.2559;-15152798.2389;23853274.7863;-4835612.2397;
2134;519555;11330385.2510;-5665666.8852;10359615.6313;15348249.9835;16421594.5942;1914351.3162;-15150504.6355;23854593.3408;-4834844.8869;
2134;519556;11330833.0028;-5664056.2618;10360918.6758;15348110.6280;16421421.0241;1915370.1514;-15148210.7997;23855911.5570;-4834077.3154;
2134;519557;11331280.5351;-5662445.8519;10362221.9011;15347971.1950;16421247.3145;1916388.7615;-15145916.7316;23857229.4350;-4833309.5252;
2134;519558;11331727.8482;-5660835.6557;10363525.3073;15347831.6844;16421073.4653;1917407.1465;-15143622.4313;23858546.9746;-4832541.5163;
2134;519559;11332174.9420;-5659225.6730;10364828.8943;15347692.0964;16420899.4766;1918425.3064;-15141327.8987;23859864.1759;-4831773.2886;
2134;519560;11332621.8165;-5657615.9039;10366132.6621;15347552.4310;16420725.3485;1919443.2411;-15139033.1339;23861181.0389;-4831004.8422;
2134;519561;11333068.4718;-5656006.3485;10367436.6106;15347412.6882;16420551.0810;1920460.9509;-15136738.1371;23862497.5634;-4830236.1769;
2134;519562;11333514.9080;-5654397.0067;10368740.7399;15347272.8680;16420376.6742;1921478.4356;-15134442.9082;23863813.7494;-4829467.2928;
2134;519563;11333961.1250;-5652787.8787;10370045.0499;15347132.9706;16420202.1281;1922495.6952;-15132147.4474;23865129.5970;-4828698.1899;
2134;519564;11334407.1230;-5651178.9643;10371349.5407;15346992.9960;16420027.4429;1923512.7299;-15129851.7546;23866445.1060;-4827928.8681;
2134;519565;11334852.9018;-5649570.2637;10372654.2121;15346852.9442;16419852.6184;1924529.5395;-15127555.8299;23867760.2764;-4827159.3274;
2134;519566;11335298.4617;-5647961.7768;10373959.0642;15346712.8153;16419677.6549;1925546.1242;-15125259.6734;23869075.1083;-4826389.5677;
2134;519567;11335743.8026;-5646353.5037;10375264.0970;15346572.6094;16419502.5523;1926562.4839;-15122963.2852;23870389.6015;-4825619.5890;
2134;519568;11336188.9246;-5644745.4444;10376569.3103;15346432.3264;16419327.3107;1927578.6186;-15120666.6653;23871703.7560;-4824849.3914;
2134;519569;11336633.8276;-5643137.5990;10377874.7043;15346291.9665;16419151.9301;1928594.5285;-15118369.8138;23873017.5718;-4824078.9748;
2134;519570;11337078.5118;-5641529.9674;10379180.2789;15346151.5296;16418976.4106;1929610.2133;-15116072.7306;23874331.0488;-4823308.3391;
2134;519571;11337522.9772;-5639922.5496;10380486.0340;15346011.0159;16418800.7523;1930625.6733;-15113775.4160;23875644.1871;-4822537.4843;
2134;519572;11337967.2238;-5638315.3458;10381791.9697;15345870.4254;16418624.9552;1931640.9084;-15111477.8699;23876956.9865;-4821766.4104;
2134;519573;11338411.2516;-5636708.3559;10383098.0858;15345729.7581;16418449.0194;1932655.9186;-15109180.0923;23878269.4470;-4820995.1174;
2134;519574;11338855.0607;-5635101.5800;10384404.3825;15345589.0141;16418272.9448;1933670.7040;-15106882.0835;23879581.5687;-4820223.6053;
2134;519575;11339298.6512;-5633495.0180;10385710.8597;15345448.1934;16418096.7317;1934685.2645;-15104583.8433;23880893.3514;-4819451.8740;
2134;519576;11339742.0230;-5631888.6700;10387017.5173;15345307.2962;16417920.3799;1935699.6002;-15102285.3719;23882204.7951;-4818679.9235;
2134;519577;11340185.1763;-5630282.5360;10388324.3554;15345166.3223;16417743.8896;1936713.7111;-15099986.6694;23883515.8998;-4817907.7537;
2134;519578;11340628.1110;-5628676.6161;10389631.3739;15345025.2720;16417567.2609;1937727.5972;-15097687.7357;23884826.6654;-4817135.3647;
2134;519579;11341070.8271;-5627070.9102;10390938.5727;15344884.1452;16417390.4937;1938741.2585;-15095388.5709;23886137.0919;-4816362.7564;
2134;519580;11341513.3248;-5625465.4184;10392245.9520;15344742.9420;16417213.5881;1939754.6950;-15093089.1752;23887447.1793;-4815589.9288;
2134;519581;11341955.6041;-5623860.1408;10393553.5116;15344601.6625;16417036.5442;1940767.9068;-15090789.5485;23888756.9276;-4814816.8819;
2134;519582;11342397.6650;-5622255.0772;10394861.2515;15344460.3066;16416859.3621;1941780.8939;-15088489.6909;23890066.3366;-4814043.6155;
2134;519583;11342839.5075;-5620650.2279;10396169.1718;15344318.8745;16416682.0417;1942793.6562;-15086189.6025;23891375.4064;-4813270.1298;
2134;519584;11343281.1317;-5619045.5927;10397477.2723;15344177.3662;16416504.5832;1943806.1939;-15083889.2833;23892684.1369;-4812496.4247;
2134;519585;11343722.5376;-5617441.1717;10398785.5531;15344035.7817;16416326.9865;1944818.5069;-15081588.7335;23893992.5280;-4811722.5002;
2134;519586;11344163.7252;-5615836.9649;10400094.0142;15343894.1211;16416149.2518;1945830.5951;-15079287.9529;23895300.5799;-4810948.3561;
2134;519587;11344604.6947;-5614232.9724;10401402.6554;15343752.3845;16415971.3791;1946842.4588;-15076986.9418;23896608.2923;-4810173.9926;
2134;519588;11345045.4459;-5612629.1942;10402711.4769;15343610.5719;16415793.3685;1947854.0978;-15074685.7001;23897915.6653;-4809399.4096;
2134;519589;11345485.9791;-5611025.6302;10404020.4786;15343468.6833;16415615.2199;1948865.5122;-15072384.2280;23899222.6988;-4808624.6070;
2134;519590;11345926.2942;-5609422.2806;10405329.6604;15343326.7188;16415436.9335;1949876.7019;-15070082.5254;23900529.3928;-4807849.5848;
2134;519591;11346366.3912;-5607819.1454;10406639.0224;15343184.6785;16415258.5093;1950887.6671;-15067780.5924;23901835.7473;-4807074.3430;
2134;519592;11346806.2702;-5606216.2245;10407948.5645;15343042.5623;16415079.9473;1951898.4077;-15065478.4292;23903141.7622;-4806298.8816;
2134;519593;11347245.9312;-5604613.5180;10409258.2867;15342900.3704;16414901.2477;1952908.9238;-15063176.0357;23904447.4375;-4805523.2006;
2134;519594;11347685.3743;-5603011.0259;10410568.1890;15342758.1029;16414722.4104;1953919.2153;-15060873.4120;23905752.7731;-4804747.2999;
2134;519595;11348124.5995;-5601408.7482;10411878.2713;15342615.7596;16414543.4356;1954929.2822;-15058570.5582;23907057.7690;-4803971.1794;
2134;519596;11348563.6068;-5599806.6850;10413188.5336;15342473.3408;16414364.3232;1955939.1247;-15056267.4743;23908362.4253;-4803194.8392;
2134;519597;11349002.3963;-5598204.8363;10414498.9760;15342330.8464;16414185.0733;1956948.7427;-15053964.1604;23909666.7417;-4802418.2793;
2134;519598;11349440.9681;-5596603.2021;10415809.5984;15342188.2765;16414005.6861;1957958.1362;-15051660.6165;23910970.7183;-4801641.4996;
2134;519599;11349879.3221;-5595001.7825;10417120.4008;15342045.6312;16413826.1614;1958967.3052;-15049356.8427;23912274.3551;-4800864.5000;
2134;519600;11350317.4584;-5593400.5774;10418431.3830;15341902.9105;16413646.4994;1959976.2498;-15047052.8391;23913577.6520;-4800087.2807;
2134;519601;11350755.3770;-5591799.5868;10419742.5453;15341760.1144;16413466.7002;1960984.9699;-15044748.6057;23914880.6090;-4799309.8414;
2134;519602;11351193.0780;-5590198.8109;10421053.8874;15341617.2431;16413286.7637;1961993.4657;-15042444.1425;23916183.2261;-4798532.1823;
2134;519603;11351630.5614;-5588598.2496;10422365.4094;15341474.2965;16413106.6901;1963001.7370;-15040139.4497;23917485.5031;-4797754.3033;
2134;519604;11352067.8273;-5586997.9029;10423677.1113;15341331.2747;16412926.4793;1964009.7840;-15037834.5273;23918787.4402;-4796976.2043;
2134;519605;11352504.8757;-5585397.7710;10424988.9931;15341188.1778;16412746.1315;1965017.6066;-15035529.3754;23920089.0371;-4796197.8853;
2134;519606;11352941.7066;-5583797.8537;10426301.0546;15341045.0057;16412565.6467;1966025.2048;-15033223.9939;23921390.2940;-4795419.3464;
2134;519607;11353378.3200;-5582198.1511;10427613.2960;15340901.7587;16412385.0250;1967032.5787;-15030918.3830;23922691.2107;-4794640.5874;
2134;519608;11353814.7161;-5580598.6632;10428925.7171;15340758.4366;16412204.2663;1968039.7283;-15028612.5427;23923991.7873;-4793861.6083;
2134;519609;11354250.8948;-5578999.3902;10430238.3180;15340615.0396;16412023.3708;1969046.6535;-15026306.4731;23925292.0236;-4793082.4092;
2134;519610;11354686.8562;-5577400.3319;10431551.0986;15340471.5677;16411842.3385;1970053.3545;-15024000.1742;23926591.9197;-4792302.9900;
2134;519611;11355122.6003;-5575801.4884;10432864.0590;15340328.0210;16411661.1695;1971059.8313;-15021693.6462;23927891.4755;-4791523.3507;
2134;519612;11355558.1272;-5574202.8598;10434177.1990;15340184.3995;16411479.8638;1972066.0837;-15019386.8890;23929190.6910;-4790743.4912;
2134;519613;11355993.4369;-5572604.4460;10435490.5188;15340040.7032;16411298.4214;1973072.1120;-15017079.9027;23930489.5661;-4789963.4116;
2134;519614;11356428.5294;-5571006.2471;10436804.0181;15339896.9323;16411116.8425;1974077.9160;-15014772.6873;23931788.1008;-4789183.1117;
2134;519615;11356863.4048;-5569408.2631;10438117.6971;15339753.0867;16410935.1270;1975083.4958;-15012465.2430;23933086.2951;-4788402.5916;
2134;519616;11357298.0631;-5567810.4940;10439431.5557;15339609.1665;16410753.2750;1976088.8514;-15010157.5698;23934384.1489;-4787621.8512;
2134;519617;11357732.5044;-5566212.9398;10440745.5939;15339465.1718;16410571.2867;1977093.9828;-15007849.6677;23935681.6622;-4786840.8906;
2134;519618;11358166.7287;-5564615.6007;10442059.8117;15339321.1026;16410389.1619;1978098.8901;-15005541.5368;23936978.8350;-4786059.7096;
2134;519619;11358600.7360;-5563018.4765;10443374.2090;15339176.9590;16410206.9008;1979103.5732;-15003233.1772;23938275.6672;-4785278.3083;
2134;519620;11359034.5264;-5561421.5673;10444688.7858;15339032.7410;16410024.5035;1980108.0322;-15000924.5889;23939572.1587;-4784496.6866;
2134;519621;11359468.0999;-5559824.8732;10446003.5422;15338888.4487;16409841.9700;1981112.2671;-14998615.7720;23940868.3096;-4783714.8446;
2134;519622;11359901.4565;-5558228.3942;10447318.4780;15338744.0820;16409659.3003;1982116.2779;-14996306.7265;23942164.1199;-4782932.7821;
2134;519623;11360334.5964;-5556632.1302;10448633.5933;15338599.6412;16409476.4944;1983120.0646;-14993997.4525;23943459.5893;-4782150.4992;
2134;519624;11360767.5194;-5555036.0813;10449948.8880;15338455.1261;16409293.5526;1984123.6273;-14991687.9501;23944754.7181;-4781367.9959;
2134;519625;11361200.2258;-5553440.2476;10451264.3621;15338310.5370;16409110.4747;1985126.9659;-14989378.2192;23946049.5060;-4780585.2720;
2134;519626;11361632.7154;-5551844.6290;10452580.0156;15338165.8737;16408927.2609;1986130.0805;-14987068.2601;23947343.9530;-4779802.3276;
2134;519627;11362064.9884;-5550249.2256;10453895.8485;15338021.1364;16408743.9111;1987132.9711;-14984758.0726;23948638.0592;-4779019.1627;
2134;519628;11362497.0448;-5548654.0374;10455211.8607;15337876.3252;16408560.4256;1988135.6377;-14982447.6570;23949931.8245;-4778235.7772;
2134;519629;11362928.8846;-5547059.0644;10456528.0523;15337731.4400;16408376.8042;1989138.0803;-14980137.0131;23951225.2488;-4777452.1711;
2134;519630;11363360.5078;-5545464.3067;10457844.4232;15337586.4809;16408193.0471;1990140.2989;-14977826.1412;23952518.3322;-4776668.3444;
2134;519631;11363791.9146;-5543869.7642;10459160.9733;15337441.4480;16408009.1543;1991142.2936;-14975515.0413;23953811.0745;-4775884.2970;
2134;519632;11364223.1049;-5542275.4371;10460477.7027;15337296.3414;16407825.1259;1992144.0644;-14973203.7133;23955103.4757;-4775100.0290;
2134;519633;11364654.0788;-5540681.3252;10461794.6114;15337151.1610;16407640.9619;1993145.6112;-14970892.1575;23956395.5359;-4774315.5402;
2134;519634;11365084.8363;-5539087.4287;10463111.6993;15337005.9069;16407456.6623;1994146.9342;-14968580.3737;23957687.2549;-4773530.8307;
2134;519635;11365515.3774;-5537493.7475;10464428.9664;15336860.5792;16407272.2273;1995148.0333;-14966268.3622;23958978.6328;-4772745.9005;
2134;519636;11365945.7023;-5535900.2817;10465746.4126;15336715.1779;16407087.6569;1996148.9085;-14963956.1229;23960269.6694;-4771960.7495;
2134;519637;11366375.8109;-5534307.0314;10467064.0380;15336569.7031;16406902.9511;1997149.5598;-14961643.6559;23961560.3648;-4771175.3777;
2134;519638;11366805.7033;-5532713.9964;10468381.8426;15336424.1549;16406718.1100;1998149.9873;-14959330.9613;23962850.7189;-4770389.7850;
2134;519639;11367235.3794;-5531121.1769;10469699.8262;15336278.5332;16406533.1336;1999150.1911;-14957018.0391;23964140.7317;-4769603.9716;
2134;519640;11367664.8395;-5529528.5729;10471017.9890;15336132.8381;16406348.0220;2000150.1710;-14954704.8894;23965430.4031;-4768817.9372;
2134;519641;11368094.0834;-5527936.1844;10472336.3308;15335987.0697;16406162.7753;2001149.9271;-14952391.5122;23966719.7332;-4768031.6819;
2134;519642;11368523.1113;-5526344.0113;10473654.8517;15335841.2281;16405977.3934;2002149.4594;-14950077.9076;23968008.7218;-4767245.2057;
2134;519643;11368951.9231;-5524752.0539;10474973.5515;15335695.3132;16405791.8765;2003148.7680;-14947764.0757;23969297.3689;-4766458.5085;
2134;519644;11369380.5189;-5523160.3120;10476292.4304;15335549.3251;16405606.2246;2004147.8529;-14945450.0165;23970585.6746;-4765671.5903;
2134;519645;11369808.8988;-5521568.7856;10477611.4883;15335403.2640;16405420.4377;2005146.7141;-14943135.7301;23971873.6387;-4764884.4511;
2134;519646;11370237.0628;-5519977.4749;10478930.7251;15335257.1297;16405234.5160;2006145.3515;-14940821.2165;23973161.2612;-4764097.0909;
2134;519647;11370665.0109;-5518386.3798;10480250.1409;15335110.9225;16405048.4594;2007143.7653;-14938506.4758;23974448.5422;-4763309.5096;
2134;519648;11371092.7432;-5516795.5004;10481569.7356;15334964.6422;16404862.2680;2008141.9554;-14936191.5081;23975735.4814;-4762521.7072;
2134;519649;11371520.2597;-5515204.8366;10482889.5092;15334818.2891;16404675.9419;2009139.9218;-14933876.3133;23977022.0790;-4761733.6837;
2134;519650;11371947.5604;-5513614.3886;10484209.4616;15334671.8631;16404489.4811;2010137.6647;-14931560.8916;23978308.3349;-4760945.4391;
2134;519651;11372374.6454;-5512024.1563;10485529.5929;15334525.3643;16404302.8856;2011135.1839;-14929245.2431;23979594.2490;-4760156.9733;
2134;519652;11372801.5147;-5510434.1397;10486849.9030;15334378.7927;16404116.1556;2012132.4794;-14926929.3677;23980879.8213;-4759368.2863;
2134;519653;11373228.1684;-5508844.3389;10488170.3919;15334232.1484;16403929.2911;2013129.5514;-14924613.2656;23982165.0518;-4758579.3781;
2134;519654;11373654.6065;-5507254.7538;10489491.0597;15334085.4314;16403742.2921;2014126.3999;-14922296.9368;23983449.9404;-4757790.2486;
2134;519655;11374080.8290;-5505665.3846;10490811.9061;15333938.6418;16403555.1586;2015123.0248;-14919980.3813;23984734.4871;-4757000.8979;
2134;519656;11374506.8360;-5504076.2312;10492132.9313;15333791.7797;16403367.8908;2016119.4261;-14917663.5993;23986018.6919;-4756211.3259;
2134;519657;11374932.6276;-5502487.2937;10493454.1353;15333644.8450;16403180.4887;2017115.6040;-14915346.5907;23987302.5547;-4755421.5325;
2134;519658;11375358.2036;-5500898.5720;10494775.5179;15333497.8379;16402992.9523;2018111.5583;-14913029.3557;23988586.0754;-4754631.5179;
2134;519659;11375783.5643;-5499310.0663;10496097.0792;15333350.7584;16402805.2818;2019107.2891;-14910711.8942;23989869.2542;-4753841.2818;
2134;519660;11376208.7096;-5497721.7765;10497418.8192;15333203.6065;16402617.4770;2020102.7965;-14908394.2064;23991152.0908;-4753050.8243;
2134;519661;11376633.6396;-5496133.7026;10498740.7377;15333056.3823;16402429.5382;2021098.0804;-14906076.2924;23992434.5853;-4752260.1454;
2134;519662;11377058.3544;-5494545.8447;10500062.8349;15332909.0858;16402241.4653;2022093.1409;-14903758.1520;23993716.7377;-4751469.2451;
2134;519663;11377482.8538;-5492958.2027;10501385.1107;15332761.7171;16402053.2584;2023087.9780;-14901439.7855;23994998.5479;-4750678.1233;
2134;519664;11377907.1381;-5491370.7768;10502707.5650;15332614.2763;16401864.9176;2024082.5916;-14899121.1929;23996280.0158;-4749886.7800;
2134;519665;11378331.2072;-5489783.5670;10504030.1979;15332466.7634;16401676.4429;2025076.9819;-14896802.3743;23997561.1414;-4749095.2151;
2134;519666;11378755.0611;-5488196.5732;10505353.0093;15332319.1784;16401487.8343;2026071.1488;-14894483.3296;23998841.9248;-4748303.4287;
2134;519667;11379178.7000;-5486609.7954;10506675.9992;15332171.5214;16401299.0920;2027065.0923;-14892164.0590;24000122.3658;-4747511.4208;
2134;519668;11379602.1238;-5485023.2338;10507999.1676;15332023.7924;16401110.2159;2028058.8126;-14889844.5626;24001402.4644;-4746719.1912;
2134;519669;11380025.3326;-5483436.8883;10509322.5144;15331875.9916;16400921.2061;2029052.3095;-14887524.8403;24002682.2207;-4745926.7400;
2134;519670;11380448.3265;-5481850.7589;10510646.0397;15331728.1188;16400732.0628;2030045.5831;-14885204.8922;24003961.6344;-4745134.0671;
2134;519671;11380871.1054;-5480264.8457;10511969.7433;15331580.1743;16400542.7858;2031038.6334;-14882884.7184;24005240.7057;-4744341.1726;
2134;519672;11381293.6694;-5478679.1488;10513293.6254;15331432.1580;16400353.3753;2032031.4604;-14880564.3190;24006519.4345;-4743548.0563;
2134;519673;11381716.0186;-5477093.6680;10514617.6858;15331284.0701;16400163.8314;2033024.0642;-14878243.6940;24007797.8207;-4742754.7184;
2134;519674;11382138.1529;-5475508.4034;10515941.9246;15331135.9104;16399974.1540;2034016.4447;-14875922.8435;24009075.8643;-4741961.1586;
2134;519675;11382560.0725;-5473923.3552;10517266.3416;15330987.6792;16399784.3433;2035008.6021;-14873601.7675;24010353.5652;-4741167.3771;
2134;519676;11382981.7774;-5472338.5231;10518590.9370;15330839.3764;16399594.3993;2036000.5362;-14871280.4661;24011630.9235;-4740373.3738;
2134;519677;11383403.2675;-5470753.9074;10519915.7107;15330691.0021;16399404.3220;2036992.2471;-14868958.9393;24012907.9391;-4739579.1486;
2134;519678;11383824.5430;-5469169.5081;10521240.6626;15330542.5564;16399214.1115;2037983.7349;-14866637.1872;24014184.6120;-4738784.7016;
2134;519679;11384245.6039;-5467585.3250;10522565.7927;15330394.0392;16399023.7679;2038974.9995;-14864315.2099;24015460.9421;-4737990.0327;
2134;519680;11384666.4502;-5466001.3584;10523891.1011;15330245.4508;16398833.2911;2039966.0410;-14861993.0075;24016736.9293;-4737195.1419;
2134;519681;11385087.0820;-5464417.6081;10525216.5876;15330096.7910;16398642.6813;2040956.8594;-14859670.5799;24018012.5738;-4736400.0291;
2134;519682;11385507.4992;-5462834.0743;10526542.2523;15329948.0599;16398451.9386;2041947.4547;-14857347.9272;24019287.8753;-4735604.6944;
2134;519683;11385927.7020;-5461250.7569;10527868.0951;15329799.2577;16398261.0629;2042937.8269;-14855025.0496;24020562.8339;-4734809.1377;
2134;519684;11386347.6904;-5459667.6559;10529194.1161;15329650.3843;16398070.0543;2043927.9760;-14852701.9470;24021837.4496;-4734013.3590;
2134;519685;11386767.4644;-5458084.7714;10530520.3151;15329501.4399;16397878.9128;2044917.9021;-14850378.6195;24023111.7222;-4733217.3582;
2134;519686;11387187.0241;-5456502.1035;10531846.6923;15329352.4243;16397687.6386;2045907.6051;-14848055.0672;24024385.6518;-4732421.1354;
2134;519687;11387606.3695;-5454919.6520;10533173.2475;15329203.3378;16397496.2317;2046897.0851;-14845731.2901;24025659.2384;-4731624.6905;
2134;519688;11388025.5006;-5453337.4171;10534499.9807;15329054.1804;16397304.6921;2047886.3422;-14843407.2883;24026932.4819;-4730828.0235;
2134;519689;11388444.4174;-5451755.3988;10535826.8919;15328904.9520;16397113.0198;2048875.3762;-14841083.0619;24028205.3822;-4730031.1343;
2134;519690;11388863.1201;-5450173.5970;10537153.9811;15328755.6528;16396921.2150;2049864.1873;-14838758.6109;24029477.9393;-4729234.0230;
2134;519691;11389281.6087;-5448592.0119;10538481.2483;15328606.2828;16396729.2777;2050852.7754;-14836433.9353;24030750.1532;-4728436.6895;
2134;519692;11389699.8832;-5447010.6434;10539808.6934;15328456.8421;16396537.2079;2051841.1406;-14834109.0353;24032022.0239;-4727639.1338;
2134;519693;11390117.9435;-5445429.4916;10541136.3164;15328307.3307;16396345.0057;2052829.2829;-14831783.9108;24033293.5513;-4726841.3558;
2134;519694;11390535.7899;-5443848.5564;10542464.1174;15328157.7486;16396152.6712;2053817.2023;-14829458.5620;24034564.7354;-4726043.3556;
2134;519695;11390953.4223;-5442267.8380;10543792.0962;15328008.0960;16395960.2043;2054804.8988;-14827132.9890;24035835.5761;-4725245.1331;
2134;519696;11391370.8407;-5440687.3362;10545120.2528;15327858.3728;16395767.6052;2055792.3724;-14824807.1916;24037106.0735;-4724446.6882;
2134;519697;11391788.0452;-5439107.0512;10546448.5873;15327708.5791;16395574.8739;2056779.6232;-14822481.1701;24038376.2274;-4723648.0210;
2134;519698;11392205.0359;-5437526.9830;10547777.0996;15327558.7150;16395382.0105;2057766.6511;-14820154.9245;24039646.0378;-4722849.1315;
2134;519699;11392621.8127;-5435947.1316;10549105.7896;15327408.7805;16395189.0149;2058753.4563;-14817828.4548;24040915.5048;-4722050.0195;
2134;519700;11393038.3758;-5434367.4970;10550434.6575;15327258.7756;16394995.8874;2059740.0387;-14815501.7611;24042184.6282;-4721250.6852;
2134;519701;11393454.7251;-5432788.0792;10551763.7030;15327108.7005;16394802.6278;2060726.3982;-14813174.8435;24043453.4080;-4720451.1284;
2134;519702;11393870.8607;-5431208.8782;10553092.9263;15326958.5551;16394609.2363;2061712.5350;-14810847.7019;24044721.8443;-4719651.3491;
2134;519703;11394286.7826;-5429629.8942;10554422.3273;15326808.3396;16394415.7129;2062698.4491;-14808520.3366;24045989.9369;-4718851.3473;
2134;519704;11394702.4909;-5428051.1270;10555751.9060;15326658.0539;16394222.0577;2063684.1405;-14806192.7475;24047257.6858;-4718051.1230;
2134;519705;11395117.9856;-5426472.5768;10557081.6623;15326507.6981;16394028.2708;2064669.6091;-14803864.9347;24048525.0910;-4717250.6762;
2134;519706;11395533.2668;-5424894.2435;10558411.5962;15326357.2723;16393834.3521;2065654.8550;-14801536.8982;24049792.1524;-4716450.0068;
2134;519707;11395948.3344;-5423316.1271;10559741.7077;15326206.7765;16393640.3017;2066639.8783;-14799208.6381;24051058.8701;-4715649.1148;
2134;519708;11396363.1886;-5421738.2278;10561071.9968;15326056.2108;16393446.1197;2067624.6789;-14796880.1545;24052325.2439;-4714848.0002;
2134;519709;11396777.8293;-5420160.5454;10562402.4635;15325905.5752;16393251.8062;2068609.2569;-14794551.4475;24053591.2739;-4714046.6629;
2134;519710;11397192.2567;-5418583.0801;10563733.1077;15325754.8697;16393057.3611;2069593.6122;-14792222.5170;24054856.9600;-4713245.1030;
2134;519711;11397606.4707;-5417005.8319;10565063.9294;15325604.0945;16392862.7846;2070577.7450;-14789893.3631;24056122.3022;-4712443.3204;
2134;519712;11398020.4714;-5415428.8007;10566394.9286;15325453.2496;16392668.0767;2071561.6551;-14787563.9860;24057387.3004;-4711641.3150;
2134;519713;11398434.2588;-5413851.9866;10567726.1053;15325302.3349;16392473.2375;2072545.3427;-14785234.3856;24058651.9546;-4710839.0869;
2134;519714;11398847.8330;-5412275.3896;10569057.4594;15325151.3507;16392278.2669;2073528.8077;-14782904.5621;24059916.2647;-4710036.6361;
2134;519715;11399261.1940;-5410699.0098;10570388.9910;15325000.2969;16392083.1651;2074512.0502;-14780574.5154;24061180.2308;-4709233.9624;
2134;519716;11399674.3418;-5409122.8471;10571720.6999;15324849.1735;16391887.9321;2075495.0702;-14778244.2457;24062443.8528;-4708431.0659;
2134;519717;11400087.2765;-5407546.9016;10573052.5862;15324697.9806;16391692.5680;2076477.8676;-14775913.7530;24063707.1306;-4707627.9466;
2134;519718;11400499.9982;-5405971.1733;10574384.6499;15324546.7184;16391497.0728;2077460.4426;-14773583.0373;24064970.0642;-4706824.6044;
2134;519719;11400912.5068;-5404395.6622;10575716.8909;15324395.3867;16391301.4465;2078442.7951;-14771252.0987;24066232.6537;-4706021.0393;
2134;519720;11401324.8024;-5402820.3684;10577049.3092;15324243.9858;16391105.6893;2079424.9252;-14768920.9374;24067494.8988;-4705217.2513;
2134;519721;11401736.8851;-5401245.2918;10578381.9048;15324092.5155;16390909.8012;2080406.8328;-14766589.5532;24068756.7997;-4704413.2403;
2134;519722;11402148.7548;-5399670.4325;10579714.6777;15323940.9760;16390713.7821;2081388.5180;-14764257.9464;24070018.3563;-4703609.0064;
2134;519723;11402560.4117;-5398095.7906;10581047.6278;15323789.3674;16390517.6323;2082369.9808;-14761926.1169;24071279.5685;-4702804.5494;
2134;519724;11402971.8558;-5396521.3659;10582380.7551;15323637.6896;16390321.3517;2083351.2212;-14759594.0648;24072540.4363;-4701999.8695;
2134;519725;11403383.0870;-5394947.1586;10583714.0596;15323485.9428;16390124.9404;2084332.2393;-14757261.7902;24073800.9597;-4701194.9665;
2134;519726;11403794.1055;-5393373.1687;10585047.5413;15323334.1269;16389928.3984;2085313.0350;-14754929.2931;24075061.1386;-4700389.8404;
2134;519727;11404204.9113;-5391799.3962;10586381.2002;15323182.2421;16389731.7258;2086293.6084;-14752596.5736;24076320.9730;-4699584.4912;
2134;519728;11404615.5044;-5390225.8412;10587715.0361;15323030.2883;16389534.9226;2087273.9594;-14750263.6317;24077580.4629;-4698778.9189;
2134;519729;11405025.8849;-5388652.5035;10589049.0492;15322878.2657;16389337.9890;2088254.0882;-14747930.4676;24078839.6082;-4697973.1235;
2134;519730;11405436.0527;-5387079.3833;10590383.2393;15322726.1742;16389140.9249;2089233.9947;-14745597.0812;24080098.4089;-4697167.1049;
2134;519731;11405846.0080;-5385506.4806;10591717.6065;15322574.0140;16388943.7304;2090213.6789;-14743263.4726;24081356.8650;-4696360.8631;
2134;519732;11406255.7508;-5383933.7954;10593052.1508;15322421.7851;16388746.4056;2091193.1409;-14740929.6420;24082614.9764;-4695554.3980;
2134;519733;11406665.2812;-5382361.3278;10594386.8720;15322269.4875;16388548.9504;2092172.3807;-14738595.5893;24083872.7430;-4694747.7098;
2134;519734;11407074.5990;-5380789.0776;10595721.7703;15322117.1213;16388351.3651;2093151.3982;-14736261.3145;24085130.1649;-4693940.7982;
2134;519735;11407483.7045;-5379217.0451;10597056.8455;15321964.6865;16388153.6495;2094130.1936;-14733926.8179;24086387.2421;-4693133.6634;
2134;519736;11407892.5977;-5377645.2301;10598392.0976;15321812.1832;16387955.8039;2095108.7668;-14731592.0993;24087643.9744;-4692326.3052;
2134;519737;11408301.2785;-5376073.6328;10599727.5267;15321659.6114;16387757.8281;2096087.1178;-14729257.1590;24088900.3618;-4691518.7237;
2134;519738;11408709.7470;-5374502.2531;10601063.1327;15321506.9712;16387559.7223;2097065.2467;-14726921.9968;24090156.4044;-4690710.9188;
2134;519739;11409118.0033;-5372931.0910;10602398.9155;15321354.2627;16387361.4866;2098043.1535;-14724586.6130;24091412.1020;-4689902.8905;
2134;519740;11409526.0474;-5371360.1466;10603734.8752;15321201.4858;16387163.1209;2099020.8382;-14722251.0075;24092667.4546;-4689094.6388;
2134;519741;11409933.8793;-5369789.4199;10605071.0117;15321048.6407;16386964.6254;2099998.3008;-14719915.1805;24093922.4623;-4688286.1637;
2134;519742;11410341.4992;-5368218.9110;10606407.3250;15320895.7273;16386766.0001;2100975.5413;-14717579.1319;24095177.1249;-4687477.4651;
2134;519743;11410748.9069;-5366648.6197;10607743.8151;15320742.7458;16386567.2450;2101952.5598;-14715242.8619;24096431.4425;-4686668.5430;
2134;519744;11411156.1026;-5365078.5463;10609080.4820;15320589.6962;16386368.3602;2102929.3562;-14712906.3704;24097685.4149;-4685859.3973;
2134;519745;11411563.0863;-5363508.6906;10610417.3256;15320436.5785;16386169.3457;2103905.9306;-14710569.6576;24098939.0422;-4685050.0282;
2134;519746;11411969.8581;-5361939.0527;10611754.3459;15320283.3928;16385970.2016;2104882.2831;-14708232.7235;24100192.3244;-4684240.4354;
2134;519747;11412376.4179;-5360369.6326;10613091.5429;15320130.1392;16385770.9280;2105858.4135;-14705895.5682;24101445.2613;-4683430.6191;
2134;519748;11412782.7659;-5358800.4304;10614428.9166;15319976.8176;16385571.5249;2106834.3220;-14703558.1917;24102697.8530;-4682620.5791;
2134;519749;11413188.9020;-5357231.4461;10615766.4669;15319823.4282;16385371.9924;2107810.0085;-14701220.5941;24103950.0994;-4681810.3155;
2134;519750;11413594.8263;-5355662.6796;10617104.1939;15319669.9710;16385172.3305;2108785.4731;-14698882.7755;24105202.0004;-4680999.8282;
2134;519751;11414000.5389;-5354094.1311;10618442.0974;15319516.4460;16384972.5392;2109760.7159;-14696544.7358;24106453.5562;-4680189.1173;
2134;519752;11414406.0397;-5352525.8005;10619780.1775;15319362.8533;16384772.6187;2110735.7367;-14694206.4753;24107704.7665;-4679378.1826;
2134;519753;11414811.3289;-5350957.6878;10621118.4342;15319209.1930;16384572.5689;2111710.5356;-14691867.9938;24108955.6314;-4678567.0241;
2134;519754;11415216.4064;-5349389.7932;10622456.8674;15319055.4650;16384372.3900;2112685.1127;-14689529.2916;24110206.1509;-4677755.6419;
2134;519755;11415621.2723;-5347822.1165;10623795.4771;15318901.6695;16384172.0819;2113659.4679;-14687190.3685;24111456.3248;-4676944.0359;
2134;519756;11416025.9267;-5346254.6578;10625134.2632;15318747.8065;16383971.6448;2114633.6013;-14684851.2248;24112706.1532;-4676132.2061;
2134;519757;11416430.3695;-5344687.4172;10626473.2259;15318593.8760;16383771.0787;2115607.5129;-14682511.8605;24113955.6361;-4675320.1525;
2134;519758;11416834.6009;-5343120.3946;10627812.3650;15318439.8782;16383570.3836;2116581.2028;-14680172.2756;24115204.7734;-4674507.8750;
2134;519759;11417238.6208;-5341553.5901;10629151.6804;15318285.8129;16383369.5595;2117554.6708;-14677832.4701;24116453.5650;-4673695.3736;
2134;519760;11417642.4294;-5339987.0037;10630491.1723;15318131.6804;16383168.6067;2118527.9172;-14675492.4442;24117702.0109;-4672882.6482;
2134;519761;11418046.0265;-5338420.6354;10631830.8405;15317977.4806;16382967.5250;2119500.9417;-14673152.1979;24118950.1112;-4672069.6990;
2134;519762;11418449.4124;-5336854.4853;10633170.6851;15317823.2137;16382766.3146;2120473.7446;-14670811.7313;24120197.8657;-4671256.5257;
2134;519763;11418852.5870;-5335288.5534;10634510.7060;15317668.8795;16382564.9755;2121446.3258;-14668471.0444;24121445.2744;-4670443.1285;
2134;519764;11419255.5503;-5333722.8396;10635850.9032;15317514.4783;16382363.5077;2122418.6852;-14666130.1372;24122692.3374;-4669629.5073;
2134;519765;11419658.3025;-5332157.3440;10637191.2767;15317360.0100;16382161.9114;2123390.8231;-14663789.0099;24123939.0544;-4668815.6620;
2134;519766;11420060.8435;-5330592.0667;10638531.8264;15317205.4747;16381960.1865;2124362.7393;-14661447.6625;24125185.4256;-4668001.5927;
2134;519767;11420463.1733;-5329027.0076;10639872.5524;15317050.8725;16381758.3331;2125334.4338;-14659106.0951;24126431.4509;-4667187.2992;
2134;519768;11420865.2921;-5327462.1668;10641213.4545;15316896.2034;16381556.3513;2126305.9068;-14656764.3076;24127677.1302;-4666372.7817;
2134;519769;11421267.1999;-5325897.5442;10642554.5328;15316741.4674;16381354.2411;2127277.1581;-14654422.3003;24128922.4636;-4665558.0400;
2134;519770;11421668.8967;-5324333.1400;10643895.7873;15316586.6646;16381152.0026;2128248.1879;-14652080.0730;24130167.4509;-4664743.0742;
2134;519771;11422070.3825;-5322768.9541;10645237.2179;15316431.7951;16380949.6358;2129218.9961;-14649737.6260;24131412.0921;-4663927.8842;
2134;519772;11422471.6573;-5321204.9866;10646578.8247;15316276.8589;16380747.1408;2130189.5828;-14647394.9592;24132656.3873;-4663112.4699;
2134;519773;11422872.7214;-5319641.2374;10647920.6075;15316121.8561;16380544.5177;2131159.9480;-14645052.0728;24133900.3363;-4662296.8314;
2134;519774;11423273.5745;-5318077.7066;10649262.5663;15315966.7866;16380341.7664;2132130.0917;-14642708.9667;24135143.9392;-4661480.9687;
2134;519775;11423674.2169;-5316514.3943;10650604.7013;15315811.6506;16380138.8871;2133100.0139;-14640365.6410;24136387.1959;-4660664.8817;
2134;519776;11424074.6485;-5314951.3004;10651947.0122;15315656.4481;16379935.8798;2134069.7146;-14638022.0959;24137630.1063;-4659848.5704;
2134;519777;11424474.8694;-5313388.4249;10653289.4991;15315501.1792;16379732.7445;2135039.1939;-14635678.3312;24138872.6705;-4659032.0347;
2134;519778;11424874.8797;-5311825.7680;10654632.1620;15315345.8439;16379529.4813;2136008.4517;-14633334.3472;24140114.8884;-4658215.2747;
2134;519779;11425274.6793;-5310263.3295;10655975.0008;15315190.4422;16379326.0903;2136977.4882;-14630990.1439;24141356.7599;-4657398.2903;
2134;519780;11425674.2683;-5308701.1095;10657318.0156;15315034.9742;16379122.5714;2137946.3032;-14628645.7213;24142598.2851;-4656581.0815;
2134;519781;11426073.6467;-5307139.1081;10658661.2062;15314879.4400;16378918.9249;2138914.8969;-14626301.0795;24143839.4638;-4655763.6482;
2134;519782;11426472.8146;-5305577.3253;10660004.5728;15314723.8397;16378715.1506;2139883.2692;-14623956.2185;24145080.2961;-4654945.9905;
2134;519783;11426871.7721;-5304015.7610;10661348.1151;15314568.1731;16378511.2488;2140851.4202;-14621611.1384;24146320.7820;-4654128.1084;
2134;519784;11427270.5191;-5302454.4153;10662691.8334;15314412.4405;16378307.2193;2141819.3498;-14619265.8394;24147560.9213;-4653310.0017;
2134;519785;11427669.0558;-5300893.2883;10664035.7274;15314256.6419;16378103.0623;2142787.0582;-14616920.3213;24148800.7141;-4652491.6705;
2134;519786;11428067.3820;-5299332.3799;10665379.7972;15314100.7772;16377898.7779;2143754.5453;-14614574.5843;24150040.1603;-4651673.1147;
2134;519787;11428465.4980;-5297771.6902;10666724.0427;15313944.8466;16377694.3660;2144721.8111;-14612228.6285;24151279.2598;-4650854.3344;
2134;519788;11428863.4037;-5296211.2192;10668068.4640;15313788.8502;16377489.8267;2145688.8556;-14609882.4538;24152518.0128;-4650035.3294;
2134;519789;11429261.0991;-5294650.9668;10669413.0610;15313632.7879;16377285.1602;2146655.6789;-14607536.0605;24153756.4190;-4649216.0998;
2134;519790;11429658.5844;-5293090.9332;10670757.8337;15313476.6598;16377080.3663;2147622.2810;-14605189.4484;24154994.4785;-4648396.6456;
2134;519791;11430055.8595;-5291531.1184;10672102.7820;15313320.4660;16376875.4453;2148588.6619;-14602842.6178;24156232.1913;-4647576.9667;
2134;519792;11430452.9245;-5289971.5223;10673447.9060;15313164.2065;16376670.3971;2149554.8217;-14600495.5686;24157469.5572;-4646757.0631;
2134;519793;11430849.7795;-5288412.1450;10674793.2056;15313007.8813;16376465.2219;2150520.7603;-14598148.3008;24158706.5764;-4645936.9348;
2134;519794;11431246.4244;-5286852.9865;10676138.6808;15312851.4906;16376259.9195;2151486.4777;-14595800.8147;24159943.2486;-4645116.5817;
2134;519795;11431642.8593;-5285294.0469;10677484.3316;15312695.0344;16376054.4902;2152451.9740;-14593453.1102;24161179.5740;-4644296.0039;
2134;519796;11432039.0842;-5283735.3261;10678830.1579;15312538.5126;16375848.9339;2153417.2492;-14591105.1873;24162415.5525;-4643475.2013;
2134;519797;11432435.0993;-5282176.8242;10680176.1597;15312381.9254;16375643.2508;2154382.3033;-14588757.0462;24163651.1840;-4642654.1738;
2134;519798;11432830.9044;-5280618.5411;10681522.3370;15312225.2729;16375437.4408;2155347.1364;-14586408.6869;24164886.4685;-4641832.9215;
2134;519799;11433226.4998;-5279060.4770;10682868.6898;15312068.5550;16375231.5040;2156311.7484;-14584060.1095;24166121.4059;-4641011.4443;
2134;519800;11433621.8854;-5277502.6318;10684215.2181;15311911.7719;16375025.4405;2157276.1394;-14581711.3140;24167355.9963;-4640189.7422;
2134;519801;11434017.0612;-5275945.0056;10685561.9217;15311754.9235;16374819.2504;2158240.3093;-14579362.3004;24168590.2396;-4639367.8153;
2134;519802;11434412.0273;-5274387.5984;10686908.8008;15311598.0099;16374612.9336;2159204.2583;-14577013.0689;24169824.1357;-4638545.6633;
2134;519803;11434806.7837;-5272830.4101;10688255.8553;15311441.0312;16374406.4902;2160167.9863;-14574663.6195;24171057.6847;-4637723.2864;
2134;519804;11435201.3305;-5271273.4409;10689603.0851;15311283.9874;16374199.9203;2161131.4933;-14572313.9523;24172290.8864;-4636900.6845;
2134;519805;11435595.6677;-5269716.6907;10690950.4902;15311126.8786;16373993.2240;2162094.7794;-14569964.0672;24173523.7409;-4636077.8576;
2134;519806;11435989.7954;-5268160.1596;10692298.0707;15310969.7049;16373786.4013;2163057.8446;-14567613.9645;24174756.2482;-4635254.8057;
2134;519807;11436383.7136;-5266603.8475;10693645.8264;15310812.4662;16373579.4522;2164020.6888;-14565263.6441;24175988.4081;-4634431.5287;
2134;519808;11436777.4223;-5265047.7546;10694993.7574;15310655.1626;16373372.3768;2164983.3122;-14562913.1061;24177220.2207;-4633608.0266;
2134;519809;11437170.9216;-5263491.8807;10696341.8636;15310497.7942;16373165.1751;2165945.7147;-14560562.3505;24178451.6858;-4632784.2994;
2134;519810;11437564.2115;-5261936.2260;10697690.1451;15310340.3610;16372957.8473;2166907.8964;-14558211.3775;24179682.8036;-4631960.3471;
2134;519811;11437957.2920;-5260380.7905;10699038.6017;15310182.8631;16372750.3933;2167869.8572;-14555860.1870;24180913.5739;-4631136.1696;
2134;519812;11438350.1633;-5258825.5742;10700387.2335;15310025.3006;16372542.8132;2168831.5972;-14553508.7792;24182143.9968;-4630311.7669;
2134;519813;11438742.8252;-5257270.5770;10701736.0404;15309867.6734;16372335.1071;2169793.1165;-14551157.1541;24183374.0721;-4629487.1390;
2134;519814;11439135.2780;-5255715.7991;10703085.0225;15309709.9816;16372127.2750;2170754.4149;-14548805.3117;24184603.7999;-4628662.2859;
2134;519815;11439527.5216;-5254161.2404;10704434.1796;15309552.2253;16371919.3169;2171715.4926;-14546453.2521;24185833.1800;-4627837.2075;
2134;519816;11439919.5560;-5252606.9010;10705783.5119;15309394.4046;16371711.2330;2172676.3495;-14544100.9754;24187062.2126;-4627011.9038;
2134;519817;11440311.3814;-5251052.7808;10707133.0191;15309236.5194;16371503.0233;2173636.9858;-14541748.4817;24188290.8975;-4626186.3748;
2134;519818;11440702.9976;-5249498.8800;10708482.7014;15309078.5698;16371294.6878;2174597.4013;-14539395.7709;24189519.2347;-4625360.6206;
2134;519819;11441094.4049;-5247945.1985;10709832.5587;15308920.5560;16371086.2266;2175557.5961;-14537042.8432;24190747.2241;-4624534.6409;
2134;519820;11441485.6032;-5246391.7363;10711182.5909;15308762.4778;16370877.6397;2176517.5703;-14534689.6987;24191974.8659;-4623708.4359;
2134;519821;11441876.5925;-5244838.4935;10712532.7981;15308604.3355;16370668.9272;2177477.3239;-14532336.3372;24193202.1598;-4622882.0055;
2134;519822;11442267.3729;-5243285.4701;10713883.1802;15308446.1290;16370460.0892;2178436.8568;-14529982.7591;24194429.1058;-4622055.3496;
2134;519823;11442657.9445;-5241732.6661;10715233.7373;15308287.8583;16370251.1257;2179396.1691;-14527628.9642;24195655.7041;-4621228.4683;
2134;519824;11443048.3073;-5240180.0815;10716584.4692;15308129.5236;16370042.0367;2180355.2608;-14525274.9527;24196881.9544;-4620401.3615;
2134;519825;11443438.4613;-5238627.7164;10717935.3759;15307971.1249;16369832.8223;2181314.1319;-14522920.7245;24198107.8568;-4619574.0293;
2134;519826;11443828.4065;-5237075.5707;10719286.4575;15307812.6622;16369623.4826;2182272.7825;-14520566.2799;24199333.4112;-4618746.4715;
2134;519827;11444218.1431;-5235523.6445;10720637.7139;15307654.1356;16369414.0175;2183231.2125;-14518211.6188;24200558.6176;-4617918.6882;
2134;519828;11444607.6710;-5233971.9378;10721989.1451;15307495.5452;16369204.4273;2184189.4220;-14515856.7413;24201783.4759;-4617090.6793;
2134;519829;11444996.9903;-5232420.4507;10723340.7510;15307336.8909;16368994.7118;2185147.4110;-14513501.6474;24203007.9862;-4616262.4448;
2134;519830;11445386.1010;-5230869.1830;10724692.5317;15307178.1729;16368784.8713;2186105.1796;-14511146.3373;24204232.1484;-4615433.9847;
2134;519831;11445775.0032;-5229318.1350;10726044.4871;15307019.3911;16368574.9056;2187062.7277;-14508790.8109;24205455.9625;-4614605.2989;
2134;519832;11446163.6969;-5227767.3066;10727396.6171;15306860.5457;16368364.8150;2188020.0553;-14506435.0683;24206679.4284;-4613776.3875;
2134;519833;11446552.1821;-5226216.6977;10728748.9218;15306701.6367;16368154.5993;2188977.1625;-14504079.1097;24207902.5460;-4612947.2504;
2134;519834;11446940.4589;-5224666.3085;10730101.4012;15306542.6641;16367944.2588;2189934.0493;-14501722.9350;24209125.3155;-4612117.8876;
2134;519835;11447328.5274;-5223116.1389;10731454.0552;15306383.6280;16367733.7933;2190890.7157;-14499366.5443;24210347.7366;-4611288.2991;
2134;519836;11447716.3875;-5221566.1890;10732806.8837;15306224.5285;16367523.2031;2191847.1618;-14497009.9377;24211569.8095;-4610458.4847;
2134;519837;11448104.0394;-5220016.4588;10734159.8868;15306065.3655;16367312.4881;2192803.3874;-14494653.1152;24212791.5339;-4609628.4447;
2134;519838;11448491.4829;-5218466.9483;10735513.0645;15305906.1392;16367101.6484;2193759.3928;-14492296.0769;24214012.9100;-4608798.1788;
2134;519839;11448878.7183;-5216917.6575;10736866.4167;15305746.8496;16366890.6841;2194715.1779;-14489938.8228;24215233.9377;-4607967.6870;
2134;519840;11449265.7455;-5215368.5865;10738219.9433;15305587.4967;16366679.5952;2195670.7426;-14487581.3531;24216454.6170;-4607136.9694;
2134;519841;11449652.5646;-5213819.7352;10739573.6445;15305428.0806;16366468.3817;2196626.0871;-14485223.6678;24217674.9477;-4606306.0260;
2134;519842;11450039.1756;-5212271.1038;10740927.5200;15305268.6014;16366257.0437;2197581.2113;-14482865.7668;24218894.9300;-4605474.8566;
2134;519843;11450425.5786;-5210722.6921;10742281.5700;15305109.0590;16366045.5813;2198536.1153;-14480507.6504;24220114.5637;-4604643.4613;
2134;519844;11450811.7736;-5209174.5003;10743635.7944;15304949.4536;16365833.9945;2199490.7990;-14478149.3185;24221333.8488;-4603811.8401;
2134;519845;11451197.7606;-5207626.5283;10744990.1932;15304789.7852;16365622.2834;2200445.2626;-14475790.7712;24222552.7853;-4602979.9929;
2134;519846;11451583.5396;-5206078.7762;10746344.7663;15304630.0538;16365410.4480;2201399.5060;-14473432.0086;24223771.3731;-4602147.9197;
2134;519847;11451969.1108;-5204531.2439;10747699.5137;15304470.2596;16365198.4884;2202353.5292;-14471073.0308;24224989.6122;-4601315.6204;
2134;519848;11452354.4742;-5202983.9316;10749054.4355;15304310.4024;16364986.4046;2203307.3322;-14468713.8377;24226207.5027;-4600483.0951;
2134;519849;11452739.6297;-5201436.8392;10750409.5315;15304150.4825;16364774.1967;2204260.9152;-14466354.4295;24227425.0443;-4599650.3438;
2134;519850;11453124.5775;-5199889.9668;10751764.8017;15303990.4998;16364561.8648;2205214.2780;-14463994.8061;24228642.2372;-4598817.3664;
2134;519851;11453509.3176;-5198343.3143;10753120.2462;15303830.4545;16364349.4088;2206167.4207;-14461634.9678;24229859.0812;-4597984.1628;
2134;519852;11453893.8500;-5196796.8818;10754475.8649;15303670.3464;16364136.8289;2207120.3434;-14459274.9145;24231075.5764;-4597150.7331;
2134;519853;11454278.1747;-5195250.6693;10755831.6577;15303510.1758;16363924.1250;2208073.0460;-14456914.6463;24232291.7227;-4596317.0772;
2134;519854;11454662.2919;-5193704.6769;10757187.6247;15303349.9426;16363711.2974;2209025.5286;-14454554.1632;24233507.5201;-4595483.1952;
2134;519855;11455046.2015;-5192158.9045;10758543.7659;15303189.6470;16363498.3459;2209977.7912;-14452193.4653;24234722.9685;-4594649.0869;
2134;519856;11455429.9036;-5190613.3521;10759900.0811;15303029.2888;16363285.2707;2210929.8338;-14449832.5527;24235938.0679;-4593814.7524;
2134;519857;11455813.3982;-5189068.0199;10761256.5704;15302868.8683;16363072.0717;2211881.6563;-14447471.4255;24237152.8183;-4592980.1917;
2134;519858;11456196.6854;-5187522.9077;10762613.2338;15302708.3854;16362858.7492;2212833.2590;-14445110.0836;24238367.2196;-4592145.4047;
2134;519859;11456579.7652;-5185978.0157;10763970.0712;15302547.8403;16362645.3031;2213784.6417;-14442748.5272;24239581.2718;-4591310.3913;
2134;519860;11456962.6376;-5184433.3438;10765327.0826;15302387.2329;16362431.7334;2214735.8045;-14440386.7563;24240794.9749;-4590475.1516;
2134;519861;11457345.3027;-5182888.8921;10766684.2680;15302226.5633;16362218.0403;2215686.7473;-14438024.7710;24242008.3288;-4589639.6856;
2134;519862;11457727.7606;-5181344.6606;10768041.6273;15302065.8315;16362004.2237;2216637.4703;-14435662.5713;24243221.3335;-4588803.9932;
2134;519863;11458110.0112;-5179800.6493;10769399.1606;15301905.0377;16361790.2838;2217587.9735;-14433300.1573;24244433.9890;-4587968.0744;
2134;519864;11458492.0547;-5178256.8582;10770756.8677;15301744.1818;16361576.2206;2218538.2568;-14430937.5290;24245646.2952;-4587131.9292;
2134;519865;11458873.8910;-5176713.2874;10772114.7488;15301583.2639;16361362.0341;2219488.3202;-14428574.6866;24246858.2522;-4586295.5575;
2134;519866;11459255.5202;-5175169.9368;10773472.8037;15301422.2840;16361147.7244;2220438.1639;-14426211.6300;24248069.8598;-4585458.9594;
2134;519867;11459636.9423;-5173626.8065;10774831.0325;15301261.2423;16360933.2915;2221387.7877;-14423848.3594;24249281.1180;-4584622.1348;
2134;519868;11460018.1574;-5172083.8965;10776189.4350;15301100.1388;16360718.7355;2222337.1918;-14421484.8748;24250492.0268;-4583785.0836;
2134;519869;11460399.1655;-5170541.2069;10777548.0114;15300938.9734;16360504.0565;2223286.3762;-14419121.1762;24251702.5862;-4582947.8059;
2134;519870;11460779.9667;-5168998.7376;10778906.7615;15300777.7463;16360289.2545;2224235.3408;-14416757.2637;24252912.7961;-4582110.3017;
2134;519871;11461160.5610;-5167456.4886;10780265.6854;15300616.4575;16360074.3296;2225184.0857;-14414393.1374;24254122.6565;-4581272.5708;
2134;519872;11461540.9484;-5165914.4601;10781624.7829;15300455.1071;16359859.2817;2226132.6109;-14412028.7974;24255332.1673;-4580434.6134;
2134;519873;11461921.1290;-5164372.6519;10782984.0542;15300293.6951;16359644.1111;2227080.9165;-14409664.2436;24256541.3286;-4579596.4293;
2134;519874;11462301.1029;-5162831.0641;10784343.4991;15300132.2215;16359428.8176;2228029.0023;-14407299.4762;24257750.1403;-4578758.0185;
2134;519875;11462680.8699;-5161289.6968;10785703.1176;15299970.6865;16359213.4014;2228976.8686;-14404934.4952;24258958.6023;-4577919.3811;
2134;519876;11463060.4303;-5159748.5500;10787062.9098;15299809.0900;16358997.8626;2229924.5152;-14402569.3006;24260166.7147;-4577080.5170;
2134;519877;11463439.7841;-5158207.6237;10788422.8755;15299647.4322;16358782.2011;2230871.9423;-14400203.8926;24261374.4774;-4576241.4261;
2134;519878;11463818.9312;-5156666.9178;10789783.0148;15299485.7130;16358566.4170;2231819.1497;-14397838.2713;24262581.8903;-4575402.1085;
2134;519879;11464197.8717;-5155126.4325;10791143.3276;15299323.9325;16358350.5105;2232766.1376;-14395472.4365;24263788.9534;-4574562.5641;
2134;519880;11464576.6058;-5153586.1677;10792503.8140;15299162.0907;16358134.4815;2233712.9059;-14393106.3885;24264995.6668;-4573722.7929;
2134;519881;11464955.1333;-5152046.1234;10793864.4739;15299000.1878;16357918.3300;2234659.4548;-14390740.1272;24266202.0303;-4572882.7949;
2134;519882;11465333.4544;-5150506.2998;10795225.3072;15298838.2238;16357702.0563;2235605.7841;-14388373.6528;24267408.0439;-4572042.5700;
2134;519883;11465711.5690;-5148966.6967;10796586.3139;15298676.1987;16357485.6602;2236551.8939;-14386006.9653;24268613.7076;-4571202.1183;
2134;519884;11466089.4773;-5147427.3143;10797947.4941;15298514.1125;16357269.1418;2237497.7843;-14383640.0647;24269819.0214;-4570361.4397;
2134;519885;11466467.1793;-5145888.1525;10799308.8477;15298351.9654;16357052.5013;2238443.4553;-14381272.9512;24271023.9852;-4569520.5341;
2134;519886;11466844.6750;-5144349.2114;10800670.3746;15298189.7573;16356835.7387;2239388.9068;-14378905.6247;24272228.5989;-4568679.4016;
2134;519887;11467221.9644;-5142810.4909;10802032.0748;15298027.4883;16356618.8539;2240334.1389;-14376538.0854;24273432.8627;-4567838.0422;
2134;519888;11467599.0477;-5141271.9911;10803393.9484;15297865.1585;16356401.8471;2241279.1516;-14374170.3333;24274636.7763;-4566996.4558;
2134;519889;11467975.9248;-5139733.7121;10804755.9953;15297702.7680;16356184.7184;2242223.9449;-14371802.3684;24275840.3399;-4566154.6423;
2134;519890;11468352.5957;-5138195.6538;10806118.2154;15297540.3167;16355967.4677;2243168.5189;-14369434.1908;24277043.5533;-4565312.6019;
2134;519891;11468729.0606;-5136657.8162;10807480.6088;15297377.8047;16355750.0951;2244112.8736;-14367065.8007;24278246.4165;-4564470.3343;
2134;519892;11469105.3194;-5135120.1994;10808843.1754;15297215.2321;16355532.6008;2245057.0089;-14364697.1979;24279448.9295;-4563627.8397;
2134;519893;11469481.3723;-5133582.8034;10810205.9152;15297052.5989;16355314.9846;2246000.9250;-14362328.3827;24280651.0922;-4562785.1180;
2134;519894;11469857.2192;-5132045.6282;10811568.8282;15296889.9052;16355097.2468;2246944.6218;-14359959.3550;24281852.9047;-4561942.1692;
2134;519895;11470232.8601;-5130508.6739;10812931.9143;15296727.1510;16354879.3872;2247888.0993;-14357590.1150;24283054.3669;-4561098.9932;
2134;519896;11470608.2952;-5128971.9404;10814295.1735;15296564.3364;16354661.4061;2248831.3576;-14355220.6626;24284255.4787;-4560255.5901;
2134;519897;11470983.5245;-5127435.4277;10815658.6058;15296401.4614;16354443.3034;2249774.3967;-14352850.9980;24285456.2401;-4559411.9597;
2134;519898;11471358.5479;-5125899.1360;10817022.2112;15296238.5261;16354225.0793;2250717.2166;-14350481.1211;24286656.6511;-4558568.1022;
2134;519899;11471733.3657;-5124363.0652;10818385.9896;15296075.5305;16354006.7337;2251659.8173;-14348111.0322;24287856.7117;-4557724.0174;
2134;519900;11472107.9777;-5122827.2153;10819749.9411;15295912.4747;16353788.2667;2252602.1988;-14345740.7311;24289056.4218;-4556879.7053;
2134;519901;11472482.3840;-5121291.5863;10821114.0655;15295749.3587;16353569.6783;2253544.3613;-14343370.2180;24290255.7814;-4556035.1659;
2134;519902;11472856.5847;-5119756.1783;10822478.3629;15295586.1825;16353350.9687;2254486.3045;-14340999.4930;24291454.7904;-4555190.3993;
2134;519903;11473230.5798;-5118220.9913;10823842.8333;15295422.9464;16353132.1378;2255428.0287;-14338628.5561;24292653.4489;-4554345.4052;
2134;519904;11473604.3694;-5116686.0253;10825207.4765;15295259.6501;16352913.1858;2256369.5339;-14336257.4073;24293851.7567;-4553500.1839;
2134;519905;11473977.9535;-5115151.2803;10826572.2927;15295096.2939;16352694.1126;2257310.8199;-14333886.0468;24295049.7139;-4552654.7351;
2134;519906;11474351.3321;-5113616.7564;10827937.2817;15294932.8778;16352474.9184;2258251.8869;-14331514.4746;24296247.3204;-4551809.0590;
2134;519907;11474724.5053;-5112082.4535;10829302.4436;15294769.4019;16352255.6031;2259192.7349;-14329142.6907;24297444.5762;-4550963.1554;
2134;519908;11475097.4731;-5110548.3718;10830667.7783;15294605.8661;16352036.1669;2260133.3639;-14326770.6952;24298641.4812;-4550117.0244;
2134;519909;11475470.2356;-5109014.5111;10832033.2858;15294442.2705;16351816.6098;2261073.7739;-14324398.4881;24299838.0355;-4549270.6659;
2134;519910;11475842.7928;-5107480.8715;10833398.9660;15294278.6152;16351596.9318;2262013.9650;-14322026.0696;24301034.2389;-4548424.0799;
2134;519911;11476215.1447;-5105947.4531;10834764.8190;15294114.9002;16351377.1330;2262953.9371;-14319653.4397;24302230.0915;-4547577.2664;
2134;519912;11476587.2914;-5104414.2558;10836130.8447;15293951.1257;16351157.2135;2263893.6902;-14317280.5984;24303425.5932;-4546730.2253;
2134;519913;11476959.2329;-5102881.2797;10837497.0431;15293787.2915;16350937.1733;2264833.2245;-14314907.5459;24304620.7440;-4545882.9567;
2134;519914;11477330.9693;-5101348.5248;10838863.4142;15293623.3979;16350717.0124;2265772.5399;-14312534.2821;24305815.5439;-4545035.4605;
2134;519915;11477702.5006;-5099815.9912;10840229.9579;15293459.4447;16350496.7310;2266711.6364;-14310160.8071;24307009.9928;-4544187.7367;
2134;519916;11478073.8269;-5098283.6787;10841596.6742;15293295.4322;16350276.3290;2267650.5141;-14307787.1211;24308204.0906;-4543339.7852;
2134;519917;11478444.9481;-5096751.5875;10842963.5632;15293131.3603;16350055.8065;2268589.1729;-14305413.2239;24309397.8374;-4542491.6061;
2134;519918;11478815.8644;-5095219.7176;10844330.6247;15292967.2290;16349835.1636;2269527.6130;-14303039.1158;24310591.2331;-4541643.1993;
2134;519919;11479186.5758;-5093688.0690;10845697.8587;15292803.0385;16349614.4003;2270465.8342;-14300664.7968;24311784.2777;-4540794.5649;
2134;519920;11479557.0822;-5092156.6417;10847065.2653;15292638.7888;16349393.5167;2271403.8367;-14298290.2669;24312976.9712;-4539945.7026;
2134;519921;11479927.3839;-5090625.4357;10848432.8443;15292474.4800;16349172.5129;2272341.6204;-14295915.5262;24314169.3135;-4539096.6127;
2134;519922;11480297.4807;-5089094.4511;10849800.5958;15292310.1120;16348951.3888;2273279.1854;-14293540.5747;24315361.3045;-4538247.2949;
2134;519923;11480667.3728;-5087563.6878;10851168.5198;15292145.6849;16348730.1445;2274216.5317;-14291165.4126;24316552.9443;-4537397.7494;
2134;519924;11481037.0601;-5086033.1459;10852536.6162;15291981.1989;16348508.7802;2275153.6593;-14288790.0398;24317744.2329;-4536547.9760;
2134;519925;11481406.5428;-5084502.8255;10853904.8849;15291816.6538;16348287.2958;2276090.5682;-14286414.4564;24318935.1701;-4535697.9748;
2134;519926;11481775.8208;-5082972.7264;10855273.3261;15291652.0499;16348065.6914;2277027.2585;-14284038.6626;24320125.7560;-4534847.7458;
2134;519927;11482144.8942;-5081442.8488;10856641.9395;15291487.3871;16347843.9670;2277963.7301;-14281662.6583;24321315.9905;-4533997.2888;
2134;519928;11482513.7631;-5079913.1927;10858010.7253;15291322.6655;16347622.1228;2278899.9831;-14279286.4436;24322505.8735;-4533146.6040;
2134;519929;11482882.4275;-5078383.7580;10859379.6834;15291157.8851;16347400.1587;2279836.0175;-14276910.0186;24323695.4052;-4532295.6912;
2134;519930;11483250.8874;-5076854.5449;10860748.8137;15290993.0461;16347178.0749;2280771.8334;-14274533.3834;24324884.5853;-4531444.5504;
2134;519931;11483619.1429;-5075325.5532;10862118.1163;15290828.1483;16346955.8713;2281707.4307;-14272156.5379;24326073.4139;-4530593.1817;
2134;519932;11483987.1940;-5073796.7831;10863487.5911;15290663.1920;16346733.5480;2282642.8095;-14269779.4823;24327261.8910;-4529741.5850;
2134;519933;11484355.0407;-5072268.2346;10864857.2381;15290498.1771;16346511.1051;2283577.9697;-14267402.2166;24328450.0165;-4528889.7602;
2134;519934;11484722.6831;-5070739.9076;10866227.0573;15290333.1037;16346288.5426;2284512.9115;-14265024.7409;24329637.7904;-4528037.7075;
2134;519935;11485090.1213;-5069211.8023;10867597.0486;15290167.9718;16346065.8606;2285447.6348;-14262647.0553;24330825.2127;-4527185.4266;
2134;519936;11485457.3553;-5067683.9185;10868967.2120;15290002.7816;16345843.0592;2286382.1396;-14260269.1597;24332012.2833;-4526332.9176;
2134;519937;11485824.3850;-5066156.2564;10870337.5475;15289837.5329;16345620.1383;2287316.4260;-14257891.0543;24333199.0021;-4525480.1806;
2134;519938;11486191.2107;-5064628.8159;10871708.0550;15289672.2260;16345397.0981;2288250.4940;-14255512.7392;24334385.3692;-4524627.2154;
2134;519939;11486557.8322;-5063101.5971;10873078.7346;15289506.8608;16345173.9386;2289184.3435;-14253134.2143;24335571.3846;-4523774.0220;
2134;519940;11486924.2497;-5061574.6000;10874449.5862;15289341.4374;16344950.6598;2290117.9747;-14250755.4797;24336757.0481;-4522920.6004;
2134;519941;11487290.4631;-5060047.8246;10875820.6098;15289175.9559;16344727.2618;2291051.3876;-14248376.5356;24337942.3598;-4522066.9507;
2134;519942;11487656.4726;-5058521.2709;10877191.8054;15289010.4162;16344503.7447;2291984.5821;-14245997.3819;24339127.3196;-4521213.0727;
2134;519943;11488022.2782;-5056994.9389;10878563.1728;15288844.8185;16344280.1085;2292917.5583;-14243618.0188;24340311.9275;-4520358.9664;
2134;519944;11488387.8798;-5055468.8288;10879934.7122;15288679.1628;16344056.3532;2293850.3162;-14241238.4462;24341496.1834;-4519504.6319;
2134;519945;11488753.2776;-5053942.9404;10881306.4235;15288513.4492;16343832.4790;2294782.8558;-14238858.6643;24342680.0874;-4518650.0691;
2134;519946;11489118.4717;-5052417.2738;10882678.3067;15288347.6776;16343608.4859;2295715.1771;-14236478.6731;24343863.6394;-4517795.2780;
2134;519947;11489483.4619;-5050891.8290;10884050.3616;15288181.8482;16343384.3739;2296647.2802;-14234098.4727;24345046.8393;-4516940.2585;
2134;519948;11489848.2484;-5049366.6061;10885422.5884;15288015.9610;16343160.1430;2297579.1651;-14231718.0631;24346229.6872;-4516085.0107;
2134;519949;11490212.8313;-5047841.6050;10886794.9870;15287850.0160;16342935.7934;2298510.8318;-14229337.4444;24347412.1829;-4515229.5344;
2134;519950;11490577.2105;-5046316.8258;10888167.5573;15287684.0134;16342711.3251;2299442.2804;-14226956.6166;24348594.3265;-4514373.8298;
2134;519951;11490941.3861;-5044792.2685;10889540.2994;15287517.9531;16342486.7381;2300373.5107;-14224575.5799;24349776.1180;-4513517.8967;
2134;519952;11491305.3581;-5043267.9331;10890913.2131;15287351.8352;16342262.0325;2301304.5229;-14222194.3342;24350957.5572;-4512661.7352;
2134;519953;11491669.1266;-5041743.8196;10892286.2986;15287185.6597;16342037.2083;2302235.3170;-14219812.8797;24352138.6442;-4511805.3452;
2134;519954;11492032.6917;-5040219.9281;10893659.5557;15287019.4268;16341812.2657;2303165.8930;-14217431.2164;24353319.3789;-4510948.7267;
2134;519955;11492396.0533;-5038696.2586;10895032.9844;15286853.1364;16341587.2046;2304096.2510;-14215049.3443;24354499.7613;-4510091.8797;
2134;519956;11492759.2115;-5037172.8110;10896406.5847;15286686.7886;16341362.0251;2305026.3908;-14212667.2635;24355679.7914;-4509234.8041;
2134;519957;11493122.1664;-5035649.5854;10897780.3566;15286520.3835;16341136.7273;2305956.3126;-14210284.9741;24356859.4691;-4508377.5000;
2134;519958;11493484.9180;-5034126.5819;10899154.3001;15286353.9210;16340911.3112;2306886.0164;-14207902.4762;24358038.7944;-4507519.9672;
2134;519959;11493847.4663;-5032603.8004;10900528.4151;15286187.4013;16340685.7768;2307815.5022;-14205519.7697;24359217.7673;-4506662.2059;
2134;519960;11494209.8114;-5031081.2410;10901902.7016;15286020.8245;16340460.1243;2308744.7701;-14203136.8548;24360396.3877;-4505804.2159;
2134;519961;11494571.9533;-5029558.9037;10903277.1596;15285854.1905;16340234.3537;2309673.8199;-14200753.7316;24361574.6556;-4504945.9972;
2134;519962;11494933.8920;-5028036.7884;10904651.7890;15285687.4993;16340008.4649;2310602.6519;-14198370.4000;24362752.5710;-4504087.5499;
2134;519963;11495295.6277;-5026514.8953;10906026.5898;15285520.7512;16339782.4582;2311531.2659;-14195986.8602;24363930.1338;-4503228.8739;
2134;519964;11495657.1603;-5024993.2243;10907401.5621;15285353.9460;16339556.3335;2312459.6620;-14193603.1121;24365107.3440;-4502369.9691;
2134;519965;11496018.4899;-5023471.7754;10908776.7057;15285187.0840;16339330.0909;2313387.8402;-14191219.1559;24366284.2016;-4501510.8356;
2134;519966;11496379.6165;-5021950.5487;10910152.0206;15285020.1650;16339103.7304;2314315.8005;-14188834.9917;24367460.7065;-4500651.4734;
2134;519967;11496740.5401;-5020429.5442;10911527.5069;15284853.1892;16338877.2522;2315243.5430;-14186450.6194;24368636.8587;-4499791.8823;
2134;519968;11497101.2609;-5018908.7620;10912903.1645;15284686.1565;16338650.6562;2316171.0677;-14184066.0392;24369812.6582;-4498932.0624;
2134;519969;11497461.7789;-5017388.2019;10914278.9933;15284519.0672;16338423.9425;2317098.3746;-14181681.2511;24370988.1049;-4498072.0137;
2134;519970;11497822.0940;-5015867.8641;10915654.9934;15284351.9212;16338197.1111;2318025.4638;-14179296.2552;24372163.1988;-4497211.7361;
2134;519971;11498182.2063;-5014347.7486;10917031.1648;15284184.7185;16337970.1622;2318952.3351;-14176911.0515;24373337.9399;-4496351.2296;
2134;519972;11498542.1160;-5012827.8553;10918407.5073;15284017.4592;16337743.0957;2319878.9887;-14174525.6401;24374512.3282;-4495490.4942;
2134;519973;11498901.8229;-5011308.1843;10919784.0209;15283850.1434;16337515.9117;2320805.4246;-14172140.0210;24375686.3635;-4494629.5299;
2134;519974;11499261.3272;-5009788.7357;10921160.7058;15283682.7711;16337288.6104;2321731.6428;-14169754.1943;24376860.0460;-4493768.3367;
2134;519975;11499620.6290;-5008269.5094;10922537.5617;15283515.3424;16337061.1916;2322657.6433;-14167368.1602;24378033.3754;-4492906.9145;
2134;519976;11499979.7281;-5006750.5054;10923914.5887;15283347.8573;16336833.6555;2323583.4262;-14164981.9185;24379206.3519;-4492045.2632;
2134;519977;11500338.6248;-5005231.7239;10925291.7868;15283180.3158;16336606.0022;2324508.9914;-14162595.4695;24380378.9754;-4491183.3830;
2134;519978;11500697.3189;-5003713.1647;10926669.1559;15283012.7181;16336378.2316;2325434.3390;-14160208.8131;24381551.2458;-4490321.2737;
2134;519979;11501055.8107;-5002194.8279;10928046.6960;15282845.0641;16336150.3439;2326359.4690;-14157821.9494;24382723.1631;-4489458.9354;
2134;519980;11501414.1000;-5000676.7135;10929424.4072;15282677.3539;16335922.3391;2327284.3814;-14155434.8785;24383894.7273;-4488596.3679;
2134;519981;11501772.1870;-4999158.8216;10930802.2893;15282509.5876;16335694.2172;2328209.0763;-14153047.6005;24385065.9383;-4487733.5714;
2134;519982;11502130.0717;-4997641.1522;10932180.3423;15282341.7653;16335465.9784;2329133.5536;-14150660.1153;24386236.7961;-4486870.5457;
2134;519983;11502487.7541;-4996123.7052;10933558.5662;15282173.8868;16335237.6226;2330057.8134;-14148272.4232;24387407.3008;-4486007.2909;
2134;519984;11502845.2343;-4994606.4808;10934936.9610;15282005.9524;16335009.1499;2330981.8557;-14145884.5240;24388577.4522;-4485143.8069;
2134;519985;11503202.5124;-4993089.4788;10936315.5267;15281837.9621;16334780.5603;2331905.6806;-14143496.4179;24389747.2503;-4484280.0937;
2134;519986;11503559.5882;-4991572.6994;10937694.2632;15281669.9159;16334551.8540;2332829.2879;-14141108.1050;24390916.6951;-4483416.1513;
2134;519987;11503916.4620;-4990056.1426;10939073.1705;15281501.8139;16334323.0310;2333752.6779;-14138719.5853;24392085.7865;-4482551.9797;
2134;519988;11504273.1338;-4988539.8083;10940452.2486;15281333.6560;16334094.0912;2334675.8504;-14136330.8588;24393254.5246;-4481687.5788;
2134;519989;11504629.6035;-4987023.6966;10941831.4974;15281165.4425;16333865.0349;2335598.8055;-14133941.9257;24394422.9092;-4480822.9486;
2134;519990;11504985.8712;-4985507.8075;10943210.9170;15280997.1733;16333635.8620;2336521.5432;-14131552.7859;24395590.9404;-4479958.0891;
2134;519991;11505341.9370;-4983992.1411;10944590.5072;15280828.8484;16333406.5725;2337444.0636;-14129163.4396;24396758.6181;-4479093.0002;
2134;519992;11505697.8010;-4982476.6973;10945970.2682;15280660.4679;16333177.1667;2338366.3667;-14126773.8869;24397925.9424;-4478227.6820;
2134;519993;11506053.4631;-4980961.4761;10947350.1997;15280492.0320;16332947.6444;2339288.4524;-14124384.1277;24399092.9130;-4477362.1345;
2134;519994;11506408.9233;-4979446.4777;10948730.3020;15280323.5405;16332718.0057;2340210.3208;-14121994.1621;24400259.5301;-4476496.3575;
2134;519995;11506764.1819;-4977931.7019;10950110.5748;15280154.9937;16332488.2508;2341131.9720;-14119603.9902;24401425.7936;-4475630.3511;
2134;519996;11507119.2387;-4976417.1488;10951491.0181;15279986.3914;16332258.3796;2342053.4059;-14117213.6121;24402591.7035;-4474764.1153;
2134;519997;11507474.0938;-4974902.8185;10952871.6321;15279817.7338;16332028.3922;2342974.6226;-14114823.0278;24403757.2597;-4473897.6500;
2134;519998;11507828.7473;-4973388.7110;10954252.4165;15279649.0210;16331798.2886;2343895.6220;-14112432.2374;24404922.4622;-4473030.9553;
2134;519999;11508183.1992;-4971874.8262;10955633.3714;15279480.2529;16331568.0690;2344816.4043;-14110041.2409;24406087.3109;-4472164.0310;
2134;520000;11508537.4495;-4970361.1642;10957014.4969;15279311.4296;16331337.7334;2345736.9694;-14107650.0384;24407251.8059;-4471296.8772;
2134;520001;11508891.4983;-4968847.7250;10958395.7927;15279142.5512;16331107.2818;2346657.3173;-14105258.6300;24408415.9471;-4470429.4939;
2134;520002;11509245.3457;-4967334.5087;10959777.2590;15278973.6178;16330876.7142;2347577.4481;-14102867.0157;24409579.7345;-4469561.8809;
2134;520003;11509598.9916;-4965821.5151;10961158.8956;15278804.6293;16330646.0308;2348497.3618;-14100475.1956;24410743.1679;-4468694.0384;
2134;520004;11509952.4362;-4964308.7445;10962540.7026;15278635.5858;16330415.2316;2349417.0584;-14098083.1697;24411906.2475;-4467825.9663;
2134;520005;11510305.6794;-4962796.1967;10963922.6799;15278466.4874;16330184.3166;2350336.5379;-14095690.9381;24413068.9732;-4466957.6645;
2134;520006;11510658.7213;-4961283.8718;10965304.8276;15278297.3342;16329953.2859;2351255.8004;-14093298.5009;24414231.3449;-4466089.1330;
2134;520007;11511011.5619;-4959771.7698;10966687.1455;15278128.1261;16329722.1395;2352174.8458;-14090905.8582;24415393.3626;-4465220.3719;
2134;520008;11511364.2013;-4958259.8908;10968069.6337;15277958.8633;16329490.8775;2353093.6743;-14088513.0099;24416555.0263;-4464351.3811;
2134;520009;11511716.6396;-4956748.2347;10969452.2922;15277789.5457;16329259.5000;2354012.2857;-14086119.9562;24417716.3359;-4463482.1605;
2134;520010;11512068.8767;-4955236.8016;10970835.1208;15277620.1735;16329028.0070;2354930.6802;-14083726.6971;24418877.2915;-4462612.7102;
2134;520011;11512420.9128;-4953725.5915;10972218.1196;15277450.7466;16328796.3986;2355848.8577;-14081333.2326;24420037.8929;-4461743.0301;
2134;520012;11512772.7477;-4952214.6043;10973601.2886;15277281.2652;16328564.6747;2356766.8183;-14078939.5629;24421198.1402;-4460873.1203;
2134;520013;11513124.3817;-4950703.8402;10974984.6276;15277111.7292;16328332.8356;2357684.5620;-14076545.6880;24422358.0332;-4460002.9806;
2134;520014;11513475.8147;-4949193.2992;10976368.1368;15276942.1388;16328100.8811;2358602.0888;-14074151.6080;24423517.5721;-4459132.6110;
2134;520015;11513827.0468;-4947682.9811;10977751.8161;15276772.4939;16327868.8115;2359519.3987;-14071757.3228;24424676.7567;-4458262.0117;
2134;520016;11514178.0780;-4946172.8862;10979135.6654;15276602.7947;16327636.6266;2360436.4918;-14069362.8327;24425835.5871;-4457391.1824;
2134;520017;11514528.9084;-4944663.0144;10980519.6847;15276433.0412;16327404.3267;2361353.3681;-14066968.1376;24426994.0631;-4456520.1232;
2134;520018;11514879.5380;-4943153.3656;10981903.8741;15276263.2334;16327171.9116;2362270.0275;-14064573.2376;24428152.1848;-4455648.8341;
2134;520019;11515229.9668;-4941643.9400;10983288.2334;15276093.3714;16326939.3816;2363186.4702;-14062178.1327;24429309.9521;-4454777.3151;
2134;520020;11515580.1949;-4940134.7376;10984672.7626;15275923.4552;16326706.7366;2364102.6961;-14059782.8231;24430467.3649;-4453905.5660;
2134;520021;11515930.2224;-4938625.7583;10986057.4617;15275753.4849;16326473.9767;2365018.7053;-14057387.3088;24431624.4234;-4453033.5870;
2134;520022;11516280.0492;-4937117.0021;10987442.3308;15275583.4606;16326241.1020;2365934.4977;-14054991.5898;24432781.1274;-4452161.3780;
2134;520023;11516629.6754;-4935608.4692;10988827.3697;15275413.3822;16326008.1124;2366850.0734;-14052595.6663;24433937.4768;-4451288.9390;
2134;520024;11516979.1011;-4934100.1595;10990212.5784;15275243.2499;16325775.0082;2367765.4325;-14050199.5382;24435093.4718;-4450416.2699;
2134;520025;11517328.3263;-4932592.0731;10991597.9570;15275073.0636;16325541.7892;2368680.5749;-14047803.2056;24436249.1121;-4449543.3707;
2134;520026;11517677.3510;-4931084.2098;10992983.5053;15274902.8235;16325308.4556;2369595.5006;-14045406.6686;24437404.3979;-4448670.2414;
2134;520027;11518026.1754;-4929576.5699;10994369.2234;15274732.5296;16325075.0074;2370510.2098;-14043009.9273;24438559.3290;-4447796.8820;
2134;520028;11518374.7993;-4928069.1532;10995755.1112;15274562.1819;16324841.4447;2371424.7023;-14040612.9817;24439713.9055;-4446923.2924;
2134;520029;11518723.2229;-4926561.9599;10997141.1688;15274391.7805;16324607.7675;2372338.9783;-14038215.8319;24440868.1272;-4446049.4727;
2134;520030;11519071.4462;-4925054.9898;10998527.3960;15274221.3254;16324373.9759;2373253.0377;-14035818.4779;24442021.9943;-4445175.4228;
2134;520031;11519419.4693;-4923548.2431;10999913.7928;15274050.8167;16324140.0699;2374166.8805;-14033420.9198;24443175.5066;-4444301.1426;
2134;520032;11519767.2921;-4922041.7198;11001300.3593;15273880.2545;16323906.0497;2375080.5069;-14031023.1577;24444328.6640;-4443426.6323;
2134;520033;11520114.9148;-4920535.4198;11002687.0954;15273709.6387;16323671.9151;2375993.9167;-14028625.1916;24445481.4667;-4442551.8917;
2134;520034;11520462.3374;-4919029.3433;11004074.0010;15273538.9695;16323437.6664;2376907.1101;-14026227.0216;24446633.9145;-4441676.9208;
2134;520035;11520809.5599;-4917523.4901;11005461.0762;15273368.2469;16323203.3035;2377820.0870;-14023828.6477;24447786.0074;-4440801.7196;
2134;520036;11521156.5824;-4916017.8603;11006848.3210;15273197.4709;16322968.8265;2378732.8475;-14021430.0700;24448937.7454;-4439926.2881;
2134;520037;11521503.4048;-4914512.4541;11008235.7352;15273026.6416;16322734.2355;2379645.3916;-14019031.2886;24450089.1285;-4439050.6263;
2134;520038;11521850.0274;-4913007.2712;11009623.3188;15272855.7590;16322499.5304;2380557.7193;-14016632.3036;24451240.1565;-4438174.7341;
2134;520039;11522196.4500;-4911502.3119;11011011.0720;15272684.8233;16322264.7115;2381469.8306;-14014233.1149;24452390.8296;-4437298.6115;
2134;520040;11522542.6727;-4909997.5760;11012398.9945;15272513.8344;16322029.7787;2382381.7256;-14011833.7227;24453541.1476;-4436422.2586;
2134;520041;11522888.6956;-4908493.0637;11013787.0864;15272342.7923;16321794.7320;2383293.4042;-14009434.1270;24454691.1105;-4435545.6751;
2134;520042;11523234.5187;-4906988.7748;11015175.3477;15272171.6973;16321559.5715;2384204.8665;-14007034.3279;24455840.7183;-4434668.8613;
2134;520043;11523580.1421;-4905484.7096;11016563.7783;15272000.5492;16321324.2974;2385116.1126;-14004634.3254;24456989.9710;-4433791.8170;
2134;520044;11523925.5658;-4903980.8679;11017952.3782;15271829.3481;16321088.9096;2386027.1423;-14002234.1196;24458138.8685;-4432914.5421;
2134;520045;11524270.7898;-4902477.2498;11019341.1474;15271658.0942;16320853.4081;2386937.9559;-13999833.7105;24459287.4108;-4432037.0368;
2134;520046;11524615.8142;-4900973.8553;11020730.0858;15271486.7874;16320617.7931;2387848.5532;-13997433.0983;24460435.5979;-4431159.3009;
2134;520047;11524960.6391;-4899470.6844;11022119.1935;15271315.4277;16320382.0646;2388758.9343;-13995032.2830;24461583.4297;-4430281.3345;
2134;520048;11525305.2644;-4897967.7371;11023508.4704;15271144.0154;16320146.2227;2389669.0992;-13992631.2646;24462730.9061;-4429403.1375;
2134;520049;11525649.6902;-4896465.0135;11024897.9164;15270972.5503;16319910.2673;2390579.0479;-13990230.0433;24463878.0273;-4428524.7099;
2134;520050;11525993.9166;-4894962.5136;11026287.5316;15270801.0326;16319674.1986;2391488.7806;-13987828.6189;24465024.7931;-4427646.0517;
2134;520051;11526337.9436;-4893460.2373;11027677.3159;15270629.4622;16319438.0166;2392398.2971;-13985426.9918;24466171.2035;-4426767.1628;
2134;520052;11526681.7712;-4891958.1848;11029067.2693;15270457.8394;16319201.7214;2393307.5974;-13983025.1618;24467317.2585;-4425888.0433;
2134;520053;11527025.3995;-4890456.3559;11030457.3918;15270286.1640;16318965.3130;2394216.6818;-13980623.1290;24468462.9580;-4425008.6931;
2134;520054;11527368.8285;-4888954.7508;11031847.6833;15270114.4361;16318728.7915;2395125.5500;-13978220.8936;24469608.3020;-4424129.1121;
2134;520055;11527712.0583;-4887453.3695;11033238.1438;15269942.6559;16318492.1569;2396034.2022;-13975818.4556;24470753.2905;-4423249.3005;
2134;520056;11528055.0889;-4885952.2120;11034628.7733;15269770.8233;16318255.4093;2396942.6384;-13973415.8150;24471897.9235;-4422369.2581;
2134;520057;11528397.9204;-4884451.2782;11036019.5718;15269598.9384;16318018.5487;2397850.8586;-13971012.9719;24473042.2009;-4421488.9849;
2134;520058;11528740.5527;-4882950.5682;11037410.5392;15269427.0013;16317781.5752;2398758.8629;-13968609.9263;24474186.1226;-4420608.4809;
2134;520059;11529082.9860;-4881450.0821;11038801.6755;15269255.0119;16317544.4888;2399666.6512;-13966206.6784;24475329.6887;-4419727.7461;
2134;520060;11529425.2203;-4879949.8198;11040192.9807;15269082.9704;16317307.2896;2400574.2235;-13963803.2282;24476472.8992;-4418846.7805;
2134;520061;11529767.2556;-4878449.7814;11041584.4547;15268910.8768;16317069.9777;2401481.5799;-13961399.5757;24477615.7539;-4417965.5840;
2134;520062;11530109.0919;-4876949.9668;11042976.0976;15268738.7312;16316832.5531;2402388.7205;-13958995.7210;24478758.2529;-4417084.1567;
2134;520063;11530450.7294;-4875450.3762;11044367.9092;15268566.5336;16316595.0158;2403295.6452;-13956591.6642;24479900.3961;-4416202.4984;
2134;520064;11530792.1680;-4873951.0094;11045759.8897;15268394.2840;16316357.3660;2404202.3540;-13954187.4053;24481042.1835;-4415320.6092;
2134;520065;11531133.4078;-4872451.8666;11047152.0389;15268221.9825;16316119.6036;2405108.8470;-13951782.9444;24482183.6150;-4414438.4891;
2134;520066;11531474.4488;-4870952.9477;11048544.3567;15268049.6292;16315881.7287;2406015.1242;-13949378.2815;24483324.6907;-4413556.1380;
2134;520067;11531815.2911;-4869454.2528;11049936.8433;15267877.2240;16315643.7414;2406921.1856;-13946973.4168;24484465.4105;-4412673.5560;
2134;520068;11532155.9347;-4867955.7819;11051329.4986;15267704.7672;16315405.6417;2407827.0313;-13944568.3502;24485605.7744;-4411790.7429;
2134;520069;11532496.3797;-4866457.5349;11052722.3225;15267532.2586;16315167.4297;2408732.6612;-13942163.0819;24486745.7823;-4410907.6988;
2134;520070;11532836.6261;-4864959.5120;11054115.3150;15267359.6984;16314929.1055;2409638.0754;-13939757.6119;24487885.4342;-4410024.4236;
2134;520071;11533176.6739;-4863461.7131;11055508.4760;15267187.0866;16314690.6690;2410543.2739;-13937351.9403;24489024.7301;-4409140.9174;
2134;520072;11533516.5233;-4861964.1382;11056901.8057;15267014.4232;16314452.1204;2411448.2567;-13934946.0670;24490163.6700;-4408257.1800;
2134;520073;11533856.1741;-4860466.7874;11058295.3038;15266841.7083;16314213.4596;2412353.0239;-13932539.9923;24491302.2537;-4407373.2116;
2134;520074;11534195.6265;-4858969.6607;11059688.9705;15266668.9420;16313974.6868;2413257.5754;-13930133.7161;24492440.4814;-4406489.0120;
2134;520075;11534534.8806;-4857472.7581;11061082.8056;15266496.1243;16313735.8021;2414161.9113;-13927727.2385;24493578.3529;-4405604.5813;
2134;520076;11534873.9363;-4855976.0796;11062476.8092;15266323.2553;16313496.8053;2415066.0316;-13925320.5596;24494715.8682;-4404719.9194;
2134;520077;11535212.7937;-4854479.6253;11063870.9812;15266150.3350;16313257.6967;2415969.9363;-13922913.6794;24495853.0273;-4403835.0263;
2134;520078;11535551.4528;-4852983.3951;11065265.3216;15265977.3634;16313018.4762;2416873.6255;-13920506.5980;24496989.8301;-4402949.9019;
2134;520079;11535889.9138;-4851487.3890;11066659.8304;15265804.3407;16312779.1440;2417777.0992;-13918099.3154;24498126.2767;-4402064.5464;
2134;520080;11536228.1765;-4849991.6071;11068054.5075;15265631.2667;16312539.7000;2418680.3573;-13915691.8318;24499262.3670;-4401178.9595;
2134;520081;11536566.2411;-4848496.0495;11069449.3529;15265458.1417;16312300.1444;2419583.4000;-13913284.1472;24500398.1009;-4400293.1414;
2134;520082;11536904.1077;-4847000.7160;11070844.3666;15265284.9657;16312060.4771;2420486.2272;-13910876.2616;24501533.4785;-4399407.0920;
2134;520083;11537241.7762;-4845505.6068;11072239.5486;15265111.7387;16311820.6983;2421388.8389;-13908468.1751;24502668.4996;-4398520.8112;
2134;520084;11537579.2467;-4844010.7218;11073634.8988;15264938.4607;16311580.8079;2422291.2352;-13906059.8877;24503803.1644;-4397634.2991;
2134;520085;11537916.5192;-4842516.0611;11075030.4172;15264765.1319;16311340.8061;2423193.4161;-13903651.3996;24504937.4727;-4396747.5556;
2134;520086;11538253.5938;-4841021.6247;11076426.1038;15264591.7522;16311100.6929;2424095.3817;-13901242.7108;24506071.4244;-4395860.5808;
2134;520087;11538590.4706;-4839527.4126;11077821.9585;15264418.3217;16310860.4684;2424997.1319;-13898833.8213;24507205.0197;-4394973.3745;
2134;520088;11538927.1495;-4838033.4248;11079217.9814;15264244.8404;16310620.1325;2425898.6667;-13896424.7313;24508338.2584;-4394085.9368;
2134;520089;11539263.6306;-4836539.6613;11080614.1723;15264071.3085;16310379.6854;2426799.9862;-13894015.4407;24509471.1405;-4393198.2676;
2134;520090;11539599.9140;-4835046.1222;11082010.5313;15263897.7260;16310139.1271;2427701.0904;-13891605.9496;24510603.6660;-4392310.3670;
2134;520091;11539935.9997;-4833552.8075;11083407.0584;15263724.0928;16309898.4577;2428601.9794;-13889196.2581;24511735.8349;-4391422.2348;
2134;520092;11540271.8877;-4832059.7171;11084803.7535;15263550.4092;16309657.6772;2429502.6531;-13886786.3663;24512867.6471;-4390533.8712;
2134;520093;11540607.5781;-4830566.8511;11086200.6165;15263376.6750;16309416.7856;2430403.1116;-13884376.2743;24513999.1025;-4389645.2760;
2134;520094;11540943.0710;-4829074.2096;11087597.6476;15263202.8904;16309175.7831;2431303.3548;-13881965.9820;24515130.2013;-4388756.4492;
2134;520095;11541278.3663;-4827581.7925;11088994.8465;15263029.0554;16308934.6697;2432203.3829;-13879555.4895;24516260.9432;-4387867.3909;
2134;520096;11541613.4641;-4826089.5998;11090392.2134;15262855.1701;16308693.4454;2433103.1958;-13877144.7970;24517391.3284;-4386978.1010;
2134;520097;11541948.3644;-4824597.6316;11091789.7481;15262681.2345;16308452.1103;2434002.7935;-13874733.9044;24518521.3567;-4386088.5794;
2134;520098;11542283.0674;-4823105.8879;11093187.4507;15262507.2486;16308210.6644;2434902.1761;-13872322.8118;24519651.0282;-4385198.8262;
2134;520099;11542617.5730;-4821614.3687;11094585.3211;15262333.2126;16307969.1078;2435801.3437;-13869911.5194;24520780.3427;-4384308.8414;
2134;520100;11542951.8813;-4820123.0740;11095983.3593;15262159.1264;16307727.4406;2436700.2961;-13867500.0271;24521909.3004;-4383418.6248;
2134;520101;11543285.9923;-4818632.0039;11097381.5653;15261984.9902;16307485.6628;2437599.0335;-13865088.3350;24523037.9010;-4382528.1765;
2134;520102;11543619.9060;-4817141.1583;11098779.9390;15261810.8039;16307243.7744;2438497.5558;-13862676.4432;24524166.1447;-4381637.4966;
2134;520103;11543953.6226;-4815650.5372;11100178.4805;15261636.5676;16307001.7755;2439395.8631;-13860264.3517;24525294.0314;-4380746.5848;
2134;520104;11544287.1421;-4814160.1408;11101577.1896;15261462.2814;16306759.6662;2440293.9555;-13857852.0606;24526421.5610;-4379855.4413;
2134;520105;11544620.4644;-4812669.9689;11102976.0664;15261287.9453;16306517.4466;2441191.8328;-13855439.5700;24527548.7335;-4378964.0660;
2134;520106;11544953.5896;-4811180.0217;11104375.1108;15261113.5594;16306275.1166;2442089.4952;-13853026.8799;24528675.5489;-4378072.4589;
2134;520107;11545286.5179;-4809690.2991;11105774.3228;15260939.1237;16306032.6763;2442986.9427;-13850613.9904;24529802.0072;-4377180.6200;
2134;520108;11545619.2492;-4808200.8011;11107173.7024;15260764.6383;16305790.1258;2443884.1752;-13848200.9016;24530928.1083;-4376288.5492;
2134;520109;11545951.7835;-4806711.5278;11108573.2496;15260590.1032;16305547.4651;2444781.1929;-13845787.6134;24532053.8522;-4375396.2465;
2134;520110;11546284.1209;-4805222.4792;11109972.9643;15260415.5184;16305304.6944;2445677.9957;-13843374.1260;24533179.2389;-4374503.7119;
2134;520111;11546616.2615;-4803733.6553;11111372.8464;15260240.8841;16305061.8135;2446574.5836;-13840960.4395;24534304.2683;-4373610.9454;
2134;520112;11546948.2053;-4802245.0561;11112772.8961;15260066.2003;16304818.8227;2447470.9568;-13838546.5539;24535428.9404;-4372717.9470;
2134;520113;11547279.9523;-4800756.6817;11114173.1131;15259891.4669;16304575.7219;2448367.1151;-13836132.4692;24536553.2551;-4371824.7166;
2134;520114;11547611.5026;-4799268.5320;11115573.4976;15259716.6842;16304332.5112;2449263.0586;-13833718.1855;24537677.2125;-4370931.2543;
2134;520115;11547942.8563;-4797780.6070;11116974.0495;15259541.8520;16304089.1907;2450158.7874;-13831303.7030;24538800.8126;-4370037.5599;
2134;520116;11548274.0133;-4796292.9069;11118374.7687;15259366.9706;16303845.7604;2451054.3015;-13828889.0215;24539924.0552;-4369143.6336;
2134;520117;11548604.9737;-4794805.4315;11119775.6553;15259192.0398;16303602.2204;2451949.6008;-13826474.1413;24541046.9403;-4368249.4751;
2134;520118;11548935.7375;-4793318.1809;11121176.7092;15259017.0598;16303358.5706;2452844.6855;-13824059.0623;24542169.4680;-4367355.0846;
2134;520119;11549266.3048;-4791831.1552;11122577.9303;15258842.0307;16303114.8113;2453739.5554;-13821643.7847;24543291.6381;-4366460.4621;
2134;520120;11549596.6757;-4790344.3543;11123979.3187;15258666.9524;16302870.9424;2454634.2107;-13819228.3085;24544413.4507;-4365565.6074;
2134;520121;11549926.8502;-4788857.7783;11125380.8743;15258491.8251;16302626.9639;2455528.6514;-13816812.6337;24545534.9058;-4364670.5206;
2134;520122;11550256.8283;-4787371.4272;11126782.5971;15258316.6487;16302382.8760;2456422.8775;-13814396.7604;24546656.0032;-4363775.2017;
2134;520123;11550586.6100;-4785885.3010;11128184.4871;15258141.4233;16302138.6787;2457316.8890;-13811980.6887;24547776.7430;-4362879.6506;
2134;520124;11550916.1955;-4784399.3997;11129586.5442;15257966.1490;16301894.3720;2458210.6859;-13809564.4187;24548897.1251;-4361983.8673;
2134;520125;11551245.5847;-4782913.7233;11130988.7684;15257790.8259;16301649.9560;2459104.2683;-13807147.9504;24550017.1496;-4361087.8518;
2134;520126;11551574.7777;-4781428.2718;11132391.1597;15257615.4539;16301405.4308;2459997.6362;-13804731.2838;24551136.8163;-4360191.6040;
2134;520127;11551903.7745;-4779943.0453;11133793.7181;15257440.0331;16301160.7964;2460890.7895;-13802314.4190;24552256.1252;-4359295.1240;
2134;520128;11552232.5753;-4778458.0438;11135196.4435;15257264.5636;16300916.0528;2461783.7284;-13799897.3562;24553375.0764;-4358398.4118;
2134;520129;11552561.1799;-4776973.2673;11136599.3359;15257089.0454;16300671.2002;2462676.4528;-13797480.0952;24554493.6697;-4357501.4672;
2134;520130;11552889.5885;-4775488.7158;11138002.3952;15256913.4787;16300426.2385;2463568.9628;-13795062.6363;24555611.9052;-4356604.2904;
2134;520131;11553217.8011;-4774004.3893;11139405.6215;15256737.8633;16300181.1678;2464461.2584;-13792644.9795;24556729.7828;-4355706.8812;
2134;520132;11553545.8178;-4772520.2879;11140809.0148;15256562.1994;16299935.9882;2465353.3396;-13790227.1248;24557847.3025;-4354809.2396;
2134;520133;11553873.6386;-4771036.4115;11142212.5749;15256386.4871;16299690.6998;2466245.2064;-13787809.0723;24558964.4642;-4353911.3657;
2134;520134;11554201.2635;-4769552.7602;11143616.3018;15256210.7263;16299445.3025;2467136.8589;-13785390.8221;24560081.2680;-4353013.2594;
2134;520135;11554528.6926;-4768069.3340;11145020.1957;15256034.9171;16299199.7964;2468028.2971;-13782972.3742;24561197.7138;-4352114.9207;
2134;520136;11554855.9259;-4766586.1329;11146424.2563;15255859.0596;16298954.1817;2468919.5209;-13780553.7287;24562313.8015;-4351216.3495;
2134;520137;11555182.9634;-4765103.1569;11147828.4837;15255683.1539;16298708.4583;2469810.5305;-13778134.8856;24563429.5312;-4350317.5459;
2134;520138;11555509.8053;-4763620.4061;11149232.8778;15255507.1999;16298462.6263;2470701.3258;-13775715.8451;24564544.9028;-4349418.5098;
2134;520139;11555836.4516;-4762137.8804;11150637.4387;15255331.1978;16298216.6857;2471591.9069;-13773296.6071;24565659.9163;-4348519.2412;
2134;520140;11556162.9022;-4760655.5799;11152042.1662;15255155.1475;16297970.6367;2472482.2737;-13770877.1717;24566774.5716;-4347619.7401;
2134;520141;11556489.1573;-4759173.5046;11153447.0605;15254979.0492;16297724.4792;2473372.4264;-13768457.5391;24567888.8687;-4346720.0065;
2134;520142;11556815.2168;-4757691.6545;11154852.1213;15254802.9028;16297478.2133;2474262.3649;-13766037.7092;24569002.8076;-4345820.0402;
2134;520143;11557141.0809;-4756210.0296;11156257.3488;15254626.7085;16297231.8391;2475152.0892;-13763617.6821;24570116.3883;-4344919.8415;
2134;520144;11557466.7495;-4754728.6299;11157662.7429;15254450.4663;16296985.3566;2476041.5994;-13761197.4579;24571229.6106;-4344019.4101;
2134;520145;11557792.2228;-4753247.4555;11159068.3035;15254274.1762;16296738.7659;2476930.8955;-13758777.0367;24572342.4747;-4343118.7460;
2134;520146;11558117.5007;-4751766.5063;11160474.0307;15254097.8382;16296492.0670;2477819.9776;-13756356.4184;24573454.9805;-4342217.8494;
2134;520147;11558442.5833;-4750285.7825;11161879.9243;15253921.4525;16296245.2600;2478708.8455;-13753935.6032;24574567.1278;-4341316.7201;
2134;520148;11558767.4706;-4748805.2839;11163285.9844;15253745.0191;16295998.3450;2479597.4994;-13751514.5912;24575678.9168;-4340415.3581;
2134;520149;11559092.1628;-4747325.0107;11164692.2110;15253568.5380;16295751.3219;2480485.9394;-13749093.3824;24576790.3473;-4339513.7634;
2134;520150;11559416.6597;-4745844.9627;11166098.6040;15253392.0093;16295504.1909;2481374.1653;-13746671.9768;24577901.4194;-4338611.9360;
2134;520151;11559740.9615;-4744365.1402;11167505.1634;15253215.4331;16295256.9520;2482262.1772;-13744250.3745;24579012.1330;-4337709.8758;
2134;520152;11560065.0683;-4742885.5430;11168911.8891;15253038.8093;16295009.6052;2483149.9752;-13741828.5756;24580122.4881;-4336807.5829;
2134;520153;11560388.9800;-4741406.1711;11170318.7812;15252862.1380;16294762.1507;2484037.5592;-13739406.5802;24581232.4846;-4335905.0571;
2134;520154;11560712.6967;-4739927.0247;11171725.8396;15252685.4193;16294514.5884;2484924.9294;-13736984.3882;24582342.1226;-4335002.2986;
2134;520155;11561036.2184;-4738448.1037;11173133.0642;15252508.6533;16294266.9184;2485812.0856;-13734561.9999;24583451.4019;-4334099.3073;
2134;520156;11561359.5452;-4736969.4081;11174540.4551;15252331.8399;16294019.1408;2486699.0280;-13732139.4151;24584560.3226;-4333196.0831;
2134;520157;11561682.6771;-4735490.9380;11175948.0122;15252154.9793;16293771.2556;2487585.7565;-13729716.6341;24585668.8846;-4332292.6260;
2134;520158;11562005.6142;-4734012.6933;11177355.7356;15251978.0715;16293523.2629;2488472.2713;-13727293.6568;24586777.0879;-4331388.9361;
2134;520159;11562328.3566;-4732534.6741;11178763.6250;15251801.1165;16293275.1627;2489358.5722;-13724870.4833;24587884.9325;-4330485.0132;
2134;520160;11562650.9042;-4731056.8803;11180171.6807;15251624.1144;16293026.9552;2490244.6593;-13722447.1137;24588992.4184;-4329580.8574;
2134;520161;11562973.2570;-4729579.3121;11181579.9024;15251447.0652;16292778.6402;2491130.5327;-13720023.5480;24590099.5454;-4328676.4687;
2134;520162;11563295.4153;-4728101.9694;11182988.2902;15251269.9690;16292530.2180;2492016.1924;-13717599.7864;24591206.3136;-4327771.8470;
2134;520163;11563617.3789;-4726624.8523;11184396.8441;15251092.8258;16292281.6885;2492901.6384;-13715175.8288;24592312.7230;-4326866.9923;
2134;520164;11563939.1479;-4725147.9607;11185805.5640;15250915.6358;16292033.0518;2493786.8706;-13712751.6753;24593418.7735;-4325961.9046;
2134;520165;11564260.7224;-4723671.2946;11187214.4499;15250738.3988;16291784.3079;2494671.8892;-13710327.3260;24594524.4650;-4325056.5839;
2134;520166;11564582.1025;-4722194.8542;11188623.5017;15250561.1151;16291535.4570;2495556.6942;-13707902.7810;24595629.7976;-4324151.0301;
2134;520167;11564903.2881;-4720718.6393;11190032.7195;15250383.7846;16291286.4990;2496441.2855;-13705478.0403;24596734.7713;-4323245.2432;
2134;520168;11565224.2792;-4719242.6501;11191442.1033;15250206.4073;16291037.4340;2497325.6633;-13703053.1040;24597839.3860;-4322339.2233;
2134;520169;11565545.0761;-4717766.8865;11192851.6529;15250028.9835;16290788.2622;2498209.8274;-13700627.9721;24598943.6416;-4321432.9702;
2134;520170;11565865.6786;-4716291.3485;11194261.3683;15249851.5130;16290538.9834;2499093.7781;-13698202.6447;24600047.5381;-4320526.4841;
2134;520171;11566186.0869;-4714816.0363;11195671.2496;15249673.9959;16290289.5978;2499977.5151;-13695777.1219;24601151.0756;-4319619.7647;
2134;520172;11566506.3009;-4713340.9497;11197081.2967;15249496.4323;16290040.1055;2500861.0387;-13693351.4037;24602254.2539;-4318712.8122;
2134;520173;11566826.3208;-4711866.0887;11198491.5096;15249318.8223;16289790.5064;2501744.3488;-13690925.4902;24603357.0731;-4317805.6265;
2134;520174;11567146.1465;-4710391.4535;11199901.8882;15249141.1658;16289540.8007;2502627.4454;-13688499.3815;24604459.5331;-4316898.2076;
2134;520175;11567465.7781;-4708917.0441;11201312.4325;15248963.4630;16289290.9884;2503510.3286;-13686073.0775;24605561.6339;-4315990.5555;
2134;520176;11567785.2157;-4707442.8603;11202723.1425;15248785.7139;16289041.0695;2504392.9983;-13683646.5785;24606663.3755;-4315082.6701;
2134;520177;11568104.4592;-4705968.9024;11204134.0182;15248607.9186;16288791.0442;2505275.4547;-13681219.8843;24607764.7577;-4314174.5514;
2134;520178;11568423.5088;-4704495.1702;11205545.0595;15248430.0770;16288540.9124;2506157.6976;-13678792.9952;24608865.7807;-4313266.1995;
2134;520179;11568742.3645;-4703021.6637;11206956.2664;15248252.1892;16288290.6742;2507039.7272;-13676365.9112;24609966.4444;-4312357.6142;
2134;520180;11569061.0263;-4701548.3831;11208367.6389;15248074.2554;16288040.3297;2507921.5435;-13673938.6322;24611066.7486;-4311448.7956;
2134;520181;11569379.4942;-4700075.3283;11209779.1769;15247896.2755;16287789.8789;2508803.1465;-13671511.1585;24612166.6935;-4310539.7437;
2134;520182;11569697.7684;-4698602.4994;11211190.8805;15247718.2495;16287539.3218;2509684.5362;-13669083.4900;24613266.2790;-4309630.4583;
2134;520183;11570015.8488;-4697129.8963;11212602.7495;15247540.1777;16287288.6586;2510565.7126;-13666655.6268;24614365.5050;-4308720.9396;
2134;520184;11570333.7355;-4695657.5190;11214014.7840;15247362.0599;16287037.8893;2511446.6758;-13664227.5691;24615464.3715;-4307811.1875;
2134;520185;11570651.4286;-4694185.3677;11215426.9840;15247183.8962;16286787.0139;2512327.4257;-13661799.3167;24616562.8785;-4306901.2019;
2134;520186;11570968.9280;-4692713.4422;11216839.3493;15247005.6868;16286536.0325;2513207.9625;-13659370.8698;24617661.0260;-4305990.9829;
2134;520187;11571286.2339;-4691241.7427;11218251.8801;15246827.4316;16286284.9452;2514088.2861;-13656942.2285;24618758.8139;-4305080.5304;
2134;520188;11571603.3462;-4689770.2691;11219664.5761;15246649.1306;16286033.7519;2514968.3965;-13654513.3929;24619856.2422;-4304169.8444;
2134;520189;11571920.2650;-4688299.0214;11221077.4375;15246470.7841;16285782.4528;2515848.2938;-13652084.3629;24620953.3109;-4303258.9249;
2134;520190;11572236.9904;-4686827.9997;11222490.4642;15246292.3919;16285531.0480;2516727.9780;-13649655.1387;24622050.0199;-4302347.7719;
2134;520191;11572553.5224;-4685357.2040;11223903.6562;15246113.9541;16285279.5373;2517607.4491;-13647225.7203;24623146.3692;-4301436.3853;
2134;520192;11572869.8610;-4683886.6342;11225317.0134;15245935.4709;16285027.9210;2518486.7072;-13644796.1077;24624242.3588;-4300524.7651;
2134;520193;11573186.0063;-4682416.2905;11226730.5358;15245756.9422;16284776.1991;2519365.7522;-13642366.3011;24625337.9886;-4299612.9113;
2134;520194;11573501.9584;-4680946.1727;11228144.2233;15245578.3681;16284524.3715;2520244.5841;-13639936.3005;24626433.2587;-4298700.8240;
2134;520195;11573817.7172;-4679476.2810;11229558.0761;15245399.7486;16284272.4385;2521123.2031;-13637506.1060;24627528.1690;-4297788.5030;
2134;520196;11574133.2828;-4678006.6154;11230972.0939;15245221.0839;16284020.4000;2522001.6091;-13635075.7176;24628622.7194;-4296875.9483;
2134;520197;11574448.6553;-4676537.1758;11232386.2768;15245042.3738;16283768.2561;2522879.8022;-13632645.1354;24629716.9099;-4295963.1600;
2134;520198;11574763.8347;-4675067.9624;11233800.6249;15244863.6186;16283516.0068;2523757.7823;-13630214.3594;24630810.7406;-4295050.1379;
2134;520199;11575078.8210;-4673598.9750;11235215.1379;15244684.8182;16283263.6522;2524635.5496;-13627783.3898;24631904.2113;-4294136.8822;
