week;tow;PRN10;PRN16;PRN18;PRN20;PRN23;PRN26;PRN27;PRN29;PRN31;
2134;518400;-7244104.6358;21487590.8675;20226028.9834;5101410.2059;2798474.8711;15759203.9682;15299068.0441;13644303.1245;-6545942.2597;
2134;518401;-7241110.2560;21487010.5608;20227234.2314;5104424.0768;2801625.7187;15757076.5194;15301381.3272;13641761.2118;-6548933.8553;
2134;518402;-7238115.7240;21486429.7899;20228439.0494;5107437.8406;2804776.5067;15754948.7381;15303694.2764;13639219.0075;-6551925.3156;
2134;518403;-7235121.0399;21485848.5546;20229643.4374;5110451.4973;2807927.2352;15752820.6243;15306006.8916;13636676.5119;-6554916.6405;
2134;518404;-7232126.2038;21485266.8552;20230847.3954;5113465.0468;2811077.9040;15750692.1781;15308319.1729;13634133.7249;-6557907.8300;
2134;518405;-7229131.2157;21484684.6915;20232050.9233;5116478.4891;2814228.5131;15748563.3995;15310631.1201;13631590.6465;-6560898.8840;
2134;518406;-7226136.0757;21484102.0636;20233254.0212;5119491.8240;2817379.0623;15746434.2886;15312942.7331;13629047.2769;-6563889.8025;
2134;518407;-7223140.7839;21483518.9715;20234456.6889;5122505.0516;2820529.5518;15744304.8454;15315254.0120;13626503.6161;-6566880.5853;
2134;518408;-7220145.3403;21482935.4152;20235658.9265;5125518.1717;2823679.9813;15742175.0699;15317564.9567;13623959.6642;-6569871.2325;
2134;518409;-7217149.7449;21482351.3947;20236860.7339;5128531.1844;2826830.3508;15740044.9623;15319875.5672;13621415.4211;-6572861.7440;
2134;518410;-7214153.9979;21481766.9101;20238062.1111;5131544.0895;2829980.6602;15737914.5225;15322185.8433;13618870.8870;-6575852.1196;
2134;518411;-7211158.0993;21481181.9613;20239263.0582;5134556.8869;2833130.9096;15735783.7506;15324495.7850;13616326.0619;-6578842.3594;
2134;518412;-7208162.0491;21480596.5484;20240463.5749;5137569.5767;2836281.0987;15733652.6466;15326805.3924;13613780.9459;-6581832.4633;
2134;518413;-7205165.8475;21480010.6714;20241663.6615;5140582.1587;2839431.2276;15731521.2107;15329114.6653;13611235.5390;-6584822.4312;
2134;518414;-7202169.4945;21479424.3302;20242863.3177;5143594.6329;2842581.2961;15729389.4427;15331423.6037;13608689.8412;-6587812.2631;
2134;518415;-7199172.9901;21478837.5250;20244062.5436;5146606.9992;2845731.3042;15727257.3429;15333732.2075;13606143.8527;-6590801.9588;
2134;518416;-7196176.3344;21478250.2558;20245261.3392;5149619.2575;2848881.2519;15725124.9111;15336040.4767;13603597.5735;-6593791.5184;
2134;518417;-7193179.5276;21477662.5224;20246459.7044;5152631.4079;2852031.1391;15722992.1476;15338348.4112;13601051.0036;-6596780.9418;
2134;518418;-7190182.5695;21477074.3251;20247657.6392;5155643.4501;2855180.9657;15720859.0523;15340656.0111;13598504.1431;-6599770.2289;
2134;518419;-7187185.4604;21476485.6637;20248855.1436;5158655.3843;2858330.7316;15718725.6252;15342963.2761;13595956.9920;-6602759.3796;
2134;518420;-7184188.2003;21475896.5383;20250052.2175;5161667.2102;2861480.4367;15716591.8664;15345270.2064;13593409.5505;-6605748.3939;
2134;518421;-7181190.7892;21475306.9489;20251248.8610;5164678.9279;2864630.0811;15714457.7760;15347576.8018;13590861.8184;-6608737.2718;
2134;518422;-7178193.2272;21474716.8955;20252445.0740;5167690.5373;2867779.6646;15712323.3540;15349883.0623;13588313.7960;-6611726.0131;
2134;518423;-7175195.5143;21474126.3781;20253640.8564;5170702.0382;2870929.1872;15710188.6004;15352188.9878;13585765.4833;-6614714.6178;
2134;518424;-7172197.6507;21473535.3968;20254836.2084;5173713.4308;2874078.6488;15708053.5153;15354494.5783;13583216.8803;-6617703.0859;
2134;518425;-7169199.6364;21472943.9516;20256031.1297;5176724.7148;2877228.0493;15705918.0988;15356799.8337;13580667.9870;-6620691.4172;
2134;518426;-7166201.4714;21472352.0424;20257225.6204;5179735.8902;2880377.3887;15703782.3508;15359104.7541;13578118.8036;-6623679.6117;
2134;518427;-7163203.1558;21471759.6694;20258419.6806;5182746.9570;2883526.6669;15701646.2715;15361409.3392;13575569.3301;-6626667.6694;
2134;518428;-7160204.6898;21471166.8324;20259613.3100;5185757.9151;2886675.8839;15699509.8609;15363713.5892;13573019.5665;-6629655.5902;
2134;518429;-7157206.0732;21470573.5316;20260806.5088;5188768.7644;2889825.0395;15697373.1189;15366017.5039;13570469.5129;-6632643.3741;
2134;518430;-7154207.3063;21469979.7669;20261999.2769;5191779.5048;2892974.1337;15695236.0457;15368321.0833;13567919.1693;-6635631.0209;
2134;518431;-7151208.3890;21469385.5384;20263191.6143;5194790.1364;2896123.1664;15693098.6414;15370624.3273;13565368.5358;-6638618.5306;
2134;518432;-7148209.3215;21468790.8460;20264383.5209;5197800.6591;2899272.1376;15690960.9059;15372927.2359;13562817.6125;-6641605.9031;
2134;518433;-7145210.1037;21468195.6898;20265574.9967;5200811.0727;2902421.0472;15688822.8393;15375229.8090;13560266.3994;-6644593.1385;
2134;518434;-7142210.7359;21467600.0699;20266766.0418;5203821.3772;2905569.8952;15686684.4416;15377532.0467;13557714.8965;-6647580.2365;
2134;518435;-7139211.2179;21467003.9861;20267956.6560;5206831.5726;2908718.6814;15684545.7130;15379833.9487;13555163.1040;-6650567.1972;
2134;518436;-7136211.5499;21466407.4386;20269146.8393;5209841.6587;2911867.4058;15682406.6533;15382135.5152;13552611.0218;-6653554.0206;
2134;518437;-7133211.7320;21465810.4273;20270336.5918;5212851.6356;2915016.0683;15680267.2628;15384436.7460;13550058.6501;-6656540.7064;
2134;518438;-7130211.7642;21465212.9522;20271525.9133;5215861.5032;2918164.6689;15678127.5414;15386737.6411;13547505.9888;-6659527.2547;
2134;518439;-7127211.6466;21464615.0135;20272714.8040;5218871.2613;2921313.2075;15675987.4892;15389038.2004;13544953.0381;-6662513.6655;
2134;518440;-7124211.3792;21464016.6110;20273903.2637;5221880.9100;2924461.6841;15673847.1062;15391338.4239;13542399.7980;-6665499.9386;
2134;518441;-7121210.9621;21463417.7448;20275091.2924;5224890.4492;2927610.0985;15671706.3924;15393638.3116;13539846.2685;-6668486.0740;
2134;518442;-7118210.3953;21462818.4150;20276278.8901;5227899.8787;2930758.4507;15669565.3480;15395937.8633;13537292.4497;-6671472.0716;
2134;518443;-7115209.6790;21462218.6215;20277466.0567;5230909.1986;2933906.7406;15667423.9730;15398237.0791;13534738.3417;-6674457.9314;
2134;518444;-7112208.8132;21461618.3643;20278652.7923;5233918.4088;2937054.9682;15665282.2673;15400535.9588;13532183.9445;-6677443.6533;
2134;518445;-7109207.7980;21461017.6435;20279839.0968;5236927.5092;2940203.1334;15663140.2311;15402834.5025;13529629.2581;-6680429.2372;
2134;518446;-7106206.6334;21460416.4591;20281024.9702;5239936.4998;2943351.2361;15660997.8644;15405132.7101;13527074.2827;-6683414.6831;
2134;518447;-7103205.3194;21459814.8111;20282210.4125;5242945.3805;2946499.2763;15658855.1673;15407430.5816;13524519.0182;-6686399.9910;
2134;518448;-7100203.8562;21459212.6995;20283395.4236;5245954.1512;2949647.2539;15656712.1397;15409728.1168;13521963.4647;-6689385.1607;
2134;518449;-7097202.2438;21458610.1243;20284580.0036;5248962.8118;2952795.1688;15654568.7818;15412025.3157;13519407.6224;-6692370.1922;
2134;518450;-7094200.4823;21458007.0856;20285764.1523;5251971.3624;2955943.0210;15652425.0935;15414322.1784;13516851.4911;-6695355.0854;
2134;518451;-7091198.5717;21457403.5833;20286947.8698;5254979.8028;2959090.8104;15650281.0750;15416618.7047;13514295.0711;-6698339.8403;
2134;518452;-7088196.5121;21456799.6175;20288131.1560;5257988.1330;2962238.5369;15648136.7262;15418914.8946;13511738.3623;-6701324.4568;
2134;518453;-7085194.3036;21456195.1882;20289314.0109;5260996.3529;2965386.2005;15645992.0473;15421210.7480;13509181.3648;-6704308.9348;
2134;518454;-7082191.9462;21455590.2953;20290496.4346;5264004.4624;2968533.8010;15643847.0382;15423506.2649;13506624.0787;-6707293.2744;
2134;518455;-7079189.4400;21454984.9390;20291678.4269;5267012.4615;2971681.3385;15641701.6991;15425801.4452;13504066.5040;-6710277.4754;
2134;518456;-7076186.7850;21454379.1193;20292859.9878;5270020.3502;2974828.8129;15639556.0299;15428096.2890;13501508.6407;-6713261.5377;
2134;518457;-7073183.9813;21453772.8360;20294041.1173;5273028.1283;2977976.2240;15637410.0307;15430390.7960;13498950.4889;-6716245.4614;
2134;518458;-7070181.0291;21453166.0894;20295221.8155;5276035.7958;2981123.5719;15635263.7015;15432684.9664;13496392.0488;-6719229.2462;
2134;518459;-7067177.9283;21452558.8793;20296402.0821;5279043.3526;2984270.8565;15633117.0425;15434978.8000;13493833.3202;-6722212.8923;
2134;518460;-7064174.6789;21451951.2058;20297581.9174;5282050.7987;2987418.0776;15630970.0536;15437272.2968;13491274.3033;-6725196.3995;
2134;518461;-7061171.2812;21451343.0689;20298761.3211;5285058.1341;2990565.2353;15628822.7349;15439565.4568;13488714.9982;-6728179.7677;
2134;518462;-7058167.7351;21450734.4687;20299940.2933;5288065.3585;2993712.3294;15626675.0864;15441858.2798;13486155.4049;-6731162.9969;
2134;518463;-7055164.0407;21450125.4050;20301118.8340;5291072.4721;2996859.3599;15624527.1082;15444150.7659;13483595.5234;-6734146.0871;
2134;518464;-7052160.1980;21449515.8781;20302296.9431;5294079.4746;3000006.3267;15622378.8003;15446442.9149;13481035.3538;-6737129.0381;
2134;518465;-7049156.2072;21448905.8878;20303474.6207;5297086.3661;3003153.2298;15620230.1627;15448734.7270;13478474.8962;-6740111.8500;
2134;518466;-7046152.0682;21448295.4342;20304651.8666;5300093.1465;3006300.0691;15618081.1956;15451026.2019;13475914.1506;-6743094.5226;
2134;518467;-7043147.7812;21447684.5173;20305828.6809;5303099.8158;3009446.8446;15615931.8990;15453317.3396;13473353.1170;-6746077.0559;
2134;518468;-7040143.3462;21447073.1371;20307005.0635;5306106.3738;3012593.5560;15613782.2729;15455608.1402;13470791.7956;-6749059.4498;
2134;518469;-7037138.7633;21446461.2936;20308181.0144;5309112.8205;3015740.2035;15611632.3173;15457898.6034;13468230.1863;-6752041.7042;
2134;518470;-7034134.0326;21445848.9869;20309356.5336;5312119.1558;3018886.7869;15609482.0323;15460188.7294;13465668.2893;-6755023.8192;
2134;518471;-7031129.1540;21445236.2170;20310531.6210;5315125.3797;3022033.3062;15607331.4180;15462478.5181;13463106.1045;-6758005.7946;
2134;518472;-7028124.1277;21444622.9838;20311706.2767;5318131.4921;3025179.7612;15605180.4744;15464767.9693;13460543.6321;-6760987.6304;
2134;518473;-7025118.9537;21444009.2874;20312880.5006;5321137.4930;3028326.1520;15603029.2015;15467057.0830;13457980.8721;-6763969.3265;
2134;518474;-7022113.6321;21443395.1279;20314054.2927;5324143.3823;3031472.4784;15600877.5994;15469345.8593;13455417.8246;-6766950.8828;
2134;518475;-7019108.1630;21442780.5051;20315227.6530;5327149.1598;3034618.7404;15598725.6681;15471634.2980;13452854.4895;-6769932.2994;
2134;518476;-7016102.5464;21442165.4192;20316400.5813;5330154.8257;3037764.9380;15596573.4077;15473922.3991;13450290.8670;-6772913.5760;
2134;518477;-7013096.7824;21441549.8702;20317573.0778;5333160.3797;3040911.0710;15594420.8182;15476210.1626;13447726.9571;-6775894.7128;
2134;518478;-7010090.8711;21440933.8580;20318745.1424;5336165.8219;3044057.1394;15592267.8997;15478497.5883;13445162.7599;-6778875.7095;
2134;518479;-7007084.8124;21440317.3827;20319916.7750;5339171.1521;3047203.1431;15590114.6522;15480784.6763;13442598.2754;-6781856.5662;
2134;518480;-7004078.6065;21439700.4443;20321087.9757;5342176.3704;3050349.0820;15587961.0757;15483071.4265;13440033.5037;-6784837.2828;
2134;518481;-7001072.2535;21439083.0429;20322258.7443;5345181.4765;3053494.9562;15585807.1704;15485357.8388;13437468.4448;-6787817.8592;
2134;518482;-6998065.7533;21438465.1783;20323429.0810;5348186.4706;3056640.7655;15583652.9362;15487643.9133;13434903.0988;-6790798.2954;
2134;518483;-6995059.1062;21437846.8507;20324598.9856;5351191.3525;3059786.5098;15581498.3733;15489929.6498;13432337.4658;-6793778.5913;
2134;518484;-6992052.3120;21437228.0601;20325768.4581;5354196.1221;3062932.1891;15579343.4815;15492215.0483;13429771.5457;-6796758.7468;
2134;518485;-6989045.3710;21436608.8065;20326937.4986;5357200.7794;3066077.8034;15577188.2611;15494500.1087;13427205.3387;-6799738.7618;
2134;518486;-6986038.2831;21435989.0898;20328106.1069;5360205.3244;3069223.3525;15575032.7120;15496784.8310;13424638.8448;-6802718.6364;
2134;518487;-6983031.0484;21435368.9102;20329274.2831;5363209.7569;3072368.8364;15572876.8343;15499069.2152;13422072.0641;-6805698.3705;
2134;518488;-6980023.6670;21434748.2676;20330442.0271;5366214.0769;3075514.2550;15570720.6280;15501353.2612;13419504.9966;-6808677.9639;
2134;518489;-6977016.1389;21434127.1620;20331609.3389;5369218.2843;3078659.6083;15568564.0932;15503636.9689;13416937.6423;-6811657.4167;
2134;518490;-6974008.4643;21433505.5935;20332776.2185;5372222.3792;3081804.8961;15566407.2299;15505920.3384;13414370.0014;-6814636.7287;
2134;518491;-6971000.6431;21432883.5620;20333942.6659;5375226.3613;3084950.1185;15564250.0382;15508203.3695;13411802.0739;-6817615.9000;
2134;518492;-6967992.6755;21432261.0677;20335108.6810;5378230.2307;3088095.2753;15562092.5181;15510486.0622;13409233.8598;-6820594.9303;
2134;518493;-6964984.5614;21431638.1104;20336274.2638;5381233.9872;3091240.3666;15559934.6696;15512768.4164;13406665.3591;-6823573.8198;
2134;518494;-6961976.3010;21431014.6903;20337439.4142;5384237.6309;3094385.3921;15557776.4929;15515050.4322;13404096.5721;-6826552.5683;
2134;518495;-6958967.8944;21430390.8073;20338604.1324;5387241.1617;3097530.3519;15555617.9879;15517332.1094;13401527.4986;-6829531.1758;
2134;518496;-6955959.3415;21429766.4615;20339768.4181;5390244.5794;3100675.2459;15553459.1547;15519613.4480;13398958.1388;-6832509.6421;
2134;518497;-6952950.6425;21429141.6528;20340932.2715;5393247.8841;3103820.0740;15551299.9934;15521894.4480;13396388.4927;-6835487.9673;
2134;518498;-6949941.7974;21428516.3813;20342095.6925;5396251.0756;3106964.8361;15549140.5039;15524175.1093;13393818.5604;-6838466.1513;
2134;518499;-6946932.8063;21427890.6470;20343258.6810;5399254.1540;3110109.5323;15546980.6864;15526455.4318;13391248.3419;-6841444.1939;
2134;518500;-6943923.6693;21427264.4499;20344421.2370;5402257.1190;3113254.1623;15544820.5409;15528735.4155;13388677.8372;-6844422.0953;
2134;518501;-6940914.3863;21426637.7901;20345583.3606;5405259.9708;3116398.7262;15542660.0674;15531015.0604;13386107.0465;-6847399.8552;
2134;518502;-6937904.9575;21426010.6675;20346745.0516;5408262.7092;3119543.2239;15540499.2660;15533294.3665;13383535.9698;-6850377.4736;
2134;518503;-6934895.3830;21425383.0821;20347906.3101;5411265.3341;3122687.6553;15538338.1367;15535573.3335;13380964.6071;-6853354.9505;
2134;518504;-6931885.6627;21424755.0340;20349067.1361;5414267.8455;3125832.0204;15536176.6795;15537851.9616;13378392.9586;-6856332.2859;
2134;518505;-6928875.7968;21424126.5233;20350227.5294;5417270.2434;3128976.3191;15534014.8946;15540130.2506;13375821.0241;-6859309.4795;
2134;518506;-6925865.7854;21423497.5498;20351387.4901;5420272.5276;3132120.5512;15531852.7820;15542408.2006;13373248.8039;-6862286.5315;
2134;518507;-6922855.6284;21422868.1136;20352547.0182;5423274.6981;3135264.7169;15529690.3416;15544685.8114;13370676.2979;-6865263.4416;
2134;518508;-6919845.3260;21422238.2148;20353706.1136;5426276.7549;3138408.8159;15527527.5736;15546963.0830;13368103.5063;-6868240.2100;
2134;518509;-6916834.8781;21421607.8534;20354864.7763;5429278.6978;3141552.8482;15525364.4780;15549240.0154;13365530.4290;-6871216.8364;
2134;518510;-6913824.2850;21420977.0293;20356023.0063;5432280.5268;3144696.8138;15523201.0549;15551516.6085;13362957.0662;-6874193.3208;
2134;518511;-6910813.5466;21420345.7426;20357180.8036;5435282.2419;3147840.7125;15521037.3042;15553792.8623;13360383.4178;-6877169.6633;
2134;518512;-6907802.6630;21419713.9933;20358338.1680;5438283.8430;3150984.5444;15518873.2261;15556068.7766;13357809.4839;-6880145.8636;
2134;518513;-6904791.6343;21419081.7815;20359495.0997;5441285.3300;3154128.3093;15516708.8206;15558344.3516;13355235.2647;-6883121.9218;
2134;518514;-6901780.4605;21418449.1070;20360651.5986;5444286.7028;3157272.0072;15514544.0877;15560619.5870;13352660.7601;-6886097.8378;
2134;518515;-6898769.1418;21417815.9700;20361807.6647;5447287.9615;3160415.6381;15512379.0275;15562894.4829;13350085.9702;-6889073.6115;
2134;518516;-6895757.6780;21417182.3705;20362963.2979;5450289.1058;3163559.2017;15510213.6400;15565169.0393;13347510.8950;-6892049.2429;
2134;518517;-6892746.0694;21416548.3085;20364118.4981;5453290.1359;3166702.6982;15508047.9253;15567443.2560;13344935.5347;-6895024.7319;
2134;518518;-6889734.3160;21415913.7839;20365273.2655;5456291.0515;3169846.1274;15505881.8834;15569717.1330;13342359.8892;-6898000.0784;
2134;518519;-6886722.4179;21415278.7969;20366427.5999;5459291.8527;3172989.4892;15503715.5144;15571990.6703;13339783.9587;-6900975.2824;
2134;518520;-6883710.3750;21414643.3474;20367581.5014;5462292.5394;3176132.7836;15501548.8182;15574263.8678;13337207.7431;-6903950.3439;
2134;518521;-6880698.1876;21414007.4355;20368734.9699;5465293.1115;3179276.0105;15499381.7951;15576536.7255;13334631.2426;-6906925.2627;
2134;518522;-6877685.8555;21413371.0611;20369888.0054;5468293.5689;3182419.1699;15497214.4449;15578809.2433;13332054.4571;-6909900.0388;
2134;518523;-6874673.3790;21412734.2243;20371040.6078;5471293.9116;3185562.2616;15495046.7678;15581081.4212;13329477.3868;-6912874.6721;
2134;518524;-6871660.7581;21412096.9251;20372192.7771;5474294.1396;3188705.2857;15492878.7637;15583353.2591;13326900.0317;-6915849.1626;
2134;518525;-6868647.9927;21411459.1634;20373344.5134;5477294.2527;3191848.2420;15490710.4328;15585624.7569;13324322.3918;-6918823.5102;
2134;518526;-6865635.0831;21410820.9395;20374495.8166;5480294.2509;3194991.1305;15488541.7752;15587895.9147;13321744.4673;-6921797.7149;
2134;518527;-6862622.0292;21410182.2531;20375646.6866;5483294.1342;3198133.9511;15486372.7907;15590166.7324;13319166.2581;-6924771.7766;
2134;518528;-6859608.8312;21409543.1044;20376797.1235;5486293.9024;3201276.7038;15484203.4795;15592437.2099;13316587.7643;-6927745.6951;
2134;518529;-6856595.4890;21408903.4934;20377947.1271;5489293.5556;3204419.3884;15482033.8417;15594707.3472;13314008.9860;-6930719.4706;
2134;518530;-6853582.0028;21408263.4201;20379096.6976;5492293.0936;3207562.0050;15479863.8772;15596977.1442;13311429.9232;-6933693.1029;
2134;518531;-6850568.3727;21407622.8845;20380245.8348;5495292.5163;3210704.5534;15477693.5861;15599246.6009;13308850.5760;-6936666.5919;
2134;518532;-6847554.5985;21406981.8866;20381394.5388;5498291.8238;3213847.0336;15475522.9685;15601515.7172;13306270.9445;-6939639.9375;
2134;518533;-6844540.6806;21406340.4264;20382542.8095;5501291.0160;3216989.4455;15473352.0244;15603784.4931;13303691.0286;-6942613.1399;
2134;518534;-6841526.6188;21405698.5040;20383690.6468;5504290.0927;3220131.7890;15471180.7539;15606052.9285;13301110.8285;-6945586.1987;
2134;518535;-6838512.4133;21405056.1194;20384838.0509;5507289.0540;3223274.0642;15469009.1570;15608321.0234;13298530.3441;-6948559.1141;
2134;518536;-6835498.0641;21404413.2726;20385985.0216;5510287.8998;3226416.2708;15466837.2337;15610588.7777;13295949.5757;-6951531.8859;
2134;518537;-6832483.5714;21403769.9635;20387131.5589;5513286.6300;3229558.4089;15464664.9842;15612856.1914;13293368.5231;-6954504.5141;
2134;518538;-6829468.9350;21403126.1923;20388277.6627;5516285.2445;3232700.4784;15462492.4084;15615123.2645;13290787.1866;-6957476.9986;
2134;518539;-6826454.1553;21402481.9589;20389423.3332;5519283.7433;3235842.4792;15460319.5063;15617389.9968;13288205.5660;-6960449.3393;
2134;518540;-6823439.2320;21401837.2633;20390568.5702;5522282.1263;3238984.4112;15458146.2781;15619656.3884;13285623.6615;-6963421.5362;
2134;518541;-6820424.1655;21401192.1057;20391713.3737;5525280.3934;3242126.2744;15455972.7238;15621922.4391;13283041.4732;-6966393.5893;
2134;518542;-6817408.9557;21400546.4859;20392857.7437;5528278.5447;3245268.0687;15453798.8435;15624188.1490;13280459.0010;-6969365.4984;
2134;518543;-6814393.6026;21399900.4040;20394001.6802;5531276.5800;3248409.7941;15451624.6371;15626453.5180;13277876.2451;-6972337.2636;
2134;518544;-6811378.1064;21399253.8600;20395145.1831;5534274.4992;3251551.4504;15449450.1047;15628718.5460;13275293.2055;-6975308.8846;
2134;518545;-6808362.4670;21398606.8539;20396288.2524;5537272.3023;3254693.0377;15447275.2464;15630983.2330;13272709.8823;-6978280.3616;
2134;518546;-6805346.6847;21397959.3858;20397430.8882;5540269.9893;3257834.5558;15445100.0622;15633247.5789;13270126.2754;-6981251.6944;
2134;518547;-6802330.7594;21397311.4557;20398573.0903;5543267.5601;3260976.0047;15442924.5522;15635511.5838;13267542.3850;-6984222.8829;
2134;518548;-6799314.6912;21396663.0635;20399714.8587;5546265.0146;3264117.3843;15440748.7164;15637775.2475;13264958.2112;-6987193.9272;
2134;518549;-6796298.4801;21396014.2093;20400856.1935;5549262.3527;3267258.6945;15438572.5548;15640038.5699;13262373.7539;-6990164.8271;
2134;518550;-6793282.1262;21395364.8932;20401997.0946;5552259.5744;3270399.9353;15436396.0676;15642301.5511;13259789.0132;-6993135.5825;
2134;518551;-6790265.6297;21394715.1151;20403137.5619;5555256.6797;3273541.1067;15434219.2547;15644564.1911;13257203.9893;-6996106.1935;
2134;518552;-6787248.9905;21394064.8750;20404277.5955;5558253.6683;3276682.2084;15432042.1162;15646826.4896;13254618.6820;-6999076.6599;
2134;518553;-6784232.2087;21393414.1729;20405417.1953;5561250.5404;3279823.2406;15429864.6521;15649088.4468;13252033.0916;-7002046.9818;
2134;518554;-6781215.2844;21392763.0090;20406556.3613;5564247.2959;3282964.2031;15427686.8626;15651350.0625;13249447.2180;-7005017.1589;
2134;518555;-6778198.2176;21392111.3831;20407695.0935;5567243.9346;3286105.0958;15425508.7475;15653611.3367;13246861.0614;-7007987.1913;
2134;518556;-6775181.0084;21391459.2954;20408833.3919;5570240.4565;3289245.9187;15423330.3071;15655872.2693;13244274.6216;-7010957.0789;
2134;518557;-6772163.6569;21390806.7458;20409971.2563;5573236.8615;3292386.6717;15421151.5413;15658132.8604;13241687.8990;-7013926.8217;
2134;518558;-6769146.1632;21390153.7343;20411108.6869;5576233.1497;3295527.3547;15418972.4501;15660393.1098;13239100.8933;-7016896.4196;
2134;518559;-6766128.5272;21389500.2609;20412245.6835;5579229.3208;3298667.9677;15416793.0337;15662653.0175;13236513.6049;-7019865.8725;
2134;518560;-6763110.7491;21388846.3258;20413382.2462;5582225.3750;3301808.5107;15414613.2920;15664912.5835;13233926.0335;-7022835.1803;
2134;518561;-6760092.8289;21388191.9288;20414518.3750;5585221.3120;3304948.9834;15412433.2252;15667171.8076;13231338.1795;-7025804.3430;
2134;518562;-6757074.7667;21387537.0701;20415654.0697;5588217.1318;3308089.3860;15410252.8332;15669430.6899;13228750.0427;-7028773.3606;
2134;518563;-6754056.5625;21386881.7495;20416789.3304;5591212.8344;3311229.7183;15408072.1162;15671689.2304;13226161.6233;-7031742.2330;
2134;518564;-6751038.2165;21386225.9672;20417924.1571;5594208.4197;3314369.9802;15405891.0741;15673947.4289;13223572.9213;-7034710.9600;
2134;518565;-6748019.7286;21385569.7232;20419058.5497;5597203.8877;3317510.1717;15403709.7070;15676205.2854;13220983.9367;-7037679.5418;
2134;518566;-6745001.0990;21384913.0174;20420192.5082;5600199.2382;3320650.2927;15401528.0149;15678462.7998;13218394.6697;-7040647.9781;
2134;518567;-6741982.3276;21384255.8500;20421326.0326;5603194.4712;3323790.3431;15399345.9979;15680719.9722;13215805.1202;-7043616.2689;
2134;518568;-6738963.4147;21383598.2208;20422459.1228;5606189.5867;3326930.3229;15397163.6561;15682976.8024;13213215.2884;-7046584.4143;
2134;518569;-6735944.3602;21382940.1299;20423591.7789;5609184.5846;3330070.2320;15394980.9895;15685233.2905;13210625.1742;-7049552.4140;
2134;518570;-6732925.1641;21382281.5774;20424724.0008;5612179.4648;3333210.0704;15392797.9981;15687489.4363;13208034.7778;-7052520.2681;
2134;518571;-6729905.8267;21381622.5633;20425855.7885;5615174.2273;3336349.8380;15390614.6820;15689745.2398;13205444.0992;-7055487.9764;
2134;518572;-6726886.3478;21380963.0875;20426987.1419;5618168.8720;3339489.5346;15388431.0412;15692000.7010;13202853.1384;-7058455.5390;
2134;518573;-6723866.7277;21380303.1501;20428118.0611;5621163.3988;3342629.1603;15386247.0758;15694255.8198;13200261.8955;-7061422.9558;
2134;518574;-6720846.9663;21379642.7511;20429248.5460;5624157.8077;3345768.7150;15384062.7858;15696510.5962;13197670.3706;-7064390.2267;
2134;518575;-6717827.0637;21378981.8905;20430378.5966;5627152.0986;3348908.1986;15381878.1713;15698765.0301;13195078.5637;-7067357.3515;
2134;518576;-6714807.0200;21378320.5683;20431508.2128;5630146.2715;3352047.6110;15379693.2323;15701019.1214;13192486.4748;-7070324.3304;
2134;518577;-6711786.8352;21377658.7846;20432637.3947;5633140.3262;3355186.9522;15377507.9688;15703272.8702;13189894.1041;-7073291.1632;
2134;518578;-6708766.5095;21376996.5394;20433766.1422;5636134.2627;3358326.2221;15375322.3810;15705526.2764;13187301.4516;-7076257.8499;
2134;518579;-6705746.0428;21376333.8327;20434894.4553;5639128.0811;3361465.4207;15373136.4689;15707779.3399;13184708.5173;-7079224.3903;
2134;518580;-6702725.4352;21375670.6644;20436022.3339;5642121.7811;3364604.5478;15370950.2324;15710032.0606;13182115.3013;-7082190.7845;
2134;518581;-6699704.6868;21375007.0347;20437149.7781;5645115.3627;3367743.6035;15368763.6717;15712284.4386;13179521.8036;-7085157.0324;
2134;518582;-6696683.7977;21374342.9435;20438276.7878;5648108.8259;3370882.5876;15366576.7867;15714536.4738;13176928.0244;-7088123.1338;
2134;518583;-6693662.7680;21373678.3909;20439403.3631;5651102.1707;3374021.5000;15364389.5777;15716788.1661;13174333.9636;-7091089.0888;
2134;518584;-6690641.5976;21373013.3768;20440529.5037;5654095.3968;3377160.3408;15362202.0445;15719039.5155;13171739.6213;-7094054.8973;
2134;518585;-6687620.2866;21372347.9014;20441655.2099;5657088.5044;3380299.1098;15360014.1872;15721290.5219;13169144.9976;-7097020.5593;
2134;518586;-6684598.8352;21371681.9645;20442780.4814;5660081.4932;3383437.8070;15357826.0060;15723541.1853;13166550.0925;-7099986.0746;
2134;518587;-6681577.2433;21371015.5662;20443905.3184;5663074.3634;3386576.4323;15355637.5007;15725791.5056;13163954.9061;-7102951.4432;
2134;518588;-6678555.5111;21370348.7066;20445029.7207;5666067.1147;3389714.9856;15353448.6716;15728041.4828;13161359.4384;-7105916.6650;
2134;518589;-6675533.6386;21369681.3856;20446153.6884;5669059.7471;3392853.4670;15351259.5185;15730291.1169;13158763.6895;-7108881.7400;
2134;518590;-6672511.6259;21369013.6033;20447277.2214;5672052.2606;3395991.8762;15349070.0417;15732540.4077;13156167.6595;-7111846.6682;
2134;518591;-6669489.4730;21368345.3597;20448400.3197;5675044.6552;3399130.2132;15346880.2410;15734789.3553;13153571.3484;-7114811.4494;
2134;518592;-6666467.1800;21367676.6548;20449522.9833;5678036.9306;3402268.4781;15344690.1166;15737037.9596;13150974.7562;-7117776.0836;
2134;518593;-6663444.7470;21367007.4885;20450645.2121;5681029.0869;3405406.6706;15342499.6685;15739286.2205;13148377.8830;-7120740.5707;
2134;518594;-6660422.1740;21366337.8611;20451767.0062;5684021.1241;3408544.7908;15340308.8968;15741534.1380;13145780.7289;-7123704.9107;
2134;518595;-6657399.4611;21365667.7723;20452888.3654;5687013.0420;3411682.8386;15338117.8015;15743781.7120;13143183.2939;-7126669.1036;
2134;518596;-6654376.6083;21364997.2224;20454009.2899;5690004.8406;3414820.8139;15335926.3827;15746028.9425;13140585.5781;-7129633.1491;
2134;518597;-6651353.6158;21364326.2112;20455129.7795;5692996.5198;3417958.7166;15333734.6403;15748275.8295;13137987.5816;-7132597.0474;
2134;518598;-6648330.4835;21363654.7388;20456249.8343;5695988.0796;3421096.5467;15331542.5745;15750522.3729;13135389.3043;-7135560.7983;
2134;518599;-6645307.2116;21362982.8053;20457369.4541;5698979.5199;3424234.3041;15329350.1853;15752768.5727;13132790.7464;-7138524.4018;
2134;518600;-6642283.8000;21362310.4106;20458488.6390;5701970.8406;3427371.9887;15327157.4727;15755014.4287;13130191.9078;-7141487.8577;
2134;518601;-6639260.2490;21361637.5547;20459607.3890;5704962.0417;3430509.6005;15324964.4368;15757259.9410;13127592.7888;-7144451.1662;
2134;518602;-6636236.5585;21360964.2377;20460725.7041;5707953.1231;3433647.1395;15322771.0776;15759505.1095;13124993.3892;-7147414.3270;
2134;518603;-6633212.7286;21360290.4596;20461843.5841;5710944.0847;3436784.6054;15320577.3952;15761749.9341;13122393.7092;-7150377.3401;
2134;518604;-6630188.7593;21359616.2204;20462961.0292;5713934.9266;3439921.9984;15318383.3897;15763994.4149;13119793.7489;-7153340.2055;
2134;518605;-6627164.6508;21358941.5201;20464078.0392;5716925.6485;3443059.3182;15316189.0610;15766238.5517;13117193.5082;-7156302.9231;
2134;518606;-6624140.4031;21358266.3587;20465194.6141;5719916.2505;3446196.5649;15313994.4092;15768482.3445;13114592.9872;-7159265.4928;
2134;518607;-6621116.0162;21357590.7363;20466310.7540;5722906.7325;3449333.7384;15311799.4344;15770725.7933;13111992.1861;-7162227.9146;
2134;518608;-6618091.4903;21356914.6528;20467426.4588;5725897.0945;3452470.8385;15309604.1367;15772968.8979;13109391.1048;-7165190.1885;
2134;518609;-6615066.8253;21356238.1084;20468541.7284;5728887.3363;3455607.8654;15307408.5159;15775211.6585;13106789.7433;-7168152.3142;
2134;518610;-6612042.0214;21355561.1029;20469656.5629;5731877.4579;3458744.8187;15305212.5723;15777454.0749;13104188.1019;-7171114.2919;
2134;518611;-6609017.0785;21354883.6365;20470770.9622;5734867.4593;3461881.6986;15303016.3059;15779696.1470;13101586.1804;-7174076.1214;
2134;518612;-6605991.9969;21354205.7090;20471884.9262;5737857.3404;3465018.5050;15300819.7166;15781937.8748;13098983.9791;-7177037.8027;
2134;518613;-6602966.7765;21353527.3207;20472998.4551;5740847.1010;3468155.2377;15298622.8046;15784179.2583;13096381.4978;-7179999.3357;
2134;518614;-6599941.4174;21352848.4714;20474111.5487;5743836.7413;3471291.8967;15296425.5699;15786420.2975;13093778.7368;-7182960.7203;
2134;518615;-6596915.9196;21352169.1612;20475224.2071;5746826.2610;3474428.4820;15294228.0126;15788660.9922;13091175.6959;-7185921.9566;
2134;518616;-6593890.2833;21351489.3901;20476336.4301;5749815.6601;3477564.9934;15292030.1326;15790901.3424;13088572.3754;-7188883.0443;
2134;518617;-6590864.5085;21350809.1581;20477448.2179;5752804.9387;3480701.4310;15289831.9301;15793141.3481;13085968.7752;-7191843.9835;
2134;518618;-6587838.5952;21350128.4653;20478559.5702;5755794.0965;3483837.7945;15287633.4050;15795381.0092;13083364.8954;-7194804.7742;
2134;518619;-6584812.5436;21349447.3116;20479670.4873;5758783.1336;3486974.0841;15285434.5575;15797620.3258;13080760.7360;-7197765.4161;
2134;518620;-6581786.3536;21348765.6971;20480780.9689;5761772.0498;3490110.2996;15283235.3875;15799859.2976;13078156.2972;-7200725.9094;
2134;518621;-6578760.0254;21348083.6217;20481891.0151;5764760.8452;3493246.4409;15281035.8952;15802097.9247;13075551.5790;-7203686.2539;
2134;518622;-6575733.5590;21347401.0856;20483000.6258;5767749.5196;3496382.5080;15278836.0806;15804336.2070;13072946.5813;-7206646.4495;
2134;518623;-6572706.9545;21346718.0887;20484109.8011;5770738.0730;3499518.5008;15276635.9436;15806574.1446;13070341.3044;-7209606.4962;
2134;518624;-6569680.2119;21346034.6310;20485218.5410;5773726.5053;3502654.4192;15274435.4845;15808811.7372;13067735.7482;-7212566.3940;
2134;518625;-6566653.3313;21345350.7126;20486326.8453;5776714.8165;3505790.2632;15272234.7031;15811048.9850;13065129.9128;-7215526.1427;
2134;518626;-6563626.3128;21344666.3334;20487434.7140;5779703.0065;3508926.0327;15270033.5997;15813285.8878;13062523.7982;-7218485.7424;
2134;518627;-6560599.1564;21343981.4936;20488542.1472;5782691.0752;3512061.7277;15267832.1741;15815522.4455;13059917.4045;-7221445.1929;
2134;518628;-6557571.8622;21343296.1930;20489649.1448;5785679.0227;3515197.3480;15265630.4265;15817758.6583;13057310.7318;-7224404.4942;
2134;518629;-6554544.4303;21342610.4318;20490755.7069;5788666.8487;3518332.8936;15263428.3568;15819994.5259;13054703.7801;-7227363.6462;
2134;518630;-6551516.8607;21341924.2099;20491861.8332;5791654.5533;3521468.3645;15261225.9653;15822230.0483;13052096.5495;-7230322.6489;
2134;518631;-6548489.1534;21341237.5274;20492967.5240;5794642.1363;3524603.7606;15259023.2518;15824465.2256;13049489.0400;-7233281.5022;
2134;518632;-6545461.3087;21340550.3842;20494072.7790;5797629.5978;3527739.0817;15256820.2164;15826700.0576;13046881.2517;-7236240.2061;
2134;518633;-6542433.3264;21339862.7804;20495177.5984;5800616.9377;3530874.3279;15254616.8593;15828934.5443;13044273.1846;-7239198.7604;
2134;518634;-6539405.2067;21339174.7160;20496281.9820;5803604.1558;3534009.4991;15252413.1804;15831168.6856;13041664.8388;-7242157.1652;
2134;518635;-6536376.9497;21338486.1911;20497385.9299;5806591.2522;3537144.5952;15250209.1798;15833402.4815;13039056.2144;-7245115.4203;
2134;518636;-6533348.5553;21337797.2056;20498489.4420;5809578.2267;3540279.6161;15248004.8575;15835635.9320;13036447.3114;-7248073.5257;
2134;518637;-6530320.0238;21337107.7596;20499592.5183;5812565.0794;3543414.5618;15245800.2136;15837869.0370;13033838.1298;-7251031.4814;
2134;518638;-6527291.3550;21336417.8530;20500695.1588;5815551.8101;3546549.4322;15243595.2481;15840101.7965;13031228.6697;-7253989.2872;
2134;518639;-6524262.5492;21335727.4859;20501797.3634;5818538.4188;3549684.2273;15241389.9611;15842334.2104;13028618.9313;-7256946.9432;
2134;518640;-6521233.6063;21335036.6584;20502899.1322;5821524.9054;3552818.9469;15239184.3526;15844566.2786;13026008.9144;-7259904.4492;
2134;518641;-6518204.5265;21334345.3703;20504000.4651;5824511.2699;3555953.5910;15236978.4226;15846798.0011;13023398.6193;-7262861.8053;
2134;518642;-6515175.3097;21333653.6218;20505101.3620;5827497.5122;3559088.1596;15234772.1713;15849029.3779;13020788.0458;-7265819.0112;
2134;518643;-6512145.9561;21332961.4129;20506201.8231;5830483.6322;3562222.6525;15232565.5987;15851260.4089;13018177.1942;-7268776.0671;
2134;518644;-6509116.4657;21332268.7435;20507301.8481;5833469.6299;3565357.0698;15230358.7047;15853491.0941;13015566.0644;-7271732.9727;
2134;518645;-6506086.8386;21331575.6138;20508401.4372;5836455.5052;3568491.4113;15228151.4895;15855721.4334;13012954.6566;-7274689.7281;
2134;518646;-6503057.0748;21330882.0236;20509500.5903;5839441.2580;3571625.6770;15225943.9532;15857951.4268;13010342.9706;-7277646.3332;
2134;518647;-6500027.1745;21330187.9731;20510599.3074;5842426.8883;3574759.8667;15223736.0956;15860181.0742;13007731.0068;-7280602.7879;
2134;518648;-6496997.1376;21329493.4623;20511697.5883;5845412.3960;3577893.9806;15221527.9170;15862410.3755;13005118.7649;-7283559.0922;
2134;518649;-6493966.9643;21328798.4910;20512795.4332;5848397.7811;3581028.0184;15219319.4173;15864639.3308;13002506.2453;-7286515.2460;
2134;518650;-6490936.6545;21328103.0595;20513892.8420;5851383.0435;3584161.9801;15217110.5966;15866867.9400;12999893.4478;-7289471.2492;
2134;518651;-6487906.2084;21327407.1677;20514989.8147;5854368.1831;3587295.8656;15214901.4549;15869096.2030;12997280.3725;-7292427.1018;
2134;518652;-6484875.6261;21326710.8156;20516086.3512;5857353.1999;3590429.6749;15212691.9923;15871324.1197;12994667.0196;-7295382.8038;
2134;518653;-6481844.9075;21326014.0032;20517182.4516;5860338.0938;3593563.4080;15210482.2089;15873551.6902;12992053.3890;-7298338.3550;
2134;518654;-6478814.0528;21325316.7306;20518278.1158;5863322.8647;3596697.0646;15208272.1046;15875778.9144;12989439.4808;-7301293.7554;
2134;518655;-6475783.0620;21324618.9977;20519373.3437;5866307.5126;3599830.6449;15206061.6796;15878005.7923;12986825.2951;-7304249.0049;
2134;518656;-6472751.9352;21323920.8046;20520468.1354;5869292.0374;3602964.1486;15203850.9338;15880232.3237;12984210.8318;-7307204.1035;
2134;518657;-6469720.6724;21323222.1514;20521562.4908;5872276.4391;3606097.5758;15201639.8674;15882458.5086;12981596.0912;-7310159.0512;
2134;518658;-6466689.2738;21322523.0379;20522656.4099;5875260.7175;3609230.9264;15199428.4803;15884684.3470;12978981.0732;-7313113.8478;
2134;518659;-6463657.7393;21321823.4643;20523749.8927;5878244.8727;3612364.2003;15197216.7727;15886909.8389;12976365.7779;-7316068.4933;
2134;518660;-6460626.0691;21321123.4305;20524842.9392;5881228.9046;3615497.3974;15195004.7445;15889134.9842;12973750.2054;-7319022.9876;
2134;518661;-6457594.2631;21320422.9366;20525935.5493;5884212.8130;3618630.5177;15192792.3958;15891359.7828;12971134.3556;-7321977.3307;
2134;518662;-6454562.3216;21319721.9826;20527027.7231;5887196.5980;3621763.5611;15190579.7267;15893584.2347;12968518.2287;-7324931.5225;
2134;518663;-6451530.2444;21319020.5685;20528119.4604;5890180.2595;3624896.5276;15188366.7372;15895808.3399;12965901.8248;-7327885.5630;
2134;518664;-6448498.0318;21318318.6944;20529210.7613;5893163.7974;3628029.4170;15186153.4273;15898032.0982;12963285.1437;-7330839.4520;
2134;518665;-6445465.6837;21317616.3601;20530301.6257;5896147.2116;3631162.2293;15183939.7971;15900255.5098;12960668.1858;-7333793.1896;
2134;518666;-6442433.2002;21316913.5658;20531392.0537;5899130.5021;3634294.9645;15181725.8467;15902478.5744;12958050.9508;-7336746.7756;
2134;518667;-6439400.5815;21316210.3115;20532482.0451;5902113.6689;3637427.6225;15179511.5761;15904701.2921;12955433.4391;-7339700.2101;
2134;518668;-6436367.8275;21315506.5972;20533571.6000;5905096.7118;3640560.2031;15177296.9853;15906923.6628;12952815.6505;-7342653.4929;
2134;518669;-6433334.9383;21314802.4229;20534660.7184;5908079.6308;3643692.7064;15175082.0744;15909145.6864;12950197.5852;-7345606.6240;
2134;518670;-6430301.9139;21314097.7886;20535749.4002;5911062.4259;3646825.1323;15172866.8435;15911367.3630;12947579.2432;-7348559.6033;
2134;518671;-6427268.7545;21313392.6944;20536837.6454;5914045.0969;3649957.4807;15170651.2925;15913588.6924;12944960.6245;-7351512.4308;
2134;518672;-6424235.4602;21312687.1402;20537925.4540;5917027.6438;3653089.7515;15168435.4216;15915809.6746;12942341.7292;-7354465.1063;
2134;518673;-6421202.0309;21311981.1262;20539012.8260;5920010.0666;3656221.9447;15166219.2307;15918030.3096;12939722.5575;-7357417.6299;
2134;518674;-6418168.4667;21311274.6522;20540099.7613;5922992.3652;3659354.0602;15164002.7200;15920250.5974;12937103.1092;-7360370.0015;
2134;518675;-6415134.7677;21310567.7183;20541186.2599;5925974.5395;3662486.0980;15161785.8895;15922470.5378;12934483.3846;-7363322.2210;
2134;518676;-6412100.9340;21309860.3245;20542272.3217;5928956.5895;3665618.0579;15159568.7391;15924690.1308;12931863.3836;-7366274.2884;
2134;518677;-6409066.9656;21309152.4709;20543357.9469;5931938.5150;3668749.9400;15157351.2691;15926909.3764;12929243.1062;-7369226.2036;
2134;518678;-6406032.8626;21308444.1575;20544443.1353;5934920.3161;3671881.7441;15155133.4793;15929128.2745;12926622.5527;-7372177.9665;
2134;518679;-6402998.6251;21307735.3843;20545527.8869;5937901.9927;3675013.4701;15152915.3699;15931346.8251;12924001.7229;-7375129.5770;
2134;518680;-6399964.2530;21307026.1512;20546612.2017;5940883.5446;3678145.1181;15150696.9410;15933565.0281;12921380.6170;-7378081.0352;
2134;518681;-6396929.7466;21306316.4584;20547696.0797;5943864.9719;3681276.6879;15148478.1924;15935782.8836;12918759.2351;-7381032.3409;
2134;518682;-6393895.1058;21305606.3058;20548779.5208;5946846.2745;3684408.1795;15146259.1244;15938000.3913;12916137.5771;-7383983.4941;
2134;518683;-6390860.3307;21304895.6935;20549862.5250;5949827.4524;3687539.5929;15144039.7370;15940217.5513;12913515.6431;-7386934.4948;
2134;518684;-6387825.4214;21304184.6214;20550945.0924;5952808.5053;3690670.9278;15141820.0301;15942434.3636;12910893.4332;-7389885.3428;
2134;518685;-6384790.3779;21303473.0896;20552027.2228;5955789.4334;3693802.1843;15139600.0039;15944650.8281;12908270.9475;-7392836.0381;
2134;518686;-6381755.2004;21302761.0981;20553108.9163;5958770.2365;3696933.3624;15137379.6584;15946866.9447;12905648.1860;-7395786.5807;
2134;518687;-6378719.8888;21302048.6470;20554190.1728;5961750.9146;3700064.4619;15135158.9936;15949082.7134;12903025.1487;-7398736.9704;
2134;518688;-6375684.4432;21301335.7362;20555270.9923;5964731.4676;3703195.4827;15132938.0097;15951298.1342;12900401.8358;-7401687.2073;
2134;518689;-6372648.8637;21300622.3658;20556351.3748;5967711.8954;3706326.4249;15130716.7065;15953513.2069;12897778.2472;-7404637.2913;
2134;518690;-6369613.1504;21299908.5357;20557431.3203;5970692.1981;3709457.2883;15128495.0843;15955727.9316;12895154.3830;-7407587.2222;
2134;518691;-6366577.3033;21299194.2460;20558510.8287;5973672.3754;3712588.0729;15126273.1429;15957942.3082;12892530.2433;-7410537.0001;
2134;518692;-6363541.3225;21298479.4968;20559589.9000;5976652.4274;3715718.7786;15124050.8826;15960156.3367;12889905.8282;-7413486.6249;
2134;518693;-6360505.2080;21297764.2879;20560668.5342;5979632.3540;3718849.4054;15121828.3033;15962370.0170;12887281.1377;-7416436.0964;
2134;518694;-6357468.9600;21297048.6195;20561746.7313;5982612.1551;3721979.9531;15119605.4050;15964583.3490;12884656.1718;-7419385.4148;
2134;518695;-6354432.5784;21296332.4916;20562824.4912;5985591.8307;3725110.4217;15117382.1879;15966796.3327;12882030.9306;-7422334.5798;
2134;518696;-6351396.0634;21295615.9042;20563901.8140;5988571.3807;3728240.8112;15115158.6520;15969008.9682;12879405.4142;-7425283.5915;
2134;518697;-6348359.4150;21294898.8572;20564978.6995;5991550.8050;3731371.1215;15112934.7972;15971221.2552;12876779.6225;-7428232.4497;
2134;518698;-6345322.6332;21294181.3508;20566055.1479;5994530.1036;3734501.3524;15110710.6238;15973433.1938;12874153.5558;-7431181.1545;
2134;518699;-6342285.7182;21293463.3850;20567131.1589;5997509.2764;3737631.5041;15108486.1316;15975644.7839;12871527.2140;-7434129.7057;
2134;518700;-6339248.6700;21292744.9596;20568206.7328;6000488.3234;3740761.5763;15106261.3208;15977856.0254;12868900.5972;-7437078.1033;
2134;518701;-6336211.4886;21292026.0749;20569281.8693;6003467.2445;3743891.5690;15104036.1914;15980066.9184;12866273.7054;-7440026.3472;
2134;518702;-6333174.1742;21291306.7307;20570356.5685;6006446.0396;3747021.4821;15101810.7435;15982277.4628;12863646.5388;-7442974.4374;
2134;518703;-6330136.7268;21290586.9271;20571430.8304;6009424.7087;3750151.3157;15099584.9771;15984487.6585;12861019.0972;-7445922.3738;
2134;518704;-6327099.1464;21289866.6642;20572504.6549;6012403.2517;3753281.0695;15097358.8922;15986697.5055;12858391.3809;-7448870.1564;
2134;518705;-6324061.4331;21289145.9419;20573578.0420;6015381.6685;3756410.7436;15095132.4889;15988907.0037;12855763.3899;-7451817.7850;
2134;518706;-6321023.5870;21288424.7603;20574650.9917;6018359.9591;3759540.3379;15092905.7673;15991116.1531;12853135.1242;-7454765.2597;
2134;518707;-6317985.6082;21287703.1193;20575723.5040;6021338.1234;3762669.8523;15090678.7274;15993324.9537;12850506.5838;-7457712.5803;
2134;518708;-6314947.4967;21286981.0190;20576795.5788;6024316.1614;3765799.2867;15088451.3692;15995533.4053;12847877.7690;-7460659.7469;
2134;518709;-6311909.2525;21286258.4595;20577867.2162;6027294.0729;3768928.6411;15086223.6927;15997741.5080;12845248.6795;-7463606.7592;
2134;518710;-6308870.8758;21285535.4407;20578938.4161;6030271.8580;3772057.9155;15083995.6982;15999949.2616;12842619.3157;-7466553.6174;
2134;518711;-6305832.3666;21284811.9626;20580009.1784;6033249.5166;3775187.1096;15081767.3855;16002156.6662;12839989.6774;-7469500.3213;
2134;518712;-6302793.7250;21284088.0253;20581079.5032;6036227.0485;3778316.2236;15079538.7547;16004363.7217;12837359.7649;-7472446.8708;
2134;518713;-6299754.9510;21283363.6288;20582149.3904;6039204.4538;3781445.2573;15077309.8059;16006570.4281;12834729.5780;-7475393.2660;
2134;518714;-6296716.0446;21282638.7730;20583218.8400;6042181.7324;3784574.2106;15075080.5392;16008776.7853;12832099.1169;-7478339.5066;
2134;518715;-6293677.0061;21281913.4581;20584287.8521;6045158.8842;3787703.0835;15072850.9545;16010982.7932;12829468.3816;-7481285.5928;
2134;518716;-6290637.8354;21281187.6841;20585356.4264;6048135.9091;3790831.8759;15070621.0519;16013188.4518;12826837.3722;-7484231.5244;
2134;518717;-6287598.5325;21280461.4509;20586424.5632;6051112.8072;3793960.5877;15068390.8316;16015393.7611;12824206.0888;-7487177.3013;
2134;518718;-6284559.0976;21279734.7585;20587492.2622;6054089.5782;3797089.2190;15066160.2934;16017598.7209;12821574.5314;-7490122.9235;
2134;518719;-6281519.5307;21279007.6071;20588559.5235;6057066.2223;3800217.7695;15063929.4375;16019803.3314;12818942.7000;-7493068.3909;
2134;518720;-6278479.8320;21278279.9966;20589626.3471;6060042.7392;3803346.2393;15061698.2639;16022007.5924;12816310.5947;-7496013.7036;
2134;518721;-6275440.0013;21277551.9270;20590692.7330;6063019.1289;3806474.6283;15059466.7726;16024211.5038;12813678.2156;-7498958.8613;
2134;518722;-6272400.0389;21276823.3983;20591758.6811;6065995.3915;3809602.9364;15057234.9638;16026415.0656;12811045.5627;-7501903.8641;
2134;518723;-6269359.9447;21276094.4106;20592824.1913;6068971.5267;3812731.1636;15055002.8374;16028618.2779;12808412.6361;-7504848.7118;
2134;518724;-6266319.7188;21275364.9639;20593889.2638;6071947.5346;3815859.3097;15052770.3936;16030821.1404;12805779.4358;-7507793.4045;
2134;518725;-6263279.3614;21274635.0582;20594953.8984;6074923.4151;3818987.3747;15050537.6322;16033023.6532;12803145.9620;-7510737.9421;
2134;518726;-6260238.8724;21273904.6935;20596018.0952;6077899.1681;3822115.3586;15048304.5535;16035225.8163;12800512.2145;-7513682.3245;
2134;518727;-6257198.2520;21273173.8698;20597081.8540;6080874.7936;3825243.2613;15046071.1574;16037427.6295;12797878.1936;-7516626.5516;
2134;518728;-6254157.5001;21272442.5872;20598145.1750;6083850.2915;3828371.0827;15043837.4441;16039629.0929;12795243.8993;-7519570.6234;
2134;518729;-6251116.6169;21271710.8456;20599208.0580;6086825.6617;3831498.8227;15041603.4134;16041830.2064;12792609.3315;-7522514.5398;
2134;518730;-6248075.6025;21270978.6452;20600270.5030;6089800.9042;3834626.4814;15039369.0656;16044030.9699;12789974.4905;-7525458.3008;
2134;518731;-6245034.4568;21270245.9858;20601332.5101;6092776.0189;3837754.0585;15037134.4006;16046231.3833;12787339.3761;-7528401.9063;
2134;518732;-6241993.1799;21269512.8676;20602394.0792;6095751.0058;3840881.5541;15034899.4184;16048431.4468;12784703.9886;-7531345.3562;
2134;518733;-6238951.7720;21268779.2905;20603455.2102;6098725.8647;3844008.9681;15032664.1192;16050631.1601;12782068.3279;-7534288.6505;
2134;518734;-6235910.2330;21268045.2546;20604515.9032;6101700.5957;3847136.3004;15030428.5030;16052830.5233;12779432.3941;-7537231.7892;
2134;518735;-6232868.5631;21267310.7599;20605576.1582;6104675.1986;3850263.5509;15028192.5698;16055029.5362;12776796.1872;-7540174.7721;
2134;518736;-6229826.7623;21266575.8063;20606635.9750;6107649.6734;3853390.7197;15025956.3197;16057228.1990;12774159.7074;-7543117.5991;
2134;518737;-6226784.8307;21265840.3940;20607695.3537;6110624.0201;3856517.8065;15023719.7527;16059426.5114;12771522.9546;-7546060.2704;
2134;518738;-6223742.7683;21265104.5229;20608754.2943;6113598.2385;3859644.8114;15021482.8689;16061624.4735;12768885.9290;-7549002.7857;
2134;518739;-6220700.5752;21264368.1930;20609812.7967;6116572.3287;3862771.7343;15019245.6683;16063822.0852;12766248.6305;-7551945.1450;
2134;518740;-6217658.2514;21263631.4044;20610870.8610;6119546.2905;3865898.5751;15017008.1510;16066019.3464;12763611.0593;-7554887.3482;
2134;518741;-6214615.7971;21262894.1571;20611928.4870;6122520.1239;3869025.3337;15014770.3169;16068216.2572;12760973.2153;-7557829.3954;
2134;518742;-6211573.2123;21262156.4512;20612985.6748;6125493.8288;3872152.0102;15012532.1663;16070412.8174;12758335.0988;-7560771.2864;
2134;518743;-6208530.4970;21261418.2865;20614042.4243;6128467.4051;3875278.6043;15010293.6990;16072609.0271;12755696.7096;-7563713.0211;
2134;518744;-6205487.6514;21260679.6632;20615098.7356;6131440.8529;3878405.1161;15008054.9152;16074804.8861;12753058.0479;-7566654.5996;
2134;518745;-6202444.6754;21259940.5812;20616154.6085;6134414.1720;3881531.5455;15005815.8150;16077000.3945;12750419.1137;-7569596.0217;
2134;518746;-6199401.5692;21259201.0406;20617210.0432;6137387.3624;3884657.8924;15003576.3982;16079195.5521;12747779.9071;-7572537.2874;
2134;518747;-6196358.3328;21258461.0414;20618265.0395;6140360.4240;3887784.1568;15001336.6651;16081390.3590;12745140.4281;-7575478.3966;
2134;518748;-6193314.9662;21257720.5836;20619319.5974;6143333.3567;3890910.3385;14999096.6156;16083584.8150;12742500.6768;-7578419.3493;
2134;518749;-6190271.4696;21256979.6673;20620373.7170;6146306.1605;3894036.4376;14996856.2498;16085778.9202;12739860.6533;-7581360.1454;
2134;518750;-6187227.8430;21256238.2924;20621427.3981;6149278.8354;3897162.4539;14994615.5678;16087972.6745;12737220.3575;-7584300.7849;
2134;518751;-6184184.0865;21255496.4590;20622480.6408;6152251.3812;3900288.3875;14992374.5696;16090166.0778;12734579.7896;-7587241.2676;
2134;518752;-6181140.2001;21254754.1670;20623533.4451;6155223.7979;3903414.2381;14990133.2552;16092359.1301;12731938.9497;-7590181.5936;
2134;518753;-6178096.1839;21254011.4166;20624585.8108;6158196.0854;3906540.0058;14987891.6246;16094551.8313;12729297.8377;-7593121.7627;
2134;518754;-6175052.0379;21253268.2077;20625637.7381;6161168.2437;3909665.6905;14985649.6781;16096744.1814;12726656.4537;-7596061.7749;
2134;518755;-6172007.7623;21252524.5403;20626689.2268;6164140.2727;3912791.2920;14983407.4155;16098936.1804;12724014.7978;-7599001.6302;
2134;518756;-6168963.3571;21251780.4145;20627740.2770;6167112.1724;3915916.8105;14981164.8369;16101127.8282;12721372.8700;-7601941.3284;
2134;518757;-6165918.8223;21251035.8303;20628790.8886;6170083.9426;3919042.2457;14978921.9424;16103319.1247;12718730.6705;-7604880.8696;
2134;518758;-6162874.1581;21250290.7876;20629841.0617;6173055.5834;3922167.5977;14976678.7321;16105510.0700;12716088.1992;-7607820.2536;
2134;518759;-6159829.3644;21249545.2866;20630890.7961;6176027.0946;3925292.8663;14974435.2059;16107700.6639;12713445.4562;-7610759.4804;
2134;518760;-6156784.4413;21248799.3272;20631940.0919;6178998.4763;3928418.0515;14972191.3639;16109890.9064;12710802.4416;-7613698.5500;
2134;518761;-6153739.3890;21248052.9095;20632988.9490;6181969.7282;3931543.1532;14969947.2063;16112080.7975;12708159.1554;-7616637.4622;
2134;518762;-6150694.2075;21247306.0334;20634037.3674;6184940.8505;3934668.1714;14967702.7329;16114270.3371;12705515.5977;-7619576.2170;
2134;518763;-6147648.8967;21246558.6990;20635085.3472;6187911.8429;3937793.1060;14965457.9439;16116459.5252;12702871.7685;-7622514.8144;
2134;518764;-6144603.4569;21245810.9063;20636132.8882;6190882.7055;3940917.9569;14963212.8393;16118648.3617;12700227.6679;-7625453.2543;
2134;518765;-6141557.8881;21245062.6554;20637179.9904;6193853.4382;3944042.7240;14960967.4192;16120836.8465;12697583.2960;-7628391.5366;
2134;518766;-6138512.1903;21244313.9462;20638226.6539;6196824.0409;3947167.4074;14958721.6836;16123024.9797;12694938.6527;-7631329.6613;
2134;518767;-6135466.3635;21243564.7787;20639272.8786;6199794.5136;3950292.0069;14956475.6326;16125212.7612;12692293.7383;-7634267.6283;
2134;518768;-6132420.4080;21242815.1530;20640318.6645;6202764.8561;3953416.5224;14954229.2661;16127400.1909;12689648.5526;-7637205.4376;
2134;518769;-6129374.3236;21242065.0692;20641364.0115;6205735.0685;3956540.9539;14951982.5844;16129587.2688;12687003.0958;-7640143.0890;
2134;518770;-6126328.1106;21241314.5271;20642408.9197;6208705.1507;3959665.3013;14949735.5873;16131773.9949;12684357.3680;-7643080.5826;
2134;518771;-6123281.7689;21240563.5269;20643453.3889;6211675.1025;3962789.5646;14947488.2750;16133960.3690;12681711.3691;-7646017.9182;
2134;518772;-6120235.2986;21239812.0685;20644497.4193;6214644.9241;3965913.7437;14945240.6474;16136146.3912;12679065.0993;-7648955.0958;
2134;518773;-6117188.6998;21239060.1520;20645541.0108;6217614.6152;3969037.8385;14942992.7047;16138332.0613;12676418.5586;-7651892.1154;
2134;518774;-6114141.9725;21238307.7774;20646584.1633;6220584.1758;3972161.8490;14940744.4470;16140517.3794;12673771.7471;-7654828.9769;
2134;518775;-6111095.1168;21237554.9447;20647626.8768;6223553.6059;3975285.7751;14938495.8741;16142702.3454;12671124.6647;-7657765.6802;
2134;518776;-6108048.1329;21236801.6539;20648669.1513;6226522.9053;3978409.6167;14936246.9863;16144886.9593;12668477.3117;-7660702.2253;
2134;518777;-6105001.0206;21236047.9051;20649710.9868;6229492.0742;3981533.3737;14933997.7835;16147071.2210;12665829.6879;-7663638.6120;
2134;518778;-6101953.7802;21235293.6982;20650752.3833;6232461.1122;3984657.0461;14931748.2657;16149255.1304;12663181.7936;-7666574.8404;
2134;518779;-6098906.4116;21234539.0333;20651793.3407;6235430.0195;3987780.6339;14929498.4332;16151438.6876;12660533.6287;-7669510.9104;
2134;518780;-6095858.9149;21233783.9104;20652833.8590;6238398.7960;3990904.1369;14927248.2858;16153621.8924;12657885.1933;-7672446.8219;
2134;518781;-6092811.2903;21233028.3295;20653873.9382;6241367.4415;3994027.5552;14924997.8236;16155804.7448;12655236.4874;-7675382.5749;
2134;518782;-6089763.5377;21232272.2907;20654913.5783;6244335.9560;3997150.8885;14922747.0467;16157987.2448;12652587.5112;-7678318.1692;
2134;518783;-6086715.6572;21231515.7939;20655952.7792;6247304.3396;4000274.1369;14920495.9551;16160169.3924;12649938.2646;-7681253.6049;
2134;518784;-6083667.6489;21230758.8392;20656991.5410;6250272.5920;4003397.3003;14918244.5490;16162351.1874;12647288.7477;-7684188.8819;
2134;518785;-6080619.5128;21230001.4266;20658029.8635;6253240.7132;4006520.3787;14915992.8282;16164532.6298;12644638.9607;-7687124.0001;
2134;518786;-6077571.2491;21229243.5561;20659067.7468;6256208.7032;4009643.3719;14913740.7929;16166713.7196;12641988.9034;-7690058.9595;
2134;518787;-6074522.8578;21228485.2277;20660105.1909;6259176.5619;4012766.2799;14911488.4431;16168894.4568;12639338.5761;-7692993.7599;
2134;518788;-6071474.3388;21227726.4415;20661142.1958;6262144.2893;4015889.1026;14909235.7789;16171074.8412;12636687.9787;-7695928.4014;
2134;518789;-6068425.6924;21226967.1975;20662178.7613;6265111.8852;4019011.8400;14906982.8003;16173254.8729;12634037.1113;-7698862.8839;
2134;518790;-6065376.9186;21226207.4956;20663214.8875;6268079.3497;4022134.4919;14904729.5074;16175434.5518;12631385.9740;-7701797.2072;
2134;518791;-6062328.0174;21225447.3359;20664250.5744;6271046.6826;4025257.0585;14902475.9002;16177613.8778;12628734.5668;-7704731.3714;
2134;518792;-6059278.9889;21224686.7185;20665285.8220;6274013.8840;4028379.5394;14900221.9788;16179792.8509;12626082.8898;-7707665.3765;
2134;518793;-6056229.8332;21223925.6433;20666320.6301;6276980.9536;4031501.9348;14897967.7431;16181971.4711;12623430.9430;-7710599.2222;
2134;518794;-6053180.5503;21223164.1103;20667354.9989;6279947.8915;4034624.2445;14895713.1933;16184149.7382;12620778.7265;-7713532.9086;
2134;518795;-6050131.1403;21222402.1197;20668388.9283;6282914.6977;4037746.4685;14893458.3295;16186327.6524;12618126.2404;-7716466.4356;
2134;518796;-6047081.6032;21221639.6713;20669422.4182;6285881.3720;4040868.6066;14891203.1515;16188505.2134;12615473.4846;-7719399.8032;
2134;518797;-6044031.9392;21220876.7652;20670455.4686;6288847.9143;4043990.6589;14888947.6596;16190682.4213;12612820.4594;-7722333.0113;
2134;518798;-6040982.1482;21220113.4015;20671488.0796;6291814.3247;4047112.6253;14886691.8537;16192859.2760;12610167.1646;-7725266.0598;
2134;518799;-6037932.2305;21219349.5802;20672520.2510;6294780.6031;4050234.5056;14884435.7340;16195035.7775;12607513.6004;-7728198.9486;
2134;518800;-6034882.1859;21218585.3012;20673551.9830;6297746.7493;4053356.2999;14882179.3003;16197211.9257;12604859.7669;-7731131.6778;
2134;518801;-6031832.0146;21217820.5646;20674583.2753;6300712.7634;4056478.0081;14879922.5529;16199387.7206;12602205.6640;-7734064.2472;
2134;518802;-6028781.7166;21217055.3704;20675614.1281;6303678.6453;4059599.6300;14877665.4917;16201563.1621;12599551.2919;-7736996.6568;
2134;518803;-6025731.2921;21216289.7186;20676644.5413;6306644.3948;4062721.1657;14875408.1168;16203738.2502;12596896.6506;-7739928.9065;
2134;518804;-6022680.7410;21215523.6093;20677674.5149;6309610.0121;4065842.6151;14873150.4282;16205912.9848;12594241.7401;-7742860.9962;
2134;518805;-6019630.0634;21214757.0424;20678704.0488;6312575.4969;4068963.9780;14870892.4261;16208087.3659;12591586.5606;-7745792.9260;
2134;518806;-6016579.2595;21213990.0180;20679733.1431;6315540.8492;4072085.2545;14868634.1103;16210261.3935;12588931.1120;-7748724.6957;
2134;518807;-6013528.3292;21213222.5362;20680761.7977;6318506.0690;4075206.4445;14866375.4811;16212435.0674;12586275.3944;-7751656.3053;
2134;518808;-6010477.2726;21212454.5968;20681790.0126;6321471.1561;4078327.5479;14864116.5383;16214608.3877;12583619.4080;-7754587.7547;
2134;518809;-6007426.0899;21211686.2000;20682817.7877;6324436.1107;4081448.5645;14861857.2822;16216781.3543;12580963.1527;-7757519.0439;
2134;518810;-6004374.7810;21210917.3458;20683845.1231;6327400.9324;4084569.4945;14859597.7127;16218953.9671;12578306.6286;-7760450.1728;
2134;518811;-6001323.3460;21210148.0341;20684872.0187;6330365.6214;4087690.3377;14857337.8298;16221126.2262;12575649.8357;-7763381.1413;
2134;518812;-5998271.7850;21209378.2650;20685898.4745;6333330.1776;4090811.0940;14855077.6337;16223298.1314;12572992.7741;-7766311.9494;
2134;518813;-5995220.0981;21208608.0386;20686924.4906;6336294.6008;4093931.7633;14852817.1244;16225469.6827;12570335.4440;-7769242.5970;
2134;518814;-5992168.2852;21207837.3547;20687950.0667;6339258.8911;4097052.3457;14850556.3018;16227640.8800;12567677.8452;-7772173.0841;
2134;518815;-5989116.3466;21207066.2136;20688975.2030;6342223.0483;4100172.8410;14848295.1662;16229811.7234;12565019.9779;-7775103.4105;
2134;518816;-5986064.2822;21206294.6151;20689999.8994;6345187.0724;4103293.2492;14846033.7175;16231982.2128;12562361.8422;-7778033.5763;
2134;518817;-5983012.0921;21205522.5593;20691024.1560;6348150.9633;4106413.5702;14843771.9557;16234152.3481;12559703.4381;-7780963.5814;
2134;518818;-5979959.7763;21204750.0462;20692047.9725;6351114.7210;4109533.8039;14841509.8809;16236322.1292;12557044.7656;-7783893.4257;
2134;518819;-5976907.3350;21203977.0758;20693071.3492;6354078.3455;4112653.9503;14839247.4932;16238491.5562;12554385.8248;-7786823.1091;
2134;518820;-5973854.7682;21203203.6482;20694094.2859;6357041.8365;4115774.0093;14836984.7926;16240660.6290;12551726.6158;-7789752.6317;
2134;518821;-5970802.0760;21202429.7633;20695116.7825;6360005.1942;4118893.9809;14834721.7792;16242829.3475;12549067.1387;-7792681.9932;
2134;518822;-5967749.2584;21201655.4212;20696138.8392;6362968.4184;4122013.8649;14832458.4530;16244997.7116;12546407.3934;-7795611.1938;
2134;518823;-5964696.3155;21200880.6220;20697160.4558;6365931.5090;4125133.6613;14830194.8140;16247165.7215;12543747.3800;-7798540.2332;
2134;518824;-5961643.2473;21200105.3655;20698181.6324;6368894.4661;4128253.3700;14827930.8624;16249333.3769;12541087.0987;-7801469.1115;
2134;518825;-5958590.0540;21199329.6519;20699202.3688;6371857.2895;4131372.9911;14825666.5981;16251500.6778;12538426.5493;-7804397.8286;
2134;518826;-5955536.7356;21198553.4812;20700222.6652;6374819.9791;4134492.5243;14823402.0212;16253667.6243;12535765.7321;-7807326.3844;
2134;518827;-5952483.2921;21197776.8533;20701242.5214;6377782.5350;4137611.9697;14821137.1317;16255834.2162;12533104.6471;-7810254.7789;
2134;518828;-5949429.7236;21196999.7683;20702261.9375;6380744.9570;4140731.3271;14818871.9298;16258000.4535;12530443.2943;-7813183.0119;
2134;518829;-5946376.0302;21196222.2263;20703280.9135;6383707.2451;4143850.5966;14816606.4153;16260166.3362;12527781.6738;-7816111.0836;
2134;518830;-5943322.2120;21195444.2271;20704299.4492;6386669.3993;4146969.7780;14814340.5885;16262331.8642;12525119.7856;-7819038.9937;
2134;518831;-5940268.2689;21194665.7710;20705317.5447;6389631.4194;4150088.8713;14812074.4494;16264497.0375;12522457.6297;-7821966.7422;
2134;518832;-5937214.2011;21193886.8578;20706335.2000;6392593.3053;4153207.8764;14809807.9979;16266661.8560;12519795.2064;-7824894.3291;
2134;518833;-5934160.0087;21193107.4876;20707352.4151;6395555.0572;4156326.7932;14807541.2341;16268826.3196;12517132.5155;-7827821.7544;
2134;518834;-5931105.6917;21192327.6604;20708369.1898;6398516.6748;4159445.6217;14805274.1582;16270990.4284;12514469.5573;-7830749.0178;
2134;518835;-5928051.2501;21191547.3763;20709385.5243;6401478.1581;4162564.3618;14803006.7700;16273154.1822;12511806.3316;-7833676.1194;
2134;518836;-5924996.6840;21190766.6352;20710401.4184;6404439.5071;4165683.0135;14800739.0698;16275317.5811;12509142.8386;-7836603.0592;
2134;518837;-5921941.9936;21189985.4372;20711416.8722;6407400.7216;4168801.5766;14798471.0575;16277480.6250;12506479.0784;-7839529.8370;
2134;518838;-5918887.1788;21189203.7822;20712431.8856;6410361.8017;4171920.0512;14796202.7332;16279643.3138;12503815.0509;-7842456.4529;
2134;518839;-5915832.2397;21188421.6704;20713446.4586;6413322.7472;4175038.4371;14793934.0969;16281805.6475;12501150.7563;-7845382.9066;
2134;518840;-5912777.1765;21187639.1017;20714460.5913;6416283.5582;4178156.7342;14791665.1487;16283967.6260;12498486.1946;-7848309.1983;
2134;518841;-5909721.9890;21186856.0761;20715474.2835;6419244.2345;4181274.9426;14789395.8886;16286129.2494;12495821.3658;-7851235.3277;
2134;518842;-5906666.6775;21186072.5937;20716487.5352;6422204.7760;4184393.0621;14787126.3167;16288290.5175;12493156.2701;-7854161.2950;
2134;518843;-5903611.2420;21185288.6545;20717500.3465;6425165.1828;4187511.0928;14784856.4330;16290451.4302;12490490.9075;-7857087.0999;
2134;518844;-5900555.6825;21184504.2585;20718512.7172;6428125.4547;4190629.0344;14782586.2375;16292611.9877;12487825.2779;-7860012.7424;
2134;518845;-5897499.9991;21183719.4057;20719524.6475;6431085.5917;4193746.8869;14780315.7304;16294772.1898;12485159.3816;-7862938.2226;
2134;518846;-5894444.1919;21182934.0962;20720536.1372;6434045.5938;4196864.6504;14778044.9117;16296932.0364;12482493.2185;-7865863.5402;
2134;518847;-5891388.2610;21182148.3299;20721547.1863;6437005.4608;4199982.3247;14775773.7814;16299091.5275;12479826.7888;-7868788.6953;
2134;518848;-5888332.2063;21181362.1069;20722557.7949;6439965.1927;4203099.9097;14773502.3396;16301250.6631;12477160.0924;-7871713.6878;
2134;518849;-5885276.0280;21180575.4271;20723567.9629;6442924.7894;4206217.4054;14771230.5862;16303409.4432;12474493.1294;-7874638.5177;
2134;518850;-5882219.7261;21179788.2908;20724577.6902;6445884.2510;4209334.8117;14768958.5215;16305567.8676;12471825.8999;-7877563.1848;
2134;518851;-5879163.3008;21179000.6977;20725586.9769;6448843.5772;4212452.1286;14766686.1453;16307725.9363;12469158.4039;-7880487.6891;
2134;518852;-5876106.7520;21178212.6480;20726595.8229;6451802.7681;4215569.3559;14764413.4578;16309883.6493;12466490.6415;-7883412.0306;
2134;518853;-5873050.0798;21177424.1417;20727604.2282;6454761.8236;4218686.4937;14762140.4590;16312041.0066;12463822.6127;-7886336.2092;
2134;518854;-5869993.2843;21176635.1787;20728612.1928;6457720.7436;4221803.5418;14759867.1490;16314198.0080;12461154.3177;-7889260.2248;
2134;518855;-5866936.3655;21175845.7592;20729619.7167;6460679.5281;4224920.5002;14757593.5277;16316354.6536;12458485.7564;-7892184.0774;
2134;518856;-5863879.3236;21175055.8832;20730626.7998;6463638.1769;4228037.3688;14755319.5954;16318510.9433;12455816.9289;-7895107.7669;
2134;518857;-5860822.1586;21174265.5505;20731633.4422;6466596.6902;4231154.1475;14753045.3519;16320666.8771;12453147.8353;-7898031.2932;
2134;518858;-5857764.8705;21173474.7614;20732639.6437;6469555.0677;4234270.8364;14750770.7974;16322822.4548;12450478.4757;-7900954.6563;
2134;518859;-5854707.4594;21172683.5157;20733645.4044;6472513.3094;4237387.4353;14748495.9319;16324977.6765;12447808.8500;-7903877.8562;
2134;518860;-5851649.9254;21171891.8135;20734650.7243;6475471.4152;4240503.9441;14746220.7554;16327132.5421;12445138.9584;-7906800.8927;
2134;518861;-5848592.2685;21171099.6549;20735655.6033;6478429.3852;4243620.3628;14743945.2680;16329287.0516;12442468.8009;-7909723.7659;
2134;518862;-5845534.4888;21170307.0398;20736660.0414;6481387.2192;4246736.6913;14741669.4698;16331441.2049;12439798.3775;-7912646.4756;
2134;518863;-5842476.5864;21169513.9683;20737664.0386;6484344.9171;4249852.9296;14739393.3607;16333595.0019;12437127.6884;-7915569.0217;
2134;518864;-5839418.5614;21168720.4404;20738667.5949;6487302.4790;4252969.0776;14737116.9409;16335748.4427;12434456.7335;-7918491.4044;
2134;518865;-5836360.4137;21167926.4561;20739670.7103;6490259.9047;4256085.1352;14734840.2104;16337901.5272;12431785.5130;-7921413.6233;
2134;518866;-5833302.1435;21167132.0154;20740673.3846;6493217.1942;4259201.1023;14732563.1693;16340054.2552;12429114.0268;-7924335.6786;
2134;518867;-5830243.7508;21166337.1183;20741675.6180;6496174.3474;4262316.9790;14730285.8175;16342206.6269;12426442.2751;-7927257.5701;
2134;518868;-5827185.2357;21165541.7649;20742677.4103;6499131.3643;4265432.7650;14728008.1551;16344358.6421;12423770.2579;-7930179.2978;
2134;518869;-5824126.5983;21164745.9552;20743678.7617;6502088.2447;4268548.4604;14725730.1823;16346510.3008;12421097.9753;-7933100.8617;
2134;518870;-5821067.8386;21163949.6892;20744679.6719;6505044.9887;4271664.0651;14723451.8990;16348661.6030;12418425.4272;-7936022.2616;
2134;518871;-5818008.9566;21163152.9669;20745680.1411;6508001.5962;4274779.5791;14721173.3052;16350812.5485;12415752.6139;-7938943.4975;
2134;518872;-5814949.9525;21162355.7884;20746680.1692;6510958.0670;4277895.0022;14718894.4011;16352963.1374;12413079.5353;-7941864.5693;
2134;518873;-5811890.8264;21161558.1536;20747679.7561;6513914.4012;4281010.3343;14716615.1867;16355113.3696;12410406.1914;-7944785.4770;
2134;518874;-5808831.5782;21160760.0626;20748678.9019;6516870.5987;4284125.5755;14714335.6620;16357263.2451;12407732.5825;-7947706.2206;
2134;518875;-5805772.2080;21159961.5154;20749677.6066;6519826.6594;4287240.7257;14712055.8271;16359412.7637;12405058.7084;-7950626.7999;
2134;518876;-5802712.7160;21159162.5121;20750675.8700;6522782.5833;4290355.7848;14709775.6820;16361561.9256;12402384.5693;-7953547.2149;
2134;518877;-5799653.1021;21158363.0525;20751673.6922;6525738.3703;4293470.7526;14707495.2267;16363710.7305;12399710.1652;-7956467.4656;
2134;518878;-5796593.3665;21157563.1368;20752671.0733;6528694.0203;4296585.6293;14705214.4614;16365859.1785;12397035.4961;-7959387.5518;
2134;518879;-5793533.5091;21156762.7650;20753668.0130;6531649.5332;4299700.4146;14702933.3861;16368007.2696;12394360.5622;-7962307.4735;
2134;518880;-5790473.5301;21155961.9371;20754664.5115;6534604.9091;4302815.1086;14700652.0008;16370155.0036;12391685.3635;-7965227.2308;
2134;518881;-5787413.4296;21155160.6531;20755660.5687;6537560.1478;4305929.7111;14698370.3056;16372302.3806;12389009.9000;-7968146.8234;
2134;518882;-5784353.2075;21154358.9131;20756656.1846;6540515.2493;4309044.2221;14696088.3005;16374449.4004;12386334.1719;-7971066.2513;
2134;518883;-5781292.8640;21153556.7170;20757651.3591;6543470.2136;4312158.6416;14693805.9855;16376596.0631;12383658.1791;-7973985.5146;
2134;518884;-5778232.3992;21152754.0649;20758646.0923;6546425.0405;4315272.9694;14691523.3608;16378742.3686;12380981.9217;-7976904.6130;
2134;518885;-5775171.8130;21151950.9567;20759640.3841;6549379.7300;4318387.2055;14689240.4263;16380888.3168;12378305.3998;-7979823.5466;
2134;518886;-5772111.1055;21151147.3926;20760634.2345;6552334.2820;4321501.3499;14686957.1821;16383033.9078;12375628.6134;-7982742.3153;
2134;518887;-5769050.2769;21150343.3726;20761627.6435;6555288.6965;4324615.4024;14684673.6283;16385179.1413;12372951.5626;-7985660.9191;
2134;518888;-5765989.3272;21149538.8965;20762620.6110;6558242.9734;4327729.3630;14682389.7649;16387324.0175;12370274.2475;-7988579.3578;
2134;518889;-5762928.2564;21148733.9646;20763613.1371;6561197.1126;4330843.2316;14680105.5920;16389468.5363;12367596.6681;-7991497.6314;
2134;518890;-5759867.0646;21147928.5767;20764605.2216;6564151.1142;4333957.0082;14677821.1096;16391612.6976;12364918.8244;-7994415.7399;
2134;518891;-5756805.7519;21147122.7330;20765596.8647;6567104.9779;4337070.6927;14675536.3177;16393756.5013;12362240.7165;-7997333.6832;
2134;518892;-5753744.3183;21146316.4333;20766588.0663;6570058.7039;4340184.2850;14673251.2164;16395899.9474;12359562.3445;-8000251.4612;
2134;518893;-5750682.7639;21145509.6779;20767578.8263;6573012.2919;4343297.7851;14670965.8058;16398043.0360;12356883.7085;-8003169.0739;
2134;518894;-5747621.0888;21144702.4666;20768569.1447;6575965.7420;4346411.1929;14668680.0859;16400185.7668;12354204.8084;-8006086.5212;
2134;518895;-5744559.2930;21143894.7995;20769559.0215;6578919.0540;4349524.5084;14666394.0568;16402328.1400;12351525.6444;-8009003.8030;
2134;518896;-5741497.3766;21143086.6766;20770548.4567;6581872.2280;4352637.7314;14664107.7184;16404470.1554;12348846.2165;-8011920.9194;
2134;518897;-5738435.3397;21142278.0979;20771537.4503;6584825.2638;4355750.8619;14661821.0709;16406611.8130;12346166.5248;-8014837.8702;
2134;518898;-5735373.1823;21141469.0635;20772526.0022;6587778.1614;4358863.8998;14659534.1143;16408753.1127;12343486.5692;-8017754.6553;
2134;518899;-5732310.9045;21140659.5733;20773514.1124;6590730.9207;4361976.8451;14657246.8487;16410894.0545;12340806.3500;-8020671.2748;
2134;518900;-5729248.5064;21139849.6275;20774501.7810;6593683.5417;4365089.6978;14654959.2740;16413034.6384;12338125.8671;-8023587.7285;
2134;518901;-5726185.9879;21139039.2259;20775489.0078;6596636.0242;4368202.4576;14652671.3904;16415174.8642;12335445.1205;-8026504.0164;
2134;518902;-5723123.3493;21138228.3687;20776475.7929;6599588.3684;4371315.1246;14650383.1978;16417314.7321;12332764.1105;-8029420.1385;
2134;518903;-5720060.5905;21137417.0558;20777462.1362;6602540.5740;4374427.6988;14648094.6964;16419454.2418;12330082.8369;-8032336.0946;
2134;518904;-5716997.7116;21136605.2873;20778448.0377;6605492.6410;4377540.1799;14645805.8863;16421593.3934;12327401.2999;-8035251.8847;
2134;518905;-5713934.7126;21135793.0631;20779433.4974;6608444.5694;4380652.5681;14643516.7673;16423732.1868;12324719.4995;-8038167.5088;
2134;518906;-5710871.5938;21134980.3834;20780418.5153;6611396.3590;4383764.8631;14641227.3396;16425870.6221;12322037.4358;-8041082.9667;
2134;518907;-5707808.3550;21134167.2481;20781403.0914;6614348.0099;4386877.0650;14638937.6033;16428008.6990;12319355.1088;-8043998.2585;
2134;518908;-5704744.9964;21133353.6573;20782387.2256;6617299.5220;4389989.1737;14636647.5584;16430146.4176;12316672.5186;-8046913.3840;
2134;518909;-5701681.5180;21132539.6109;20783370.9179;6620250.8952;4393101.1890;14634357.2048;16432283.7779;12313989.6653;-8049828.3433;
2134;518910;-5698617.9200;21131725.1090;20784354.1682;6623202.1294;4396213.1110;14632066.5428;16434420.7797;12311306.5489;-8052743.1362;
2134;518911;-5695554.2022;21130910.1516;20785336.9767;6626153.2245;4399324.9396;14629775.5723;16436557.4231;12308623.1694;-8055657.7627;
2134;518912;-5692490.3650;21130094.7387;20786319.3432;6629104.1807;4402436.6747;14627484.2934;16438693.7080;12305939.5270;-8058572.2227;
2134;518913;-5689426.4082;21129278.8704;20787301.2677;6632054.9976;4405548.3163;14625192.7061;16440829.6343;12303255.6216;-8061486.5162;
2134;518914;-5686362.3320;21128462.5466;20788282.7502;6635005.6754;4408659.8642;14622900.8105;16442965.2020;12300571.4534;-8064400.6431;
2134;518915;-5683298.1364;21127645.7675;20789263.7907;6637956.2139;4411771.3184;14620608.6067;16445100.4111;12297887.0223;-8067314.6034;
2134;518916;-5680233.8214;21126828.5329;20790244.3892;6640906.6130;4414882.6789;14618316.0946;16447235.2615;12295202.3286;-8070228.3969;
2134;518917;-5677169.3873;21126010.8429;20791224.5456;6643856.8728;4417993.9455;14616023.2743;16449369.7532;12292517.3721;-8073142.0237;
2134;518918;-5674104.8339;21125192.6976;20792204.2600;6646806.9931;4421105.1183;14613730.1459;16451503.8861;12289832.1530;-8076055.4836;
2134;518919;-5671040.1614;21124374.0970;20793183.5322;6649756.9739;4424216.1971;14611436.7094;16453637.6601;12287146.6713;-8078968.7766;
2134;518920;-5667975.3699;21123555.0410;20794162.3623;6652706.8151;4427327.1819;14609142.9649;16455771.0753;12284460.9271;-8081881.9027;
2134;518921;-5664910.4594;21122735.5298;20795140.7503;6655656.5167;4430438.0726;14606848.9124;16457904.1316;12281774.9204;-8084794.8617;
2134;518922;-5661845.4299;21121915.5632;20796118.6961;6658606.0786;4433548.8691;14604554.5520;16460036.8289;12279088.6514;-8087707.6537;
2134;518923;-5658780.2816;21121095.1414;20797096.1997;6661555.5007;4436659.5715;14602259.8838;16462169.1672;12276402.1200;-8090620.2785;
2134;518924;-5655715.0145;21120274.2644;20798073.2611;6664504.7829;4439770.1795;14599964.9076;16464301.1464;12273715.3263;-8093532.7362;
2134;518925;-5652649.6287;21119452.9322;20799049.8803;6667453.9253;4442880.6932;14597669.6237;16466432.7666;12271028.2703;-8096445.0266;
2134;518926;-5649584.1242;21118631.1447;20800026.0572;6670402.9278;4445991.1125;14595374.0321;16468564.0276;12268340.9522;-8099357.1496;
2134;518927;-5646518.5011;21117808.9021;20801001.7919;6673351.7902;4449101.4373;14593078.1328;16470694.9294;12265653.3720;-8102269.1053;
2134;518928;-5643452.7594;21116986.2043;20801977.0842;6676300.5125;4452211.6675;14590781.9258;16472825.4719;12262965.5297;-8105180.8936;
2134;518929;-5640386.8993;21116163.0514;20802951.9343;6679249.0947;4455321.8032;14588485.4113;16474955.6552;12260277.4254;-8108092.5143;
2134;518930;-5637320.9208;21115339.4434;20803926.3420;6682197.5367;4458431.8441;14586188.5892;16477085.4791;12257589.0592;-8111003.9675;
2134;518931;-5634254.8239;21114515.3802;20804900.3074;6685145.8385;4461541.7903;14583891.4596;16479214.9436;12254900.4311;-8113915.2531;
2134;518932;-5631188.6087;21113690.8620;20805873.8304;6688093.9999;4464651.6417;14581594.0226;16481344.0488;12252211.5411;-8116826.3710;
2134;518933;-5628122.2754;21112865.8888;20806846.9110;6691042.0209;4467761.3982;14579296.2782;16483472.7944;12249522.3894;-8119737.3212;
2134;518934;-5625055.8238;21112040.4605;20807819.5492;6693989.9015;4470871.0598;14576998.2265;16485601.1805;12246832.9760;-8122648.1035;
2134;518935;-5621989.2542;21111214.5771;20808791.7450;6696937.6416;4473980.6263;14574699.8675;16487729.2071;12244143.3009;-8125558.7180;
2134;518936;-5618922.5666;21110388.2388;20809763.4983;6699885.2411;4477090.0978;14572401.2012;16489856.8741;12241453.3642;-8128469.1646;
2134;518937;-5615855.7610;21109561.4455;20810734.8091;6702832.7000;4480199.4741;14570102.2277;16491984.1814;12238763.1659;-8131379.4432;
2134;518938;-5612788.8375;21108734.1972;20811705.6774;6705780.0181;4483308.7552;14567802.9471;16494111.1290;12236072.7062;-8134289.5537;
2134;518939;-5609721.7962;21107906.4940;20812676.1032;6708727.1956;4486417.9411;14565503.3594;16496237.7168;12233381.9851;-8137199.4962;
2134;518940;-5606654.6371;21107078.3359;20813646.0865;6711674.2321;4489527.0316;14563203.4647;16498363.9449;12230691.0026;-8140109.2705;
2134;518941;-5603587.3603;21106249.7229;20814615.6272;6714621.1278;4492636.0267;14560903.2629;16500489.8131;12227999.7587;-8143018.8766;
2134;518942;-5600519.9659;21105420.6550;20815584.7253;6717567.8826;4495744.9263;14558602.7542;16502615.3214;12225308.2537;-8145928.3143;
2134;518943;-5597452.4539;21104591.1323;20816553.3808;6720514.4964;4498853.7304;14556301.9386;16504740.4698;12222616.4874;-8148837.5838;
2134;518944;-5594384.8244;21103761.1547;20817521.5937;6723460.9690;4501962.4388;14554000.8161;16506865.2583;12219924.4600;-8151746.6848;
2134;518945;-5591317.0775;21102930.7223;20818489.3640;6726407.3006;4505071.0516;14551699.3869;16508989.6867;12217232.1715;-8154655.6174;
2134;518946;-5588249.2132;21102099.8351;20819456.6916;6729353.4910;4508179.5687;14549397.6509;16511113.7550;12214539.6219;-8157564.3815;
2134;518947;-5585181.2316;21101268.4931;20820423.5764;6732299.5401;4511287.9899;14547095.6082;16513237.4632;12211846.8114;-8160472.9770;
2134;518948;-5582113.1327;21100436.6964;20821390.0186;6735245.4478;4514396.3153;14544793.2588;16515360.8113;12209153.7400;-8163381.4038;
2134;518949;-5579044.9167;21099604.4449;20822356.0181;6738191.2142;4517504.5447;14542490.6028;16517483.7991;12206460.4078;-8166289.6619;
2134;518950;-5575976.5835;21098771.7387;20823321.5748;6741136.8392;4520612.6782;14540187.6403;16519606.4267;12203766.8147;-8169197.7513;
2134;518951;-5572908.1333;21097938.5778;20824286.6887;6744082.3227;4523720.7155;14537884.3712;16521728.6940;12201072.9610;-8172105.6718;
2134;518952;-5569839.5661;21097104.9623;20825251.3599;6747027.6646;4526828.6568;14535580.7958;16523850.6010;12198378.8465;-8175013.4235;
2134;518953;-5566770.8820;21096270.8921;20826215.5882;6749972.8648;4529936.5018;14533276.9139;16525972.1475;12195684.4714;-8177921.0062;
2134;518954;-5563702.0810;21095436.3672;20827179.3737;6752917.9234;4533044.2506;14530972.7256;16528093.3337;12192989.8358;-8180828.4199;
2134;518955;-5560633.1632;21094601.3877;20828142.7164;6755862.8402;4536151.9030;14528668.2310;16530214.1593;12190294.9396;-8183735.6645;
2134;518956;-5557564.1287;21093765.9537;20829105.6162;6758807.6152;4539259.4590;14526363.4302;16532334.6244;12187599.7830;-8186642.7401;
2134;518957;-5554494.9775;21092930.0650;20830068.0731;6761752.2484;4542366.9186;14524058.3231;16534454.7290;12184904.3660;-8189549.6464;
2134;518958;-5551425.7097;21092093.7218;20831030.0870;6764696.7396;4545474.2816;14521752.9099;16536574.4729;12182208.6887;-8192456.3835;
2134;518959;-5548356.3254;21091256.9241;20831991.6581;6767641.0887;4548581.5480;14519447.1906;16538693.8561;12179512.7511;-8195362.9513;
2134;518960;-5545286.8246;21090419.6718;20832952.7862;6770585.2959;4551688.7178;14517141.1652;16540812.8787;12176816.5533;-8198269.3497;
2134;518961;-5542217.2074;21089581.9651;20833913.4713;6773529.3609;4554795.7908;14514834.8338;16542931.5405;12174120.0953;-8201175.5787;
2134;518962;-5539147.4739;21088743.8039;20834873.7134;6776473.2837;4557902.7671;14512528.1964;16545049.8414;12171423.3772;-8204081.6382;
2134;518963;-5536077.6240;21087905.1882;20835833.5125;6779417.0643;4561009.6464;14510221.2531;16547167.7816;12168726.3991;-8206987.5281;
2134;518964;-5533007.6580;21087066.1181;20836792.8685;6782360.7025;4564116.4289;14507914.0040;16549285.3608;12166029.1610;-8209893.2485;
2134;518965;-5529937.5758;21086226.5936;20837751.7815;6785304.1984;4567223.1143;14505606.4490;16551402.5791;12163331.6629;-8212798.7992;
2134;518966;-5526867.3776;21085386.6147;20838710.2514;6788247.5519;4570329.7027;14503298.5883;16553519.4364;12160633.9050;-8215704.1801;
2134;518967;-5523797.0633;21084546.1814;20839668.2783;6791190.7628;4573436.1940;14500990.4218;16555635.9327;12157935.8873;-8218609.3913;
2134;518968;-5520726.6331;21083705.2937;20840625.8620;6794133.8312;4576542.5880;14498681.9497;16557752.0679;12155237.6098;-8221514.4326;
2134;518969;-5517656.0869;21082863.9518;20841583.0025;6797076.7570;4579648.8849;14496373.1719;16559867.8420;12152539.0726;-8224419.3040;
2134;518970;-5514585.4250;21082022.1555;20842539.6999;6800019.5401;4582755.0843;14494064.0886;16561983.2549;12149840.2758;-8227324.0055;
2134;518971;-5511514.6473;21081179.9049;20843495.9541;6802962.1804;4585861.1864;14491754.6997;16564098.3066;12147141.2194;-8230228.5369;
2134;518972;-5508443.7539;21080337.2000;20844451.7651;6805904.6780;4588967.1911;14489445.0054;16566212.9970;12144441.9035;-8233132.8982;
2134;518973;-5505372.7448;21079494.0409;20845407.1329;6808847.0327;4592073.0982;14487135.0056;16568327.3261;12141742.3281;-8236037.0894;
2134;518974;-5502301.6202;21078650.4276;20846362.0574;6811789.2444;4595178.9077;14484824.7005;16570441.2939;12139042.4933;-8238941.1104;
2134;518975;-5499230.3801;21077806.3601;20847316.5387;6814731.3132;4598284.6196;14482514.0901;16572554.9003;12136342.3991;-8241844.9611;
2134;518976;-5496159.0246;21076961.8383;20848270.5767;6817673.2389;4601390.2337;14480203.1743;16574668.1452;12133642.0456;-8244748.6415;
2134;518977;-5493087.5537;21076116.8624;20849224.1714;6820615.0214;4604495.7501;14477891.9534;16576781.0287;12130941.4329;-8247652.1515;
2134;518978;-5490015.9675;21075271.4324;20850177.3227;6823556.6608;4607601.1686;14475580.4272;16578893.5506;12128240.5611;-8250555.4910;
2134;518979;-5486944.2660;21074425.5482;20851130.0307;6826498.1570;4610706.4891;14473268.5960;16581005.7109;12125539.4301;-8253458.6601;
2134;518980;-5483872.4494;21073579.2099;20852082.2954;6829439.5099;4613811.7117;14470956.4596;16583117.5096;12122838.0400;-8256361.6585;
2134;518981;-5480800.5176;21072732.4176;20853034.1166;6832380.7194;4616916.8363;14468644.0182;16585228.9466;12120136.3909;-8259264.4864;
2134;518982;-5477728.4708;21071885.1711;20853985.4945;6835321.7854;4620021.8627;14466331.2719;16587340.0220;12117434.4829;-8262167.1435;
2134;518983;-5474656.3090;21071037.4706;20854936.4289;6838262.7080;4623126.7910;14464018.2206;16589450.7355;12114732.3160;-8265069.6299;
2134;518984;-5471584.0323;21070189.3161;20855886.9199;6841203.4870;4626231.6209;14461704.8644;16591561.0873;12112029.8903;-8267971.9455;
2134;518985;-5468511.6408;21069340.7076;20856836.9674;6844144.1224;4629336.3526;14459391.2034;16593671.0771;12109327.2058;-8270874.0902;
2134;518986;-5465439.1344;21068491.6451;20857786.5714;6847084.6142;4632440.9859;14457077.2376;16595780.7051;12106624.2625;-8273776.0640;
2134;518987;-5462366.5133;21067642.1286;20858735.7319;6850024.9622;4635545.5208;14454762.9671;16597889.9712;12103921.0606;-8276677.8668;
2134;518988;-5459293.7776;21066792.1582;20859684.4489;6852965.1664;4638649.9571;14452448.3919;16599998.8752;12101217.6001;-8279579.4986;
2134;518989;-5456220.9273;21065941.7339;20860632.7223;6855905.2267;4641754.2949;14450133.5120;16602107.4172;12098513.8811;-8282480.9592;
2134;518990;-5453147.9624;21065090.8556;20861580.5521;6858845.1432;4644858.5340;14447818.3276;16604215.5972;12095809.9036;-8285382.2487;
2134;518991;-5450074.8831;21064239.5235;20862527.9384;6861784.9156;4647962.6744;14445502.8386;16606323.4150;12093105.6676;-8288283.3669;
2134;518992;-5447001.6893;21063387.7375;20863474.8810;6864724.5440;4651066.7160;14443187.0452;16608430.8706;12090401.1733;-8291184.3139;
2134;518993;-5443928.3813;21062535.4977;20864421.3800;6867664.0283;4654170.6588;14440870.9473;16610537.9640;12087696.4207;-8294085.0895;
2134;518994;-5440854.9589;21061682.8040;20865367.4354;6870603.3684;4657274.5026;14438554.5450;16612644.6952;12084991.4098;-8296985.6936;
2134;518995;-5437781.4224;21060829.6566;20866313.0471;6873542.5643;4660378.2475;14436237.8384;16614751.0640;12082286.1407;-8299886.1264;
2134;518996;-5434707.7717;21059976.0553;20867258.2151;6876481.6159;4663481.8933;14433920.8275;16616857.0705;12079580.6135;-8302786.3876;
2134;518997;-5431634.0069;21059122.0003;20868202.9394;6879420.5231;4666585.4401;14431603.5123;16618962.7146;12076874.8282;-8305686.4772;
2134;518998;-5428560.1281;21058267.4916;20869147.2199;6882359.2859;4669688.8876;14429285.8930;16621067.9962;12074168.7849;-8308586.3951;
2134;518999;-5425486.1354;21057412.5292;20870091.0567;6885297.9043;4672792.2360;14426967.9695;16623172.9154;12071462.4836;-8311486.1413;
2134;519000;-5422412.0288;21056557.1130;20871034.4497;6888236.3781;4675895.4850;14424649.7419;16625277.4720;12068755.9244;-8314385.7158;
2134;519001;-5419337.8083;21055701.2432;20871977.3989;6891174.7073;4678998.6346;14422331.2103;16627381.6660;12066049.1073;-8317285.1184;
2134;519002;-5416263.4741;21054844.9197;20872919.9043;6894112.8918;4682101.6848;14420012.3747;16629485.4974;12063342.0325;-8320184.3492;
2134;519003;-5413189.0262;21053988.1426;20873861.9659;6897050.9316;4685204.6355;14417693.2351;16631588.9661;12060634.6999;-8323083.4080;
2134;519004;-5410114.4647;21053130.9119;20874803.5836;6899988.8266;4688307.4867;14415373.7916;16633692.0721;12057927.1096;-8325982.2948;
2134;519005;-5407039.7897;21052273.2275;20875744.7575;6902926.5768;4691410.2382;14413054.0443;16635794.8154;12055219.2618;-8328881.0095;
2134;519006;-5403965.0011;21051415.0896;20876685.4874;6905864.1820;4694512.8900;14410733.9932;16637897.1958;12052511.1563;-8331779.5521;
2134;519007;-5400890.0991;21050556.4982;20877625.7734;6908801.6423;4697615.4420;14408413.6384;16639999.2134;12049802.7934;-8334677.9225;
2134;519008;-5397815.0838;21049697.4532;20878565.6155;6911738.9575;4700717.8942;14406092.9799;16642100.8680;12047094.1730;-8337576.1206;
2134;519009;-5394739.9551;21048837.9547;20879505.0137;6914676.1277;4703820.2465;14403772.0177;16644202.1598;12044385.2952;-8340474.1464;
2134;519010;-5391664.7132;21047978.0027;20880443.9678;6917613.1526;4706922.4988;14401450.7519;16646303.0885;12041676.1601;-8343371.9999;
2134;519011;-5388589.3581;21047117.5972;20881382.4780;6920550.0324;4710024.6511;14399129.1826;16648403.6542;12038966.7678;-8346269.6809;
2134;519012;-5385513.8900;21046256.7383;20882320.5441;6923486.7669;4713126.7033;14396807.3097;16650503.8568;12036257.1182;-8349167.1895;
2134;519013;-5382438.3087;21045395.4260;20883258.1662;6926423.3560;4716228.6553;14394485.1334;16652603.6963;12033547.2115;-8352064.5254;
2134;519014;-5379362.6145;21044533.6602;20884195.3443;6929359.7997;4719330.5071;14392162.6538;16654703.1726;12030837.0476;-8354961.6888;
2134;519015;-5376286.8074;21043671.4411;20885132.0782;6932296.0979;4722432.2586;14389839.8707;16656802.2857;12028126.6268;-8357858.6795;
2134;519016;-5373210.8875;21042808.7686;20886068.3681;6935232.2506;4725533.9098;14387516.7844;16658901.0355;12025415.9489;-8360755.4975;
2134;519017;-5370134.8547;21041945.6428;20887004.2139;6938168.2578;4728635.4605;14385193.3948;16660999.4221;12022705.0141;-8363652.1427;
2134;519018;-5367058.7093;21041082.0636;20887939.6155;6941104.1192;4731736.9107;14382869.7020;16663097.4452;12019993.8225;-8366548.6150;
2134;519019;-5363982.4512;21040218.0311;20888874.5729;6944039.8350;4734838.2604;14380545.7061;16665195.1050;12017282.3740;-8369444.9144;
2134;519020;-5360906.0805;21039353.5454;20889809.0862;6946975.4049;4737939.5094;14378221.4071;16667292.4013;12014570.6688;-8372341.0409;
2134;519021;-5357829.5972;21038488.6063;20890743.1553;6949910.8291;4741040.6578;14375896.8050;16669389.3341;12011858.7070;-8375236.9943;
2134;519022;-5354753.0015;21037623.2141;20891676.7802;6952846.1073;4744141.7053;14373571.8999;16671485.9034;12009146.4884;-8378132.7746;
2134;519023;-5351676.2935;21036757.3686;20892609.9608;6955781.2395;4747242.6521;14371246.6918;16673582.1091;12006434.0133;-8381028.3818;
2134;519024;-5348599.4731;21035891.0699;20893542.6971;6958716.2258;4750343.4980;14368921.1809;16675677.9512;12003721.2817;-8383923.8158;
2134;519025;-5345522.5404;21035024.3181;20894474.9892;6961651.0659;4753444.2429;14366595.3671;16677773.4296;12001008.2936;-8386819.0765;
2134;519026;-5342445.4955;21034157.1130;20895406.8370;6964585.7599;4756544.8868;14364269.2504;16679868.5443;11998295.0492;-8389714.1638;
2134;519027;-5339368.3385;21033289.4549;20896338.2405;6967520.3077;4759645.4296;14361942.8311;16681963.2953;11995581.5484;-8392609.0778;
2134;519028;-5336291.0694;21032421.3436;20897269.1996;6970454.7092;4762745.8713;14359616.1090;16684057.6824;11992867.7913;-8395503.8183;
2134;519029;-5333213.6883;21031552.7792;20898199.7144;6973388.9644;4765846.2117;14357289.0843;16686151.7057;11990153.7779;-8398398.3853;
2134;519030;-5330136.1953;21030683.7618;20899129.7848;6976323.0731;4768946.4509;14354961.7569;16688245.3651;11987439.5084;-8401292.7788;
2134;519031;-5327058.5904;21029814.2913;20900059.4108;6979257.0354;4772046.5887;14352634.1270;16690338.6605;11984724.9828;-8404186.9986;
2134;519032;-5323980.8737;21028944.3678;20900988.5924;6982190.8512;4775146.6251;14350306.1946;16692431.5919;11982010.2011;-8407081.0447;
2134;519033;-5320903.0452;21028073.9912;20901917.3295;6985124.5204;4778246.5600;14347977.9598;16694524.1593;11979295.1635;-8409974.9171;
2134;519034;-5317825.1051;21027203.1617;20902845.6222;6988058.0430;4781346.3933;14345649.4225;16696616.3627;11976579.8699;-8412868.6156;
2134;519035;-5314747.0533;21026331.8792;20903773.4704;6990991.4188;4784446.1251;14343320.5829;16698708.2019;11973864.3204;-8415762.1403;
2134;519036;-5311668.8900;21025460.1438;20904700.8741;6993924.6479;4787545.7551;14340991.4409;16700799.6769;11971148.5151;-8418655.4911;
2134;519037;-5308590.6152;21024587.9554;20905627.8333;6996857.7302;4790645.2834;14338661.9967;16702890.7877;11968432.4540;-8421548.6678;
2134;519038;-5305512.2290;21023715.3141;20906554.3479;6999790.6655;4793744.7099;14336332.2503;16704981.5343;11965716.1373;-8424441.6706;
2134;519039;-5302433.7314;21022842.2199;20907480.4180;7002723.4540;4796844.0345;14334002.2018;16707071.9166;11962999.5649;-8427334.4992;
2134;519040;-5299355.1225;21021968.6729;20908406.0435;7005656.0953;4799943.2572;14331671.8511;16709161.9345;11960282.7369;-8430227.1536;
2134;519041;-5296276.4024;21021094.6730;20909331.2244;7008588.5897;4803042.3779;14329341.1984;16711251.5880;11957565.6533;-8433119.6338;
2134;519042;-5293197.5711;21020220.2203;20910255.9607;7011520.9368;4806141.3965;14327010.2436;16713340.8771;11954848.3143;-8436011.9397;
2134;519043;-5290118.6288;21019345.3148;20911180.2523;7014453.1368;4809240.3129;14324678.9869;16715429.8017;11952130.7199;-8438904.0713;
2134;519044;-5287039.5754;21018469.9565;20912104.0993;7017385.1895;4812339.1272;14322347.4283;16717518.3617;11949412.8701;-8441796.0284;
2134;519045;-5283960.4110;21017594.1455;20913027.5017;7020317.0949;4815437.8391;14320015.5678;16719606.5572;11946694.7651;-8444687.8111;
2134;519046;-5280881.1357;21016717.8817;20913950.4593;7023248.8529;4818536.4488;14317683.4055;16721694.3881;11943976.4048;-8447579.4193;
2134;519047;-5277801.7496;21015841.1652;20914872.9722;7026180.4634;4821634.9560;14315350.9415;16723781.8542;11941257.7893;-8450470.8529;
2134;519048;-5274722.2527;21014963.9960;20915795.0403;7029111.9265;4824733.3607;14313018.1757;16725868.9557;11938538.9186;-8453362.1118;
2134;519049;-5271642.6451;21014086.3741;20916716.6637;7032043.2419;4827831.6630;14310685.1083;16727955.6925;11935819.7930;-8456253.1960;
2134;519050;-5268562.9269;21013208.2996;20917637.8424;7034974.4098;4830929.8626;14308351.7392;16730042.0644;11933100.4123;-8459144.1054;
2134;519051;-5265483.0981;21012329.7724;20918558.5762;7037905.4299;4834027.9595;14306018.0686;16732128.0715;11930380.7766;-8462034.8400;
2134;519052;-5262403.1587;21011450.7927;20919478.8652;7040836.3023;4837125.9537;14303684.0965;16734213.7137;11927660.8861;-8464925.3998;
2134;519053;-5259323.1089;21010571.3603;20920398.7094;7043767.0268;4840223.8451;14301349.8229;16736298.9909;11924940.7407;-8467815.7845;
2134;519054;-5256242.9488;21009691.4754;20921318.1087;7046697.6035;4843321.6336;14299015.2479;16738383.9032;11922220.3406;-8470705.9943;
2134;519055;-5253162.6783;21008811.1379;20922237.0632;7049628.0323;4846419.3193;14296680.3715;16740468.4504;11919499.6857;-8473596.0290;
2134;519056;-5250082.2975;21007930.3479;20923155.5727;7052558.3130;4849516.9019;14294345.1939;16742552.6326;11916778.7762;-8476485.8886;
2134;519057;-5247001.8066;21007049.1054;20924073.6374;7055488.4456;4852614.3814;14292009.7149;16744636.4497;11914057.6121;-8479375.5730;
2134;519058;-5243921.2055;21006167.4104;20924991.2571;7058418.4302;4855711.7578;14289673.9348;16746719.9016;11911336.1934;-8482265.0821;
2134;519059;-5240840.4944;21005285.2629;20925908.4318;7061348.2665;4858809.0310;14287337.8534;16748802.9882;11908614.5203;-8485154.4159;
2134;519060;-5237759.6732;21004402.6630;20926825.1616;7064277.9546;4861906.2010;14285001.4710;16750885.7097;11905892.5927;-8488043.5744;
2134;519061;-5234678.7422;21003519.6107;20927741.4464;7067207.4944;4865003.2676;14282664.7875;16752968.0658;11903170.4108;-8490932.5574;
2134;519062;-5231597.7013;21002636.1059;20928657.2862;7070136.8858;4868100.2308;14280327.8030;16755050.0566;11900447.9745;-8493821.3649;
2134;519063;-5228516.5505;21001752.1488;20929572.6809;7073066.1288;4871197.0906;14277990.5175;16757131.6820;11897725.2840;-8496709.9969;
2134;519064;-5225435.2901;21000867.7394;20930487.6306;7075995.2232;4874293.8468;14275652.9311;16759212.9420;11895002.3393;-8499598.4533;
2134;519065;-5222353.9199;20999982.8776;20931402.1352;7078924.1691;4877390.4995;14273315.0438;16761293.8365;11892279.1405;-8502486.7340;
2134;519066;-5219272.4402;20999097.5634;20932316.1947;7081852.9664;4880487.0485;14270976.8557;16763374.3655;11889555.6876;-8505374.8390;
2134;519067;-5216190.8509;20998211.7970;20933229.8091;7084781.6150;4883583.4938;14268638.3669;16765454.5289;11886831.9807;-8508262.7683;
2134;519068;-5213109.1522;20997325.5783;20934142.9784;7087710.1149;4886679.8353;14266299.5773;16767534.3267;11884108.0198;-8511150.5216;
2134;519069;-5210027.3440;20996438.9074;20935055.7025;7090638.4659;4889776.0729;14263960.4871;16769613.7589;11881383.8050;-8514038.0991;
2134;519070;-5206945.4265;20995551.7842;20935967.9814;7093566.6681;4892872.2066;14261621.0962;16771692.8253;11878659.3364;-8516925.5006;
2134;519071;-5203863.3997;20994664.2089;20936879.8152;7096494.7214;4895968.2363;14259281.4048;16773771.5260;11875934.6140;-8519812.7260;
2134;519072;-5200781.2636;20993776.1813;20937791.2037;7099422.6256;4899064.1620;14256941.4129;16775849.8610;11873209.6378;-8522699.7754;
2134;519073;-5197699.0185;20992887.7016;20938702.1471;7102350.3808;4902159.9835;14254601.1205;16777927.8300;11870484.4080;-8525586.6486;
2134;519074;-5194616.6642;20991998.7697;20939612.6451;7105277.9869;4905255.7009;14252260.5276;16780005.4332;11867758.9246;-8528473.3457;
2134;519075;-5191534.2009;20991109.3857;20940522.6979;7108205.4438;4908351.3140;14249919.6344;16782082.6705;11865033.1876;-8531359.8664;
2134;519076;-5188451.6287;20990219.5496;20941432.3054;7111132.7515;4911446.8228;14247578.4409;16784159.5418;11862307.1972;-8534246.2109;
2134;519077;-5185368.9475;20989329.2614;20942341.4676;7114059.9099;4914542.2272;14245236.9472;16786236.0471;11859580.9532;-8537132.3789;
2134;519078;-5182286.1575;20988438.5212;20943250.1845;7116986.9189;4917637.5272;14242895.1532;16788312.1863;11856854.4560;-8540018.3705;
2134;519079;-5179203.2588;20987547.3289;20944158.4560;7119913.7784;4920732.7227;14240553.0590;16790387.9594;11854127.7054;-8542904.1856;
2134;519080;-5176120.2514;20986655.6846;20945066.2822;7122840.4885;4923827.8135;14238210.6647;16792463.3664;11851400.7015;-8545789.8242;
2134;519081;-5173037.1353;20985763.5883;20945973.6630;7125767.0491;4926922.7998;14235867.9704;16794538.4072;11848673.4444;-8548675.2861;
2134;519082;-5169953.9107;20984871.0401;20946880.5983;7128693.4600;4930017.6813;14233524.9760;16796613.0817;11845945.9342;-8551560.5713;
2134;519083;-5166870.5775;20983978.0399;20947787.0883;7131619.7213;4933112.4581;14231181.6817;16798687.3900;11843218.1709;-8554445.6798;
2134;519084;-5163787.1360;20983084.5877;20948693.1328;7134545.8328;4936207.1300;14228838.0874;16800761.3319;11840490.1546;-8557330.6115;
2134;519085;-5160703.5860;20982190.6837;20949598.7318;7137471.7946;4939301.6970;14226494.1933;16802834.9075;11837761.8853;-8560215.3663;
2134;519086;-5157619.9278;20981296.3277;20950503.8854;7140397.6064;4942396.1590;14224149.9993;16804908.1166;11835033.3631;-8563099.9442;
2134;519087;-5154536.1612;20980401.5199;20951408.5934;7143323.2684;4945490.5160;14221805.5056;16806980.9593;11832304.5881;-8565984.3451;
2134;519088;-5151452.2866;20979506.2603;20952312.8559;7146248.7804;4948584.7678;14219460.7122;16809053.4354;11829575.5602;-8568868.5690;
2134;519089;-5148368.3038;20978610.5488;20953216.6729;7149174.1423;4951678.9145;14217115.6191;16811125.5451;11826846.2796;-8571752.6158;
2134;519090;-5145284.2129;20977714.3855;20954120.0443;7152099.3542;4954772.9560;14214770.2264;16813197.2881;11824116.7464;-8574636.4854;
2134;519091;-5142200.0141;20976817.7705;20955022.9702;7155024.4158;4957866.8922;14212424.5341;16815268.6644;11821386.9605;-8577520.1778;
2134;519092;-5139115.7073;20975920.7036;20955925.4504;7157949.3273;4960960.7230;14210078.5423;16817339.6741;11818656.9220;-8580403.6929;
2134;519093;-5136031.2927;20975023.1851;20956827.4850;7160874.0885;4964054.4483;14207732.2510;16819410.3171;11815926.6311;-8583287.0306;
2134;519094;-5132946.7703;20974125.2148;20957729.0740;7163798.6993;4967148.0682;14205385.6603;16821480.5933;11813196.0877;-8586170.1910;
2134;519095;-5129862.1402;20973226.7928;20958630.2173;7166723.1597;4970241.5825;14203038.7703;16823550.5026;11810465.2919;-8589053.1739;
2134;519096;-5126777.4024;20972327.9192;20959530.9149;7169647.4696;4973334.9911;14200691.5809;16825620.0451;11807734.2438;-8591935.9793;
2134;519097;-5123692.5570;20971428.5939;20960431.1669;7172571.6290;4976428.2941;14198344.0922;16827689.2207;11805002.9434;-8594818.6071;
2134;519098;-5120607.6041;20970528.8170;20961330.9731;7175495.6378;4979521.4913;14195996.3044;16829758.0293;11802271.3908;-8597701.0573;
2134;519099;-5117522.5437;20969628.5885;20962230.3336;7178419.4959;4982614.5827;14193648.2173;16831826.4709;11799539.5861;-8600583.3297;
2134;519100;-5114437.3759;20968727.9083;20963129.2483;7181343.2033;4985707.5682;14191299.8312;16833894.5455;11796807.5293;-8603465.4245;
2134;519101;-5111352.1008;20967826.7767;20964027.7173;7184266.7600;4988800.4477;14188951.1460;16835962.2530;11794075.2204;-8606347.3413;
2134;519102;-5108266.7184;20966925.1934;20964925.7405;7187190.1658;4991893.2212;14186602.1617;16838029.5934;11791342.6596;-8609229.0804;
2134;519103;-5105181.2288;20966023.1587;20965823.3178;7190113.4207;4994985.8886;14184252.8785;16840096.5666;11788609.8468;-8612110.6414;
2134;519104;-5102095.6321;20965120.6724;20966720.4493;7193036.5246;4998078.4498;14181903.2964;16842163.1725;11785876.7822;-8614992.0245;
2134;519105;-5099009.9283;20964217.7347;20967617.1350;7195959.4775;5001170.9048;14179553.4154;16844229.4112;11783143.4658;-8617873.2295;
2134;519106;-5095924.1175;20963314.3455;20968513.3748;7198882.2793;5004263.2535;14177203.2356;16846295.2826;11780409.8976;-8620754.2564;
2134;519107;-5092838.1997;20962410.5049;20969409.1687;7201804.9300;5007355.4959;14174852.7570;16848360.7866;11777676.0777;-8623635.1052;
2134;519108;-5089752.1751;20961506.2129;20970304.5167;7204727.4294;5010447.6318;14172501.9797;16850425.9232;11774942.0063;-8626515.7756;
2134;519109;-5086666.0436;20960601.4695;20971199.4188;7207649.7776;5013539.6613;14170150.9037;16852490.6924;11772207.6832;-8629396.2678;
2134;519110;-5083579.8054;20959696.2747;20972093.8749;7210571.9744;5016631.5842;14167799.5291;16854555.0941;11769473.1086;-8632276.5817;
2134;519111;-5080493.4605;20958790.6285;20972987.8850;7213494.0199;5019723.4005;14165447.8560;16856619.1282;11766738.2826;-8635156.7171;
2134;519112;-5077407.0090;20957884.5311;20973881.4492;7216415.9138;5022815.1101;14163095.8843;16858682.7948;11764003.2052;-8638036.6740;
2134;519113;-5074320.4509;20956977.9823;20974774.5673;7219337.6563;5025906.7129;14160743.6142;16860746.0938;11761267.8765;-8640916.4524;
2134;519114;-5071233.7863;20956070.9822;20975667.2395;7222259.2472;5028998.2090;14158391.0456;16862809.0250;11758532.2965;-8643796.0523;
2134;519115;-5068147.0153;20955163.5309;20976559.4656;7225180.6864;5032089.5981;14156038.1787;16864871.5886;11755796.4653;-8646675.4734;
2134;519116;-5065060.1380;20954255.6284;20977451.2456;7228101.9739;5035180.8803;14153685.0134;16866933.7844;11753060.3829;-8649554.7159;
2134;519117;-5061973.1543;20953347.2746;20978342.5795;7231023.1097;5038272.0555;14151331.5499;16868995.6124;11750324.0494;-8652433.7795;
2134;519118;-5058886.0645;20952438.4696;20979233.4674;7233944.0936;5041363.1236;14148977.7882;16871057.0726;11747587.4649;-8655312.6644;
2134;519119;-5055798.8684;20951529.2135;20980123.9091;7236864.9257;5044454.0846;14146623.7283;16873118.1648;11744850.6294;-8658191.3703;
2134;519120;-5052711.5663;20950619.5062;20981013.9046;7239785.6058;5047544.9384;14144269.3703;16875178.8892;11742113.5429;-8661069.8973;
2134;519121;-5049624.1581;20949709.3477;20981903.4541;7242706.1338;5050635.6849;14141914.7142;16877239.2455;11739376.2056;-8663948.2453;
2134;519122;-5046536.6439;20948798.7382;20982792.5573;7245626.5098;5053726.3240;14139559.7601;16879299.2338;11736638.6175;-8666826.4142;
2134;519123;-5043449.0238;20947887.6776;20983681.2143;7248546.7337;5056816.8557;14137204.5081;16881358.8541;11733900.7786;-8669704.4040;
2134;519124;-5040361.2979;20946976.1659;20984569.4252;7251466.8054;5059907.2800;14134848.9581;16883418.1062;11731162.6891;-8672582.2146;
2134;519125;-5037273.4662;20946064.2031;20985457.1897;7254386.7248;5062997.5967;14132493.1103;16885476.9902;11728424.3489;-8675459.8459;
2134;519126;-5034185.5289;20945151.7894;20986344.5081;7257306.4919;5066087.8058;14130136.9646;16887535.5060;11725685.7582;-8678337.2980;
2134;519127;-5031097.4858;20944238.9246;20987231.3801;7260226.1066;5069177.9073;14127780.5212;16889593.6535;11722946.9169;-8681214.5706;
2134;519128;-5028009.3372;20943325.6089;20988117.8059;7263145.5688;5072267.9010;14125423.7800;16891651.4328;11720207.8252;-8684091.6638;
2134;519129;-5024921.0830;20942411.8422;20989003.7854;7266064.8786;5075357.7869;14123066.7412;16893708.8437;11717468.4830;-8686968.5776;
2134;519130;-5021832.7235;20941497.6246;20989889.3185;7268984.0358;5078447.5649;14120709.4048;16895765.8862;11714728.8906;-8689845.3118;
2134;519131;-5018744.2585;20940582.9560;20990774.4052;7271903.0403;5081537.2350;14118351.7709;16897822.5603;11711989.0478;-8692721.8664;
2134;519132;-5015655.6882;20939667.8366;20991659.0456;7274821.8922;5084626.7971;14115993.8394;16899878.8660;11709248.9549;-8695598.2413;
2134;519133;-5012567.0126;20938752.2663;20992543.2397;7277740.5913;5087716.2512;14113635.6104;16901934.8031;11706508.6117;-8698474.4365;
2134;519134;-5009478.2319;20937836.2451;20993426.9873;7280659.1376;5090805.5971;14111277.0840;16903990.3716;11703768.0185;-8701350.4519;
2134;519135;-5006389.3460;20936919.7732;20994310.2884;7283577.5311;5093894.8348;14108918.2603;16906045.5716;11701027.1752;-8704226.2874;
2134;519136;-5003300.3551;20936002.8504;20995193.1432;7286495.7716;5096983.9643;14106559.1393;16908100.4029;11698286.0819;-8707101.9431;
2134;519137;-5000211.2591;20935085.4768;20996075.5514;7289413.8591;5100072.9854;14104199.7209;16910154.8655;11695544.7387;-8709977.4187;
2134;519138;-4997122.0583;20934167.6525;20996957.5132;7292331.7935;5103161.8981;14101840.0054;16912208.9594;11692803.1457;-8712852.7144;
2134;519139;-4994032.7525;20933249.3775;20997839.0285;7295249.5748;5106250.7024;14099479.9927;16914262.6845;11690061.3028;-8715727.8300;
2134;519140;-4990943.3420;20932330.6517;20998720.0973;7298167.2029;5109339.3981;14097119.6829;16916316.0408;11687319.2102;-8718602.7654;
2134;519141;-4987853.8267;20931411.4753;20999600.7195;7301084.6778;5112427.9853;14094759.0761;16918369.0282;11684576.8678;-8721477.5206;
2134;519142;-4984764.2068;20930491.8481;21000480.8951;7304001.9994;5115516.4638;14092398.1722;16920421.6467;11681834.2759;-8724352.0956;
2134;519143;-4981674.4822;20929571.7703;21001360.6242;7306919.1676;5118604.8336;14090036.9714;16922473.8963;11679091.4343;-8727226.4902;
2134;519144;-4978584.6531;20928651.2419;21002239.9067;7309836.1824;5121693.0946;14087675.4736;16924525.7768;11676348.3433;-8730100.7044;
2134;519145;-4975494.7196;20927730.2629;21003118.7426;7312753.0437;5124781.2467;14085313.6790;16926577.2883;11673605.0027;-8732974.7383;
2134;519146;-4972404.6816;20926808.8333;21003997.1318;7315669.7515;5127869.2899;14082951.5876;16928628.4307;11670861.4128;-8735848.5916;
2134;519147;-4969314.5393;20925886.9532;21004875.0744;7318586.3056;5130957.2241;14080589.1995;16930679.2040;11668117.5736;-8738722.2643;
2134;519148;-4966224.2927;20924964.6225;21005752.5703;7321502.7061;5134045.0493;14078226.5146;16932729.6081;11665373.4850;-8741595.7564;
2134;519149;-4963133.9418;20924041.8413;21006629.6195;7324418.9528;5137132.7654;14075863.5330;16934779.6430;11662629.1472;-8744469.0679;
2134;519150;-4960043.4869;20923118.6095;21007506.2220;7327335.0457;5140220.3723;14073500.2549;16936829.3086;11659884.5603;-8747342.1986;
2134;519151;-4956952.9278;20922194.9274;21008382.3778;7330250.9848;5143307.8699;14071136.6802;16938878.6049;11657139.7242;-8750215.1485;
2134;519152;-4953862.2647;20921270.7947;21009258.0868;7333166.7699;5146395.2582;14068772.8090;16940927.5318;11654394.6391;-8753087.9175;
2134;519153;-4950771.4977;20920346.2117;21010133.3491;7336082.4011;5149482.5372;14066408.6413;16942976.0894;11651649.3051;-8755960.5056;
2134;519154;-4947680.6268;20919421.1782;21011008.1645;7338997.8782;5152569.7067;14064044.1772;16945024.2775;11648903.7220;-8758832.9128;
2134;519155;-4944589.6520;20918495.6944;21011882.5332;7341913.2012;5155656.7667;14061679.4168;16947072.0961;11646157.8901;-8761705.1389;
2134;519156;-4941498.5735;20917569.7601;21012756.4551;7344828.3701;5158743.7171;14059314.3600;16949119.5452;11643411.8094;-8764577.1839;
2134;519157;-4938407.3913;20916643.3756;21013629.9301;7347743.3847;5161830.5579;14056949.0070;16951166.6247;11640665.4800;-8767449.0478;
2134;519158;-4935316.1054;20915716.5407;21014502.9582;7350658.2450;5164917.2889;14054583.3578;16953213.3346;11637918.9018;-8770320.7304;
2134;519159;-4932224.7160;20914789.2555;21015375.5395;7353572.9510;5168003.9102;14052217.4124;16955259.6748;11635172.0750;-8773192.2318;
2134;519160;-4929133.2231;20913861.5201;21016247.6738;7356487.5026;5171090.4217;14049851.1710;16957305.6453;11632424.9996;-8776063.5518;
2134;519161;-4926041.6268;20912933.3344;21017119.3613;7359401.8997;5174176.8232;14047484.6334;16959351.2460;11629677.6757;-8778934.6904;
2134;519162;-4922949.9271;20912004.6985;21017990.6018;7362316.1422;5177263.1148;14045117.7999;16961396.4770;11626930.1034;-8781805.6476;
2134;519163;-4919858.1240;20911075.6124;21018861.3953;7365230.2302;5180349.2964;14042750.6704;16963441.3381;11624182.2826;-8784676.4233;
2134;519164;-4916766.2178;20910146.0760;21019731.7419;7368144.1635;5183435.3678;14040383.2451;16965485.8294;11621434.2135;-8787547.0173;
2134;519165;-4913674.2083;20909216.0896;21020601.6415;7371057.9421;5186521.3291;14038015.5238;16967529.9507;11618685.8961;-8790417.4298;
2134;519166;-4910582.0958;20908285.6530;21021471.0941;7373971.5659;5189607.1801;14035647.5068;16969573.7020;11615937.3305;-8793287.6606;
2134;519167;-4907489.8802;20907354.7662;21022340.0996;7376885.0348;5192692.9209;14033279.1940;16971617.0833;11613188.5167;-8796157.7096;
2134;519168;-4904397.5616;20906423.4294;21023208.6581;7379798.3489;5195778.5513;14030910.5855;16973660.0946;11610439.4548;-8799027.5768;
2134;519169;-4901305.1401;20905491.6425;21024076.7695;7382711.5080;5198864.0712;14028541.6813;16975702.7357;11607690.1448;-8801897.2621;
2134;519170;-4898212.6158;20904559.4055;21024944.4339;7385624.5120;5201949.4807;14026172.4816;16977745.0067;11604940.5869;-8804766.7655;
2134;519171;-4895119.9887;20903626.7185;21025811.6511;7388537.3610;5205034.7796;14023802.9863;16979786.9075;11602190.7810;-8807636.0869;
2134;519172;-4892027.2588;20902693.5815;21026678.4212;7391450.0548;5208119.9679;14021433.1955;16981828.4381;11599440.7272;-8810505.2263;
2134;519173;-4888934.4263;20901759.9946;21027544.7442;7394362.5935;5211205.0455;14019063.1092;16983869.5984;11596690.4257;-8813374.1835;
2134;519174;-4885841.4912;20900825.9576;21028410.6200;7397274.9768;5214290.0123;14016692.7276;16985910.3883;11593939.8763;-8816242.9586;
2134;519175;-4882748.4536;20899891.4707;21029276.0487;7400187.2048;5217374.8683;14014322.0506;16987950.8079;11591189.0793;-8819111.5515;
2134;519176;-4879655.3136;20898956.5339;21030141.0301;7403099.2774;5220459.6134;14011951.0783;16989990.8571;11588438.0346;-8821979.9621;
2134;519177;-4876562.0711;20898021.1473;21031005.5643;7406011.1946;5223544.2476;14009579.8108;16992030.5358;11585686.7424;-8824848.1903;
2134;519178;-4873468.7263;20897085.3107;21031869.6513;7408922.9562;5226628.7707;14007208.2480;16994069.8440;11582935.2026;-8827716.2361;
2134;519179;-4870375.2792;20896149.0243;21032733.2910;7411834.5623;5229713.1828;14004836.3902;16996108.7817;11580183.4154;-8830584.0994;
2134;519180;-4867281.7300;20895212.2880;21033596.4835;7414746.0127;5232797.4837;14002464.2372;16998147.3487;11577431.3808;-8833451.7803;
2134;519181;-4864188.0786;20894275.1020;21034459.2287;7417657.3074;5235881.6734;14000091.7892;17000185.5452;11574679.0988;-8836319.2785;
2134;519182;-4861094.3251;20893337.4661;21035321.5265;7420568.4464;5238965.7518;13997719.0461;17002223.3710;11571926.5695;-8839186.5941;
2134;519183;-4858000.4696;20892399.3805;21036183.3771;7423479.4295;5242049.7189;13995346.0082;17004260.8260;11569173.7930;-8842053.7270;
2134;519184;-4854906.5122;20891460.8452;21037044.7802;7426390.2568;5245133.5745;13992972.6753;17006297.9103;11566420.7694;-8844920.6772;
2134;519185;-4851812.4529;20890521.8602;21037905.7361;7429300.9281;5248217.3187;13990599.0476;17008334.6237;11563667.4986;-8847787.4445;
2134;519186;-4848718.2918;20889582.4254;21038766.2445;7432211.4433;5251300.9513;13988225.1251;17010370.9663;11560913.9808;-8850654.0289;
2134;519187;-4845624.0290;20888642.5410;21039626.3055;7435121.8026;5254384.4723;13985850.9079;17012406.9381;11558160.2160;-8853520.4304;
2134;519188;-4842529.6645;20887702.2069;21040485.9191;7438032.0056;5257467.8816;13983476.3960;17014442.5388;11555406.2042;-8856386.6489;
2134;519189;-4839435.1984;20886761.4232;21041345.0853;7440942.0525;5260551.1792;13981101.5894;17016477.7686;11552651.9456;-8859252.6843;
2134;519190;-4836340.6307;20885820.1899;21042203.8040;7443851.9432;5263634.3650;13978726.4882;17018512.6274;11549897.4402;-8862118.5366;
2134;519191;-4833245.9615;20884878.5071;21043062.0753;7446761.6775;5266717.4390;13976351.0925;17020547.1151;11547142.6880;-8864984.2058;
2134;519192;-4830151.1909;20883936.3746;21043919.8990;7449671.2554;5269800.4009;13973975.4024;17022581.2316;11544387.6891;-8867849.6917;
2134;519193;-4827056.3190;20882993.7926;21044777.2752;7452580.6769;5272883.2509;13971599.4177;17024614.9770;11541632.4435;-8870714.9943;
2134;519194;-4823961.3458;20882050.7611;21045634.2039;7455489.9419;5275965.9888;13969223.1387;17026648.3512;11538876.9514;-8873580.1135;
2134;519195;-4820866.2713;20881107.2802;21046490.6851;7458399.0504;5279048.6146;13966846.5654;17028681.3542;11536121.2128;-8876445.0493;
2134;519196;-4817771.0957;20880163.3497;21047346.7187;7461308.0022;5282131.1282;13964469.6977;17030713.9859;11533365.2277;-8879309.8017;
2134;519197;-4814675.8190;20879218.9698;21048202.3047;7464216.7973;5285213.5295;13962092.5359;17032746.2462;11530608.9962;-8882174.3705;
2134;519198;-4811580.4413;20878274.1405;21049057.4431;7467125.4357;5288295.8184;13959715.0798;17034778.1351;11527852.5184;-8885038.7557;
2134;519199;-4808484.9626;20877328.8618;21049912.1338;7470033.9173;5291377.9950;13957337.3296;17036809.6526;11525095.7942;-8887902.9573;
2134;519200;-4805389.3831;20876383.1337;21050766.3770;7472942.2420;5294460.0591;13954959.2853;17038840.7987;11522338.8239;-8890766.9752;
2134;519201;-4802293.7027;20875436.9562;21051620.1724;7475850.4098;5297542.0107;13952580.9470;17040871.5732;11519581.6074;-8893630.8092;
2134;519202;-4799197.9215;20874490.3294;21052473.5202;7478758.4206;5300623.8497;13950202.3147;17042901.9762;11516824.1447;-8896494.4595;
2134;519203;-4796102.0396;20873543.2533;21053326.4203;7481666.2743;5303705.5761;13947823.3885;17044932.0076;11514066.4361;-8899357.9259;
2134;519204;-4793006.0571;20872595.7279;21054178.8727;7484573.9710;5306787.1897;13945444.1684;17046961.6673;11511308.4814;-8902221.2083;
2134;519205;-4789909.9740;20871647.7533;21055030.8773;7487481.5104;5309868.6905;13943064.6544;17048990.9554;11508550.2808;-8905084.3067;
2134;519206;-4786813.7904;20870699.3294;21055882.4342;7490388.8926;5312950.0785;13940684.8467;17051019.8717;11505791.8343;-8907947.2210;
2134;519207;-4783717.5063;20869750.4562;21056733.5433;7493296.1176;5316031.3535;13938304.7453;17053048.4162;11503033.1420;-8910809.9512;
2134;519208;-4780621.1219;20868801.1339;21057584.2046;7496203.1851;5319112.5156;13935924.3502;17055076.5890;11500274.2040;-8913672.4972;
2134;519209;-4777524.6372;20867851.3624;21058434.4182;7499110.0953;5322193.5646;13933543.6614;17057104.3898;11497515.0203;-8916534.8590;
2134;519210;-4774428.0522;20866901.1418;21059284.1838;7502016.8479;5325274.5005;13931162.6791;17059131.8188;11494755.5909;-8919397.0365;
2134;519211;-4771331.3671;20865950.4720;21060133.5017;7504923.4430;5328355.3232;13928781.4032;17061158.8758;11491995.9159;-8922259.0296;
2134;519212;-4768234.5818;20864999.3531;21060982.3717;7507829.8806;5331436.0326;13926399.8339;17063185.5608;11489235.9955;-8925120.8383;
2134;519213;-4765137.6965;20864047.7851;21061830.7938;7510736.1604;5334516.6287;13924017.9711;17065211.8738;11486475.8296;-8927982.4625;
2134;519214;-4762040.7112;20863095.7681;21062678.7680;7513642.2825;5337597.1115;13921635.8150;17067237.8147;11483715.4182;-8930843.9021;
2134;519215;-4758943.6260;20862143.3020;21063526.2943;7516548.2469;5340677.4808;13919253.3655;17069263.3835;11480954.7616;-8933705.1572;
2134;519216;-4755846.4409;20861190.3869;21064373.3727;7519454.0534;5343757.7366;13916870.6228;17071288.5801;11478193.8596;-8936566.2275;
2134;519217;-4752749.1560;20860237.0228;21065220.0031;7522359.7019;5346837.8788;13914487.5868;17073313.4045;11475432.7124;-8939427.1132;
2134;519218;-4749651.7714;20859283.2097;21066066.1855;7525265.1925;5349917.9074;13912104.2577;17075337.8566;11472671.3201;-8942287.8141;
2134;519219;-4746554.2872;20858328.9477;21066911.9199;7528170.5251;5352997.8223;13909720.6355;17077361.9364;11469909.6826;-8945148.3301;
2134;519220;-4743456.7033;20857374.2368;21067757.2064;7531075.6996;5356077.6234;13907336.7201;17079385.6439;11467147.8002;-8948008.6613;
2134;519221;-4740359.0200;20856419.0769;21068602.0448;7533980.7159;5359157.3107;13904952.5118;17081408.9790;11464385.6727;-8950868.8075;
2134;519222;-4737261.2371;20855463.4682;21069446.4352;7536885.5740;5362236.8840;13902568.0105;17083431.9417;11461623.3003;-8953728.7686;
2134;519223;-4734163.3549;20854507.4106;21070290.3775;7539790.2738;5365316.3434;13900183.2163;17085454.5319;11458860.6830;-8956588.5447;
2134;519224;-4731065.3733;20853550.9042;21071133.8717;7542694.8153;5368395.6888;13897798.1292;17087476.7496;11456097.8209;-8959448.1357;
2134;519225;-4727967.2925;20852593.9490;21071976.9178;7545599.1984;5371474.9200;13895412.7493;17089498.5947;11453334.7141;-8962307.5415;
2134;519226;-4724869.1124;20851636.5450;21072819.5158;7548503.4230;5374554.0371;13893027.0766;17091520.0673;11450571.3625;-8965166.7620;
2134;519227;-4721770.8333;20850678.6922;21073661.6657;7551407.4891;5377633.0400;13890641.1112;17093541.1671;11447807.7664;-8968025.7971;
2134;519228;-4718672.4550;20849720.3907;21074503.3674;7554311.3966;5380711.9285;13888254.8532;17095561.8943;11445043.9256;-8970884.6470;
2134;519229;-4715573.9777;20848761.6404;21075344.6210;7557215.1455;5383790.7027;13885868.3025;17097582.2488;11442279.8404;-8973743.3114;
2134;519230;-4712475.4015;20847802.4415;21076185.4263;7560118.7357;5386869.3625;13883481.4593;17099602.2304;11439515.5107;-8976601.7902;
2134;519231;-4709376.7265;20846842.7939;21077025.7835;7563022.1671;5389947.9078;13881094.3235;17101621.8393;11436750.9366;-8979460.0836;
2134;519232;-4706277.9526;20845882.6976;21077865.6924;7565925.4396;5393026.3385;13878706.8953;17103641.0753;11433986.1181;-8982318.1913;
2134;519233;-4703179.0799;20844922.1527;21078705.1531;7568828.5533;5396104.6546;13876319.1747;17105659.9383;11431221.0554;-8985176.1134;
2134;519234;-4700080.1086;20843961.1592;21079544.1655;7571731.5080;5399182.8560;13873931.1618;17107678.4284;11428455.7485;-8988033.8497;
2134;519235;-4696981.0387;20842999.7171;21080382.7296;7574634.3037;5402260.9426;13871542.8565;17109696.5456;11425690.1974;-8990891.4003;
2134;519236;-4693881.8702;20842037.8264;21081220.8455;7577536.9404;5405338.9145;13869154.2590;17111714.2896;11422924.4022;-8993748.7650;
2134;519237;-4690782.6032;20841075.4872;21082058.5130;7580439.4179;5408416.7714;13866765.3692;17113731.6606;11420158.3629;-8996605.9438;
2134;519238;-4687683.2378;20840112.6995;21082895.7322;7583341.7362;5411494.5134;13864376.1873;17115748.6585;11417392.0797;-8999462.9366;
2134;519239;-4684583.7740;20839149.4633;21083732.5030;7586243.8952;5414572.1403;13861986.7133;17117765.2832;11414625.5526;-9002319.7434;
2134;519240;-4681484.2120;20838185.7786;21084568.8255;7589145.8949;5417649.6522;13859596.9473;17119781.5347;11411858.7816;-9005176.3641;
2134;519241;-4678384.5517;20837221.6455;21085404.6996;7592047.7353;5420727.0490;13857206.8892;17121797.4129;11409091.7667;-9008032.7987;
2134;519242;-4675284.7933;20836257.0640;21086240.1253;7594949.4162;5423804.3305;13854816.5392;17123812.9178;11406324.5082;-9010889.0471;
2134;519243;-4672184.9368;20835292.0340;21087075.1025;7597850.9376;5426881.4967;13852425.8973;17125828.0494;11403557.0059;-9013745.1092;
2134;519244;-4669084.9822;20834326.5557;21087909.6313;7600752.2994;5429958.5476;13850034.9636;17127842.8076;11400789.2600;-9016600.9850;
2134;519245;-4665984.9297;20833360.6290;21088743.7117;7603653.5016;5433035.4831;13847643.7380;17129857.1924;11398021.2706;-9019456.6744;
2134;519246;-4662884.7793;20832394.2540;21089577.3435;7606554.5442;5436112.3031;13845252.2207;17131871.2037;11395253.0376;-9022312.1773;
2134;519247;-4659784.5310;20831427.4307;21090410.5269;7609455.4269;5439189.0076;13842860.4117;17133884.8414;11392484.5612;-9025167.4938;
2134;519248;-4656684.1850;20830460.1591;21091243.2618;7612356.1499;5442265.5965;13840468.3110;17135898.1056;11389715.8414;-9028022.6237;
2134;519249;-4653583.7413;20829492.4393;21092075.5481;7615256.7130;5445342.0697;13838075.9188;17137910.9962;11386946.8783;-9030877.5670;
2134;519250;-4650483.1999;20828524.2712;21092907.3859;7618157.1162;5448418.4271;13835683.2350;17139923.5132;11384177.6719;-9033732.3237;
2134;519251;-4647382.5610;20827555.6548;21093738.7751;7621057.3593;5451494.6688;13833290.2597;17141935.6564;11381408.2223;-9036586.8935;
2134;519252;-4644281.8245;20826586.5903;21094569.7157;7623957.4425;5454570.7946;13830896.9930;17143947.4260;11378638.5295;-9039441.2766;
2134;519253;-4641180.9906;20825617.0777;21095400.2078;7626857.3655;5457646.8044;13828503.4349;17145958.8217;11375868.5937;-9042295.4729;
2134;519254;-4638080.0594;20824647.1168;21096230.2512;7629757.1283;5460722.6983;13826109.5854;17147969.8436;11373098.4148;-9045149.4822;
2134;519255;-4634979.0308;20823676.7079;21097059.8459;7632656.7309;5463798.4761;13823715.4447;17149980.4917;11370327.9929;-9048003.3046;
2134;519256;-4631877.9050;20822705.8508;21097888.9920;7635556.1732;5466874.1377;13821321.0127;17151990.7658;11367557.3281;-9050856.9399;
2134;519257;-4628776.6819;20821734.5457;21098717.6895;7638455.4551;5469949.6832;13818926.2895;17154000.6660;11364786.4204;-9053710.3881;
2134;519258;-4625675.3618;20820762.7925;21099545.9382;7641354.5767;5473025.1124;13816531.2752;17156010.1922;11362015.2700;-9056563.6492;
2134;519259;-4622573.9446;20819790.5913;21100373.7382;7644253.5377;5476100.4253;13814135.9698;17158019.3444;11359243.8768;-9059416.7231;
2134;519260;-4619472.4305;20818817.9420;21101201.0895;7647152.3382;5479175.6217;13811740.3734;17160028.1225;11356472.2409;-9062269.6097;
2134;519261;-4616370.8194;20817844.8448;21102027.9921;7650050.9781;5482250.7018;13809344.4860;17162036.5264;11353700.3624;-9065122.3090;
2134;519262;-4613269.1115;20816871.2996;21102854.4459;7652949.4573;5485325.6653;13806948.3076;17164044.5562;11350928.2414;-9067974.8208;
2134;519263;-4610167.3067;20815897.3065;21103680.4509;7655847.7758;5488400.5122;13804551.8384;17166052.2118;11348155.8778;-9070827.1453;
2134;519264;-4607065.4053;20814922.8655;21104506.0071;7658745.9335;5491475.2424;13802155.0783;17168059.4931;11345383.2718;-9073679.2822;
2134;519265;-4603963.4072;20813947.9766;21105331.1145;7661643.9304;5494549.8560;13799758.0275;17170066.4001;11342610.4235;-9076531.2316;
2134;519266;-4600861.3125;20812972.6398;21106155.7730;7664541.7663;5497624.3527;13797360.6859;17172072.9328;11339837.3327;-9079382.9934;
2134;519267;-4597759.1212;20811996.8551;21106979.9828;7667439.4413;5500698.7327;13794963.0537;17174079.0911;11337063.9998;-9082234.5675;
2134;519268;-4594656.8335;20811020.6227;21107803.7436;7670336.9552;5503772.9956;13792565.1308;17176084.8749;11334290.4246;-9085085.9538;
2134;519269;-4591554.4494;20810043.9424;21108627.0555;7673234.3081;5506847.1417;13790166.9173;17178090.2843;11331516.6073;-9087937.1523;
2134;519270;-4588451.9690;20809066.8144;21109449.9186;7676131.4998;5509921.1706;13787768.4134;17180095.3192;11328742.5479;-9090788.1630;
2134;519271;-4585349.3923;20808089.2386;21110272.3327;7679028.5303;5512995.0825;13785369.6189;17182099.9795;11325968.2464;-9093638.9858;
2134;519272;-4582246.7194;20807111.2150;21111094.2979;7681925.3995;5516068.8772;13782970.5340;17184104.2652;11323193.7030;-9096489.6206;
2134;519273;-4579143.9503;20806132.7438;21111915.8141;7684822.1074;5519142.5546;13780571.1588;17186108.1763;11320418.9177;-9099340.0673;
2134;519274;-4576041.0852;20805153.8249;21112736.8813;7687718.6538;5522216.1147;13778171.4932;17188111.7127;11317643.8905;-9102190.3260;
2134;519275;-4572938.1241;20804174.4583;21113557.4996;7690615.0388;5525289.5575;13775771.5374;17190114.8744;11314868.6215;-9105040.3965;
2134;519276;-4569835.0670;20803194.6441;21114377.6688;7693511.2623;5528362.8828;13773371.2914;17192117.6612;11312093.1109;-9107890.2787;
2134;519277;-4566731.9141;20802214.3822;21115197.3890;7696407.3242;5531436.0906;13770970.7551;17194120.0733;11309317.3585;-9110739.9727;
2134;519278;-4563628.6653;20801233.6728;21116016.6602;7699303.2245;5534509.1809;13768569.9288;17196122.1105;11306541.3645;-9113589.4784;
2134;519279;-4560525.3208;20800252.5158;21116835.4822;7702198.9631;5537582.1535;13766168.8124;17198123.7728;11303765.1290;-9116438.7957;
2134;519280;-4557421.8806;20799270.9113;21117653.8552;7705094.5399;5540655.0084;13763767.4060;17200125.0601;11300988.6520;-9119287.9246;
2134;519281;-4554318.3448;20798288.8592;21118471.7792;7707989.9548;5543727.7456;13761365.7096;17202125.9725;11298211.9335;-9122136.8649;
2134;519282;-4551214.7135;20797306.3597;21119289.2539;7710885.2079;5546800.3649;13758963.7233;17204126.5098;11295434.9737;-9124985.6166;
2134;519283;-4548110.9866;20796323.4127;21120106.2796;7713780.2991;5549872.8663;13756561.4472;17206126.6721;11292657.7725;-9127834.1798;
2134;519284;-4545007.1644;20795340.0182;21120922.8561;7716675.2282;5552945.2498;13754158.8812;17208126.4592;11289880.3301;-9130682.5542;
2134;519285;-4541903.2468;20794356.1763;21121738.9834;7719569.9952;5556017.5152;13751756.0255;17210125.8712;11287102.6465;-9133530.7399;
2134;519286;-4538799.2339;20793371.8870;21122554.6616;7722464.6002;5559089.6626;13749352.8801;17212124.9080;11284324.7217;-9136378.7368;
2134;519287;-4535695.1257;20792387.1503;21123369.8905;7725359.0429;5562161.6917;13746949.4450;17214123.5695;11281546.5559;-9139226.5449;
2134;519288;-4532590.9224;20791401.9662;21124184.6702;7728253.3234;5565233.6027;13744545.7203;17216121.8557;11278768.1491;-9142074.1640;
2134;519289;-4529486.6241;20790416.3348;21124999.0007;7731147.4415;5568305.3954;13742141.7061;17218119.7666;11275989.5013;-9144921.5941;
2134;519290;-4526382.2307;20789430.2561;21125812.8819;7734041.3973;5571377.0697;13739737.4024;17220117.3021;11273210.6126;-9147768.8352;
2134;519291;-4523277.7423;20788443.7302;21126626.3138;7736935.1907;5574448.6256;13737332.8092;17222114.4622;11270431.4830;-9150615.8872;
2134;519292;-4520173.1590;20787456.7569;21127439.2965;7739828.8215;5577520.0630;13734927.9266;17224111.2468;11267652.1127;-9153462.7500;
2134;519293;-4517068.4809;20786469.3364;21128251.8298;7742722.2898;5580591.3819;13732522.7547;17226107.6559;11264872.5017;-9156309.4237;
2134;519294;-4513963.7081;20785481.4687;21129063.9138;7745615.5955;5583662.5822;13730117.2934;17228103.6895;11262092.6500;-9159155.9080;
2134;519295;-4510858.8405;20784493.1538;21129875.5484;7748508.7385;5586733.6638;13727711.5429;17230099.3475;11259312.5576;-9162002.2030;
2134;519296;-4507753.8783;20783504.3918;21130686.7337;7751401.7187;5589804.6266;13725305.5033;17232094.6298;11256532.2248;-9164848.3086;
2134;519297;-4504648.8215;20782515.1825;21131497.4696;7754294.5362;5592875.4706;13722899.1744;17234089.5365;11253751.6515;-9167694.2248;
2134;519298;-4501543.6702;20781525.5262;21132307.7562;7757187.1907;5595946.1958;13720492.5565;17236084.0674;11250970.8377;-9170539.9514;
2134;519299;-4498438.4245;20780535.4228;21133117.5932;7760079.6824;5599016.8020;13718085.6496;17238078.2226;11248189.7836;-9173385.4885;
2134;519300;-4495333.0844;20779544.8723;21133926.9809;7762972.0111;5602087.2892;13715678.4536;17240072.0020;11245408.4891;-9176230.8359;
2134;519301;-4492227.6500;20778553.8747;21134735.9191;7765864.1767;5605157.6573;13713270.9687;17242065.4055;11242626.9544;-9179075.9937;
2134;519302;-4489122.1214;20777562.4301;21135544.4079;7768756.1792;5608227.9063;13710863.1950;17244058.4331;11239845.1796;-9181920.9617;
2134;519303;-4486016.4985;20776570.5385;21136352.4471;7771648.0185;5611298.0361;13708455.1324;17246051.0848;11237063.1646;-9184765.7399;
2134;519304;-4482910.7816;20775578.1999;21137160.0369;7774539.6947;5614368.0466;13706046.7810;17248043.3605;11234280.9095;-9187610.3282;
2134;519305;-4479804.9706;20774585.4144;21137967.1771;7777431.2075;5617437.9378;13703638.1408;17250035.2602;11231498.4144;-9190454.7267;
2134;519306;-4476699.0656;20773592.1819;21138773.8678;7780322.5569;5620507.7096;13701229.2120;17252026.7838;11228715.6794;-9193298.9351;
2134;519307;-4473593.0667;20772598.5025;21139580.1089;7783213.7430;5623577.3619;13698819.9946;17254017.9313;11225932.7045;-9196142.9535;
2134;519308;-4470486.9740;20771604.3762;21140385.9005;7786104.7656;5626646.8947;13696410.4886;17256008.7027;11223149.4897;-9198986.7817;
2134;519309;-4467380.7874;20770609.8031;21141191.2425;7788995.6246;5629716.3079;13694000.6940;17257999.0978;11220366.0352;-9201830.4198;
2134;519310;-4464274.5072;20769614.7831;21141996.1349;7791886.3201;5632785.6015;13691590.6110;17259989.1168;11217582.3410;-9204673.8677;
2134;519311;-4461168.1333;20768619.3163;21142800.5776;7794776.8519;5635854.7753;13689180.2395;17261978.7594;11214798.4071;-9207517.1254;
2134;519312;-4458061.6657;20767623.4027;21143604.5707;7797667.2199;5638923.8293;13686769.5797;17263968.0257;11212014.2337;-9210360.1926;
2134;519313;-4454955.1047;20766627.0424;21144408.1141;7800557.4242;5641992.7635;13684358.6316;17265956.9157;11209229.8207;-9213203.0695;
2134;519314;-4451848.4502;20765630.2353;21145211.2079;7803447.4647;5645061.5777;13681947.3951;17267945.4292;11206445.1682;-9216045.7560;
2134;519315;-4448741.7023;20764632.9814;21146013.8520;7806337.3412;5648130.2720;13679535.8705;17269933.5663;11203660.2763;-9218888.2519;
2134;519316;-4445634.8611;20763635.2809;21146816.0463;7809227.0538;5651198.8462;13677124.0577;17271921.3269;11200875.1451;-9221730.5572;
2134;519317;-4442527.9266;20762637.1337;21147617.7910;7812116.6024;5654267.3003;13674711.9567;17273908.7110;11198089.7745;-9224572.6719;
2134;519318;-4439420.8989;20761638.5399;21148419.0859;7815005.9869;5657335.6342;13672299.5677;17275895.7185;11195304.1648;-9227414.5959;
2134;519319;-4436313.7781;20760639.4994;21149219.9310;7817895.2072;5660403.8479;13669886.8907;17277882.3493;11192518.3158;-9230256.3292;
2134;519320;-4433206.5642;20759640.0123;21150020.3263;7820784.2633;5663471.9413;13667473.9257;17279868.6035;11189732.2277;-9233097.8716;
2134;519321;-4430099.2574;20758640.0786;21150820.2719;7823673.1552;5666539.9143;13665060.6728;17281854.4810;11186945.9006;-9235939.2232;
2134;519322;-4426991.8575;20757639.6984;21151619.7676;7826561.8827;5669607.7668;13662647.1321;17283839.9818;11184159.3345;-9238780.3839;
2134;519323;-4423884.3648;20756638.8717;21152418.8135;7829450.4459;5672675.4988;13660233.3035;17285825.1057;11181372.5295;-9241621.3535;
2134;519324;-4420776.7793;20755637.5984;21153217.4096;7832338.8446;5675743.1103;13657819.1872;17287809.8528;11178585.4855;-9244462.1322;
2134;519325;-4417669.1011;20754635.8786;21154015.5557;7835227.0788;5678810.6011;13655404.7832;17289794.2230;11175798.2028;-9247302.7197;
2134;519326;-4414561.3301;20753633.7124;21154813.2520;7838115.1484;5681877.9712;13652990.0915;17291778.2163;11173010.6813;-9250143.1161;
2134;519327;-4411453.4666;20752631.0998;21155610.4984;7841003.0534;5684945.2206;13650575.1122;17293761.8327;11170222.9211;-9252983.3212;
2134;519328;-4408345.5105;20751628.0407;21156407.2949;7843890.7936;5688012.3491;13648159.8453;17295745.0720;11167434.9222;-9255823.3350;
2134;519329;-4405237.4619;20750624.5353;21157203.6415;7846778.3692;5691079.3567;13645744.2910;17297727.9343;11164646.6848;-9258663.1576;
2134;519330;-4402129.3210;20749620.5834;21157999.5381;7849665.7799;5694146.2433;13643328.4492;17299710.4195;11161858.2089;-9261502.7887;
2134;519331;-4399021.0876;20748616.1853;21158794.9847;7852553.0257;5697213.0090;13640912.3200;17301692.5275;11159069.4945;-9264342.2283;
2134;519332;-4395912.7620;20747611.3408;21159589.9813;7855440.1066;5700279.6535;13638495.9034;17303674.2584;11156280.5417;-9267181.4765;
2134;519333;-4392804.3442;20746606.0500;21160384.5279;7858327.0225;5703346.1768;13636079.1996;17305655.6120;11153491.3505;-9270020.5331;
2134;519334;-4389695.8342;20745600.3130;21161178.6246;7861213.7734;5706412.5790;13633662.2085;17307636.5884;11150701.9211;-9272859.3980;
2134;519335;-4386587.2321;20744594.1297;21161972.2711;7864100.3591;5709478.8598;13631244.9302;17309617.1875;11147912.2535;-9275698.0712;
2134;519336;-4383478.5380;20743587.5001;21162765.4677;7866986.7796;5712545.0193;13628827.3648;17311597.4092;11145122.3476;-9278536.5527;
2134;519337;-4380369.7520;20742580.4244;21163558.2141;7869873.0349;5715611.0574;13626409.5123;17313577.2536;11142332.2037;-9281374.8424;
2134;519338;-4377260.8740;20741572.9025;21164350.5105;7872759.1249;5718676.9740;13623991.3727;17315556.7205;11139541.8218;-9284212.9402;
2134;519339;-4374151.9042;20740564.9345;21165142.3567;7875645.0496;5721742.7690;13621572.9462;17317535.8099;11136751.2018;-9287050.8461;
2134;519340;-4371042.8427;20739556.5203;21165933.7528;7878530.8088;5724808.4424;13619154.2327;17319514.5218;11133960.3440;-9289888.5600;
2134;519341;-4367933.6895;20738547.6600;21166724.6988;7881416.4025;5727873.9941;13616735.2323;17321492.8561;11131169.2483;-9292726.0818;
2134;519342;-4364824.4446;20737538.3537;21167515.1946;7884301.8307;5730939.4241;13614315.9451;17323470.8129;11128377.9147;-9295563.4116;
2134;519343;-4361715.1082;20736528.6012;21168305.2403;7887187.0932;5734004.7323;13611896.3711;17325448.3920;11125586.3435;-9298400.5492;
2134;519344;-4358605.6802;20735518.4028;21169094.8358;7890072.1901;5737069.9186;13609476.5104;17327425.5934;11122794.5345;-9301237.4945;
2134;519345;-4355496.1609;20734507.7583;21169883.9810;7892957.1213;5740134.9829;13607056.3631;17329402.4170;11120002.4879;-9304074.2476;
2134;519346;-4352386.5501;20733496.6679;21170672.6761;7895841.8867;5743199.9253;13604635.9290;17331378.8629;11117210.2038;-9306910.8083;
2134;519347;-4349276.8481;20732485.1315;21171460.9208;7898726.4862;5746264.7455;13602215.2084;17333354.9310;11114417.6821;-9309747.1767;
2134;519348;-4346167.0548;20731473.1491;21172248.7154;7901610.9198;5749329.4437;13599794.2013;17335330.6212;11111624.9230;-9312583.3525;
2134;519349;-4343057.1704;20730460.7209;21173036.0596;7904495.1875;5752394.0196;13597372.9077;17337305.9335;11108831.9265;-9315419.3359;
2134;519350;-4339947.1948;20729447.8467;21173822.9536;7907379.2891;5755458.4732;13594951.3277;17339280.8679;11106038.6927;-9318255.1267;
2134;519351;-4336837.1282;20728434.5267;21174609.3972;7910263.2246;5758522.8046;13592529.4614;17341255.4242;11103245.2216;-9321090.7248;
2134;519352;-4333726.9706;20727420.7609;21175395.3905;7913146.9940;5761587.0135;13590107.3087;17343229.6026;11100451.5134;-9323926.1303;
2134;519353;-4330616.7222;20726406.5492;21176180.9335;7916030.5971;5764651.0999;13587684.8697;17345203.4028;11097657.5679;-9326761.3430;
2134;519354;-4327506.3828;20725391.8917;21176966.0261;7918914.0340;5767715.0639;13585262.1445;17347176.8250;11094863.3854;-9329596.3629;
2134;519355;-4324395.9527;20724376.7885;21177750.6684;7921797.3045;5770778.9052;13582839.1332;17349149.8690;11092068.9659;-9332431.1899;
2134;519356;-4321285.4319;20723361.2395;21178534.8602;7924680.4086;5773842.6239;13580415.8357;17351122.5348;11089274.3093;-9335265.8240;
2134;519357;-4318174.8204;20722345.2448;21179318.6016;7927563.3463;5776906.2198;13577992.2522;17353094.8223;11086479.4159;-9338100.2651;
2134;519358;-4315064.1183;20721328.8044;21180101.8926;7930446.1174;5779969.6930;13575568.3827;17355066.7316;11083684.2856;-9340934.5132;
2134;519359;-4311953.3257;20720311.9184;21180884.7332;7933328.7220;5783033.0433;13573144.2272;17357038.2625;11080888.9186;-9343768.5682;
2134;519360;-4308842.4427;20719294.5867;21181667.1233;7936211.1599;5786096.2706;13570719.7858;17359009.4151;11078093.3148;-9346602.4299;
2134;519361;-4305731.4693;20718276.8093;21182449.0629;7939093.4312;5789159.3750;13568295.0586;17360980.1892;11075297.4743;-9349436.0985;
2134;519362;-4302620.4055;20717258.5864;21183230.5520;7941975.5356;5792222.3564;13565870.0455;17362950.5849;11072501.3973;-9352269.5738;
2134;519363;-4299509.2515;20716239.9179;21184011.5906;7944857.4733;5795285.2146;13563444.7467;17364920.6021;11069705.0836;-9355102.8558;
2134;519364;-4296398.0073;20715220.8038;21184792.1787;7947739.2440;5798347.9496;13561019.1622;17366890.2407;11066908.5335;-9357935.9443;
2134;519365;-4293286.6730;20714201.2442;21185572.3162;7950620.8478;5801410.5614;13558593.2921;17368859.5008;11064111.7470;-9360768.8394;
2134;519366;-4290175.2486;20713181.2391;21186352.0032;7953502.2846;5804473.0499;13556167.1363;17370828.3823;11061314.7241;-9363601.5410;
2134;519367;-4287063.7342;20712160.7885;21187131.2395;7956383.5543;5807535.4150;13553740.6951;17372796.8850;11058517.4649;-9366434.0490;
2134;519368;-4283952.1299;20711139.8925;21187910.0253;7959264.6569;5810597.6567;13551313.9683;17374765.0091;11055719.9694;-9369266.3634;
2134;519369;-4280840.4357;20710118.5510;21188688.3605;7962145.5923;5813659.7749;13548886.9561;17376732.7544;11052922.2377;-9372098.4841;
2134;519370;-4277728.6517;20709096.7641;21189466.2450;7965026.3605;5816721.7694;13546459.6585;17378700.1209;11050124.2699;-9374930.4110;
2134;519371;-4274616.7780;20708074.5319;21190243.6789;7967906.9614;5819783.6404;13544032.0755;17380667.1086;11047326.0661;-9377762.1441;
2134;519372;-4271504.8146;20707051.8543;21191020.6621;7970787.3948;5822845.3876;13541604.2073;17382633.7174;11044527.6262;-9380593.6834;
2134;519373;-4268392.7617;20706028.7313;21191797.1947;7973667.6609;5825907.0111;13539176.0538;17384599.9473;11041728.9504;-9383425.0287;
2134;519374;-4265280.6191;20705005.1631;21192573.2765;7976547.7594;5828968.5108;13536747.6152;17386565.7982;11038930.0386;-9386256.1800;
2134;519375;-4262168.3871;20703981.1495;21193348.9077;7979427.6904;5832029.8865;13534318.8914;17388531.2701;11036130.8911;-9389087.1373;
2134;519376;-4259056.0657;20702956.6907;21194124.0881;7982307.4538;5835091.1383;13531889.8825;17390496.3629;11033331.5078;-9391917.9005;
2134;519377;-4255943.6550;20701931.7866;21194898.8177;7985187.0495;5838152.2660;13529460.5886;17392461.0767;11030531.8887;-9394748.4696;
2134;519378;-4252831.1550;20700906.4374;21195673.0966;7988066.4775;5841213.2697;13527031.0098;17394425.4113;11027732.0340;-9397578.8444;
2134;519379;-4249718.5657;20699880.6429;21196446.9247;7990945.7376;5844274.1492;13524601.1460;17396389.3668;11024931.9438;-9400409.0249;
2134;519380;-4246605.8874;20698854.4033;21197220.3020;7993824.8300;5847334.9045;13522170.9973;17398352.9430;11022131.6180;-9403239.0111;
2134;519381;-4243493.1199;20697827.7186;21197993.2285;7996703.7544;5850395.5355;13519740.5638;17400316.1400;11019331.0567;-9406068.8029;
2134;519382;-4240380.2634;20696800.5887;21198765.7042;7999582.5108;5853456.0421;13517309.8456;17402278.9577;11016530.2600;-9408898.4002;
2134;519383;-4237267.3180;20695773.0137;21199537.7290;8002461.0991;5856516.4243;13514878.8426;17404241.3960;11013729.2279;-9411727.8031;
2134;519384;-4234154.2837;20694744.9937;21200309.3030;8005339.5194;5859576.6820;13512447.5550;17406203.4549;11010927.9606;-9414557.0113;
2134;519385;-4231041.1606;20693716.5286;21201080.4260;8008217.7715;5862636.8152;13510015.9827;17408165.1344;11008126.4580;-9417386.0249;
2134;519386;-4227927.9487;20692687.6185;21201851.0982;8011095.8554;5865696.8238;13507584.1259;17410126.4345;11005324.7202;-9420214.8439;
2134;519387;-4224814.6482;20691658.2634;21202621.3194;8013973.7710;5868756.7077;13505151.9846;17412087.3550;11002522.7474;-9423043.4681;
2134;519388;-4221701.2590;20690628.4633;21203391.0898;8016851.5183;5871816.4668;13502719.5588;17414047.8960;10999720.5394;-9425871.8974;
2134;519389;-4218587.7812;20689598.2183;21204160.4092;8019729.0971;5874876.1012;13500286.8486;17416008.0573;10996918.0965;-9428700.1319;
2134;519390;-4215474.2150;20688567.5284;21204929.2776;8022606.5075;5877935.6106;13497853.8540;17417967.8390;10994115.4187;-9431528.1715;
2134;519391;-4212360.5604;20687536.3935;21205697.6950;8025483.7494;5880994.9951;13495420.5752;17419927.2411;10991312.5060;-9434356.0161;
2134;519392;-4209246.8173;20686504.8138;21206465.6614;8028360.8227;5884054.2546;13492987.0121;17421886.2634;10988509.3584;-9437183.6657;
2134;519393;-4206132.9860;20685472.7893;21207233.1769;8031237.7273;5887113.3891;13490553.1648;17423844.9059;10985705.9761;-9440011.1201;
2134;519394;-4203019.0665;20684440.3199;21208000.2412;8034114.4632;5890172.3984;13488119.0333;17425803.1687;10982902.3592;-9442838.3794;
2134;519395;-4199905.0588;20683407.4057;21208766.8546;8036991.0304;5893231.2825;13485684.6178;17427761.0516;10980098.5075;-9445665.4435;
2134;519396;-4196790.9630;20682374.0468;21209533.0169;8039867.4287;5896290.0414;13483249.9182;17429718.5546;10977294.4214;-9448492.3123;
2134;519397;-4193676.7792;20681340.2431;21210298.7281;8042743.6581;5899348.6749;13480814.9346;17431675.6776;10974490.1006;-9451318.9858;
2134;519398;-4190562.5074;20680305.9946;21211063.9882;8045619.7186;5902407.1830;13478379.6671;17433632.4207;10971685.5455;-9454145.4639;
2134;519399;-4187448.1477;20679271.3015;21211828.7972;8048495.6101;5905465.5656;13475944.1156;17435588.7837;10968880.7559;-9456971.7465;
2134;519400;-4184333.7001;20678236.1637;21212593.1550;8051371.3324;5908523.8228;13473508.2804;17437544.7667;10966075.7320;-9459797.8336;
2134;519401;-4181219.1648;20677200.5812;21213357.0617;8054246.8857;5911581.9543;13471072.1613;17439500.3696;10963270.4739;-9462623.7252;
2134;519402;-4178104.5418;20676164.5541;21214120.5173;8057122.2698;5914639.9602;13468635.7586;17441455.5924;10960464.9815;-9465449.4211;
2134;519403;-4174989.8312;20675128.0824;21214883.5217;8059997.4846;5917697.8404;13466199.0721;17443410.4349;10957659.2550;-9468274.9213;
2134;519404;-4171875.0329;20674091.1661;21215646.0748;8062872.5301;5920755.5947;13463762.1020;17445364.8972;10954853.2943;-9471100.2258;
2134;519405;-4168760.1472;20673053.8053;21216408.1768;8065747.4062;5923813.2233;13461324.8483;17447318.9793;10952047.0997;-9473925.3344;
2134;519406;-4165645.1740;20672015.9999;21217169.8275;8068622.1129;5926870.7259;13458887.3111;17449272.6810;10949240.6711;-9476750.2473;
2134;519407;-4162530.1135;20670977.7500;21217931.0270;8071496.6501;5929928.1025;13456449.4905;17451226.0024;10946434.0085;-9479574.9642;
2134;519408;-4159414.9656;20669939.0557;21218691.7753;8074371.0177;5932985.3531;13454011.3864;17453178.9434;10943627.1121;-9482399.4851;
2134;519409;-4156299.7305;20668899.9169;21219452.0722;8077245.2157;5936042.4776;13451572.9989;17455131.5039;10940819.9819;-9485223.8099;
2134;519410;-4153184.4082;20667860.3336;21220211.9179;8080119.2440;5939099.4759;13449134.3281;17457083.6840;10938012.6180;-9488047.9387;
2134;519411;-4150068.9988;20666820.3059;21220971.3122;8082993.1026;5942156.3479;13446695.3741;17459035.4835;10935205.0204;-9490871.8713;
2134;519412;-4146953.5023;20665779.8339;21221730.2552;8085866.7914;5945213.0937;13444256.1368;17460986.9024;10932397.1891;-9493695.6077;
2134;519413;-4143837.9189;20664738.9175;21222488.7469;8088740.3103;5948269.7130;13441816.6163;17462937.9408;10929589.1244;-9496519.1479;
2134;519414;-4140722.2485;20663697.5568;21223246.7872;8091613.6593;5951326.2060;13439376.8128;17464888.5985;10926780.8261;-9499342.4917;
2134;519415;-4137606.4913;20662655.7517;21224004.3762;8094486.8383;5954382.5724;13436936.7262;17466838.8755;10923972.2944;-9502165.6391;
2134;519416;-4134490.6473;20661613.5024;21224761.5137;8097359.8473;5957438.8123;13434496.3566;17468788.7718;10921163.5293;-9504988.5901;
2134;519417;-4131374.7165;20660570.8088;21225518.1999;8100232.6862;5960494.9256;13432055.7040;17470738.2873;10918354.5309;-9507811.3445;
2134;519418;-4128258.6992;20659527.6710;21226274.4346;8103105.3549;5963550.9121;13429614.7685;17472687.4219;10915545.2993;-9510633.9024;
2134;519419;-4125142.5952;20658484.0889;21227030.2179;8105977.8534;5966606.7719;13427173.5502;17474636.1757;10912735.8344;-9513456.2637;
2134;519420;-4122026.4047;20657440.0627;21227785.5497;8108850.1816;5969662.5048;13424732.0491;17476584.5486;10909926.1365;-9516278.4282;
2134;519421;-4118910.1277;20656395.5923;21228540.4300;8111722.3394;5972718.1109;13422290.2652;17478532.5406;10907116.2054;-9519100.3961;
2134;519422;-4115793.7643;20655350.6778;21229294.8589;8114594.3268;5975773.5900;13419848.1986;17480480.1516;10904306.0413;-9521922.1671;
2134;519423;-4112677.3147;20654305.3191;21230048.8362;8117466.1438;5978828.9421;13417405.8494;17482427.3815;10901495.6443;-9524743.7413;
2134;519424;-4109560.7787;20653259.5164;21230802.3620;8120337.7903;5981884.1671;13414963.2176;17484374.2304;10898685.0144;-9527565.1186;
2134;519425;-4106444.1565;20652213.2696;21231555.4363;8123209.2661;5984939.2650;13412520.3033;17486320.6981;10895874.1517;-9530386.2989;
2134;519426;-4103327.4483;20651166.5788;21232308.0591;8126080.5713;5987994.2356;13410077.1064;17488266.7848;10893063.0562;-9533207.2821;
2134;519427;-4100210.6539;20650119.4439;21233060.2302;8128951.7058;5991049.0790;13407633.6271;17490212.4902;10890251.7279;-9536028.0683;
2134;519428;-4097093.7735;20649071.8651;21233811.9498;8131822.6695;5994103.7950;13405189.8655;17492157.8143;10887440.1670;-9538848.6573;
2134;519429;-4093976.8072;20648023.8423;21234563.2178;8134693.4624;5997158.3836;13402745.8215;17494102.7572;10884628.3736;-9541669.0491;
2134;519430;-4090859.7551;20646975.3755;21235314.0341;8137564.0844;6000212.8447;13400301.4952;17496047.3188;10881816.3476;-9544489.2436;
2134;519431;-4087742.6171;20645926.4649;21236064.3988;8140434.5355;6003267.1783;13397856.8867;17497991.4990;10879004.0891;-9547309.2409;
2134;519432;-4084625.3934;20644877.1103;21236814.3119;8143304.8155;6006321.3843;13395411.9960;17499935.2978;10876191.5982;-9550129.0407;
2134;519433;-4081508.0840;20643827.3119;21237563.7733;8146174.9244;6009375.4626;13392966.8232;17501878.7151;10873378.8749;-9552948.6431;
2134;519434;-4078390.6890;20642777.0696;21238312.7830;8149044.8623;6012429.4131;13390521.3683;17503821.7510;10870565.9194;-9555768.0479;
2134;519435;-4075273.2085;20641726.3836;21239061.3410;8151914.6289;6015483.2359;13388075.6314;17505764.4053;10867752.7316;-9558587.2553;
2134;519436;-4072155.6425;20640675.2537;21239809.4473;8154784.2243;6018536.9308;13385629.6126;17507706.6781;10864939.3117;-9561406.2649;
2134;519437;-4069037.9910;20639623.6801;21240557.1019;8157653.6483;6021590.4978;13383183.3118;17509648.5692;10862125.6596;-9564225.0770;
2134;519438;-4065920.2543;20638571.6627;21241304.3047;8160522.9010;6024643.9367;13380736.7291;17511590.0787;10859311.7755;-9567043.6913;
2134;519439;-4062802.4322;20637519.2016;21242051.0557;8163391.9822;6027697.2476;13378289.8647;17513531.2065;10856497.6594;-9569862.1077;
2134;519440;-4059684.5249;20636466.2968;21242797.3550;8166260.8920;6030750.4304;13375842.7184;17515471.9525;10853683.3114;-9572680.3264;
2134;519441;-4056566.5325;20635412.9483;21243543.2024;8169129.6302;6033803.4850;13373395.2905;17517412.3168;10850868.7315;-9575498.3471;
2134;519442;-4053448.4550;20634359.1562;21244288.5981;8171998.1967;6036856.4114;13370947.5809;17519352.2992;10848053.9198;-9578316.1699;
2134;519443;-4050330.2925;20633304.9205;21245033.5419;8174866.5916;6039909.2094;13368499.5897;17521291.8998;10845238.8763;-9581133.7946;
2134;519444;-4047212.0450;20632250.2412;21245778.0339;8177734.8147;6042961.8790;13366051.3170;17523231.1184;10842423.6011;-9583951.2212;
2134;519445;-4044093.7126;20631195.1183;21246522.0740;8180602.8661;6046014.4202;13363602.7627;17525169.9552;10839608.0944;-9586768.4497;
2134;519446;-4040975.2954;20630139.5519;21247265.6622;8183470.7456;6049066.8328;13361153.9270;17527108.4099;10836792.3560;-9589585.4800;
2134;519447;-4037856.7935;20629083.5420;21248008.7986;8186338.4531;6052119.1169;13358704.8099;17529046.4826;10833976.3861;-9592402.3121;
2134;519448;-4034738.2068;20628027.0886;21248751.4830;8189205.9887;6055171.2724;13356255.4115;17530984.1732;10831160.1848;-9595218.9458;
2134;519449;-4031619.5356;20626970.1917;21249493.7155;8192073.3522;6058223.2991;13353805.7318;17532921.4817;10828343.7521;-9598035.3811;
2134;519450;-4028500.7797;20625912.8513;21250235.4961;8194940.5436;6061275.1970;13351355.7708;17534858.4080;10825527.0881;-9600851.6180;
2134;519451;-4025381.9394;20624855.0676;21250976.8247;8197807.5629;6064326.9662;13348905.5286;17536794.9522;10822710.1928;-9603667.6564;
2134;519452;-4022263.0147;20623796.8404;21251717.7013;8200674.4099;6067378.6064;13346455.0053;17538731.1141;10819893.0662;-9606483.4962;
2134;519453;-4019144.0055;20622738.1699;21252458.1260;8203541.0847;6070430.1176;13344004.2010;17540666.8937;10817075.7086;-9609299.1375;
2134;519454;-4016024.9121;20621679.0560;21253198.0986;8206407.5871;6073481.4998;13341553.1155;17542602.2910;10814258.1198;-9612114.5800;
2134;519455;-4012905.7345;20620619.4988;21253937.6192;8209273.9171;6076532.7529;13339101.7492;17544537.3059;10811440.3000;-9614929.8239;
2134;519456;-4009786.4727;20619559.4983;21254676.6878;8212140.0746;6079583.8768;13336650.1018;17546471.9384;10808622.2493;-9617744.8689;
2134;519457;-4006667.1268;20618499.0546;21255415.3043;8215006.0596;6082634.8715;13334198.1736;17548406.1885;10805803.9676;-9620559.7151;
2134;519458;-4003547.6968;20617438.1676;21256153.4688;8217871.8721;6085685.7370;13331745.9646;17550340.0561;10802985.4551;-9623374.3624;
2134;519459;-4000428.1829;20616376.8374;21256891.1812;8220737.5118;6088736.4730;13329293.4748;17552273.5411;10800166.7118;-9626188.8107;
2134;519460;-3997308.5851;20615315.0640;21257628.4414;8223602.9789;6091787.0796;13326840.7043;17554206.6436;10797347.7378;-9629003.0600;
2134;519461;-3994188.9034;20614252.8474;21258365.2496;8226468.2732;6094837.5568;13324387.6532;17556139.3634;10794528.5331;-9631817.1103;
2134;519462;-3991069.1380;20613190.1877;21259101.6056;8229333.3946;6097887.9044;13321934.3214;17558071.7006;10791709.0978;-9634630.9613;
2134;519463;-3987949.2888;20612127.0848;21259837.5095;8232198.3432;6100938.1223;13319480.7090;17560003.6551;10788889.4320;-9637444.6132;
2134;519464;-3984829.3560;20611063.5389;21260572.9612;8235063.1188;6103988.2106;13317026.8162;17561935.2269;10786069.5357;-9640258.0659;
2134;519465;-3981709.3397;20609999.5499;21261307.9607;8237927.7214;6107038.1691;13314572.6429;17563866.4158;10783249.4089;-9643071.3192;
2134;519466;-3978589.2398;20608935.1178;21262042.5080;8240792.1510;6110087.9978;13312118.1891;17565797.2220;10780429.0518;-9645884.3732;
2134;519467;-3975469.0565;20607870.2428;21262776.6031;8243656.4074;6113137.6967;13309663.4551;17567727.6453;10777608.4644;-9648697.2277;
2134;519468;-3972348.7898;20606804.9247;21263510.2460;8246520.4906;6116187.2656;13307208.4407;17569657.6857;10774787.6467;-9651509.8827;
2134;519469;-3969228.4397;20605739.1637;21264243.4367;8249384.4005;6119236.7045;13304753.1460;17571587.3431;10771966.5988;-9654322.3382;
2134;519470;-3966108.0065;20604672.9597;21264976.1750;8252248.1372;6122286.0133;13302297.5712;17573516.6175;10769145.3209;-9657134.5941;
2134;519471;-3962987.4900;20603606.3128;21265708.4612;8255111.7005;6125335.1919;13299841.7163;17575445.5089;10766323.8128;-9659946.6503;
2134;519472;-3959866.8904;20602539.2230;21266440.2950;8257975.0903;6128384.2404;13297385.5812;17577374.0173;10763502.0748;-9662758.5068;
2134;519473;-3956746.2078;20601471.6904;21267171.6765;8260838.3066;6131433.1586;13294929.1661;17579302.1425;10760680.1068;-9665570.1635;
2134;519474;-3953625.4422;20600403.7149;21267902.6057;8263701.3494;6134481.9465;13292472.4710;17581229.8846;10757857.9089;-9668381.6204;
2134;519475;-3950504.5937;20599335.2966;21268633.0825;8266564.2186;6137530.6040;13290015.4960;17583157.2434;10755035.4812;-9671192.8774;
2134;519476;-3947383.6623;20598266.4355;21269363.1070;8269426.9141;6140579.1310;13287558.2411;17585084.2191;10752212.8237;-9674003.9344;
2134;519477;-3944262.6481;20597197.1316;21270092.6791;8272289.4358;6143627.5274;13285100.7063;17587010.8114;10749389.9366;-9676814.7914;
2134;519478;-3941141.5512;20596127.3850;21270821.7988;8275151.7838;6146675.7933;13282642.8918;17588937.0204;10746566.8198;-9679625.4484;
2134;519479;-3938020.3717;20595057.1957;21271550.4662;8278013.9579;6149723.9286;13280184.7975;17590862.8461;10743743.4734;-9682435.9052;
2134;519480;-3934899.1095;20593986.5636;21272278.6811;8280875.9581;6152771.9331;13277726.4236;17592788.2884;10740919.8975;-9685246.1618;
2134;519481;-3931777.7648;20592915.4889;21273006.4436;8283737.7843;6155819.8068;13275267.7701;17594713.3472;10738096.0921;-9688056.2182;
2134;519482;-3928656.3377;20591843.9716;21273733.7536;8286599.4364;6158867.5497;13272808.8370;17596638.0225;10735272.0574;-9690866.0742;
2134;519483;-3925534.8282;20590772.0117;21274460.6112;8289460.9145;6161915.1616;13270349.6243;17598562.3143;10732447.7933;-9693675.7299;
2134;519484;-3922413.2363;20589699.6091;21275187.0162;8292322.2184;6164962.6426;13267890.1322;17600486.2225;10729623.2999;-9696485.1852;
2134;519485;-3919291.5622;20588626.7640;21275912.9688;8295183.3481;6168009.9925;13265430.3607;17602409.7471;10726798.5773;-9699294.4400;
2134;519486;-3916169.8058;20587553.4764;21276638.4689;8298044.3035;6171057.2113;13262970.3098;17604332.8881;10723973.6255;-9702103.4943;
2134;519487;-3913047.9674;20586479.7462;21277363.5165;8300905.0845;6174104.2989;13260509.9797;17606255.6454;10721148.4447;-9704912.3480;
2134;519488;-3909926.0468;20585405.5736;21278088.1115;8303765.6912;6177151.2553;13258049.3702;17608178.0189;10718323.0348;-9707721.0010;
2134;519489;-3906804.0443;20584330.9585;21278812.2539;8306626.1234;6180198.0804;13255588.4816;17610100.0086;10715497.3959;-9710529.4533;
2134;519490;-3903681.9598;20583255.9009;21279535.9438;8309486.3811;6183244.7742;13253127.3138;17612021.6146;10712671.5281;-9713337.7048;
2134;519491;-3900559.7935;20582180.4009;21280259.1811;8312346.4642;6186291.3364;13250665.8669;17613942.8367;10709845.4315;-9716145.7555;
2134;519492;-3897437.5453;20581104.4586;21280981.9657;8315206.3726;6189337.7672;13248204.1410;17615863.6748;10707019.1060;-9718953.6053;
2134;519493;-3894315.2154;20580028.0739;21281704.2978;8318066.1063;6192384.0664;13245742.1360;17617784.1291;10704192.5518;-9721761.2542;
2134;519494;-3891192.8039;20578951.2468;21282426.1772;8320925.6653;6195430.2340;13243279.8521;17619704.1993;10701365.7690;-9724568.7021;
2134;519495;-3888070.3107;20577873.9774;21283147.6040;8323785.0495;6198476.2699;13240817.2894;17621623.8855;10698538.7575;-9727375.9489;
2134;519496;-3884947.7360;20576796.2658;21283868.5781;8326644.2588;6201522.1741;13238354.4478;17623543.1877;10695711.5175;-9730182.9946;
2134;519497;-3881825.0798;20575718.1118;21284589.0995;8329503.2931;6204567.9464;13235891.3274;17625462.1057;10692884.0490;-9732989.8391;
2134;519498;-3878702.3422;20574639.5157;21285309.1682;8332362.1524;6207613.5868;13233427.9283;17627380.6396;10690056.3520;-9735796.4823;
2134;519499;-3875579.5232;20573560.4773;21286028.7842;8335220.8367;6210659.0953;13230964.2504;17629298.7894;10687228.4267;-9738602.9243;
2134;519500;-3872456.6230;20572480.9968;21286747.9475;8338079.3458;6213704.4717;13228500.2940;17631216.5548;10684400.2730;-9741409.1649;
2134;519501;-3869333.6415;20571401.0740;21287466.6580;8340937.6797;6216749.7161;13226036.0590;17633133.9360;10681571.8912;-9744215.2041;
2134;519502;-3866210.5789;20570320.7092;21288184.9158;8343795.8384;6219794.8283;13223571.5455;17635050.9329;10678743.2811;-9747021.0418;
2134;519503;-3863087.4352;20569239.9022;21288902.7208;8346653.8218;6222839.8083;13221106.7535;17636967.5455;10675914.4429;-9749826.6780;
2134;519504;-3859964.2105;20568158.6532;21289620.0730;8349511.6298;6225884.6560;13218641.6831;17638883.7736;10673085.3766;-9752632.1127;
2134;519505;-3856840.9049;20567076.9621;21290336.9724;8352369.2624;6228929.3714;13216176.3343;17640799.6173;10670256.0823;-9755437.3456;
2134;519506;-3853717.5183;20565994.8290;21291053.4189;8355226.7195;6231973.9544;13213710.7072;17642715.0765;10667426.5600;-9758242.3769;
2134;519507;-3850594.0510;20564912.2538;21291769.4127;8358084.0011;6235018.4049;13211244.8018;17644630.1512;10664596.8099;-9761047.2064;
2134;519508;-3847470.5028;20563829.2367;21292484.9535;8360941.1070;6238062.7228;13208778.6182;17646544.8414;10661766.8319;-9763851.8341;
2134;519509;-3844346.8740;20562745.7776;21293200.0415;8363798.0373;6241106.9082;13206312.1565;17648459.1469;10658936.6262;-9766656.2599;
2134;519510;-3841223.1646;20561661.8766;21293914.6766;8366654.7918;6244150.9609;13203845.4167;17650373.0678;10656106.1928;-9769460.4838;
2134;519511;-3838099.3746;20560577.5337;21294628.8589;8369511.3706;6247194.8809;13201378.3988;17652286.6040;10653275.5317;-9772264.5057;
2134;519512;-3834975.5041;20559492.7489;21295342.5882;8372367.7735;6250238.6680;13198911.1029;17654199.7555;10650444.6430;-9775068.3255;
2134;519513;-3831851.5532;20558407.5222;21296055.8645;8375224.0005;6253282.3224;13196443.5291;17656112.5222;10647613.5268;-9777871.9432;
2134;519514;-3828727.5219;20557321.8537;21296768.6880;8378080.0515;6256325.8437;13193975.6773;17658024.9041;10644782.1831;-9780675.3588;
2134;519515;-3825603.4104;20556235.7434;21297481.0584;8380935.9265;6259369.2321;13191507.5478;17659936.9012;10641950.6121;-9783478.5721;
2134;519516;-3822479.2185;20555149.1914;21298192.9759;8383791.6254;6262412.4875;13189039.1404;17661848.5134;10639118.8137;-9786281.5831;
2134;519517;-3819354.9466;20554062.1975;21298904.4404;8386647.1481;6265455.6097;13186570.4553;17663759.7406;10636286.7880;-9789084.3918;
2134;519518;-3816230.5945;20552974.7620;21299615.4519;8389502.4947;6268498.5987;13184101.4926;17665670.5829;10633454.5350;-9791886.9981;
2134;519519;-3813106.1624;20551886.8847;21300326.0104;8392357.6649;6271541.4545;13181632.2521;17667581.0401;10630622.0550;-9794689.4019;
2134;519520;-3809981.6503;20550798.5658;21301036.1158;8395212.6589;6274584.1770;13179162.7342;17669491.1123;10627789.3478;-9797491.6032;
2134;519521;-3806857.0584;20549709.8052;21301745.7682;8398067.4764;6277626.7661;13176692.9386;17671400.7994;10624956.4135;-9800293.6020;
2134;519522;-3803732.3865;20548620.6030;21302454.9675;8400922.1175;6280669.2217;13174222.8656;17673310.1014;10622123.2523;-9803095.3981;
2134;519523;-3800607.6350;20547530.9592;21303163.7137;8403776.5821;6283711.5439;13171752.5152;17675219.0182;10619289.8642;-9805896.9915;
2134;519524;-3797482.8037;20546440.8738;21303872.0068;8406630.8700;6286753.7324;13169281.8875;17677127.5498;10616456.2492;-9808698.3822;
2134;519525;-3794357.8928;20545350.3469;21304579.8468;8409484.9814;6289795.7874;13166810.9824;17679035.6961;10613622.4074;-9811499.5700;
2134;519526;-3791232.9023;20544259.3785;21305287.2337;8412338.9161;6292837.7086;13164339.8000;17680943.4571;10610788.3389;-9814300.5550;
2134;519527;-3788107.8322;20543167.9685;21305994.1674;8415192.6740;6295879.4961;13161868.3404;17682850.8327;10607954.0437;-9817101.3371;
2134;519528;-3784982.6828;20542076.1171;21306700.6479;8418046.2551;6298921.1497;13159396.6037;17684757.8230;10605119.5219;-9819901.9161;
2134;519529;-3781857.4540;20540983.8243;21307406.6753;8420899.6593;6301962.6694;13156924.5898;17686664.4279;10602284.7735;-9822702.2922;
2134;519530;-3778732.1458;20539891.0900;21308112.2495;8423752.8866;6305004.0552;13154452.2989;17688570.6473;10599449.7986;-9825502.4651;
2134;519531;-3775606.7584;20538797.9143;21308817.3705;8426605.9369;6308045.3069;13151979.7311;17690476.4811;10596614.5973;-9828302.4349;
2134;519532;-3772481.2919;20537704.2973;21309522.0383;8429458.8101;6311086.4246;13149506.8862;17692381.9295;10593779.1696;-9831102.2015;
2134;519533;-3769355.7462;20536610.2389;21310226.2528;8432311.5062;6314127.4081;13147033.7645;17694286.9922;10590943.5156;-9833901.7647;
2134;519534;-3766230.1215;20535515.7392;21310930.0141;8435164.0252;6317168.2574;13144560.3659;17696191.6694;10588107.6353;-9836701.1247;
2134;519535;-3763104.4177;20534420.7982;21311633.3221;8438016.3669;6320208.9724;13142086.6905;17698095.9608;10585271.5289;-9839500.2813;
2134;519536;-3759978.6351;20533325.4159;21312336.1768;8440868.5313;6323249.5530;13139612.7384;17699999.8665;10582435.1963;-9842299.2344;
2134;519537;-3756852.7736;20532229.5924;21313038.5783;8443720.5183;6326289.9992;13137138.5096;17701903.3865;10579598.6376;-9845097.9840;
2134;519538;-3753726.8334;20531133.3277;21313740.5264;8446572.3279;6329330.3110;13134664.0041;17703806.5207;10576761.8530;-9847896.5301;
2134;519539;-3750600.8144;20530036.6218;21314442.0212;8449423.9601;6332370.4882;13132189.2221;17705709.2691;10573924.8423;-9850694.8725;
2134;519540;-3747474.7167;20528939.4747;21315143.0626;8452275.4147;6335410.5308;13129714.1636;17707611.6316;10571087.6058;-9853493.0113;
2134;519541;-3744348.5405;20527841.8865;21315843.6507;8455126.6917;6338450.4387;13127238.8285;17709513.6082;10568250.1435;-9856290.9463;
2134;519542;-3741222.2857;20526743.8572;21316543.7854;8457977.7911;6341490.2119;13124763.2171;17711415.1988;10565412.4554;-9859088.6775;
2134;519543;-3738095.9525;20525645.3868;21317243.4667;8460828.7127;6344529.8503;13122287.3293;17713316.4034;10562574.5416;-9861886.2049;
2134;519544;-3734969.5409;20524546.4753;21317942.6946;8463679.4566;6347569.3538;13119811.1651;17715217.2220;10559736.4021;-9864683.5283;
2134;519545;-3731843.0510;20523447.1228;21318641.4691;8466530.0226;6350608.7224;13117334.7247;17717117.6545;10556898.0370;-9867480.6478;
2134;519546;-3728716.4828;20522347.3293;21319339.7902;8469380.4107;6353647.9560;13114858.0081;17719017.7008;10554059.4465;-9870277.5632;
2134;519547;-3725589.8364;20521247.0949;21320037.6578;8472230.6209;6356687.0545;13112381.0154;17720917.3611;10551220.6304;-9873074.2746;
2134;519548;-3722463.1119;20520146.4194;21320735.0720;8475080.6530;6359726.0179;13109903.7465;17722816.6351;10548381.5890;-9875870.7818;
2134;519549;-3719336.3093;20519045.3030;21321432.0326;8477930.5071;6362764.8462;13107426.2015;17724715.5229;10545542.3222;-9878667.0849;
2134;519550;-3716209.4287;20517943.7458;21322128.5398;8480780.1830;6365803.5391;13104948.3806;17726614.0243;10542702.8301;-9881463.1836;
2134;519551;-3713082.4702;20516841.7476;21322824.5935;8483629.6807;6368842.0968;13102470.2837;17728512.1395;10539863.1128;-9884259.0781;
2134;519552;-3709955.4339;20515739.3086;21323520.1936;8486479.0002;6371880.5190;13099991.9109;17730409.8683;10537023.1703;-9887054.7681;
2134;519553;-3706828.3197;20514636.4288;21324215.3403;8489328.1413;6374918.8058;13097513.2623;17732307.2107;10534183.0028;-9889850.2537;
2134;519554;-3703701.1278;20513533.1081;21324910.0333;8492177.1040;6377956.9571;13095034.3379;17734204.1667;10531342.6102;-9892645.5349;
2134;519555;-3700573.8582;20512429.3467;21325604.2728;8495025.8884;6380994.9728;13092555.1377;17736100.7361;10528501.9926;-9895440.6115;
2134;519556;-3697446.5110;20511325.1446;21326298.0587;8497874.4942;6384032.8529;13090075.6619;17737996.9191;10525661.1501;-9898235.4834;
2134;519557;-3694319.0863;20510220.5017;21326991.3910;8500722.9214;6387070.5973;13087595.9104;17739892.7154;10522820.0827;-9901030.1508;
2134;519558;-3691191.5841;20509115.4181;21327684.2697;8503571.1701;6390108.2059;13085115.8833;17741788.1252;10519978.7906;-9903824.6133;
2134;519559;-3688064.0045;20508009.8938;21328376.6947;8506419.2400;6393145.6786;13082635.5808;17743683.1483;10517137.2737;-9906618.8711;
2134;519560;-3684936.3476;20506903.9289;21329068.6661;8509267.1312;6396183.0155;13080155.0027;17745577.7847;10514295.5321;-9909412.9241;
2134;519561;-3681808.6133;20505797.5234;21329760.1839;8512114.8436;6399220.2164;13077674.1492;17747472.0344;10511453.5659;-9912206.7722;
2134;519562;-3678680.8019;20504690.6773;21330451.2480;8514962.3772;6402257.2812;13075193.0204;17749365.8973;10508611.3752;-9915000.4153;
2134;519563;-3675552.9133;20503583.3906;21331141.8583;8517809.7318;6405294.2100;13072711.6162;17751259.3734;10505768.9599;-9917793.8534;
2134;519564;-3672424.9477;20502475.6634;21331832.0150;8520656.9074;6408331.0026;13070229.9367;17753152.4626;10502926.3203;-9920587.0864;
2134;519565;-3669296.9050;20501367.4957;21332521.7180;8523503.9040;6411367.6589;13067747.9821;17755045.1650;10500083.4562;-9923380.1143;
2134;519566;-3666168.7854;20500258.8874;21333210.9672;8526350.7215;6414404.1790;13065265.7523;17756937.4804;10497240.3679;-9926172.9370;
2134;519567;-3663040.5889;20499149.8387;21333899.7627;8529197.3598;6417440.5628;13062783.2474;17758829.4088;10494397.0553;-9928965.5544;
2134;519568;-3659912.3156;20498040.3496;21334588.1044;8532043.8189;6420476.8101;13060300.4674;17760720.9503;10491553.5185;-9931757.9666;
2134;519569;-3656783.9656;20496930.4201;21335275.9924;8534890.0987;6423512.9209;13057817.4124;17762612.1046;10488709.7576;-9934550.1734;
2134;519570;-3653655.5389;20495820.0501;21335963.4265;8537736.1992;6426548.8952;13055334.0825;17764502.8719;10485865.7726;-9937342.1747;
2134;519571;-3650527.0355;20494709.2399;21336650.4069;8540582.1203;6429584.7329;13052850.4777;17766393.2520;10483021.5636;-9940133.9706;
2134;519572;-3647398.4556;20493597.9892;21337336.9334;8543427.8619;6432620.4339;13050366.5981;17768283.2450;10480177.1306;-9942925.5610;
2134;519573;-3644269.7992;20492486.2983;21338023.0061;8546273.4240;6435655.9981;13047882.4436;17770172.8507;10477332.4738;-9945716.9457;
2134;519574;-3641141.0664;20491374.1671;21338708.6249;8549118.8065;6438691.4256;13045398.0144;17772062.0692;10474487.5931;-9948508.1248;
2134;519575;-3638012.2572;20490261.5956;21339393.7898;8551964.0094;6441726.7162;13042913.3106;17773950.9003;10471642.4887;-9951299.0982;
2134;519576;-3634883.3718;20489148.5839;21340078.5009;8554809.0325;6444761.8698;13040428.3321;17775839.3442;10468797.1606;-9954089.8658;
2134;519577;-3631754.4101;20488035.1320;21340762.7581;8557653.8759;6447796.8864;13037943.0790;17777727.4006;10465951.6088;-9956880.4276;
2134;519578;-3628625.3723;20486921.2400;21341446.5614;8560498.5395;6450831.7660;13035457.5514;17779615.0696;10463105.8335;-9959670.7836;
2134;519579;-3625496.2583;20485806.9077;21342129.9107;8563343.0232;6453866.5085;13032971.7493;17781502.3512;10460259.8346;-9962460.9335;
2134;519580;-3622367.0684;20484692.1354;21342812.8061;8566187.3269;6456901.1137;13030485.6728;17783389.2452;10457413.6123;-9965250.8775;
2134;519581;-3619237.8025;20483576.9229;21343495.2475;8569031.4506;6459935.5817;13027999.3220;17785275.7517;10454567.1666;-9968040.6154;
2134;519582;-3616108.4607;20482461.2704;21344177.2350;8571875.3943;6462969.9124;13025512.6968;17787161.8707;10451720.4975;-9970830.1472;
2134;519583;-3612979.0430;20481345.1778;21344858.7685;8574719.1578;6466004.1057;13023025.7974;17789047.6020;10448873.6052;-9973619.4729;
2134;519584;-3609849.5496;20480228.6453;21345539.8480;8577562.7412;6469038.1615;13020538.6237;17790932.9456;10446026.4896;-9976408.5923;
2134;519585;-3606719.9805;20479111.6727;21346220.4735;8580406.1443;6472072.0799;13018051.1759;17792817.9015;10443179.1509;-9979197.5054;
2134;519586;-3603590.3358;20477994.2601;21346900.6449;8583249.3671;6475105.8606;13015563.4540;17794702.4697;10440331.5891;-9981986.2121;
2134;519587;-3600460.6155;20476876.4076;21347580.3623;8586092.4096;6478139.5037;13013075.4581;17796586.6501;10437483.8042;-9984774.7125;
2134;519588;-3597330.8197;20475758.1152;21348259.6256;8588935.2716;6481173.0091;13010587.1881;17798470.4427;10434635.7964;-9987563.0064;
2134;519589;-3594200.9485;20474639.3829;21348938.4349;8591777.9531;6484206.3767;13008098.6442;17800353.8473;10431787.5657;-9990351.0937;
2134;519590;-3591071.0019;20473520.2108;21349616.7901;8594620.4541;6487239.6065;13005609.8265;17802236.8641;10428939.1121;-9993138.9745;
2134;519591;-3587940.9800;20472400.5988;21350294.6912;8597462.7745;6490272.6983;13003120.7348;17804119.4930;10426090.4357;-9995926.6487;
2134;519592;-3584810.8828;20471280.5470;21350972.1381;8600304.9142;6493305.6522;13000631.3694;17806001.7338;10423241.5366;-9998714.1161;
2134;519593;-3581680.7105;20470160.0554;21351649.1309;8603146.8732;6496338.4681;12998141.7303;17807883.5866;10420392.4148;-10001501.3769;
2134;519594;-3578550.4631;20469039.1240;21352325.6696;8605988.6514;6499371.1459;12995651.8175;17809765.0514;10417543.0705;-10004288.4308;
2134;519595;-3575420.1406;20467917.7530;21353001.7541;8608830.2488;6502403.6855;12993161.6310;17811646.1280;10414693.5035;-10007075.2778;
2134;519596;-3572289.7432;20466795.9422;21353677.3845;8611671.6652;6505436.0869;12990671.1710;17813526.8165;10411843.7141;-10009861.9179;
2134;519597;-3569159.2709;20465673.6917;21354352.5606;8614512.9007;6508468.3500;12988180.4374;17815407.1168;10408993.7023;-10012648.3510;
2134;519598;-3566028.7237;20464551.0016;21355027.2826;8617353.9552;6511500.4747;12985689.4304;17817287.0288;10406143.4681;-10015434.5771;
2134;519599;-3562898.1017;20463427.8718;21355701.5503;8620194.8285;6514532.4610;12983198.1500;17819166.5526;10403293.0116;-10018220.5961;
2134;519600;-3559767.4051;20462304.3025;21356375.3638;8623035.5208;6517564.3088;12980706.5962;17821045.6881;10400442.3328;-10021006.4079;
2134;519601;-3556636.6337;20461180.2936;21357048.7230;8625876.0318;6520596.0181;12978214.7691;17822924.4352;10397591.4319;-10023792.0125;
2134;519602;-3553505.7878;20460055.8451;21357721.6280;8628716.3616;6523627.5888;12975722.6688;17824802.7939;10394740.3088;-10026577.4098;
2134;519603;-3550374.8674;20458930.9571;21358394.0787;8631556.5100;6526659.0208;12973230.2952;17826680.7642;10391888.9637;-10029362.5998;
2134;519604;-3547243.8726;20457805.6296;21359066.0751;8634396.4771;6529690.3140;12970737.6485;17828558.3460;10389037.3966;-10032147.5824;
2134;519605;-3544112.8033;20456679.8627;21359737.6172;8637236.2627;6532721.4685;12968244.7287;17830435.5393;10386185.6076;-10034932.3576;
2134;519606;-3540981.6598;20455553.6563;21360408.7050;8640075.8668;6535752.4841;12965751.5358;17832312.3441;10383333.5967;-10037716.9253;
2134;519607;-3537850.4420;20454427.0105;21361079.3384;8642915.2893;6538783.3607;12963258.0700;17834188.7602;10380481.3639;-10040501.2854;
2134;519608;-3534719.1500;20453299.9253;21361749.5175;8645754.5302;6541814.0983;12960764.3312;17836064.7877;10377628.9094;-10043285.4379;
2134;519609;-3531587.7839;20452172.4007;21362419.2422;8648593.5894;6544844.6969;12958270.3196;17837940.4266;10374776.2333;-10046069.3827;
2134;519610;-3528456.3437;20451044.4368;21363088.5126;8651432.4669;6547875.1563;12955776.0351;17839815.6767;10371923.3354;-10048853.1197;
2134;519611;-3525324.8296;20449916.0336;21363757.3285;8654271.1626;6550905.4766;12953281.4778;17841690.5380;10369070.2161;-10051636.6490;
2134;519612;-3522193.2415;20448787.1911;21364425.6901;8657109.6764;6553935.6576;12950786.6478;17843565.0106;10366216.8752;-10054419.9704;
2134;519613;-3519061.5796;20447657.9094;21365093.5972;8659948.0083;6556965.6993;12948291.5451;17845439.0943;10363363.3128;-10057203.0839;
2134;519614;-3515929.8438;20446528.1884;21365761.0499;8662786.1582;6559995.6015;12945796.1698;17847312.7892;10360509.5291;-10059985.9895;
2134;519615;-3512798.0344;20445398.0282;21366428.0481;8665624.1260;6563025.3644;12943300.5219;17849186.0951;10357655.5240;-10062768.6870;
2134;519616;-3509666.1513;20444267.4289;21367094.5919;8668461.9118;6566054.9877;12940804.6016;17851059.0121;10354801.2977;-10065551.1765;
2134;519617;-3506534.1946;20443136.3904;21367760.6811;8671299.5153;6569084.4714;12938308.4087;17852931.5400;10351946.8501;-10068333.4578;
2134;519618;-3503402.1644;20442004.9127;21368426.3159;8674136.9367;6572113.8155;12935811.9435;17854803.6790;10349092.1815;-10071115.5309;
2134;519619;-3500270.0607;20440872.9960;21369091.4962;8676974.1758;6575143.0199;12933315.2058;17856675.4288;10346237.2917;-10073897.3957;
2134;519620;-3497137.8836;20439740.6402;21369756.2220;8679811.2325;6578172.0845;12930818.1959;17858546.7896;10343382.1809;-10076679.0523;
2134;519621;-3494005.6332;20438607.8453;21370420.4932;8682648.1068;6581201.0092;12928320.9138;17860417.7611;10340526.8492;-10079460.5004;
2134;519622;-3490873.3095;20437474.6115;21371084.3099;8685484.7987;6584229.7941;12925823.3594;17862288.3435;10337671.2965;-10082241.7402;
2134;519623;-3487740.9126;20436340.9386;21371747.6719;8688321.3080;6587258.4390;12923325.5329;17864158.5367;10334815.5230;-10085022.7714;
2134;519624;-3484608.4426;20435206.8268;21372410.5795;8691157.6347;6590286.9439;12920827.4343;17866028.3405;10331959.5288;-10087803.5941;
2134;519625;-3481475.8996;20434072.2760;21373073.0324;8693993.7788;6593315.3086;12918329.0637;17867897.7551;10329103.3138;-10090584.2082;
2134;519626;-3478343.2835;20432937.2863;21373735.0307;8696829.7402;6596343.5332;12915830.4211;17869766.7802;10326246.8781;-10093364.6137;
2134;519627;-3475210.5945;20431801.8577;21374396.5744;8699665.5189;6599371.6176;12913331.5066;17871635.4160;10323390.2219;-10096144.8104;
2134;519628;-3472077.8326;20430665.9903;21375057.6634;8702501.1147;6602399.5617;12910832.3201;17873503.6623;10320533.3451;-10098924.7983;
2134;519629;-3468944.9979;20429529.6840;21375718.2978;8705336.5276;6605427.3654;12908332.8619;17875371.5192;10317676.2479;-10101704.5775;
2134;519630;-3465812.0905;20428392.9390;21376378.4776;8708171.7576;6608455.0288;12905833.1319;17877238.9865;10314818.9302;-10104484.1477;
2134;519631;-3462679.1104;20427255.7551;21377038.2026;8711006.8045;6611482.5516;12903333.1301;17879106.0643;10311961.3922;-10107263.5090;
2134;519632;-3459546.0577;20426118.1325;21377697.4730;8713841.6685;6614509.9339;12900832.8567;17880972.7525;10309103.6339;-10110042.6612;
2134;519633;-3456412.9325;20424980.0712;21378356.2886;8716676.3492;6617537.1756;12898332.3117;17882839.0510;10306245.6554;-10112821.6045;
2134;519634;-3453279.7348;20423841.5712;21379014.6495;8719510.8468;6620564.2766;12895831.4952;17884704.9599;10303387.4567;-10115600.3385;
2134;519635;-3450146.4647;20422702.6325;21379672.5557;8722345.1612;6623591.2368;12893330.4071;17886570.4790;10300529.0379;-10118378.8635;
2134;519636;-3447013.1222;20421563.2551;21380330.0071;8725179.2922;6626618.0563;12890829.0476;17888435.6084;10297670.3991;-10121157.1791;
2134;519637;-3443879.7075;20420423.4392;21380987.0038;8728013.2399;6629644.7349;12888327.4166;17890300.3479;10294811.5403;-10123935.2855;
2134;519638;-3440746.2205;20419283.1846;21381643.5457;8730847.0042;6632671.2725;12885825.5143;17892164.6977;10291952.4615;-10126713.1825;
2134;519639;-3437612.6614;20418142.4915;21382299.6328;8733680.5850;6635697.6692;12883323.3408;17894028.6575;10289093.1629;-10129490.8701;
2134;519640;-3434479.0303;20417001.3598;21382955.2650;8736513.9822;6638723.9248;12880820.8960;17895892.2274;10286233.6445;-10132268.3483;
2134;519641;-3431345.3271;20415859.7896;21383610.4425;8739347.1959;6641750.0392;12878318.1800;17897755.4074;10283373.9064;-10135045.6169;
2134;519642;-3428211.5519;20414717.7810;21384265.1651;8742180.2258;6644776.0125;12875815.1928;17899618.1973;10280513.9485;-10137822.6760;
2134;519643;-3425077.7049;20413575.3338;21384919.4329;8745013.0721;6647801.8445;12873311.9346;17901480.5973;10277653.7711;-10140599.5254;
2134;519644;-3421943.7861;20412432.4483;21385573.2458;8747845.7345;6650827.5352;12870808.4054;17903342.6071;10274793.3741;-10143376.1651;
2134;519645;-3418809.7955;20411289.1243;21386226.6038;8750678.2132;6653853.0845;12868304.6052;17905204.2268;10271932.7576;-10146152.5950;
2134;519646;-3415675.7332;20410145.3620;21386879.5069;8753510.5079;6656878.4924;12865800.5340;17907065.4564;10269071.9217;-10148928.8152;
2134;519647;-3412541.5994;20409001.1613;21387531.9551;8756342.6186;6659903.7587;12863296.1920;17908926.2957;10266210.8664;-10151704.8254;
2134;519648;-3409407.3939;20407856.5222;21388183.9484;8759174.5454;6662928.8835;12860791.5792;17910786.7448;10263349.5917;-10154480.6257;
2134;519649;-3406273.1170;20406711.4449;21388835.4868;8762006.2880;6665953.8666;12858286.6956;17912646.8036;10260488.0979;-10157256.2161;
2134;519650;-3403138.7687;20405565.9293;21389486.5702;8764837.8465;6668978.7081;12855781.5413;17914506.4722;10257626.3848;-10160031.5964;
2134;519651;-3400004.3489;20404419.9755;21390137.1986;8767669.2209;6672003.4077;12853276.1164;17916365.7503;10254764.4526;-10162806.7666;
2134;519652;-3396869.8580;20403273.5834;21390787.3721;8770500.4109;6675027.9655;12850770.4208;17918224.6380;10251902.3014;-10165581.7266;
2134;519653;-3393735.2957;20402126.7532;21391437.0905;8773331.4166;6678052.3815;12848264.4547;17920083.1353;10249039.9311;-10168356.4765;
2134;519654;-3390600.6624;20400979.4848;21392086.3540;8776162.2380;6681076.6554;12845758.2181;17921941.2422;10246177.3419;-10171131.0160;
2134;519655;-3387465.9579;20399831.7782;21392735.1624;8778992.8749;6684100.7873;12843251.7111;17923798.9585;10243314.5339;-10173905.3452;
2134;519656;-3384331.1824;20398683.6335;21393383.5159;8781823.3273;6687124.7772;12840744.9337;17925656.2842;10240451.5070;-10176679.4641;
2134;519657;-3381196.3360;20397535.0508;21394031.4142;8784653.5951;6690148.6249;12838237.8859;17927513.2194;10237588.2613;-10179453.3725;
2134;519658;-3378061.4186;20396386.0300;21394678.8575;8787483.6783;6693172.3303;12835730.5679;17929369.7639;10234724.7969;-10182227.0703;
2134;519659;-3374926.4304;20395236.5711;21395325.8457;8790313.5769;6696195.8935;12833222.9796;17931225.9177;10231861.1139;-10185000.5577;
2134;519660;-3371791.3715;20394086.6743;21395972.3789;8793143.2907;6699219.3143;12830715.1212;17933081.6808;10228997.2124;-10187773.8343;
2134;519661;-3368656.2419;20392936.3395;21396618.4569;8795972.8197;6702242.5927;12828206.9926;17934937.0531;10226133.0923;-10190546.9004;
2134;519662;-3365521.0416;20391785.5667;21397264.0798;8798802.1638;6705265.7286;12825698.5939;17936792.0346;10223268.7537;-10193319.7556;
2134;519663;-3362385.7708;20390634.3560;21397909.2476;8801631.3231;6708288.7220;12823189.9253;17938646.6253;10220404.1968;-10196092.4001;
2134;519664;-3359250.4294;20389482.7074;21398553.9602;8804460.2973;6711311.5728;12820680.9867;17940500.8252;10217539.4215;-10198864.8338;
2134;519665;-3356115.0177;20388330.6209;21399198.2176;8807289.0865;6714334.2809;12818171.7781;17942354.6341;10214674.4279;-10201637.0565;
2134;519666;-3352979.5355;20387178.0966;21399842.0199;8810117.6906;6717356.8463;12815662.2997;17944208.0520;10211809.2162;-10204409.0683;
2134;519667;-3349843.9831;20386025.1345;21400485.3670;8812946.1096;6720379.2689;12813152.5516;17946061.0789;10208943.7863;-10207180.8690;
2134;519668;-3346708.3604;20384871.7346;21401128.2589;8815774.3433;6723401.5486;12810642.5336;17947913.7148;10206078.1383;-10209952.4587;
2134;519669;-3343572.6676;20383717.8969;21401770.6956;8818602.3917;6726423.6853;12808132.2460;17949765.9597;10203212.2723;-10212723.8372;
2134;519670;-3340436.9047;20382563.6215;21402412.6771;8821430.2549;6729445.6791;12805621.6887;17951617.8134;10200346.1883;-10215495.0045;
2134;519671;-3337301.0717;20381408.9084;21403054.2033;8824257.9326;6732467.5299;12803110.8618;17953469.2759;10197479.8864;-10218265.9606;
2134;519672;-3334165.1687;20380253.7576;21403695.2742;8827085.4248;6735489.2375;12800599.7654;17955320.3473;10194613.3667;-10221036.7054;
2134;519673;-3331029.1959;20379098.1691;21404335.8899;8829912.7316;6738510.8019;12798088.3995;17957171.0274;10191746.6292;-10223807.2388;
2134;519674;-3327893.1532;20377942.1431;21404976.0503;8832739.8527;6741532.2230;12795576.7642;17959021.3162;10188879.6739;-10226577.5607;
2134;519675;-3324757.0407;20376785.6794;21405615.7554;8835566.7883;6744553.5009;12793064.8595;17960871.2137;10186012.5011;-10229347.6712;
2134;519676;-3321620.8585;20375628.7781;21406255.0052;8838393.5381;6747574.6354;12790552.6855;17962720.7199;10183145.1106;-10232117.5702;
2134;519677;-3318484.6067;20374471.4393;21406893.7996;8841220.1022;6750595.6264;12788040.2422;17964569.8347;10180277.5026;-10234887.2575;
2134;519678;-3315348.2853;20373313.6630;21407532.1387;8844046.4804;6753616.4739;12785527.5297;17966418.5580;10177409.6771;-10237656.7332;
2134;519679;-3312211.8943;20372155.4492;21408170.0225;8846872.6728;6756637.1779;12783014.5480;17968266.8898;10174541.6342;-10240425.9972;
2134;519680;-3309075.4340;20370996.7979;21408807.4509;8849698.6793;6759657.7382;12780501.2972;17970114.8302;10171673.3739;-10243195.0494;
2134;519681;-3305938.9042;20369837.7092;21409444.4239;8852524.4997;6762678.1548;12777987.7774;17971962.3789;10168804.8964;-10245963.8898;
2134;519682;-3302802.3052;20368678.1831;21410080.9415;8855350.1341;6765698.4277;12775473.9886;17973809.5361;10165936.2016;-10248732.5183;
2134;519683;-3299665.6369;20367518.2196;21410717.0037;8858175.5824;6768718.5567;12772959.9308;17975656.3017;10163067.2896;-10251500.9348;
2134;519684;-3296528.8994;20366357.8187;21411352.6105;8861000.8445;6771738.5418;12770445.6041;17977502.6756;10160198.1606;-10254269.1393;
2134;519685;-3293392.0928;20365196.9805;21411987.7618;8863825.9204;6774758.3830;12767931.0086;17979348.6577;10157328.8145;-10257037.1318;
2134;519686;-3290255.2171;20364035.7050;21412622.4577;8866650.8099;6777778.0801;12765416.1442;17981194.2481;10154459.2514;-10259804.9122;
2134;519687;-3287118.2725;20362873.9923;21413256.6981;8869475.5132;6780797.6332;12762901.0112;17983039.4467;10151589.4714;-10262572.4804;
2134;519688;-3283981.2589;20361711.8422;21413890.4831;8872300.0300;6783817.0421;12760385.6095;17984884.2535;10148719.4745;-10265339.8364;
2134;519689;-3280844.1765;20360549.2550;21414523.8125;8875124.3603;6786836.3068;12757869.9391;17986728.6684;10145849.2609;-10268106.9800;
2134;519690;-3277707.0253;20359386.2306;21415156.6865;8877948.5041;6789855.4272;12755354.0001;17988572.6914;10142978.8305;-10270873.9114;
2134;519691;-3274569.8054;20358222.7690;21415789.1049;8880772.4613;6792874.4033;12752837.7927;17990416.3225;10140108.1834;-10273640.6303;
2134;519692;-3271432.5168;20357058.8702;21416421.0678;8883596.2319;6795893.2350;12750321.3168;17992259.5615;10137237.3197;-10276407.1368;
2134;519693;-3268295.1597;20355894.5344;21417052.5751;8886419.8158;6798911.9222;12747804.5724;17994102.4086;10134366.2395;-10279173.4307;
2134;519694;-3265157.7340;20354729.7614;21417683.6269;8889243.2128;6801930.4649;12745287.5597;17995944.8635;10131494.9427;-10281939.5121;
2134;519695;-3262020.2398;20353564.5515;21418314.2231;8892066.4231;6804948.8629;12742770.2787;17997786.9264;10128623.4295;-10284705.3808;
2134;519696;-3258882.6773;20352398.9044;21418944.3638;8894889.4465;6807967.1163;12740252.7294;17999628.5971;10125751.7000;-10287471.0369;
2134;519697;-3255745.0464;20351232.8204;21419574.0488;8897712.2829;6810985.2250;12737734.9119;18001469.8756;10122879.7542;-10290236.4802;
2134;519698;-3252607.3473;20350066.2994;21420203.2782;8900534.9323;6814003.1889;12735216.8263;18003310.7619;10120007.5921;-10293001.7107;
2134;519699;-3249469.5800;20348899.3414;21420832.0520;8903357.3946;6817021.0079;12732698.4726;18005151.2559;10117135.2138;-10295766.7283;
2134;519700;-3246331.7445;20347731.9466;21421460.3701;8906179.6698;6820038.6820;12730179.8508;18006991.3576;10114262.6194;-10298531.5330;
2134;519701;-3243193.8410;20346564.1148;21422088.2326;8909001.7578;6823056.2111;12727660.9611;18008831.0669;10111389.8089;-10301296.1248;
2134;519702;-3240055.8695;20345395.8462;21422715.6394;8911823.6586;6826073.5952;12725141.8034;18010670.3839;10108516.7824;-10304060.5035;
2134;519703;-3236917.8301;20344227.1407;21423342.5905;8914645.3720;6829090.8341;12722622.3778;18012509.3085;10105643.5400;-10306824.6691;
2134;519704;-3233779.7228;20343057.9984;21423969.0859;8917466.8981;6832107.9279;12720102.6844;18014347.8405;10102770.0817;-10309588.6215;
2134;519705;-3230641.5477;20341888.4193;21424595.1257;8920288.2368;6835124.8764;12717582.7233;18016185.9801;10099896.4076;-10312352.3608;
2134;519706;-3227503.3049;20340718.4035;21425220.7097;8923109.3879;6838141.6797;12715062.4944;18018023.7271;10097022.5178;-10315115.8868;
2134;519707;-3224364.9944;20339547.9509;21425845.8379;8925930.3516;6841158.3375;12712541.9978;18019861.0816;10094148.4122;-10317879.1994;
2134;519708;-3221226.6163;20338377.0617;21426470.5104;8928751.1276;6844174.8499;12710021.2337;18021698.0434;10091274.0910;-10320642.2987;
2134;519709;-3218088.1707;20337205.7357;21427094.7272;8931571.7159;6847191.2169;12707500.2019;18023534.6126;10088399.5542;-10323405.1846;
2134;519710;-3214949.6576;20336033.9731;21427718.4881;8934392.1166;6850207.4382;12704978.9027;18025370.7890;10085524.8020;-10326167.8569;
2134;519711;-3211811.0771;20334861.7739;21428341.7933;8937212.3294;6853223.5140;12702457.3360;18027206.5728;10082649.8343;-10328930.3157;
2134;519712;-3208672.4292;20333689.1381;21428964.6427;8940032.3544;6856239.4440;12699935.5020;18029041.9637;10079774.6511;-10331692.5609;
2134;519713;-3205533.7141;20332516.0657;21429587.0362;8942852.1915;6859255.2283;12697413.4005;18030876.9618;10076899.2527;-10334454.5924;
2134;519714;-3202394.9318;20331342.5568;21430208.9739;8945671.8406;6862270.8668;12694891.0318;18032711.5671;10074023.6390;-10337216.4102;
2134;519715;-3199256.0823;20330168.6114;21430830.4558;8948491.3017;6865286.3593;12692368.3959;18034545.7794;10071147.8101;-10339978.0143;
2134;519716;-3196117.1658;20328994.2295;21431451.4818;8951310.5748;6868301.7060;12689845.4927;18036379.5988;10068271.7661;-10342739.4044;
2134;519717;-3192978.1823;20327819.4111;21432072.0520;8954129.6596;6871316.9066;12687322.3224;18038213.0253;10065395.5069;-10345500.5807;
2134;519718;-3189839.1318;20326644.1563;21432692.1662;8956948.5563;6874331.9611;12684798.8851;18040046.0587;10062519.0328;-10348261.5431;
2134;519719;-3186700.0144;20325468.4651;21433311.8246;8959767.2647;6877346.8695;12682275.1807;18041878.6991;10059642.3437;-10351022.2914;
2134;519720;-3183560.8303;20324292.3375;21433931.0270;8962585.7848;6880361.6317;12679751.2094;18043710.9464;10056765.4397;-10353782.8256;
2134;519721;-3180421.5794;20323115.7736;21434549.7735;8965404.1165;6883376.2477;12677226.9711;18045542.8005;10053888.3209;-10356543.1458;
2134;519722;-3177282.2618;20321938.7734;21435168.0641;8968222.2598;6886390.7173;12674702.4660;18047374.2615;10051010.9873;-10359303.2517;
2134;519723;-3174142.8776;20320761.3368;21435785.8988;8971040.2146;6889405.0405;12672177.6940;18049205.3292;10048133.4390;-10362063.1434;
2134;519724;-3171003.4268;20319583.4640;21436403.2774;8973857.9808;6892419.2172;12669652.6553;18051036.0037;10045255.6760;-10364822.8208;
2134;519725;-3167863.9096;20318405.1550;21437020.2001;8976675.5584;6895433.2474;12667127.3499;18052866.2849;10042377.6985;-10367582.2839;
2134;519726;-3164724.3260;20317226.4097;21437636.6668;8979492.9473;6898447.1310;12664601.7779;18054696.1728;10039499.5064;-10370341.5325;
2134;519727;-3161584.6760;20316047.2283;21438252.6775;8982310.1475;6901460.8680;12662075.9393;18056525.6673;10036621.0999;-10373100.5667;
2134;519728;-3158444.9597;20314867.6107;21438868.2321;8985127.1588;6904474.4582;12659549.8341;18058354.7684;10033742.4789;-10375859.3863;
2134;519729;-3155305.1772;20313687.5570;21439483.3308;8987943.9814;6907487.9017;12657023.4624;18060183.4761;10030863.6437;-10378617.9914;
2134;519730;-3152165.3286;20312507.0672;21440097.9734;8990760.6150;6910501.1983;12654496.8243;18062011.7902;10027984.5941;-10381376.3818;
2134;519731;-3149025.4139;20311326.1413;21440712.1599;8993577.0596;6913514.3480;12651969.9198;18063839.7109;10025105.3303;-10384134.5575;
2134;519732;-3145885.4331;20310144.7794;21441325.8903;8996393.3152;6916527.3508;12649442.7490;18065667.2379;10022225.8524;-10386892.5185;
2134;519733;-3142745.3864;20308962.9814;21441939.1647;8999209.3817;6919540.2065;12646915.3119;18067494.3714;10019346.1604;-10389650.2646;
2134;519734;-3139605.2738;20307780.7475;21442551.9830;9002025.2590;6922552.9151;12644387.6086;18069321.1112;10016466.2543;-10392407.7959;
2134;519735;-3136465.0954;20306598.0776;21443164.3451;9004840.9471;6925565.4765;12641859.6392;18071147.4573;10013586.1343;-10395165.1123;
2134;519736;-3133324.8513;20305414.9717;21443776.2512;9007656.4460;6928577.8907;12639331.4036;18072973.4097;10010705.8003;-10397922.2136;
2134;519737;-3130184.5414;20304231.4300;21444387.7011;9010471.7555;6931590.1576;12636802.9019;18074798.9684;10007825.2525;-10400679.1000;
2134;519738;-3127044.1659;20303047.4523;21444998.6948;9013286.8756;6934602.2772;12634274.1343;18076624.1332;10004944.4909;-10403435.7712;
2134;519739;-3123903.7249;20301863.0389;21445609.2324;9016101.8063;6937614.2493;12631745.1007;18078448.9042;10002063.5156;-10406192.2273;
2134;519740;-3120763.2184;20300678.1896;21446219.3138;9018916.5474;6940626.0739;12629215.8012;18080273.2813;9999182.3266;-10408948.4681;
2134;519741;-3117622.6465;20299492.9045;21446828.9390;9021731.0990;6943637.7510;12626686.2359;18082097.2645;9996300.9241;-10411704.4937;
2134;519742;-3114482.0091;20298307.1836;21447438.1080;9024545.4609;6946649.2805;12624156.4047;18083920.8538;9993419.3080;-10414460.3039;
2134;519743;-3111341.3065;20297121.0270;21448046.8208;9027359.6332;6949660.6622;12621626.3079;18085744.0490;9990537.4784;-10417215.8988;
2134;519744;-3108200.5387;20295934.4346;21448655.0773;9030173.6157;6952671.8963;12619095.9453;18087566.8502;9987655.4353;-10419971.2782;
2134;519745;-3105059.7057;20294747.4066;21449262.8776;9032987.4084;6955682.9825;12616565.3171;18089389.2574;9984773.1790;-10422726.4422;
2134;519746;-3101918.8076;20293559.9430;21449870.2217;9035801.0112;6958693.9209;12614034.4234;18091211.2704;9981890.7093;-10425481.3905;
2134;519747;-3098777.8445;20292372.0437;21450477.1094;9038614.4241;6961704.7113;12611503.2641;18093032.8893;9979008.0264;-10428236.1233;
2134;519748;-3095636.8165;20291183.7088;21451083.5409;9041427.6470;6964715.3537;12608971.8394;18094854.1139;9976125.1303;-10430990.6404;
2134;519749;-3092495.7235;20289994.9383;21451689.5161;9044240.6799;6967725.8481;12606440.1492;18096674.9444;9973242.0212;-10433744.9417;
2134;519750;-3089354.5657;20288805.7322;21452295.0350;9047053.5227;6970736.1943;12603908.1937;18098495.3805;9970358.6989;-10436499.0273;
2134;519751;-3086213.3431;20287616.0907;21452900.0976;9049866.1752;6973746.3924;12601375.9729;18100315.4224;9967475.1637;-10439252.8970;
2134;519752;-3083072.0558;20286426.0136;21453504.7038;9052678.6376;6976756.4422;12598843.4868;18102135.0699;9964591.4156;-10442006.5508;
2134;519753;-3079930.7039;20285235.5011;21454108.8537;9055490.9097;6979766.3436;12596310.7355;18103954.3230;9961707.4546;-10444759.9887;
2134;519754;-3076789.2874;20284044.5532;21454712.5472;9058302.9914;6982776.0967;12593777.7191;18105773.1817;9958823.2808;-10447513.2105;
2134;519755;-3073647.8065;20282853.1698;21455315.7843;9061114.8827;6985785.7013;12591244.4376;18107591.6459;9955938.8942;-10450266.2163;
2134;519756;-3070506.2611;20281661.3511;21455918.5651;9063926.5836;6988795.1575;12588710.8910;18109409.7157;9953054.2950;-10453019.0060;
2134;519757;-3067364.6513;20280469.0970;21456520.8894;9066738.0939;6991804.4650;12586177.0795;18111227.3908;9950169.4832;-10455771.5794;
2134;519758;-3064222.9772;20279276.4076;21457122.7574;9069549.4137;6994813.6239;12583643.0030;18113044.6714;9947284.4588;-10458523.9366;
2134;519759;-3061081.2389;20278083.2829;21457724.1689;9072360.5428;6997822.6341;12581108.6617;18114861.5574;9944399.2219;-10461276.0775;
2134;519760;-3057939.4364;20276889.7229;21458325.1239;9075171.4812;7000831.4955;12578574.0555;18116678.0487;9941513.7726;-10464028.0021;
2134;519761;-3054797.5697;20275695.7277;21458925.6225;9077982.2289;7003840.2081;12576039.1846;18118494.1453;9938628.1109;-10466779.7102;
2134;519762;-3051655.6391;20274501.2972;21459525.6647;9080792.7857;7006848.7718;12573504.0489;18120309.8472;9935742.2369;-10469531.2019;
2134;519763;-3048513.6445;20273306.4316;21460125.2504;9083603.1517;7009857.1866;12570968.6486;18122125.1543;9932856.1506;-10472282.4770;
2134;519764;-3045371.5859;20272111.1308;21460724.3795;9086413.3267;7012865.4523;12568432.9837;18123940.0666;9929969.8522;-10475033.5356;
2134;519765;-3042229.4636;20270915.3949;21461323.0522;9089223.3107;7015873.5689;12565897.0542;18125754.5840;9927083.3417;-10477784.3775;
2134;519766;-3039087.2774;20269719.2239;21461921.2683;9092033.1036;7018881.5364;12563360.8603;18127568.7065;9924196.6191;-10480535.0027;
2134;519767;-3035945.0276;20268522.6178;21462519.0280;9094842.7055;7021889.3547;12560824.4018;18129382.4341;9921309.6844;-10483285.4111;
2134;519768;-3032802.7141;20267325.5766;21463116.3310;9097652.1161;7024897.0236;12558287.6790;18131195.7667;9918422.5379;-10486035.6028;
2134;519769;-3029660.3370;20266128.1005;21463713.1775;9100461.3355;7027904.5433;12555750.6919;18133008.7043;9915535.1795;-10488785.5775;
2134;519770;-3026517.8964;20264930.1893;21464309.5675;9103270.3637;7030911.9135;12553213.4405;18134821.2469;9912647.6092;-10491535.3354;
2134;519771;-3023375.3923;20263731.8432;21464905.5008;9106079.2004;7033919.1342;12550675.9248;18136633.3943;9909759.8272;-10494284.8762;
2134;519772;-3020232.8249;20262533.0621;21465500.9776;9108887.8458;7036926.2054;12548138.1450;18138445.1467;9906871.8336;-10497034.2000;
2134;519773;-3017090.1942;20261333.8461;21466095.9978;9111696.2997;7039933.1271;12545600.1010;18140256.5039;9903983.6283;-10499783.3067;
2134;519774;-3013947.5002;20260134.1953;21466690.5613;9114504.5620;7042939.8990;12543061.7930;18142067.4658;9901095.2114;-10502532.1962;
2134;519775;-3010804.7430;20258934.1096;21467284.6682;9117312.6328;7045946.5212;12540523.2209;18143878.0325;9898206.5830;-10505280.8685;
2134;519776;-3007661.9227;20257733.5891;21467878.3184;9120120.5119;7048952.9936;12537984.3849;18145688.2040;9895317.7432;-10508029.3236;
2134;519777;-3004519.0394;20256532.6337;21468471.5120;9122928.1992;7051959.3162;12535445.2850;18147497.9801;9892428.6920;-10510777.5613;
2134;519778;-3001376.0931;20255331.2436;21469064.2490;9125735.6949;7054965.4889;12532905.9212;18149307.3609;9889539.4294;-10513525.5816;
2134;519779;-2998233.0838;20254129.4188;21469656.5292;9128542.9986;7057971.5115;12530366.2937;18151116.3462;9886649.9556;-10516273.3845;
2134;519780;-2995090.0118;20252927.1593;21470248.3527;9131350.1105;7060977.3841;12527826.4024;18152924.9361;9883760.2706;-10519020.9699;
2134;519781;-2991946.8769;20251724.4650;21470839.7195;9134157.0305;7063983.1066;12525286.2474;18154733.1306;9880870.3745;-10521768.3377;
2134;519782;-2988803.6793;20250521.3362;21471430.6296;9136963.7584;7066988.6790;12522745.8287;18156540.9295;9877980.2673;-10524515.4879;
2134;519783;-2985660.4190;20249317.7726;21472021.0830;9139770.2943;7069994.1010;12520205.1465;18158348.3329;9875089.9491;-10527262.4205;
2134;519784;-2982517.0962;20248113.7745;21472611.0796;9142576.6380;7072999.3728;12517664.2007;18160155.3406;9872199.4200;-10530009.1353;
2134;519785;-2979373.7108;20246909.3418;21473200.6194;9145382.7896;7076004.4942;12515122.9915;18161961.9528;9869308.6799;-10532755.6323;
2134;519786;-2976230.2630;20245704.4746;21473789.7025;9148188.7489;7079009.4652;12512581.5189;18163768.1692;9866417.7291;-10535501.9115;
2134;519787;-2973086.7528;20244499.1728;21474378.3288;9150994.5159;7082014.2857;12510039.7828;18165573.9900;9863526.5674;-10538247.9728;
2134;519788;-2969943.1802;20243293.4366;21474966.4982;9153800.0906;7085018.9556;12507497.7835;18167379.4150;9860635.1951;-10540993.8161;
2134;519789;-2966799.5454;20242087.2659;21475554.2109;9156605.4728;7088023.4749;12504955.5209;18169184.4442;9857743.6121;-10543739.4414;
2134;519790;-2963655.8484;20240880.6608;21476141.4667;9159410.6625;7091027.8435;12502412.9951;18170989.0776;9854851.8186;-10546484.8486;
2134;519791;-2960512.0893;20239673.6212;21476728.2657;9162215.6597;7094032.0614;12499870.2062;18172793.3152;9851959.8145;-10549230.0378;
2134;519792;-2957368.2681;20238466.1473;21477314.6079;9165020.4643;7097036.1284;12497327.1541;18174597.1568;9849067.6000;-10551975.0087;
2134;519793;-2954224.3850;20237258.2391;21477900.4932;9167825.0762;7100040.0446;12494783.8390;18176400.6025;9846175.1750;-10554719.7614;
2134;519794;-2951080.4398;20236049.8965;21478485.9216;9170629.4954;7103043.8098;12492240.2609;18178203.6522;9843282.5398;-10557464.2957;
2134;519795;-2947936.4329;20234841.1196;21479070.8931;9173433.7218;7106047.4240;12489696.4199;18180006.3059;9840389.6943;-10560208.6118;
2134;519796;-2944792.3641;20233631.9085;21479655.4077;9176237.7554;7109050.8871;12487152.3160;18181808.5635;9837496.6385;-10562952.7094;
2134;519797;-2941648.2336;20232422.2631;21480239.4654;9179041.5961;7112054.1991;12484607.9493;18183610.4250;9834603.3727;-10565696.5885;
2134;519798;-2938504.0415;20231212.1835;21480823.0661;9181845.2439;7115057.3599;12482063.3198;18185411.8904;9831709.8967;-10568440.2491;
2134;519799;-2935359.7877;20230001.6697;21481406.2100;9184648.6986;7118060.3695;12479518.4275;18187212.9596;9828816.2107;-10571183.6911;
2134;519800;-2932215.4724;20228790.7218;21481988.8968;9187451.9602;7121063.2277;12476973.2727;18189013.6327;9825922.3148;-10573926.9145;
2134;519801;-2929071.0956;20227579.3398;21482571.1267;9190255.0287;7124065.9345;12474427.8551;18190813.9094;9823028.2089;-10576669.9192;
2134;519802;-2925926.6575;20226367.5237;21483152.8997;9193057.9040;7127068.4899;12471882.1751;18192613.7899;9820133.8932;-10579412.7051;
2134;519803;-2922782.1580;20225155.2735;21483734.2156;9195860.5861;7130070.8937;12469336.2325;18194413.2740;9817239.3678;-10582155.2722;
2134;519804;-2919637.5972;20223942.5892;21484315.0745;9198663.0748;7133073.1460;12466790.0275;18196212.3618;9814344.6326;-10584897.6205;
2134;519805;-2916492.9753;20222729.4710;21484895.4764;9201465.3702;7136075.2466;12464243.5601;18198011.0532;9811449.6878;-10587639.7498;
2134;519806;-2913348.2921;20221515.9187;21485475.4213;9204267.4721;7139077.1955;12461696.8303;18199809.3481;9808554.5334;-10590381.6601;
2134;519807;-2910203.5480;20220301.9326;21486054.9091;9207069.3806;7142078.9926;12459149.8383;18201607.2465;9805659.1695;-10593123.3514;
2134;519808;-2907058.7428;20219087.5125;21486633.9399;9209871.0955;7145080.6379;12456602.5840;18203404.7484;9802763.5961;-10595864.8236;
2134;519809;-2903913.8767;20217872.6584;21487212.5137;9212672.6168;7148082.1313;12454055.0676;18205201.8538;9799867.8133;-10598606.0766;
2134;519810;-2900768.9497;20216657.3706;21487790.6303;9215473.9444;7151083.4727;12451507.2890;18206998.5626;9796971.8211;-10601347.1105;
2134;519811;-2897623.9619;20215441.6489;21488368.2898;9218275.0783;7154084.6621;12448959.2483;18208794.8747;9794075.6197;-10604087.9250;
2134;519812;-2894478.9133;20214225.4933;21488945.4923;9221076.0184;7157085.6994;12446410.9456;18210590.7901;9791179.2091;-10606828.5203;
2134;519813;-2891333.8041;20213008.9040;21489522.2376;9223876.7646;7160086.5845;12443862.3810;18212386.3089;9788282.5893;-10609568.8961;
2134;519814;-2888188.6343;20211791.8809;21490098.5258;9226677.3170;7163087.3174;12441313.5545;18214181.4308;9785385.7604;-10612309.0525;
2134;519815;-2885043.4039;20210574.4241;21490674.3569;9229477.6754;7166087.8980;12438764.4661;18215976.1560;9782488.7224;-10615048.9894;
2134;519816;-2881898.1131;20209356.5336;21491249.7308;9232277.8397;7169088.3263;12436215.1159;18217770.4844;9779591.4756;-10617788.7068;
2134;519817;-2878752.7618;20208138.2095;21491824.6475;9235077.8100;7172088.6022;12433665.5039;18219564.4159;9776694.0198;-10620528.2045;
2134;519818;-2875607.3502;20206919.4517;21492399.1070;9237877.5861;7175088.7256;12431115.6303;18221357.9505;9773796.3551;-10623267.4826;
2134;519819;-2872461.8784;20205700.2602;21492973.1094;9240677.1681;7178088.6964;12428565.4950;18223151.0881;9770898.4817;-10626006.5410;
2134;519820;-2869316.3463;20204480.6352;21493546.6546;9243476.5557;7181088.5147;12426015.0981;18224943.8288;9768000.3995;-10628745.3796;
2134;519821;-2866170.7540;20203260.5766;21494119.7425;9246275.7491;7184088.1802;12423464.4397;18226736.1724;9765102.1087;-10631483.9983;
2134;519822;-2863025.1017;20202040.0845;21494692.3732;9249074.7480;7187087.6931;12420913.5199;18228528.1190;9762203.6093;-10634222.3971;
2134;519823;-2859879.3894;20200819.1589;21495264.5467;9251873.5526;7190087.0531;12418362.3386;18230319.6685;9759304.9013;-10636960.5760;
2134;519824;-2856733.6171;20199597.7999;21495836.2629;9254672.1626;7193086.2603;12415810.8959;18232110.8208;9756405.9849;-10639698.5349;
2134;519825;-2853587.7849;20198376.0073;21496407.5219;9257470.5781;7196085.3145;12413259.1919;18233901.5760;9753506.8601;-10642436.2737;
2134;519826;-2850441.8929;20197153.7814;21496978.3235;9260268.7989;7199084.2158;12410707.2267;18235691.9340;9750607.5269;-10645173.7924;
2134;519827;-2847295.9412;20195931.1221;21497548.6679;9263066.8251;7202082.9640;12408155.0002;18237481.8947;9747707.9854;-10647911.0909;
2134;519828;-2844149.9298;20194708.0294;21498118.5550;9265864.6566;7205081.5591;12405602.5126;18239271.4581;9744808.2357;-10650648.1692;
2134;519829;-2841003.8588;20193484.5034;21498687.9847;9268662.2932;7208080.0011;12403049.7639;18241060.6242;9741908.2779;-10653385.0272;
2134;519830;-2837857.7282;20192260.5441;21499256.9572;9271459.7350;7211078.2897;12400496.7542;18242849.3929;9739008.1119;-10656121.6648;
2134;519831;-2834711.5381;20191036.1515;21499825.4723;9274256.9819;7214076.4251;12397943.4835;18244637.7642;9736107.7379;-10658858.0820;
2134;519832;-2831565.2886;20189811.3256;21500393.5300;9277054.0339;7217074.4071;12395389.9518;18246425.7381;9733207.1559;-10661594.2788;
2134;519833;-2828418.9798;20188586.0666;21500961.1304;9279850.8907;7220072.2357;12392836.1593;18248213.3145;9730306.3660;-10664330.2550;
2134;519834;-2825272.6116;20187360.3743;21501528.2734;9282647.5525;7223069.9107;12390282.1059;18250000.4933;9727405.3682;-10667066.0107;
2134;519835;-2822126.1843;20186134.2489;21502094.9590;9285444.0192;7226067.4322;12387727.7918;18251787.2746;9724504.1627;-10669801.5457;
2134;519836;-2818979.6978;20184907.6904;21502661.1872;9288240.2906;7229064.8001;12385173.2169;18253573.6584;9721602.7494;-10672536.8601;
2134;519837;-2815833.1522;20183680.6987;21503226.9580;9291036.3668;7232062.0143;12382618.3814;18255359.6444;9718701.1285;-10675271.9537;
2134;519838;-2812686.5475;20182453.2740;21503792.2714;9293832.2477;7235059.0747;12380063.2852;18257145.2328;9715799.2999;-10678006.8264;
2134;519839;-2809539.8839;20181225.4163;21504357.1273;9296627.9331;7238055.9814;12377507.9286;18258930.4235;9712897.2638;-10680741.4784;
2134;519840;-2806393.1615;20179997.1255;21504921.5258;9299423.4231;7241052.7341;12374952.3114;18260715.2165;9709995.0202;-10683475.9094;
2134;519841;-2803246.3802;20178768.4017;21505485.4668;9302218.7177;7244049.3329;12372396.4337;18262499.6116;9707092.5692;-10686210.1194;
2134;519842;-2800099.5401;20177539.2450;21506048.9503;9305013.8166;7247045.7777;12369840.2957;18264283.6090;9704189.9109;-10688944.1084;
2134;519843;-2796952.6413;20176309.6553;21506611.9764;9307808.7199;7250042.0684;12367283.8973;18266067.2084;9701287.0452;-10691677.8763;
2134;519844;-2793805.6840;20175079.6328;21507174.5449;9310603.4276;7253038.2049;12364727.2387;18267850.4100;9698383.9723;-10694411.4231;
2134;519845;-2790658.6680;20173849.1773;21507736.6559;9313397.9395;7256034.1873;12362170.3198;18269633.2136;9695480.6923;-10697144.7486;
2134;519846;-2787511.5936;20172618.2891;21508298.3095;9316192.2556;7259030.0154;12359613.1407;18271415.6193;9692577.2051;-10699877.8529;
2134;519847;-2784364.4607;20171386.9680;21508859.5054;9318986.3759;7262025.6892;12357055.7016;18273197.6269;9689673.5109;-10702610.7359;
2134;519848;-2781217.2695;20170155.2141;21509420.2439;9321780.3002;7265021.2086;12354498.0023;18274979.2364;9686769.6097;-10705343.3975;
2134;519849;-2778070.0199;20168923.0274;21509980.5247;9324574.0286;7268016.5735;12351940.0430;18276760.4479;9683865.5015;-10708075.8377;
2134;519850;-2774922.7122;20167690.4080;21510540.3480;9327367.5609;7271011.7839;12349381.8238;18278541.2613;9680961.1865;-10710808.0564;
2134;519851;-2771775.3462;20166457.3559;21511099.7137;9330160.8971;7274006.8398;12346823.3447;18280321.6764;9678056.6648;-10713540.0535;
2134;519852;-2768627.9222;20165223.8712;21511658.6218;9332954.0372;7277001.7409;12344264.6057;18282101.6934;9675151.9362;-10716271.8291;
2134;519853;-2765480.4402;20163989.9538;21512217.0724;9335746.9811;7279996.4874;12341705.6070;18283881.3121;9672247.0010;-10719003.3829;
2134;519854;-2762332.9001;20162755.6038;21512775.0652;9338539.7286;7282991.0791;12339146.3484;18285660.5326;9669341.8592;-10721734.7151;
2134;519855;-2759185.3022;20161520.8211;21513332.6005;9341332.2799;7285985.5160;12336586.8302;18287439.3547;9666436.5108;-10724465.8255;
2134;519856;-2756037.6464;20160285.6060;21513889.6781;9344124.6348;7288979.7979;12334027.0524;18289217.7784;9663530.9560;-10727196.7141;
2134;519857;-2752889.9329;20159049.9583;21514446.2980;9346916.7932;7291973.9249;12331467.0150;18290995.8038;9660625.1947;-10729927.3808;
2134;519858;-2749742.1617;20157813.8781;21515002.4603;9349708.7551;7294967.8969;12328906.7181;18292773.4307;9657719.2271;-10732657.8255;
2134;519859;-2746594.3328;20156577.3654;21515558.1649;9352500.5204;7297961.7138;12326346.1617;18294550.6591;9654813.0531;-10735388.0483;
2134;519860;-2743446.4463;20155340.4202;21516113.4118;9355292.0892;7300955.3755;12323785.3458;18296327.4891;9651906.6729;-10738118.0490;
2134;519861;-2740298.5024;20154103.0427;21516668.2010;9358083.4612;7303948.8820;12321224.2706;18298103.9205;9649000.0866;-10740847.8276;
2134;519862;-2737150.5010;20152865.2328;21517222.5325;9360874.6365;7306942.2332;12318662.9362;18299879.9532;9646093.2941;-10743577.3840;
2134;519863;-2734002.4422;20151626.9905;21517776.4062;9363665.6150;7309935.4291;12316101.3424;18301655.5874;9643186.2955;-10746306.7182;
2134;519864;-2730854.3262;20150388.3159;21518329.8222;9366456.3966;7312928.4695;12313539.4895;18303430.8229;9640279.0910;-10749035.8301;
2134;519865;-2727706.1529;20149149.2089;21518882.7805;9369246.9813;7315921.3545;12310977.3774;18305205.6597;9637371.6805;-10751764.7197;
2134;519866;-2724557.9224;20147909.6697;21519435.2809;9372037.3690;7318914.0839;12308415.0062;18306980.0978;9634464.0642;-10754493.3868;
2134;519867;-2721409.6348;20146669.6983;21519987.3237;9374827.5597;7321906.6578;12305852.3760;18308754.1370;9631556.2421;-10757221.8316;
2134;519868;-2718261.2902;20145429.2946;21520538.9086;9377617.5533;7324899.0759;12303289.4868;18310527.7775;9628648.2142;-10759950.0538;
2134;519869;-2715112.8885;20144188.4588;21521090.0357;9380407.3497;7327891.3384;12300726.3387;18312301.0191;9625739.9806;-10762678.0534;
2134;519870;-2711964.4300;20142947.1908;21521640.7050;9383196.9489;7330883.4450;12298162.9317;18314073.8618;9622831.5415;-10765405.8305;
2134;519871;-2708815.9147;20141705.4907;21522190.9165;9385986.3508;7333875.3958;12295599.2659;18315846.3056;9619922.8967;-10768133.3848;
2134;519872;-2705667.3425;20140463.3584;21522740.6701;9388775.5554;7336867.1907;12293035.3413;18317618.3504;9617014.0465;-10770860.7164;
2134;519873;-2702518.7137;20139220.7941;21523289.9659;9391564.5626;7339858.8296;12290471.1580;18319389.9962;9614104.9908;-10773587.8253;
2134;519874;-2699370.0282;20137977.7978;21523838.8038;9394353.3724;7342850.3124;12287906.7161;18321161.2429;9611195.7298;-10776314.7112;
2134;519875;-2696221.2861;20136734.3694;21524387.1839;9397141.9846;7345841.6391;12285342.0156;18322932.0906;9608286.2635;-10779041.3743;
2134;519876;-2693072.4875;20135490.5091;21524935.1060;9399930.3993;7348832.8097;12282777.0565;18324702.5392;9605376.5919;-10781767.8144;
2134;519877;-2689923.6325;20134246.2168;21525482.5703;9402718.6163;7351823.8240;12280211.8389;18326472.5886;9602466.7151;-10784494.0315;
2134;519878;-2686774.7210;20133001.4926;21526029.5767;9405506.6357;7354814.6820;12277646.3629;18328242.2388;9599556.6332;-10787220.0255;
2134;519879;-2683625.7533;20131756.3364;21526576.1251;9408294.4573;7357805.3837;12275080.6285;18330011.4897;9596646.3463;-10789945.7964;
2134;519880;-2680476.7293;20130510.7484;21527122.2156;9411082.0811;7360795.9289;12272514.6358;18331780.3414;9593735.8543;-10792671.3441;
2134;519881;-2677327.6492;20129264.7286;21527667.8482;9413869.5070;7363786.3176;12269948.3848;18333548.7938;9590825.1575;-10795396.6685;
2134;519882;-2674178.5129;20128018.2770;21528213.0228;9416656.7350;7366776.5497;12267381.8756;18335316.8468;9587914.2557;-10798121.7697;
2134;519883;-2671029.3205;20126771.3935;21528757.7394;9419443.7651;7369766.6253;12264815.1082;18337084.5005;9585003.1491;-10800846.6475;
2134;519884;-2667880.0722;20125524.0783;21529301.9981;9422230.5970;7372756.5441;12262248.0827;18338851.7547;9582091.8378;-10803571.3018;
2134;519885;-2664730.7680;20124276.3314;21529845.7987;9425017.2309;7375746.3062;12259680.7992;18340618.6094;9579180.3218;-10806295.7327;
2134;519886;-2661581.4079;20123028.1528;21530389.1414;9427803.6666;7378735.9115;12257113.2576;18342385.0647;9576268.6012;-10809019.9401;
2134;519887;-2658431.9920;20121779.5426;21530932.0261;9430589.9041;7381725.3600;12254545.4581;18344151.1204;9573356.6760;-10811743.9239;
2134;519888;-2655282.5204;20120530.5007;21531474.4527;9433375.9434;7384714.6514;12251977.4007;18345916.7766;9570444.5463;-10814467.6840;
2134;519889;-2652132.9931;20119281.0271;21532016.4213;9436161.7842;7387703.7859;12249409.0855;18347682.0331;9567532.2122;-10817191.2205;
2134;519890;-2648983.4103;20118031.1220;21532557.9318;9438947.4267;7390692.7633;12246840.5125;18349446.8900;9564619.6737;-10819914.5332;
2134;519891;-2645833.7719;20116780.7854;21533098.9843;9441732.8708;7393681.5836;12244271.6818;18351211.3472;9561706.9309;-10822637.6221;
2134;519892;-2642684.0781;20115530.0172;21533639.5786;9444518.1163;7396670.2467;12241702.5934;18352975.4046;9558793.9839;-10825360.4871;
2134;519893;-2639534.3289;20114278.8176;21534179.7150;9447303.1632;7399658.7525;12239133.2473;18354739.0623;9555880.8326;-10828083.1282;
2134;519894;-2636384.5244;20113027.1864;21534719.3932;9450088.0115;7402647.1010;12236563.6437;18356502.3203;9552967.4773;-10830805.5453;
2134;519895;-2633234.6646;20111775.1239;21535258.6133;9452872.6612;7405635.2922;12233993.7826;18358265.1783;9550053.9178;-10833527.7383;
2134;519896;-2630084.7496;20110522.6299;21535797.3752;9455657.1120;7408623.3258;12231423.6641;18360027.6365;9547140.1544;-10836249.7073;
2134;519897;-2626934.7795;20109269.7045;21536335.6791;9458441.3641;7411611.2020;12228853.2881;18361789.6948;9544226.1870;-10838971.4521;
2134;519898;-2623784.7543;20108016.3479;21536873.5248;9461225.4173;7414598.9206;12226282.6548;18363551.3531;9541312.0158;-10841692.9727;
2134;519899;-2620634.6741;20106762.5598;21537410.9123;9464009.2716;7417586.4815;12223711.7642;18365312.6114;9538397.6407;-10844414.2691;
2134;519900;-2617484.5391;20105508.3405;21537947.8417;9466792.9269;7420573.8848;12221140.6163;18367073.4697;9535483.0619;-10847135.3411;
2134;519901;-2614334.3491;20104253.6900;21538484.3129;9469576.3831;7423561.1303;12218569.2113;18368833.9279;9532568.2794;-10849856.1888;
2134;519902;-2611184.1044;20102998.6082;21539020.3259;9472359.6402;7426548.2179;12215997.5492;18370593.9861;9529653.2933;-10852576.8120;
2134;519903;-2608033.8049;20101743.0952;21539555.8807;9475142.6982;7429535.1477;12213425.6299;18372353.6440;9526738.1036;-10855297.2107;
2134;519904;-2604883.4507;20100487.1510;21540090.9773;9477925.5570;7432521.9195;12210853.4537;18374112.9019;9523822.7104;-10858017.3849;
2134;519905;-2601733.0420;20099230.7757;21540625.6157;9480708.2164;7435508.5332;12208281.0205;18375871.7594;9520907.1137;-10860737.3344;
2134;519906;-2598582.5787;20097973.9693;21541159.7958;9483490.6766;7438494.9889;12205708.3303;18377630.2168;9517991.3137;-10863457.0593;
2134;519907;-2595432.0610;20096716.7317;21541693.5177;9486272.9373;7441481.2865;12203135.3833;18379388.2738;9515075.3104;-10866176.5595;
2134;519908;-2592281.4889;20095459.0632;21542226.7813;9489054.9986;7444467.4258;12200562.1796;18381145.9305;9512159.1038;-10868895.8350;
2134;519909;-2589130.8624;20094200.9636;21542759.5866;9491836.8604;7447453.4069;12197988.7190;18382903.1869;9509242.6940;-10871614.8856;
2134;519910;-2585980.1817;20092942.4330;21543291.9337;9494618.5226;7450439.2296;12195415.0018;18384660.0428;9506326.0811;-10874333.7113;
2134;519911;-2582829.4468;20091683.4714;21543823.8225;9497399.9851;7453424.8939;12192841.0279;18386416.4983;9503409.2652;-10877052.3120;
2134;519912;-2579678.6577;20090424.0789;21544355.2529;9500181.2480;7456410.3998;12190266.7975;18388172.5533;9500492.2462;-10879770.6878;
2134;519913;-2576527.8146;20089164.2554;21544886.2251;9502962.3111;7459395.7471;12187692.3105;18389928.2078;9497575.0243;-10882488.8385;
2134;519914;-2573376.9174;20087904.0011;21545416.7389;9505743.1744;7462380.9359;12185117.5671;18391683.4618;9494657.5995;-10885206.7641;
2134;519915;-2570225.9664;20086643.3160;21545946.7943;9508523.8379;7465365.9660;12182542.5672;18393438.3151;9491739.9719;-10887924.4645;
2134;519916;-2567074.9614;20085382.2000;21546476.3915;9511304.3014;7468350.8373;12179967.3110;18395192.7678;9488822.1415;-10890641.9397;
2134;519917;-2563923.9027;20084120.6532;21547005.5302;9514084.5649;7471335.5499;12177391.7984;18396946.8199;9485904.1085;-10893359.1896;
2134;519918;-2560772.7902;20082858.6757;21547534.2106;9516864.6284;7474320.1036;12174816.0296;18398700.4712;9482985.8728;-10896076.2142;
2134;519919;-2557621.6241;20081596.2674;21548062.4326;9519644.4918;7477304.4984;12172240.0046;18400453.7218;9480067.4345;-10898793.0134;
2134;519920;-2554470.4043;20080333.4284;21548590.1961;9522424.1550;7480288.7343;12169663.7234;18402206.5717;9477148.7938;-10901509.5871;
2134;519921;-2551319.1310;20079070.1588;21549117.5013;9525203.6180;7483272.8111;12167087.1862;18403959.0207;9474229.9506;-10904225.9353;
2134;519922;-2548167.8042;20077806.4585;21549644.3481;9527982.8807;7486256.7288;12164510.3929;18405711.0688;9471310.9050;-10906942.0580;
2134;519923;-2545016.4241;20076542.3275;21550170.7364;9530761.9431;7489240.4874;12161933.3437;18407462.7161;9468391.6571;-10909657.9550;
2134;519924;-2541864.9906;20075277.7660;21550696.6663;9533540.8051;7492224.0867;12159356.0385;18409213.9624;9465472.2069;-10912373.6264;
2134;519925;-2538713.5038;20074012.7739;21551222.1377;9536319.4666;7495207.5267;12156778.4774;18410964.8078;9462552.5546;-10915089.0720;
2134;519926;-2535561.9638;20072747.3513;21551747.1506;9539097.9276;7498190.8074;12154200.6605;18412715.2521;9459632.7001;-10917804.2918;
2134;519927;-2532410.3706;20071481.4982;21552271.7051;9541876.1880;7501173.9286;12151622.5879;18414465.2954;9456712.6436;-10920519.2858;
2134;519928;-2529258.7244;20070215.2146;21552795.8011;9544654.2478;7504156.8904;12149044.2595;18416214.9376;9453792.3850;-10923234.0539;
2134;519929;-2526107.0252;20068948.5006;21553319.4386;9547432.1069;7507139.6926;12146465.6755;18417964.1787;9450871.9245;-10925948.5960;
2134;519930;-2522955.2730;20067681.3562;21553842.6176;9550209.7653;7510122.3353;12143886.8359;18419713.0187;9447951.2622;-10928662.9121;
2134;519931;-2519803.4680;20066413.7813;21554365.3380;9552987.2228;7513104.8182;12141307.7408;18421461.4575;9445030.3980;-10931377.0022;
2134;519932;-2516651.6101;20065145.7762;21554887.5999;9555764.4795;7516087.1414;12138728.3901;18423209.4950;9442109.3320;-10934090.8661;
2134;519933;-2513499.6995;20063877.3406;21555409.4033;9558541.5353;7519069.3048;12136148.7840;18424957.1312;9439188.0644;-10936804.5038;
2134;519934;-2510347.7362;20062608.4748;21555930.7481;9561318.3900;7522051.3084;12133568.9226;18426704.3662;9436266.5951;-10939517.9153;
2134;519935;-2507195.7203;20061339.1788;21556451.6343;9564095.0438;7525033.1520;12130988.8058;18428451.1998;9433344.9243;-10942231.1004;
2134;519936;-2504043.6519;20060069.4525;21556972.0620;9566871.4964;7528014.8356;12128408.4337;18430197.6321;9430423.0519;-10944944.0593;
2134;519937;-2500891.5310;20058799.2960;21557492.0310;9569647.7478;7530996.3592;12125827.8064;18431943.6629;9427500.9782;-10947656.7917;
2134;519938;-2497739.3576;20057528.7093;21558011.5415;9572423.7981;7533977.7227;12123246.9240;18433689.2922;9424578.7030;-10950369.2976;
2134;519939;-2494587.1320;20056257.6924;21558530.5933;9575199.6470;7536958.9260;12120665.7865;18435434.5201;9421656.2265;-10953081.5770;
2134;519940;-2491434.8540;20054986.2455;21559049.1865;9577975.2947;7539939.9690;12118084.3939;18437179.3464;9418733.5488;-10955793.6299;
2134;519941;-2488282.5238;20053714.3684;21559567.3211;9580750.7409;7542920.8517;12115502.7463;18438923.7712;9415810.6698;-10958505.4561;
2134;519942;-2485130.1415;20052442.0613;21560084.9970;9583525.9857;7545901.5741;12112920.8437;18440667.7944;9412887.5897;-10961217.0556;
2134;519943;-2481977.7071;20051169.3241;21560602.2143;9586301.0289;7548882.1360;12110338.6863;18442411.4159;9409964.3086;-10963928.4284;
2134;519944;-2478825.2206;20049896.1570;21561118.9729;9589075.8706;7551862.5375;12107756.2740;18444154.6358;9407040.8265;-10966639.5743;
2134;519945;-2475672.6822;20048622.5599;21561635.2728;9591850.5107;7554842.7783;12105173.6070;18445897.4539;9404117.1434;-10969350.4934;
2134;519946;-2472520.0920;20047348.5328;21562151.1140;9594624.9490;7557822.8586;12102590.6852;18447639.8703;9401193.2594;-10972061.1856;
2134;519947;-2469367.4499;20046074.0758;21562666.4965;9597399.1856;7560802.7782;12100007.5088;18449381.8849;9398269.1746;-10974771.6508;
2134;519948;-2466214.7560;20044799.1890;21563181.4203;9600173.2204;7563782.5370;12097424.0777;18451123.4976;9395344.8891;-10977481.8889;
2134;519949;-2463062.0105;20043523.8723;21563695.8854;9602947.0534;7566762.1350;12094840.3921;18452864.7085;9392420.4029;-10980191.9000;
2134;519950;-2459909.2133;20042248.1257;21564209.8917;9605720.6844;7569741.5721;12092256.4520;18454605.5175;9389495.7160;-10982901.6839;
2134;519951;-2456756.3646;20040971.9494;21564723.4393;9608494.1134;7572720.8483;12089672.2575;18456345.9246;9386570.8286;-10985611.2407;
2134;519952;-2453603.4644;20039695.3433;21565236.5281;9611267.3404;7575699.9634;12087087.8085;18458085.9296;9383645.7406;-10988320.5701;
2134;519953;-2450450.5128;20038418.3074;21565749.1582;9614040.3653;7578678.9175;12084503.1052;18459825.5327;9380720.4522;-10991029.6723;
2134;519954;-2447297.5098;20037140.8419;21566261.3295;9616813.1880;7581657.7105;12081918.1476;18461564.7337;9377794.9635;-10993738.5471;
2134;519955;-2444144.4556;20035862.9467;21566773.0419;9619585.8085;7584636.3423;12079332.9358;18463303.5326;9374869.2744;-10996447.1945;
2134;519956;-2440991.3501;20034584.6218;21567284.2956;9622358.2267;7587614.8128;12076747.4698;18465041.9294;9371943.3850;-10999155.6144;
2134;519957;-2437838.1934;20033305.8673;21567795.0905;9625130.4426;7590593.1220;12074161.7497;18466779.9241;9369017.2955;-11001863.8067;
2134;519958;-2434684.9857;20032026.6832;21568305.4265;9627902.4561;7593571.2698;12071575.7755;18468517.5165;9366091.0059;-11004571.7714;
2134;519959;-2431531.7269;20030747.0696;21568815.3037;9630674.2672;7596549.2562;12068989.5473;18470254.7067;9363164.5161;-11007279.5085;
2134;519960;-2428378.4172;20029467.0264;21569324.7220;9633445.8757;7599527.0810;12066403.0652;18471991.4946;9360237.8264;-11009987.0179;
2134;519961;-2425225.0566;20028186.5537;21569833.6815;9636217.2817;7602504.7443;12063816.3291;18473727.8802;9357310.9367;-11012694.2996;
2134;519962;-2422071.6451;20026905.6516;21570342.1821;9638988.4850;7605482.2460;12061229.3392;18475463.8635;9354383.8472;-11015401.3534;
2134;519963;-2418918.1829;20025624.3200;21570850.2238;9641759.4857;7608459.5859;12058642.0955;18477199.4443;9351456.5578;-11018108.1793;
2134;519964;-2415764.6700;20024342.5590;21571357.8066;9644530.2836;7611436.7641;12056054.5981;18478934.6228;9348529.0686;-11020814.7773;
2134;519965;-2412611.1065;20023060.3687;21571864.9306;9647300.8786;7614413.7804;12053466.8470;18480669.3988;9345601.3798;-11023521.1473;
2134;519966;-2409457.4924;20021777.7489;21572371.5956;9650071.2709;7617390.6349;12050878.8423;18482403.7723;9342673.4914;-11026227.2893;
2134;519967;-2406303.8278;20020494.6999;21572877.8016;9652841.4602;7620367.3274;12048290.5840;18484137.7432;9339745.4033;-11028933.2031;
2134;519968;-2403150.1128;20019211.2216;21573383.5488;9655611.4465;7623343.8578;12045702.0721;18485871.3116;9336817.1158;-11031638.8888;
2134;519969;-2399996.3474;20017927.3140;21573888.8370;9658381.2298;7626320.2262;12043113.3068;18487604.4774;9333888.6288;-11034344.3463;
2134;519970;-2396842.5317;20016642.9771;21574393.6662;9661150.8100;7629296.4325;12040524.2881;18489337.2405;9330959.9425;-11037049.5755;
2134;519971;-2393688.6658;20015358.2111;21574898.0365;9663920.1870;7632272.4765;12037935.0161;18491069.6010;9328031.0568;-11039754.5764;
2134;519972;-2390534.7497;20014073.0159;21575401.9478;9666689.3608;7635248.3583;12035345.4907;18492801.5587;9325101.9719;-11042459.3489;
2134;519973;-2387380.7836;20012787.3915;21575905.4000;9669458.3314;7638224.0777;12032755.7122;18494533.1137;9322172.6878;-11045163.8930;
2134;519974;-2384226.7674;20011501.3380;21576408.3933;9672227.0986;7641199.6348;12030165.6804;18496264.2659;9319243.2045;-11047868.2086;
2134;519975;-2381072.7012;20010214.8555;21576910.9276;9674995.6624;7644175.0294;12027575.3955;18497995.0152;9316313.5222;-11050572.2956;
2134;519976;-2377918.5851;20008927.9439;21577413.0028;9677764.0228;7647150.2614;12024984.8575;18499725.3617;9313383.6409;-11053276.1540;
2134;519977;-2374764.4192;20007640.6033;21577914.6190;9680532.1796;7650125.3309;12022394.0665;18501455.3053;9310453.5607;-11055979.7838;
2134;519978;-2371610.2035;20006352.8336;21578415.7762;9683300.1329;7653100.2377;12019803.0225;18503184.8459;9307523.2815;-11058683.1848;
2134;519979;-2368455.9381;20005064.6350;21578916.4743;9686067.8826;7656074.9818;12017211.7256;18504913.9836;9304592.8036;-11061386.3571;
2134;519980;-2365301.6231;20003776.0075;21579416.7133;9688835.4286;7659049.5631;12014620.1758;18506642.7182;9301662.1269;-11064089.3005;
2134;519981;-2362147.2585;20002486.9511;21579916.4933;9691602.7708;7662023.9815;12012028.3733;18508371.0498;9298731.2515;-11066792.0150;
2134;519982;-2358992.8444;20001197.4658;21580415.8141;9694369.9092;7664998.2371;12009436.3179;18510098.9783;9295800.1775;-11069494.5006;
2134;519983;-2355838.3809;19999907.5516;21580914.6759;9697136.8438;7667972.3297;12006844.0099;18511826.5036;9292868.9049;-11072196.7572;
2134;519984;-2352683.8680;19998617.2086;21581413.0786;9699903.5745;7670946.2593;12004251.4493;18513553.6258;9289937.4338;-11074898.7847;
2134;519985;-2349529.3058;19997326.4369;21581911.0221;9702670.1011;7673920.0257;12001658.6361;18515280.3449;9287005.7643;-11077600.5831;
2134;519986;-2346374.6944;19996035.2364;21582408.5065;9705436.4238;7676893.6290;11999065.5703;18517006.6606;9284073.8964;-11080302.1523;
2134;519987;-2343220.0337;19994743.6071;21582905.5317;9708202.5423;7679867.0691;11996472.2521;18518732.5731;9281141.8301;-11083003.4924;
2134;519988;-2340065.3240;19993451.5492;21583402.0978;9710968.4567;7682840.3459;11993878.6814;18520458.0823;9278209.5657;-11085704.6031;
2134;519989;-2336910.5653;19992159.0626;21583898.2047;9713734.1669;7685813.4594;11991284.8584;18522183.1881;9275277.1030;-11088405.4845;
2134;519990;-2333755.7575;19990866.1473;21584393.8525;9716499.6728;7688786.4094;11988690.7831;18523907.8906;9272344.4422;-11091106.1365;
2134;519991;-2330600.9009;19989572.8035;21584889.0410;9719264.9744;7691759.1960;11986096.4555;18525632.1896;9269411.5833;-11093806.5590;
2134;519992;-2327445.9954;19988279.0310;21585383.7704;9722030.0716;7694731.8190;11983501.8757;18527356.0852;9266478.5265;-11096506.7521;
2134;519993;-2324291.0411;19986984.8301;21585878.0405;9724794.9644;7697704.2785;11980907.0438;18529079.5772;9263545.2717;-11099206.7155;
2134;519994;-2321136.0381;19985690.2006;21586371.8515;9727559.6526;7700676.5742;11978311.9598;18530802.6658;9260611.8190;-11101906.4494;
2134;519995;-2317980.9865;19984395.1426;21586865.2031;9730324.1363;7703648.7063;11975716.6238;18532525.3507;9257678.1685;-11104605.9536;
2134;519996;-2314825.8863;19983099.6561;21587358.0956;9733088.4154;7706620.6745;11973121.0358;18534247.6321;9254744.3203;-11107305.2280;
2134;519997;-2311670.7376;19981803.7413;21587850.5288;9735852.4898;7709592.4789;11970525.1958;18535969.5098;9251810.2744;-11110004.2727;
2134;519998;-2308515.5405;19980507.3980;21588342.5027;9738616.3594;7712564.1194;11967929.1040;18537690.9838;9248876.0308;-11112703.0875;
2134;519999;-2305360.2950;19979210.6264;21588834.0174;9741380.0243;7715535.5959;11965332.7604;18539412.0542;9245941.5897;-11115401.6724;
2134;520000;-2302205.0011;19977913.4264;21589325.0728;9744143.4843;7718506.9083;11962736.1650;18541132.7207;9243006.9511;-11118100.0274;
2134;520001;-2299049.6590;19976615.7981;21589815.6689;9746906.7394;7721478.0566;11960139.3179;18542852.9835;9240072.1151;-11120798.1523;
2134;520002;-2295894.2688;19975317.7416;21590305.8056;9749669.7895;7724449.0408;11957542.2192;18544572.8424;9237137.0817;-11123496.0472;
2134;520003;-2292738.8304;19974019.2568;21590795.4831;9752432.6346;7727419.8607;11954944.8688;18546292.2975;9234201.8509;-11126193.7120;
2134;520004;-2289583.3439;19972720.3437;21591284.7012;9755195.2745;7730390.5164;11952347.2670;18548011.3487;9231266.4229;-11128891.1465;
2134;520005;-2286427.8095;19971421.0025;21591773.4600;9757957.7094;7733361.0076;11949749.4136;18549729.9959;9228330.7978;-11131588.3509;
2134;520006;-2283272.2272;19970121.2332;21592261.7595;9760719.9390;7736331.3345;11947151.3088;18551448.2392;9225394.9755;-11134285.3249;
2134;520007;-2280116.5970;19968821.0357;21592749.5996;9763481.9634;7739301.4968;11944552.9527;18553166.0785;9222458.9561;-11136982.0686;
2134;520008;-2276960.9191;19967520.4101;21593236.9803;9766243.7825;7742271.4947;11941954.3452;18554883.5137;9219522.7398;-11139678.5819;
2134;520009;-2273805.1934;19966219.3564;21593723.9016;9769005.3961;7745241.3279;11939355.4865;18556600.5448;9216586.3265;-11142374.8647;
2134;520010;-2270649.4201;19964917.8747;21594210.3636;9771766.8044;7748210.9964;11936756.3765;18558317.1718;9213649.7164;-11145070.9170;
2134;520011;-2267493.5992;19963615.9650;21594696.3661;9774528.0071;7751180.5002;11934157.0154;18560033.3947;9210712.9094;-11147766.7388;
2134;520012;-2264337.7308;19962313.6273;21595181.9092;9777289.0043;7754149.8391;11931557.4032;18561749.2133;9207775.9057;-11150462.3299;
2134;520013;-2261181.8149;19961010.8617;21595666.9930;9780049.7958;7757119.0133;11928957.5400;18563464.6277;9204838.7053;-11153157.6903;
2134;520014;-2258025.8516;19959707.6681;21596151.6172;9782810.3817;7760088.0224;11926357.4258;18565179.6379;9201901.3083;-11155852.8200;
2134;520015;-2254869.8410;19958404.0467;21596635.7821;9785570.7619;7763056.8666;11923757.0606;18566894.2437;9198963.7147;-11158547.7188;
2134;520016;-2251713.7832;19957099.9974;21597119.4874;9788330.9362;7766025.5458;11921156.4446;18568608.4452;9196025.9246;-11161242.3869;
2134;520017;-2248557.6782;19955795.5203;21597602.7334;9791090.9047;7768994.0598;11918555.5777;18570322.2424;9193087.9381;-11163936.8240;
2134;520018;-2245401.5260;19954490.6153;21598085.5198;9793850.6673;7771962.4086;11915954.4601;18572035.6351;9190149.7553;-11166631.0301;
2134;520019;-2242245.3268;19953185.2826;21598567.8467;9796610.2240;7774930.5922;11913353.0917;18573748.6233;9187211.3761;-11169325.0053;
2134;520020;-2239089.0806;19951879.5222;21599049.7142;9799369.5746;7777898.6105;11910751.4728;18575461.2071;9184272.8007;-11172018.7493;
2134;520021;-2235932.7875;19950573.3341;21599531.1221;9802128.7191;7780866.4634;11908149.6032;18577173.3864;9181334.0291;-11174712.2622;
2134;520022;-2232776.4476;19949266.7183;21600012.0706;9804887.6575;7783834.1508;11905547.4830;18578885.1611;9178395.0613;-11177405.5439;
2134;520023;-2229620.0608;19947959.6748;21600492.5595;9807646.3897;7786801.6728;11902945.1124;18580596.5311;9175455.8976;-11180098.5944;
2134;520024;-2226463.6273;19946652.2038;21600972.5888;9810404.9157;7789769.0292;11900342.4913;18582307.4966;9172516.5378;-11182791.4136;
2134;520025;-2223307.1472;19945344.3051;21601452.1587;9813163.2353;7792736.2200;11897739.6199;18584018.0574;9169576.9821;-11185484.0014;
2134;520026;-2220150.6205;19944035.9789;21601931.2689;9815921.3485;7795703.2451;11895136.4981;18585728.2135;9166637.2305;-11188176.3578;
2134;520027;-2216994.0472;19942727.2251;21602409.9196;9818679.2553;7798670.1044;11892533.1260;18587437.9648;9163697.2832;-11190868.4827;
2134;520028;-2213837.4275;19941418.0439;21602888.1107;9821436.9556;7801636.7980;11889929.5038;18589147.3113;9160757.1400;-11193560.3762;
2134;520029;-2210680.7614;19940108.4352;21603365.8422;9824194.4494;7804603.3256;11887325.6314;18590856.2531;9157816.8013;-11196252.0380;
2134;520030;-2207524.0490;19938798.3991;21603843.1142;9826951.7366;7807569.6873;11884721.5088;18592564.7900;9154876.2669;-11198943.4682;
2134;520031;-2204367.2903;19937487.9355;21604319.9265;9829708.8171;7810535.8831;11882117.1363;18594272.9220;9151935.5369;-11201634.6666;
2134;520032;-2201210.4854;19936177.0446;21604796.2791;9832465.6908;7813501.9127;11879512.5137;18595980.6490;9148994.6114;-11204325.6334;
2134;520033;-2198053.6344;19934865.7264;21605272.1722;9835222.3578;7816467.7762;11876907.6412;18597687.9711;9146053.4906;-11207016.3683;
2134;520034;-2194896.7373;19933553.9808;21605747.6056;9837978.8180;7819433.4735;11874302.5188;18599394.8882;9143112.1743;-11209706.8714;
2134;520035;-2191739.7943;19932241.8079;21606222.5794;9840735.0712;7822399.0046;11871697.1466;18601101.4003;9140170.6628;-11212397.1425;
2134;520036;-2188582.8053;19930929.2078;21606697.0935;9843491.1175;7825364.3693;11869091.5246;18602807.5073;9137228.9560;-11215087.1817;
2134;520037;-2185425.7704;19929616.1805;21607171.1479;9846246.9568;7828329.5677;11866485.6529;18604513.2092;9134287.0540;-11217776.9889;
2134;520038;-2182268.6898;19928302.7260;21607644.7426;9849002.5890;7831294.5996;11863879.5315;18606218.5059;9131344.9570;-11220466.5639;
2134;520039;-2179111.5634;19926988.8443;21608117.8777;9851758.0140;7834259.4650;11861273.1605;18607923.3975;9128402.6649;-11223155.9068;
2134;520040;-2175954.3913;19925674.5355;21608590.5530;9854513.2319;7837224.1639;11858666.5400;18609627.8838;9125460.1778;-11225845.0176;
2134;520041;-2172797.1737;19924359.7996;21609062.7686;9857268.2425;7840188.6961;11856059.6699;18611331.9649;9122517.4957;-11228533.8960;
2134;520042;-2169639.9105;19923044.6366;21609534.5245;9860023.0458;7843153.0616;11853452.5504;18613035.6407;9119574.6188;-11231222.5422;
2134;520043;-2166482.6018;19921729.0465;21610005.8207;9862777.6418;7846117.2603;11850845.1816;18614738.9111;9116631.5472;-11233910.9560;
2134;520044;-2163325.2478;19920413.0295;21610476.6571;9865532.0303;7849081.2922;11848237.5634;18616441.7762;9113688.2807;-11236599.1374;
2134;520045;-2160167.8484;19919096.5855;21610947.0338;9868286.2113;7852045.1573;11845629.6959;18618144.2359;9110744.8196;-11239287.0862;
2134;520046;-2157010.4038;19917779.7145;21611416.9507;9871040.1848;7855008.8554;11843021.5792;18619846.2902;9107801.1639;-11241974.8026;
2134;520047;-2153852.9139;19916462.4166;21611886.4078;9873793.9507;7857972.3864;11840413.2133;18621547.9390;9104857.3137;-11244662.2864;
2134;520048;-2150695.3790;19915144.6918;21612355.4051;9876547.5089;7860935.7504;11837804.5984;18623249.1823;9101913.2689;-11247349.5375;
2134;520049;-2147537.7989;19913826.5402;21612823.9427;9879300.8595;7863898.9473;11835195.7343;18624950.0200;9098969.0298;-11250036.5559;
2134;520050;-2144380.1739;19912507.9617;21613292.0204;9882054.0022;7866861.9769;11832586.6213;18626650.4522;9096024.5963;-11252723.3416;
2134;520051;-2141222.5039;19911188.9564;21613759.6383;9884806.9371;7869824.8393;11829977.2594;18628350.4787;9093079.9685;-11255409.8944;
2134;520052;-2138064.7890;19909869.5244;21614226.7964;9887559.6641;7872787.5343;11827367.6485;18630050.0996;9090135.1464;-11258096.2144;
2134;520053;-2134907.0294;19908549.6656;21614693.4947;9890312.1832;7875750.0620;11824757.7888;18631749.3147;9087190.1302;-11260782.3015;
2134;520054;-2131749.2250;19907229.3801;21615159.7331;9893064.4943;7878712.4222;11822147.6803;18633448.1242;9084244.9199;-11263468.1555;
2134;520055;-2128591.3759;19905908.6680;21615625.5116;9895816.5973;7881674.6149;11819537.3231;18635146.5279;9081299.5155;-11266153.7766;
2134;520056;-2125433.4823;19904587.5292;21616090.8303;9898568.4921;7884636.6400;11816926.7173;18636844.5258;9078353.9172;-11268839.1645;
2134;520057;-2122275.5441;19903265.9638;21616555.6891;9901320.1788;7887598.4975;11814315.8628;18638542.1178;9075408.1249;-11271524.3193;
2134;520058;-2119117.5614;19901943.9717;21617020.0880;9904071.6573;7890560.1872;11811704.7598;18640239.3040;9072462.1388;-11274209.2409;
2134;520059;-2115959.5343;19900621.5532;21617484.0270;9906822.9274;7893521.7092;11809093.4082;18641936.0843;9069515.9589;-11276893.9292;
2134;520060;-2112801.4629;19899298.7081;21617947.5061;9909573.9892;7896483.0634;11806481.8082;18643632.4586;9066569.5853;-11279578.3842;
2134;520061;-2109643.3472;19897975.4365;21618410.5253;9912324.8426;7899444.2496;11803869.9599;18645328.4270;9063623.0180;-11282262.6059;
2134;520062;-2106485.1873;19896651.7385;21618873.0846;9915075.4875;7902405.2679;11801257.8632;18647023.9893;9060676.2571;-11284946.5941;
2134;520063;-2103326.9832;19895327.6140;21619335.1839;9917825.9238;7905366.1182;11798645.5182;18648719.1456;9057729.3027;-11287630.3488;
2134;520064;-2100168.7351;19894003.0632;21619796.8233;9920576.1516;7908326.8004;11796032.9249;18650413.8958;9054782.1548;-11290313.8700;
2134;520065;-2097010.4430;19892678.0859;21620258.0027;9923326.1707;7911287.3144;11793420.0836;18652108.2398;9051834.8135;-11292997.1576;
2134;520066;-2093852.1069;19891352.6823;21620718.7222;9926075.9811;7914247.6603;11790806.9941;18653802.1777;9048887.2788;-11295680.2115;
2134;520067;-2090693.7270;19890026.8524;21621178.9816;9928825.5828;7917207.8378;11788193.6565;18655495.7094;9045939.5508;-11298363.0318;
2134;520068;-2087535.3032;19888700.5963;21621638.7811;9931574.9756;7920167.8470;11785580.0709;18657188.8349;9042991.6296;-11301045.6183;
2134;520069;-2084376.8357;19887373.9138;21622098.1206;9934324.1596;7923127.6879;11782966.2374;18658881.5541;9040043.5153;-11303727.9709;
2134;520070;-2081218.3245;19886046.8052;21622557.0001;9937073.1346;7926087.3602;11780352.1560;18660573.8670;9037095.2078;-11306410.0897;
2134;520071;-2078059.7698;19884719.2704;21623015.4195;9939821.9006;7929046.8640;11777737.8268;18662265.7735;9034146.7074;-11309091.9745;
2134;520072;-2074901.1714;19883391.3094;21623473.3790;9942570.4575;7932006.1993;11775123.2498;18663957.2737;9031198.0139;-11311773.6254;
2134;520073;-2071742.5296;19882062.9223;21623930.8783;9945318.8054;7934965.3659;11772508.4250;18665648.3674;9028249.1276;-11314455.0422;
2134;520074;-2068583.8444;19880734.1091;21624387.9177;9948066.9440;7937924.3637;11769893.3526;18667339.0547;9025300.0484;-11317136.2249;
2134;520075;-2065425.1158;19879404.8698;21624844.4970;9950814.8735;7940883.1928;11767278.0326;18669029.3355;9022350.7764;-11319817.1735;
2134;520076;-2062266.3440;19878075.2045;21625300.6162;9953562.5936;7943841.8531;11764662.4650;18670719.2098;9019401.3117;-11322497.8879;
2134;520077;-2059107.5289;19876745.1132;21625756.2753;9956310.1044;7946800.3444;11762046.6499;18672408.6775;9016451.6543;-11325178.3680;
2134;520078;-2055948.6707;19875414.5959;21626211.4744;9959057.4058;7949758.6668;11759430.5873;18674097.7387;9013501.8043;-11327858.6137;
2134;520079;-2052789.7694;19874083.6527;21626666.2133;9961804.4977;7952716.8201;11756814.2774;18675786.3931;9010551.7618;-11330538.6251;
2134;520080;-2049630.8251;19872752.2835;21627120.4922;9964551.3801;7955674.8044;11754197.7201;18677474.6410;9007601.5269;-11333218.4021;
2134;520081;-2046471.8379;19871420.4885;21627574.3109;9967298.0530;7958632.6195;11751580.9155;18679162.4821;9004651.0995;-11335897.9446;
2134;520082;-2043312.8077;19870088.2676;21628027.6695;9970044.5162;7961590.2654;11748963.8637;18680849.9165;9001700.4798;-11338577.2525;
2134;520083;-2040153.7348;19868755.6209;21628480.5679;9972790.7696;7964547.7420;11746346.5647;18682536.9441;8998749.6678;-11341256.3258;
2134;520084;-2036994.6191;19867422.5485;21628933.0062;9975536.8134;7967505.0492;11743729.0187;18684223.5649;8995798.6636;-11343935.1645;
2134;520085;-2033835.4607;19866089.0502;21629384.9844;9978282.6473;7970462.1870;11741111.2255;18685909.7788;8992847.4673;-11346613.7685;
2134;520086;-2030676.2597;19864755.1263;21629836.5024;9981028.2714;7973419.1554;11738493.1854;18687595.5859;8989896.0789;-11349292.1376;
2134;520087;-2027517.0162;19863420.7766;21630287.5602;9983773.6855;7976375.9542;11735874.8983;18689280.9860;8986944.4984;-11351970.2720;
2134;520088;-2024357.7301;19862086.0013;21630738.1578;9986518.8896;7979332.5835;11733256.3643;18690965.9792;8983992.7260;-11354648.1715;
2134;520089;-2021198.4017;19860750.8003;21631188.2952;9989263.8837;7982289.0431;11730637.5834;18692650.5654;8981040.7616;-11357325.8361;
2134;520090;-2018039.0309;19859415.1737;21631637.9725;9992008.6677;7985245.3329;11728018.5558;18694334.7445;8978088.6055;-11360003.2656;
2134;520091;-2014879.6178;19858079.1216;21632087.1895;9994753.2415;7988201.4530;11725399.2815;18696018.5166;8975136.2575;-11362680.4602;
2134;520092;-2011720.1625;19856742.6439;21632535.9462;9997497.6051;7991157.4032;11722779.7604;18697701.8816;8972183.7179;-11365357.4196;
2134;520093;-2008560.6650;19855405.7407;21632984.2428;10000241.7585;7994113.1835;11720159.9928;18699384.8395;8969230.9866;-11368034.1438;
2134;520094;-2005401.1255;19854068.4120;21633432.0791;10002985.7015;7997068.7939;11717539.9786;18701067.3901;8966278.0637;-11370710.6329;
2134;520095;-2002241.5439;19852730.6579;21633879.4551;10005729.4341;8000024.2342;11714919.7179;18702749.5336;8963324.9493;-11373386.8867;
2134;520096;-1999081.9204;19851392.4783;21634326.3709;10008472.9562;8002979.5043;11712299.2107;18704431.2698;8960371.6435;-11376062.9051;
2134;520097;-1995922.2550;19850053.8734;21634772.8264;10011216.2678;8005934.6044;11709678.4572;18706112.5988;8957418.1462;-11378738.6882;
2134;520098;-1992762.5477;19848714.8431;21635218.8216;10013959.3689;8008889.5342;11707057.4573;18707793.5204;8954464.4576;-11381414.2359;
2134;520099;-1989602.7988;19847375.3875;21635664.3565;10016702.2593;8011844.2937;11704436.2111;18709474.0347;8951510.5778;-11384089.5480;
2134;520100;-1986443.0081;19846035.5065;21636109.4312;10019444.9391;8014798.8829;11701814.7187;18711154.1416;8948556.5067;-11386764.6246;
2134;520101;-1983283.1758;19844695.2003;21636554.0455;10022187.4081;8017753.3016;11699192.9801;18712833.8411;8945602.2445;-11389439.4656;
2134;520102;-1980123.3019;19843354.4689;21636998.1994;10024929.6663;8020707.5499;11696570.9954;18714513.1331;8942647.7912;-11392114.0710;
2134;520103;-1976963.3866;19842013.3123;21637441.8931;10027671.7137;8023661.6276;11693948.7647;18716192.0176;8939693.1469;-11394788.4406;
2134;520104;-1973803.4298;19840671.7305;21637885.1264;10030413.5501;8026615.5347;11691326.2879;18717870.4946;8936738.3117;-11397462.5744;
2134;520105;-1970643.4317;19839329.7235;21638327.8993;10033155.1756;8029569.2712;11688703.5652;18719548.5640;8933783.2856;-11400136.4725;
2134;520106;-1967483.3922;19837987.2915;21638770.2119;10035896.5900;8032522.8369;11686080.5966;18721226.2258;8930828.0686;-11402810.1346;
2134;520107;-1964323.3116;19836644.4344;21639212.0641;10038637.7934;8035476.2319;11683457.3821;18722903.4800;8927872.6609;-11405483.5608;
2134;520108;-1961163.1898;19835301.1522;21639653.4560;10041378.7855;8038429.4560;11680833.9219;18724580.3265;8924917.0624;-11408156.7511;
2134;520109;-1958003.0269;19833957.4450;21640094.3874;10044119.5665;8041382.5091;11678210.2159;18726256.7653;8921961.2734;-11410829.7052;
2134;520110;-1954842.8229;19832613.3128;21640534.8585;10046860.1362;8044335.3913;11675586.2643;18727932.7963;8919005.2937;-11413502.4233;
2134;520111;-1951682.5780;19831268.7556;21640974.8691;10049600.4946;8047288.1024;11672962.0671;18729608.4196;8916049.1236;-11416174.9052;
2134;520112;-1948522.2923;19829923.7736;21641414.4193;10052340.6416;8050240.6425;11670337.6242;18731283.6350;8913092.7630;-11418847.1509;
2134;520113;-1945361.9657;19828578.3666;21641853.5091;10055080.5772;8053193.0113;11667712.9359;18732958.4426;8910136.2120;-11421519.1603;
2134;520114;-1942201.5983;19827232.5348;21642292.1385;10057820.3013;8056145.2090;11665088.0021;18734632.8423;8907179.4707;-11424190.9334;
2134;520115;-1939041.1902;19825886.2781;21642730.3074;10060559.8138;8059097.2353;11662462.8230;18736306.8341;8904222.5391;-11426862.4702;
2134;520116;-1935880.7415;19824539.5966;21643168.0158;10063299.1147;8062049.0903;11659837.3985;18737980.4179;8901265.4174;-11429533.7704;
2134;520117;-1932720.2523;19823192.4904;21643605.2638;10066038.2040;8065000.7738;11657211.7287;18739653.5937;8898308.1055;-11432204.8342;
2134;520118;-1929559.7225;19821844.9594;21644042.0513;10068777.0815;8067952.2859;11654585.8137;18741326.3615;8895350.6036;-11434875.6615;
2134;520119;-1926399.1523;19820497.0037;21644478.3783;10071515.7472;8070903.6264;11651959.6535;18742998.7212;8892392.9116;-11437546.2521;
2134;520120;-1923238.5418;19819148.6234;21644914.2448;10074254.2011;8073854.7954;11649333.2482;18744670.6728;8889435.0297;-11440216.6061;
2134;520121;-1920077.8909;19817799.8184;21645349.6508;10076992.4430;8076805.7926;11646706.5978;18746342.2163;8886476.9579;-11442886.7233;
2134;520122;-1916917.1998;19816450.5887;21645784.5963;10079730.4730;8079756.6181;11644079.7025;18748013.3516;8883518.6963;-11445556.6038;
2134;520123;-1913756.4686;19815100.9345;21646219.0812;10082468.2910;8082707.2718;11641452.5621;18749684.0787;8880560.2450;-11448226.2475;
2134;520124;-1910595.6972;19813750.8558;21646653.1057;10085205.8969;8085657.7537;11638825.1769;18751354.3975;8877601.6039;-11450895.6543;
2134;520125;-1907434.8859;19812400.3525;21647086.6696;10087943.2907;8088608.0636;11636197.5469;18753024.3080;8874642.7733;-11453564.8241;
2134;520126;-1904274.0345;19811049.4247;21647519.7729;10090680.4723;8091558.2015;11633569.6720;18754693.8103;8871683.7531;-11456233.7570;
2134;520127;-1901113.1433;19809698.0725;21647952.4157;10093417.4416;8094508.1674;11630941.5525;18756362.9042;8868724.5433;-11458902.4528;
2134;520128;-1897952.2122;19808346.2958;21648384.5979;10096154.1986;8097457.9612;11628313.1882;18758031.5897;8865765.1442;-11461570.9114;
2134;520129;-1894791.2414;19806994.0947;21648816.3195;10098890.7433;8100407.5828;11625684.5794;18759699.8667;8862805.5557;-11464239.1330;
2134;520130;-1891630.2308;19805641.4693;21649247.5805;10101627.0755;8103357.0322;11623055.7260;18761367.7353;8859845.7778;-11466907.1173;
2134;520131;-1888469.1806;19804288.4195;21649678.3810;10104363.1953;8106306.3093;11620426.6281;18763035.1955;8856885.8107;-11469574.8644;
2134;520132;-1885308.0909;19802934.9455;21650108.7208;10107099.1025;8109255.4140;11617797.2857;18764702.2470;8853925.6545;-11472242.3741;
2134;520133;-1882146.9616;19801581.0471;21650538.6000;10109834.7971;8112204.3462;11615167.6989;18766368.8901;8850965.3091;-11474909.6464;
2134;520134;-1878985.7929;19800226.7245;21650968.0185;10112570.2790;8115153.1060;11612537.8679;18768035.1245;8848004.7746;-11477576.6813;
2134;520135;-1875824.5849;19798871.9777;21651396.9765;10115305.5483;8118101.6933;11609907.7925;18769700.9502;8845044.0512;-11480243.4787;
2134;520136;-1872663.3375;19797516.8067;21651825.4738;10118040.6047;8121050.1079;11607277.4729;18771366.3673;8842083.1388;-11482910.0386;
2134;520137;-1869502.0509;19796161.2116;21652253.5104;10120775.4483;8123998.3498;11604646.9091;18773031.3757;8839122.0376;-11485576.3608;
2134;520138;-1866340.7252;19794805.1924;21652681.0864;10123510.0791;8126946.4190;11602016.1012;18774695.9754;8836160.7476;-11488242.4454;
2134;520139;-1863179.3603;19793448.7490;21653108.2017;10126244.4969;8129894.3154;11599385.0493;18776360.1663;8833199.2688;-11490908.2923;
2134;520140;-1860017.9564;19792091.8817;21653534.8563;10128978.7017;8132842.0390;11596753.7534;18778023.9483;8830237.6013;-11493573.9014;
2134;520141;-1856856.5135;19790734.5902;21653961.0502;10131712.6934;8135789.5896;11594122.2135;18779687.3215;8827275.7453;-11496239.2727;
2134;520142;-1853695.0317;19789376.8748;21654386.7834;10134446.4720;8138736.9672;11591490.4297;18781350.2858;8824313.7007;-11498904.4061;
2134;520143;-1850533.5111;19788018.7355;21654812.0559;10137180.0374;8141684.1718;11588858.4021;18783012.8412;8821351.4676;-11501569.3016;
2134;520144;-1847371.9517;19786660.1722;21655236.8677;10139913.3896;8144631.2032;11586226.1307;18784674.9876;8818389.0461;-11504233.9591;
2134;520145;-1844210.3536;19785301.1850;21655661.2187;10142646.5285;8147578.0615;11583593.6156;18786336.7251;8815426.4362;-11506898.3785;
2134;520146;-1841048.7168;19783941.7739;21656085.1090;10145379.4541;8150524.7465;11580960.8568;18787998.0535;8812463.6380;-11509562.5598;
2134;520147;-1837887.0415;19782581.9390;21656508.5386;10148112.1662;8153471.2582;11578327.8544;18789658.9728;8809500.6516;-11512226.5030;
2134;520148;-1834725.3276;19781221.6803;21656931.5074;10150844.6649;8156417.5966;11575694.6084;18791319.4831;8806537.4770;-11514890.2079;
2134;520149;-1831563.5754;19779860.9978;21657354.0154;10153576.9500;8159363.7615;11573061.1190;18792979.5842;8803574.1143;-11517553.6746;
2134;520150;-1828401.7847;19778499.8916;21657776.0626;10156309.0216;8162309.7530;11570427.3861;18794639.2761;8800610.5636;-11520216.9030;
2134;520151;-1825239.9558;19777138.3617;21658197.6491;10159040.8795;8165255.5708;11567793.4098;18796298.5589;8797646.8249;-11522879.8929;
2134;520152;-1822078.0886;19775776.4081;21658618.7748;10161772.5237;8168201.2151;11565159.1901;18797957.4323;8794682.8982;-11525542.6445;
2134;520153;-1818916.1832;19774414.0308;21659039.4396;10164503.9541;8171146.6857;11562524.7272;18799615.8966;8791718.7838;-11528205.1575;
2134;520154;-1815754.2397;19773051.2299;21659459.6437;10167235.1708;8174091.9825;11559890.0211;18801273.9515;8788754.4815;-11530867.4320;
2134;520155;-1812592.2582;19771688.0055;21659879.3869;10169966.1736;8177037.1055;11557255.0718;18802931.5970;8785789.9915;-11533529.4679;
2134;520156;-1809430.2387;19770324.3575;21660298.6693;10172696.9624;8179982.0547;11554619.8794;18804588.8332;8782825.3139;-11536191.2651;
2134;520157;-1806268.1812;19768960.2859;21660717.4909;10175427.5372;8182926.8299;11551984.4440;18806245.6599;8779860.4486;-11538852.8237;
2134;520158;-1803106.0860;19767595.7909;21661135.8516;10178157.8980;8185871.4312;11549348.7655;18807902.0772;8776895.3958;-11541514.1434;
2134;520159;-1799943.9529;19766230.8724;21661553.7514;10180888.0447;8188815.8583;11546712.8441;18809558.0851;8773930.1555;-11544175.2243;
2134;520160;-1796781.7822;19764865.5305;21661971.1904;10183617.9773;8191760.1114;11544076.6798;18811213.6833;8770964.7279;-11546836.0664;
2134;520161;-1793619.5738;19763499.7652;21662388.1685;10186347.6956;8194704.1903;11541440.2727;18812868.8721;8767999.1128;-11549496.6695;
2134;520162;-1790457.3278;19762133.5765;21662804.6857;10189077.1996;8197648.0949;11538803.6228;18814523.6512;8765033.3105;-11552157.0336;
2134;520163;-1787295.0443;19760766.9644;21663220.7420;10191806.4893;8200591.8252;11536166.7302;18816178.0207;8762067.3210;-11554817.1587;
2134;520164;-1784132.7234;19759399.9291;21663636.3374;10194535.5646;8203535.3812;11533529.5950;18817831.9805;8759101.1443;-11557477.0447;
2134;520165;-1780970.3650;19758032.4705;21664051.4719;10197264.4255;8206478.7627;11530892.2171;18819485.5307;8756134.7806;-11560136.6915;
2134;520166;-1777807.9694;19756664.5887;21664466.1455;10199993.0718;8209421.9697;11528254.5967;18821138.6711;8753168.2298;-11562796.0991;
2134;520167;-1774645.5365;19755296.2836;21664880.3581;10202721.5036;8212365.0022;11525616.7337;18822791.4017;8750201.4920;-11565455.2675;
2134;520168;-1771483.0664;19753927.5554;21665294.1098;10205449.7208;8215307.8600;11522978.6284;18824443.7225;8747234.5673;-11568114.1965;
2134;520169;-1768320.5593;19752558.4040;21665707.4006;10208177.7233;8218250.5432;11520340.2806;18826095.6335;8744267.4558;-11570772.8861;
2134;520170;-1765158.0150;19751188.8296;21666120.2304;10210905.5110;8221193.0516;11517701.6905;18827747.1346;8741300.1575;-11573431.3363;
2134;520171;-1761995.4338;19749818.8320;21666532.5992;10213633.0839;8224135.3852;11515062.8582;18829398.2258;8738332.6726;-11576089.5471;
2134;520172;-1758832.8157;19748448.4114;21666944.5070;10216360.4420;8227077.5439;11512423.7836;18831048.9070;8735365.0009;-11578747.5182;
2134;520173;-1755670.1607;19747077.5677;21667355.9539;10219087.5852;8230019.5277;11509784.4669;18832699.1783;8732397.1427;-11581405.2498;
2134;520174;-1752507.4689;19745706.3011;21667766.9398;10221814.5134;8232961.3365;11507144.9081;18834349.0395;8729429.0979;-11584062.7417;
2134;520175;-1749344.7404;19744334.6115;21668177.4646;10224541.2265;8235902.9703;11504505.1072;18835998.4907;8726460.8667;-11586719.9939;
2134;520176;-1746181.9753;19742962.4990;21668587.5285;10227267.7246;8238844.4289;11501865.0643;18837647.5318;8723492.4491;-11589377.0064;
2134;520177;-1743019.1736;19741589.9636;21668997.1313;10229994.0075;8241785.7123;11499224.7795;18839296.1628;8720523.8452;-11592033.7790;
2134;520178;-1739856.3353;19740217.0053;21669406.2731;10232720.0753;8244726.8205;11496584.2528;18840944.3836;8717555.0550;-11594690.3118;
2134;520179;-1736693.4606;19738843.6242;21669814.9538;10235445.9277;8247667.7534;11493943.4843;18842592.1942;8714586.0786;-11597346.6046;
2134;520180;-1733530.5496;19737469.8203;21670223.1735;10238171.5649;8250608.5109;11491302.4740;18844239.5946;8711616.9161;-11600002.6574;
2134;520181;-1730367.6022;19736095.5936;21670630.9322;10240896.9867;8253549.0930;11488661.2220;18845886.5847;8708647.5674;-11602658.4702;
2134;520182;-1727204.6185;19734720.9442;21671038.2297;10243622.1930;8256489.4995;11486019.7284;18847533.1646;8705678.0328;-11605314.0429;
2134;520183;-1724041.5987;19733345.8721;21671445.0662;10246347.1838;8259429.7305;11483377.9931;18849179.3340;8702708.3122;-11607969.3754;
2134;520184;-1720878.5427;19731970.3773;21671851.4417;10249071.9591;8262369.7859;11480736.0163;18850825.0932;8699738.4057;-11610624.4678;
2134;520185;-1717715.4507;19730594.4599;21672257.3560;10251796.5188;8265309.6656;11478093.7981;18852470.4419;8696768.3135;-11613279.3198;
2134;520186;-1714552.3227;19729218.1199;21672662.8092;10254520.8629;8268249.3696;11475451.3383;18854115.3802;8693798.0354;-11615933.9316;
2134;520187;-1711389.1588;19727841.3573;21673067.8013;10257244.9912;8271188.8977;11472808.6372;18855759.9080;8690827.5716;-11618588.3030;
2134;520188;-1708225.9590;19726464.1721;21673472.3323;10259968.9037;8274128.2500;11470165.6948;18857404.0253;8687856.9223;-11621242.4339;
2134;520189;-1705062.7234;19725086.5644;21673876.4022;10262692.6004;8277067.4263;11467522.5111;18859047.7320;8684886.0873;-11623896.3244;
2134;520190;-1701899.4521;19723708.5343;21674280.0109;10265416.0812;8280006.4267;11464879.0863;18860691.0282;8681915.0669;-11626549.9743;
2134;520191;-1698736.1452;19722330.0817;21674683.1585;10268139.3460;8282945.2509;11462235.4202;18862333.9137;8678943.8609;-11629203.3836;
2134;520192;-1695572.8026;19720951.2066;21675085.8449;10270862.3949;8285883.8991;11459591.5131;18863976.3886;8675972.4697;-11631856.5523;
2134;520193;-1692409.4246;19719571.9092;21675488.0701;10273585.2276;8288822.3710;11456947.3649;18865618.4529;8673000.8931;-11634509.4803;
2134;520194;-1689246.0110;19718192.1894;21675889.8342;10276307.8442;8291760.6668;11454302.9757;18867260.1064;8670029.1312;-11637162.1675;
2134;520195;-1686082.5621;19716812.0473;21676291.1371;10279030.2447;8294698.7862;11451658.3456;18868901.3491;8667057.1842;-11639814.6139;
2134;520196;-1682919.0779;19715431.4829;21676691.9788;10281752.4289;8297636.7292;11449013.4746;18870542.1810;8664085.0520;-11642466.8194;
2134;520197;-1679755.5584;19714050.4963;21677092.3593;10284474.3968;8300574.4958;11446368.3629;18872182.6022;8661112.7348;-11645118.7840;
2134;520198;-1676592.0037;19712669.0874;21677492.2786;10287196.1484;8303512.0859;11443723.0103;18873822.6124;8658140.2326;-11647770.5076;
2134;520199;-1673428.4139;19711287.2563;21677891.7367;10289917.6835;8306449.4994;11441077.4171;18875462.2118;8655167.5454;-11650421.9902;
